permno,ticker,comnam
13939.0,<NA>,POWER SOLUTIONS INTL INC
16773.0,<NA>,ADOMANI INC
16794.0,<NA>,NATIONAL ENERGY SVCS REUNIT CORP
91135.0,<NA>,BAYTEX ENERGY CORP
91522.0,<NA>,ENERGY SERVICES OF AMERICA CORP
91907.0,<NA>,SUPER MICRO COMPUTER INC
92102.0,<NA>,COMSCORE INC
92893.0,<NA>,SILVERCORP METALS INC
87432.0,A,AGILENT TECHNOLOGIES INC
16347.0,AA,ALCOA CORP
24643.0,AA,ALCOA INC
19782.0,AAA,LISTED FUNDS TRUST
23483.0,AAA,INVESTMENT MANAGERS SERIES TR II
15829.0,AAAP,ADVANCED ACCEL APPLICATIONS S A
18035.0,AAAU,PERTH MINT PHYSICAL GOLD ETF
18035.0,AAAU,GOLDMAN SACHS PHYSICAL GOLD ETF
14945.0,AAC,A A C HOLDINGS INC
20744.0,AAC,ARES ACQUISITION CORP
92520.0,AACG,A T A CREATIVITY GLOBAL
22271.0,AACI,ARMADA ACQUISITION CORP I
19808.0,AACQ,ARTIUS ACQUISITION INC
17869.0,AADI,AADI BIOSCIENCE INC
10113.0,AADR,ADVISORSHARES TRUST
22253.0,AAGR,AFRICAN AGRICULTURE HOLDINGS INC
85653.0,AAIC,ARLINGTON ASSET INVESTMENT CORP
21020.0,AAL,AMERICAN AIRLINES GROUP INC
14127.0,AAMC,ALTISOURCE ASSET MANAGEMENT CORP
15580.0,AAME,ATLANTIC AMERICAN CORP
10517.0,AAN,AARONS INC
20064.0,AAN,AARONS CO INC
14145.0,AAOI,APPLIED OPTOELECTRONICS INC
76868.0,AAON,AAON INC
89217.0,AAP,ADVANCE AUTO PARTS INC
23307.0,AAPB,GRANITESHARES E T F TRUST
15280.0,AAPC,ATLANTIC ALLIANCE PARTNERS CORP
23308.0,AAPD,DIREXION SHARES E T F TRUST
14593.0,AAPL,APPLE INC
24995.0,AAPR,INNOVATOR E T F S TRUST
23311.0,AAPU,DIREXION SHARES E T F TRUST
24754.0,AAPX,E T F OPPORTUNITIES TRUST
24442.0,AAPY,NEOS ETF TRUST
25843.0,AAPY,KURV ETF TRUST
12513.0,AAT,AMERICAN ASSETS TRUST INC
81624.0,AATC,AUTOSCOPE TECHNOLOGIES CORP
91038.0,AAU,ALMADEN MINERALS LTD
91037.0,AAV,ADVANTAGE OIL & GAS LTD
14790.0,AAVL,AVALANCHE BIOTECHNOLOGIES INC
91262.0,AAWW,ATLAS AIR WORLDWIDE HOLDINGS INC
92766.0,AAXJ,ISHARES TRUST
89031.0,AAXN,AXON ENTERPRISE INC
75278.0,AB,ALLIANCEBERNSTEIN HOLDING L P
12023.0,ABAC,AOXIN TIANLI GROUP INC
12023.0,ABAC,RENMIN TIANLI GROUP INC
24250.0,ABAT,AMERICAN BATTERY TECHNOLOGY CO
77279.0,ABAX,ABAXIS INC
88953.0,ABB,A B B LTD
13721.0,ABBV,ABBVIE INC
81540.0,ABC,AMERISOURCEBERGEN CORP
80498.0,ABCB,AMERIS BANCORP
93188.0,ABCD,CAMBIUM LEARNING GROUP INC
20276.0,ABCL,ABCELLERA BIOLOGICS INC
89203.0,ABCO,ADVISORY BOARD CO
24634.0,ABCS,E A SERIES TRUST
14990.0,ABCW,ANCHOR BANCORP WISCONSIN INC NEW
14644.0,ABDC,ALCENTRA CAPITAL CORP
80081.0,ABE,ABERDEEN EMG MTS SM CO OP FD INC
87656.0,ABEO,ABEONA THERAPEUTICS INC
19171.0,ABEQ,UNIFIED SERIES TRUST
85254.0,ABEV,AMBEV SA
17610.0,ABFL,TRIMTABS ETF TRUST
89327.0,ABG,ASBURY AUTOMOTIVE GROUP INC
14236.0,ABGB,ABENGOA S A
20261.0,ABHY,TRIMTABS ETF TRUST
14421.0,ABIL,ABILITY INC
85293.0,ABIO,ARCA BIOPHARMA INC
19826.0,ABL,ABACUS LIFE INC
22493.0,ABLD,TRIMTABS ETF TRUST
17613.0,ABLG,TRIMTABS ETF TRUST
24161.0,ABLV,ABLE VIEW GLOBAL INC
47730.0,ABM,A B M INDUSTRIES INC
75107.0,ABMD,ABIOMED INC
20190.0,ABNB,AIRBNB INC
25199.0,ABNY,TIDAL TRUST II
21695.0,ABOS,ACUMEN PHARMACEUTICALS INC
20260.0,ABOT,TRIMTABS ETF TRUST
90102.0,ABR,ARBOR REALTY TRUST INC
21604.0,ABSI,ABSCI CORP
19943.0,ABST,ABSOLUTE SOFTWARE CORP
20482.0,ABT,ABBOTT LABORATORIES
86763.0,ABTL,AUTOBYTEL INC
16466.0,ABTS,ABITS GROUP INC
15774.0,ABTX,ALLEGIANCE BANCSHARES INC
12411.0,ABUS,ARBUTUS BIOPHARMA CORP
21828.0,ABVC,A B V C BIOPHARMA INC
24464.0,ABVX,ABIVAX S A
71298.0,ABX,BARRICK GOLD CORP
14687.0,ABY,ABENGOA YIELD PLC
14687.0,ABY,ATLANTICA YIELD PLC
15802.0,AC,ASSOCIATED CAPITAL GROUP INC
18144.0,ACA,ARCOSA INC
90177.0,ACAD,ACADIA PHARMACEUTICALS
18546.0,ACAM,ACAMAR PARTNERS ACQUISITION CORP
85271.0,ACAS,AMERICAN CAPITAL LTD
76207.0,ACAT,ARCTIC CAT INC
22882.0,ACAX,ALSET CAPITAL ACQUISITION CORP
18151.0,ACB,AURORA CANNABIS INC
15709.0,ACBI,ATLANTIC CAPITAL BANCSHARES INC
90300.0,ACC,AMERICAN CAMPUS COMMUNITIES INC
19496.0,ACCD,ACCOLADE INC
90825.0,ACCO,A C C O BRANDS CORP
23064.0,ACDC,PROFRAC HOLDING CORP
79057.0,ACE,ACE LTD NEW
16874.0,ACEL,ACCEL ENTERTAINMENT INC
91471.0,ACER,ACER THERAPEUTICS INC
17912.0,ACES,ALPS E T F TRUST
10656.0,ACET,ACETO CORP
17272.0,ACET,ADICET BIO INC
19809.0,ACEV,ACE CONVERGENCE ACQUISITION CORP
90399.0,ACFC,ATLANTIC COAST FINANCIAL CORP
75105.0,ACG,ALLIANCEBERNSTEIN INCOME FD INC
82276.0,ACGL,ARCH CAPITAL GROUP LTD NEW
21620.0,ACGR,AMERICAN CENTURY E T F TRUST
89246.0,ACH,ALUMINUM CORP CHINA LTD
13105.0,ACHC,ACADIA HEALTHCARE CO INC
20761.0,ACHL,ACHILLES THERAPEUTICS PLC
91491.0,ACHN,ACHILLION PHARMACEUTICALS INC
20207.0,ACHR,ARCHER AVIATION INC
82526.0,ACHV,ACHIEVE LIFE SCIENCES INC
19413.0,ACI,ALBERTSONS COMPANIES INC
75326.0,ACI,ARCH COAL INC
16051.0,ACIA,ACACIA COMMUNICATIONS INC
13712.0,ACIC,AMERICAN COASTAL INSURANCE CORP
20207.0,ACIC,ATLAS CREST INVESTMENT CORP
13252.0,ACIM,SPDR INDEX SHARES FUNDS
18795.0,ACIO,E T F SERIES SOLUTIONS
16281.0,ACIU,A C IMMUNE SA
81282.0,ACIW,A C I WORLDWIDE INC
19512.0,ACLC,AMERICAN CENTURY E T F TRUST
25826.0,ACLO,T C W ETF TRUST
88417.0,ACLS,AXCELIS TECHNOLOGIES INC
22758.0,ACLX,ARCELLX INC
91975.0,ACM,A E C O M
17045.0,ACMR,A C M RESEARCH INC
89071.0,ACN,ACCENTURE PLC IRELAND
12480.0,ACNB,A C N B CORP
19797.0,ACND,ASCENDANT DIGITAL ACQ CORP
43334.0,ACNT,ASCENT INDUSTRIES CO
25808.0,ACOG,ALPHA COGNITION INC
23008.0,ACON,ACLARION INC
91086.0,ACOR,ACORDA THERAPEUTICS INC
12514.0,ACP,AVENUE INCOME CREDIT STRATS FD
12514.0,ACP,ABERDEEN INCOME CREDIT STRATS FD
12514.0,ACP,ABRDN INCOME CREDIT STRATS FUND
88497.0,ACPW,ACTIVE POWER INC
91119.0,ACR,ACRES COMMERCIAL REALTY CORP
13332.0,ACRE,ARES COMMERCIAL REAL ESTATE CORP
15775.0,ACRS,ACLARIS THERAPEUTICS INC
23510.0,ACRV,ACRIVON THERAPEUTICS INC
12573.0,ACRX,ACELRX PHARMACEUTICALS INC
14418.0,ACSF,AMERICAN CAPITAL SR FLOATING LTD
18272.0,ACSG,D B X ETF TRUST
17414.0,ACSI,E T F SERIES SOLUTIONS
21246.0,ACSI,TIDAL E T F TRUST
13750.0,ACST,ACASTI PHARMA INC
17132.0,ACT,ADVISORSHARES TRUST
21906.0,ACT,ENACT HOLDINGS INC
87167.0,ACTA,ACTUA CORP
20136.0,ACTC,ARCLIGHT CLEAN TRANS CORP
21265.0,ACTD,ARCLIGHT CLEAN TRANS CORP II
89611.0,ACTG,ACACIA RESEARCH CORP
90962.0,ACTS,ACTIONS SEMICONDUCTOR CO LTD
18642.0,ACTT,ACT II GLOBAL ACQUISITION CORP
25392.0,ACTU,ACTUATE THERAPEUTICS INC
19926.0,ACTV,TWO ROADS SHARED TRUST
15281.0,ACTX,GLOBAL X FUNDS
60038.0,ACU,ACME UNITED CORP
10116.0,ACUR,ACURA PHARMACEUTICALS INC
20657.0,ACVA,A C V AUCTIONS INC
19878.0,ACVF,E T F OPPORTUNITIES TRUST
90643.0,ACW,ACCURIDE CORP NEW
15322.0,ACWF,ISHARES TRUST
92585.0,ACWI,ISHARES TRUST
13024.0,ACWV,ISHARES INC
92586.0,ACWX,ISHARES TRUST
20117.0,ACXM,ACXIOM CORP
21512.0,ACXP,ACURX PHARMACEUTICALS INC
85757.0,ACY,AEROCENTURY CORP
20564.0,ADAG,ADAGENE INC
15361.0,ADAP,ADAPTIMMUNE THERAPEUTICS PLC
77599.0,ADAT,AUTHENTIDATE HOLDING CORP
75510.0,ADBE,ADOBE SYSTEMS INC
75510.0,ADBE,ADOBE INC
80412.0,ADC,AGREE REALTY CORP
19391.0,ADCT,A D C THERAPEUTICS S A
93126.0,ADD,COLOR STAR TECHNOLOGY CO LTD
89922.0,ADEA,ADEIA INC
82664.0,ADEP,ADEPT TECHNOLOGY INC
90400.0,ADES,ADVANCED EMISSIONS SOLUTIONS INC
20666.0,ADEX,ADIT EDTECH ACQUISITION CORP
19614.0,ADFI,TWO ROADS SHARED TRUST
93052.0,ADGE,AMERICAN D G ENERGY INC
21790.0,ADGI,ADAGIO THERAPEUTICS INC
25393.0,ADGM,ADAGIO MEDICAL HOLDINGS INC
13918.0,ADHD,ALCOBRA LTD
60871.0,ADI,ANALOG DEVICES INC
17951.0,ADIL,ADIAL PHARMACEUTICALS INC
20702.0,ADIV,GUINNESS ATKINSON FUNDS
91627.0,ADK,ADCARE HEALTH SYSTEMS INC
10516.0,ADM,ARCHER DANIELS MIDLAND CO
15056.0,ADMA,ADMA BIOLOGICS INC
17415.0,ADME,E T F SERIES SOLUTIONS
82163.0,ADMP,ADAMIS PHARMACEUTICALS CORP
14589.0,ADMS,ADAMAS PHARMACEUTICALS INC
18302.0,ADN,ADVENT TECHNOLOGIES HLDGS INC
16342.0,ADNT,ADIENT PLC
20278.0,ADOC,EDOC ACQUISITION CORP
16773.0,ADOM,ADOMANI INC
44644.0,ADP,AUTOMATIC DATA PROCESSING INC
14713.0,ADPT,ADEPTUS HEALTH INC
18769.0,ADPT,ADAPTIVE BIOTECHNOLOGIES CORP
23558.0,ADPV,SERIES PORTFOLIOS TRUST
20665.0,ADRA,ADARA ACQUISITION CORP
89560.0,ADRA,BLDRS INDEX FUNDS TRUST
89560.0,ADRA,INVESCO BLDRS INDEX FDS TRUST
89561.0,ADRD,BLDRS INDEX FUNDS TRUST
89561.0,ADRD,INVESCO BLDRS INDEX FDS TRUST
89562.0,ADRE,BLDRS INDEX FUNDS TRUST
89562.0,ADRE,INVESCO BLDRS INDEX FDS TRUST
15282.0,ADRO,ADURO BIOTECH INC
89563.0,ADRU,BLDRS INDEX FUNDS TRUST
89563.0,ADRU,INVESCO BLDRS INDEX FDS TRUST
89002.0,ADS,ALLIANCE DATA SYSTEMS CORP
22520.0,ADSE,ADS TEC ENERGY PLC
85631.0,ADSK,AUTODESK INC
16435.0,ADSW,ADVANCED DISPOSAL SERVICES INC
13567.0,ADT,A D T CORP
17223.0,ADT,A D T INC
21076.0,ADTH,ADTHEORENT HOLDING CO INC
80791.0,ADTN,ADTRAN INC
80791.0,ADTN,ADTRAN HOLDINGS INC
19460.0,ADTX,ADITX THERAPEUTICS INC
19460.0,ADTX,ADITXT INC
93073.0,ADUS,ADDUS HOMECARE CORP
18953.0,ADV,ADVANTAGE SOLUTIONS INC
24225.0,ADVE,MATTHEWS INTERNATIONAL FUNDS
14790.0,ADVM,ADVERUM BIOTECHNOLOGIES INC
10065.0,ADX,ADAMS EXPRESS CO
19179.0,ADXN,ADDEX THERAPEUTICS LTD
14237.0,ADXS,ADVAXIS INC
61487.0,AE,ADAMS RESOURCES & ENERGY INC
24985.0,AEE,AMEREN CORP
75809.0,AEF,ABERDEEN EMERG MKTS EQTY INC FD
75809.0,AEF,ABRDN EMERG MKTS EQTY INCOME FD
85172.0,AEG,AEGON N V
85172.0,AEG,AEGON LTD
44274.0,AEGN,AEGION CORP
12347.0,AEGR,AEGERION PHARMACEUTICALS INC
22272.0,AEHA,AESTHER HEALTHCARE ACQ CORP
92475.0,AEHL,ANTELOPE ENTERPRISE HLDGS LTD
85272.0,AEHR,AEHR TEST SYSTEMS
20147.0,AEI,ALSET EHOME INTERNATIONAL INC
20147.0,AEI,ALSET INC
82547.0,AEIS,ADVANCED ENERGY INDUSTRIES INC
89946.0,AEL,AMERICAN EQUITY INVT LIFE HLDG C
78223.0,AEM,AGNICO EAGLE MINES LTD
21622.0,AEMB,AMERICAN CENTURY E T F TRUST
15491.0,AEMD,AETHLON MEDICAL INC
20665.0,AENT,ALLIANCE ENTERTAINMENT HLDG CORP
14019.0,AENZ,AENZA S A A
80432.0,AEO,AMERICAN EAGLE OUTFITTERS INC NE
21086.0,AEON,AEON BIOPHARMA INC
24109.0,AEP,AMERICAN ELECTRIC POWER CO INC
10025.0,AEPI,A E P INDUSTRIES INC
91602.0,AER,AERCAP HOLDINGS N V
22273.0,AERC,AEROCLEAN TECHNOLOGIES INC
14238.0,AERI,AERIE PHARMACEUTICALS INC
22615.0,AERT,AERIES TECHNOLOGY INC
76712.0,AES,A E S CORP
16975.0,AESE,ALLIED ESPORTS ENTERTAINMENT INC
23738.0,AESI,ATLAS ENERGY SOLUTIONS INC NEW
19127.0,AESR,TWO ROADS SHARED TRUST
88845.0,AET,AETNA INC NEW
24382.0,AETH,BITWISE FUNDS TRUST
86812.0,AETI,AMERICAN ELECTRIC TECHNOLS INC
19224.0,AEVA,AEVA TECHNOLOGIES INC
76869.0,AEY,ADDVANTAGE TECHNOLOGIES GRP INC
18098.0,AEYE,AUDIOEYE INC
88240.0,AEZS,AETERNA ZENTARIS INC
79796.0,AF,ASTORIA FINANCIAL CORP
75526.0,AFAM,ALMOST FAMILY INC
89282.0,AFB,ALLIANCEBERNSTEIN NAT MUN INC FD
16671.0,AFBI,AFFINITY BANCSHARES INC
20764.0,AFCG,A F C GAMMA INC
20764.0,AFCG,ADVANCED FLOWER CAPITAL INC
15711.0,AFCO,AMERICAN FARMLAND CO
83616.0,AFFX,AFFYMETRIX INC
60687.0,AFG,AMERICAN FINANCIAL GROUP INC NEW
13789.0,AFH,ATLAS FINANCIAL HOLDINGS INC
15956.0,AFI,ARMSTRONG FLOORING INC
19619.0,AFIB,ACUTUS MEDICAL INC
18093.0,AFIF,TWO ROADS SHARED TRUST
17952.0,AFIN,AMERICAN FINANCE TRUST INC
25901.0,AFIX,ALLSPRING E T F TRUST
92733.0,AFK,MARKET VECTORS E T F TRUST
92733.0,AFK,VANECK VECTORS E T F TRUST
92733.0,AFK,VANECK E T F TRUST
57904.0,AFL,AFLAC INC
19093.0,AFLG,FIRST TRUST E T F VIII
19092.0,AFMC,FIRST TRUST E T F VIII
14923.0,AFMD,AFFIMED N V
88786.0,AFOP,ALLIANCE FIBER OPTIC PRODS INC
23171.0,AFRI,FORAFRIC GLOBAL PLC
20339.0,AFRM,AFFIRM HOLDINGS INC
91603.0,AFSI,AMTRUST FINANCIAL SERVICES INC
19091.0,AFSM,FIRST TRUST E T F VIII
12543.0,AFT,APOLLO SENIOR FLTG RATE FUND INC
15233.0,AFTY,C S O P ETF TRUST
19165.0,AFTY,PACER FUNDS TRUST
18829.0,AFYA,AFYA LTD
12447.0,AG,FIRST MAJESTIC SILVER CORP
16975.0,AGAE,ALLIED GAMING & ENTERTAINMENT IN
18830.0,AGBA,A G B A ACQUISITION LTD
18830.0,AGBA,A G B A GROUP HOLDING LTD
20279.0,AGC,ALTIMETER GROWTH CORP
91974.0,AGC,ADVENT CLAYMORE CON SEC & INC FD
77520.0,AGCO,A G C O CORP
91374.0,AGD,ALPINE GLOBAL DYNAMIC DIVID FD
91374.0,AGD,ABERDEEN GLOBAL DYNAMIC DIV FD
91374.0,AGD,ABRDN GLOBAL DYNAMIC DIVIDEND FD
18217.0,AGE,AGEX THERAPEUTICS INC
87583.0,AGEN,AGENUS INC
14590.0,AGFS,AGROFRESH SOLUTIONS INC
20412.0,AGFY,AGRIFY CORP
89848.0,AGG,ISHARES TRUST
16079.0,AGGE,INDEXIQ E T F TRUST
22866.0,AGGH,SIMPLIFY EXCHANGE TRADED FUNDS
16078.0,AGGP,INDEXIQ E T F TRUST
25089.0,AGGS,HARBOR E T F TRUST
15593.0,AGGY,WISDOMTREE TRUST
13763.0,AGI,ALAMOS GOLD INC NEW
23143.0,AGIH,ISHARES U S ETF TRUST
11203.0,AGII,ARGO GROUP INTL HLDGS LTD
19194.0,AGIL,AGILETHOUGHT INC
14044.0,AGIO,AGIOS PHARMACEUTICALS INC
25326.0,AGIX,KRANESHARES TRUST
20893.0,AGL,AGILON HEALTH INC
16005.0,AGLE,AEGLEA BIOTHERAPEUTICS INC
80168.0,AGM,FEDERAL AGRICULTURAL MORT CORP
80169.0,AGM,FEDERAL AGRICULTURAL MORT CORP
17678.0,AGMH,A G M GROUP HOLDINGS INC
25132.0,AGMI,THEMES E T F TRUST
78916.0,AGN,ALLERGAN PLC
92680.0,AGNC,AMERICAN CAPITAL AGENCY CORP
92680.0,AGNC,A G N C INVESTMENT CORP
14345.0,AGND,WISDOMTREE TRUST
16059.0,AGNG,GLOBAL X FUNDS
90120.0,AGO,ASSURED GUARANTY LTD
21640.0,AGOV,EXCHANGE LISTED FUNDS TRUST
21244.0,AGOX,STARBOARD INVESTMENT TRUST
92865.0,AGQ,PROSHARES TRUST II
24557.0,AGQI,FIRST TRUST E T F VIII
15859.0,AGR,AVANGRID INC
23144.0,AGRH,ISHARES U S ETF TRUST
21698.0,AGRI,AGRIFORCE GROWING SYSTEMS LTD
12540.0,AGRO,ADECOAGRO S A
14645.0,AGRX,AGILE THERAPEUTICS INC
17252.0,AGS,PLAYAGS INC
17488.0,AGT,ISHARES TRUST
14528.0,AGTC,APPLIED GENETIC TECHNOLOGIES COR
20901.0,AGTI,AGILITI INC
81598.0,AGU,AGRIUM INC
64785.0,AGX,ARGAN INC
63125.0,AGYS,AGILYSYS INC
92824.0,AGZ,ISHARES TRUST
14346.0,AGZD,WISDOMTREE TRUST
92528.0,AHC,A H BELO CORP
17684.0,AHCO,ADAPTHEALTH CORP
91263.0,AHGP,ALLIANCE HOLDINGS G P L P
13887.0,AHH,ARMADA HOFFLER PROPERTIES INC
22405.0,AHHX,STARBOARD INVESTMENT TRUST
22274.0,AHI,ADVANCED HUMAN IMAGING LTD
22274.0,AHI,ADVANCED HEALTH INTELLIGENCE LTD
89977.0,AHL,ASPEN INSURANCE HOLDINGS LTD
24153.0,AHLT,AMERICAN BEACON SELECT FUNDS
23162.0,AHOY,TIDAL E T F TRUST
14268.0,AHP,ASHFORD HOSPITALITY PRIME INC
16522.0,AHPA,AVISTA HEALTHCARE PUB ACQ CORP
21907.0,AHPA,AVISTA PUBLIC ACQ CORP II
77259.0,AHPI,ALLIED HEALTHCARE PRODUCTS INC
24817.0,AHR,AMERICAN HEALTHCARE REIT INC
89215.0,AHS,A M N HEALTHCARE SERVICES INC
89803.0,AHT,ASHFORD HOSPITALITY TRUST INC
22354.0,AHYB,AMERICAN CENTURY E T F TRUST
20193.0,AI,C3 AI INC
85653.0,AI,ARLINGTON ASSET INVESTMENT CORP
92398.0,AIA,ISHARES TRUST
22762.0,AIB,A I B ACQUISITION CORP
25076.0,AIBD,DIREXION SHARES E T F TRUST
25077.0,AIBU,DIREXION SHARES E T F TRUST
23898.0,AIDB,EXCHANGE LISTED FUNDS TRUST
17009.0,AIEQ,E T F MANAGERS TRUST
24728.0,AIEQ,AMPLIFY ETF TRUST
23264.0,AIEV,THUNDER POWER HOLDINGS INC
13764.0,AIF,APOLLO TACTICAL INCOME FD INC
25078.0,AIFD,T C W ETF TRUST
85377.0,AIFF,FIREFLY NEUROSCIENCE INC
92301.0,AIFU,AIX INC
66800.0,AIG,AMERICAN INTERNATIONAL GROUP INC
18996.0,AIH,AESTHETIC MEDICAL INT HLD GR LTD
17345.0,AIHS,SENMIAO TECHNOLOGY LTD
85659.0,AIII,ACRE REALTY INVESTORS INC
17917.0,AIIQ,E T F SERIES SOLUTIONS
18148.0,AIKI,ALKIDO PHARMA INC
22477.0,AILG,LISTED FUNDS TRUST
22478.0,AILV,LISTED FUNDS TRUST
83762.0,AIM,AIM IMMUNOTECH INC
91658.0,AIMC,ALTRA INDUSTRIAL MOTION CORP
83840.0,AIMD,AINOS INC
15630.0,AIMT,AIMMUNE THERAPEUTICS INC
11731.0,AIN,ALBANY INTERNATIONAL CORP NEW
15028.0,AINC,ASHFORD INC
25899.0,AINP,ALLSPRING E T F TRUST
90121.0,AINV,APOLLO INVESTMENT CORP
18969.0,AIO,ALLIANZGI ARTIFIC INT & TECH OPP
22177.0,AIP,ARTERIS INC
25204.0,AIPI,E T F OPPORTUNITIES TRUST
15645.0,AIPT,PRECISION THERAPEUTICS INC
17805.0,AIQ,GLOBAL X FUNDS
89048.0,AIQ,ALLIANCE HEALTHCARE SERVICES INC
54594.0,AIR,A A R CORP
20191.0,AIRC,APARTMENT INCOME REIT CORP
24465.0,AIRE,REALPHA TECH CORP
16247.0,AIRG,AIRGAIN INC
13976.0,AIRI,AIR INDUSTRIES GROUP
22693.0,AIRJ,AIRJOULE TECHNOLOGIES CORP
24637.0,AIRL,THEMES E T F TRUST
11641.0,AIRM,AIR METHODS CORP
14529.0,AIRR,FIRST TRUST E T F VI
22178.0,AIRS,AIRSCULPT TECHNOLOGIES INC
11368.0,AIRT,AIR T INC
25926.0,AIS,TIDAL TRUST III
21273.0,AISP,AIRSHIP A I HOLDINGS INC
29612.0,AIT,APPLIED INDUSTRIAL TECHS INC
17379.0,AIU,META DATA LTD
80711.0,AIV,APARTMENT INVESTMENT & MGMT CO
24729.0,AIVC,AMPLIFY ETF TRUST
91334.0,AIVI,WISDOMTREE TRUST
91327.0,AIVL,WISDOMTREE TRUST
90631.0,AIXG,AIXTRON S E
23775.0,AIXI,XIAO I CORP
24565.0,AIYY,TIDAL TRUST II
90038.0,AIZ,ASSURANT INC
24773.0,AJAN,INNOVATOR E T F S TRUST
38093.0,AJG,GALLAGHER ARTHUR J & CO
20765.0,AJRD,AEROJET ROCKETDYNE HOLDINGS INC
25297.0,AJUL,INNOVATOR E T F S TRUST
15196.0,AJX,GREAT AJAX CORP
21975.0,AKA,A K A BRANDS HOLDING CORP
87299.0,AKAM,AKAMAI TECHNOLOGIES INC
22885.0,AKAN,AKANDA CORP
14530.0,AKAO,ACHAOGEN INC
14531.0,AKBA,AKEBIA THERAPEUTICS INC
16814.0,AKCA,AKCEA THERAPEUTICS INC
14419.0,AKER,AKERS BIOSCIENCES INC
92536.0,AKG,ASANKO GOLD INC
21534.0,AKLI,AKILI INC
84660.0,AKO,EMBOTELLADORA ANDINA S A
84661.0,AKO,EMBOTELLADORA ANDINA S A
89281.0,AKP,ALLIANCE CA MUN INC FD
79235.0,AKR,ACADIA REALTY TRUST
18772.0,AKRO,AKERO THERAPEUTICS INC
10180.0,AKRX,AKORN INC
80303.0,AKS,A K STEEL HOLDING CORP
16625.0,AKTS,AKOUSTIS TECHNOLOGIES INC
14424.0,AKTX,AKARI THERAPEUTICS PLC
19810.0,AKU,AKUMIN INC
19810.0,AKU,AKUMIN INC NEW
19461.0,AKUS,AKOUOS INC
21016.0,AKYA,AKOYA BIOSCIENCES INC
12641.0,AL,AIR LEASE CORP
24875.0,ALAB,ASTERA LABS INC
18249.0,ALAC,ALBERTON ACQUISITION CORP
24981.0,ALAI,ALGER E T F TRUST
18054.0,ALAR,ALARUM TECHNOLOGIES LTD
80191.0,ALB,ALBEMARLE CORP
92032.0,ALBO,ALBIREO PHARMA INC
18253.0,ALBT,AVALON GLOBOCARE CORP
18481.0,ALC,ALCON INC
21619.0,ALCC,ALTC ACQUISITION CORP
11790.0,ALCO,ALICO INC
12638.0,ALD,WISDOMTREE TRUST
14646.0,ALDR,ALDER BIOPHARMACEUTICALS INC
13678.0,ALDW,ALON U S A PARTNERS L P
14647.0,ALDX,ALDEYRA THERAPEUTICS INC
24248.0,ALE,ALLETE INC
18376.0,ALEC,ALECTOR INC
13429.0,ALEX,ALEXANDER & BALDWIN INC NEW
21268.0,ALF,ALFI INC
13382.0,ALFA,E T F SERIES SOLUTIONS
15816.0,ALFI,E T F SERIES SOLUTIONS
78950.0,ALG,ALAMO GROUP INC
19938.0,ALGM,ALLEGRO MICROSYSTEMS INC
88860.0,ALGN,ALIGN TECHNOLOGY INC
18042.0,ALGR,ALLEGRO MERGER CORP
19944.0,ALGS,ALIGOS THERAPEUTICS INC
91659.0,ALGT,ALLEGIANT TRAVEL CO
20661.0,ALHC,ALIGNMENT HEALTHCARE INC
93339.0,ALIM,ALIMERA SCIENCES INC
21617.0,ALIT,ALIGHT INC
90779.0,ALJ,ALON U S A ENERGY INC
16052.0,ALJJ,A L J REGIONAL HOLDINGS INC
28804.0,ALK,ALASKA AIRGROUP INC
76736.0,ALKS,ALKERMES PLC
21017.0,ALKT,ALKAMI TECHNOLOGY INC
79323.0,ALL,ALLSTATE CORP
14297.0,ALLE,ALLEGION PLC
22975.0,ALLG,ALLEGO N V
17948.0,ALLK,ALLAKOS INC
18137.0,ALLO,ALLOGENE THERAPEUTICS INC
22523.0,ALLR,ALLARITY THERAPEUTICS INC
91604.0,ALLT,ALLOT COMMUNICATIONS LTD
91604.0,ALLT,ALLOT LTD
14558.0,ALLY,ALLY FINANCIAL INC
25205.0,ALMS,ALUMIS INC
93012.0,ALN,AMERICAN LORAIN CORP
17042.0,ALNA,ALLENA PHARMACEUTICALS INC
41188.0,ALNT,ALLIENT INC
90178.0,ALNY,ALNYLAM PHARMACEUTICALS INC
13097.0,ALO,ALIO GOLD INC
14198.0,ALOG,ANALOGIC CORP
15537.0,ALOT,ASTRO MEDICAL INC NEW
15537.0,ALOT,ASTRONOVA INC
21908.0,ALPA,ALPHA HEALTHCARE ACQ CORP III
15432.0,ALPN,ALPINE IMMUNE SCIENCES INC
22179.0,ALPP,ALPINE 4 HOLDINGS INC
23396.0,ALPS,ALPINE SUMMIT ENERGY PARTNERS IN
14420.0,ALQA,ALLIQUA BIOMEDICAL INC
89230.0,ALR,ALERE INC
15409.0,ALRM,ALARM COM HOLDINGS INC
16776.0,ALRN,AILERON THERAPEUTICS INC
18941.0,ALRS,ALERUS FINANCIAL CORP
87373.0,ALSK,ALASKA COMMUNICATIONS SYS GRP IN
13284.0,ALSN,ALLISON TRANSMISSION HLDGS INC
90926.0,ALT,ALTIMMUNE INC
15435.0,ALTA,ALTABANCORP
18514.0,ALTG,ALTA EQUIPMENT GROUP INC
21056.0,ALTI,ALTI GLOBAL INC
19447.0,ALTL,PACER FUNDS TRUST
16673.0,ALTM,ALTUS MIDSTREAM CO
24595.0,ALTM,ARCADIUM LITHIUM PLC
86165.0,ALTO,ALTO INGREDIENTS INC
17034.0,ALTR,ALTAIR ENGINEERING INC
14977.0,ALTS,PROSHARES TRUST
77202.0,ALTS,ALT5 SIGMA CORP
15492.0,ALTY,GLOBAL X FUNDS
24458.0,ALUM,U S C F ETF TRUST
24086.0,ALUR,ALLURION TECHNOLOGIES INC
19173.0,ALUS,ALUSSA ENERGY ACQUISITION CORP
84656.0,ALV,AUTOLIV INC
23172.0,ALVO,ALVOTECH
19540.0,ALVR,ALLOVIR INC
49330.0,ALX,ALEXANDERS INC
91154.0,ALXA,ALEXZA PHARMACEUTICALS INC
83111.0,ALXN,ALEXION PHARMACEUTICALS INC
19542.0,ALXO,ALX ONCOLOGY HOLDINGS INC
18149.0,ALYA,ALITHYA GROUP INC
21513.0,ALZN,ALZAMEND NEURO INC
15031.0,AM,ANTERO MIDSTREAM PARTNERS LP
16738.0,AM,ANTERO MIDSTREAM CORP
10363.0,AMAG,A M A G PHARMACEUTICALS INC
18043.0,AMAL,AMALGAMATED BANK
18043.0,AMAL,AMALGAMATED FINANCIAL CORP
21365.0,AMAM,AMBRX BIOPHARMA INC
21018.0,AMAO,AMERICAN ACQUISITION OPP INC
14702.0,AMAT,APPLIED MATERIALS INC
22407.0,AMAX,STARBOARD INVESTMENT TRUST
13634.0,AMBA,AMBARELLA INC
13919.0,AMBC,AMBAC FINANCIAL GROUP INC
23770.0,AMBI,AMBIPAR EMERGENCY RESPONSE
17913.0,AMBO,AMBOW EDUCATION HOLDING LTD
21827.0,AMBP,ARDAGH METAL PACKAGING S A
14499.0,AMBR,AMBER ROAD INC
14328.0,AMC,A M C ENTERTAINMENT HOLDINGS INC
16876.0,AMCA,ISHARES TRUST
85522.0,AMCC,APPLIED MICRO CIRCUITS CORP
18302.0,AMCI,A M C I ACQUISITION CORP
21909.0,AMCI,A M C I ACQUISITION CORP II
92427.0,AMCN,AIRMEDIA GROUP INC
18724.0,AMCR,AMCOR PLC
12880.0,AMCX,A M C NETWORKS INC
61241.0,AMD,ADVANCED MICRO DEVICES INC
14444.0,AMDA,AMEDICA CORP
24932.0,AMDL,GRANITESHARES E T F TRUST
24107.0,AMDS,GRANITESHARES E T F TRUST
24241.0,AMDY,TIDAL TRUST II
85257.0,AME,AMETEK INC NEW
80795.0,AMED,AMEDISYS INC
17133.0,AMEH,APOLLO MEDICAL HOLDINGS INC
19883.0,AMER,EMLES TRUST
15030.0,AMFW,AMEC FOSTER WHEELER PLC
85593.0,AMG,AFFILIATED MANAGERS GROUP INC
14008.0,AMGN,AMGEN INC
16738.0,AMGP,ANTERO MIDSTREAM GP LP
14061.0,AMH,AMERICAN HOMES 4 RENT
19180.0,AMHC,AMPLITUDE HEALTHCARE ACQ CORP
43617.0,AMIC,AMERICAN INDEPENDENCE CORP
12892.0,AMID,AMERICAN MIDSTREAM PARTNERS L P
23312.0,AMID,E A SERIES TRUST
24691.0,AMIX,AUTONOMIX MEDICAL INC
18786.0,AMK,ASSETMARK FINANCIAL HOLDINGS INC
86047.0,AMKR,AMKOR TECHNOLOGY INC
23657.0,AMLI,AMERICAN LITHIUM CORP
12035.0,AMLP,ALPS E T F TRUST
17396.0,AMLX,AMPLIFY ETF TRUST
22626.0,AMLX,AMYLYX PHARMACEUTICALS INC
16376.0,AMMA,ALLIANCE M M A INC
89215.0,AMN,A M N HEALTHCARE SERVICES INC
86814.0,AMNB,AMERICAN NATIONAL BANKSHARES INC
22127.0,AMOD,ALPHA MODUS HOLDINGS INC
18686.0,AMOM,EXCHANGE LISTED FUNDS TRUST
41188.0,AMOT,ALLIED MOTION TECHNOLOGIES INC
88903.0,AMOV,AMERICA MOVIL S A B DE C V
90880.0,AMP,AMERIPRISE FINANCIAL INC
23921.0,AMPD,TIDAL TRUST II
12789.0,AMPE,AMPIO PHARMACEUTICALS INC
20566.0,AMPG,AMPLITECH GROUP INC
14688.0,AMPH,AMPHASTAR PHARMACEUTICALS INC
21904.0,AMPL,AMPLITUDE INC
20522.0,AMPS,ALTUS POWER INC
23352.0,AMPX,AMPRIUS TECHNOLOGIES INC
16442.0,AMPY,AMPLIFY ENERGY CORP
16677.0,AMR,ALTA MESA RESOURCES INC
18224.0,AMR,ALPHA METALLURGICAL RES INC
88719.0,AMRB,AMERICAN RIVER BANKSHARES
10158.0,AMRC,AMERESCO INC
82215.0,AMRH,AMERI HOLDINGS INC
86709.0,AMRI,ALBANY MOLECULAR RESEARCH INC
14532.0,AMRK,A MARK PRECIOUS METALS INC
79122.0,AMRN,AMARIN CORP PLC
12307.0,AMRS,AMYRIS INC
82702.0,AMRX,AMNEAL PHARMACEUTICALS INC
13769.0,AMS,AMERICAN SHARED HOSPITAL SVCS
77175.0,AMSC,AMERICAN SUPERCONDUCTOR CORP
90963.0,AMSF,AMERISAFE INC
85675.0,AMSG,AMSURG CORP
19811.0,AMST,AMESITE INC
13777.0,AMSWA,AMERICAN SOFTWARE INC
86111.0,AMT,AMERICAN TOWER CORP NEW
18049.0,AMTB,MERCANTIL BANK HOLDING CORP
18049.0,AMTB,AMERANT BANCORP INC
18050.0,AMTBB,AMERANT BANCORP INC
18887.0,AMTD,A M T D IDEA GROUP
84597.0,AMTD,T D AMERITRADE HOLDING CORP
12893.0,AMTG,APOLLO RESIDENTIAL MORTGAGE INC
19462.0,AMTI,APPLIED MOLECULAR TRANSPORT INC
25434.0,AMTM,AMENTUM HOLDINGS INC
14689.0,AMTX,AEMETIS INC
23397.0,AMV,ATLIS MOTOR VEHICLES INC
10501.0,AMWD,AMERICAN WOODMARK CORP
19657.0,AMWL,AMERICAN WELL CORP
88885.0,AMX,AMERICA MOVIL S A B DE C V
88885.0,AMX,AMERICA MOVIL S A B DE C V NEW
14958.0,AMZA,ETFIS SERIES TRUST I
23398.0,AMZD,DIREXION SHARES E T F TRUST
84788.0,AMZN,AMAZON COM INC
24443.0,AMZP,NEOS ETF TRUST
25842.0,AMZP,KURV ETF TRUST
23399.0,AMZU,DIREXION SHARES E T F TRUST
24057.0,AMZY,TIDAL TRUST II
24933.0,AMZZ,GRANITESHARES E T F TRUST
76282.0,AN,AUTONATION INC DEL
16562.0,ANAB,ANAPTYSBIO INC
12392.0,ANAC,ANACOR PHARMACEUTICALS INC
81539.0,ANAD,ANADIGICS INC
13507.0,ANAT,AMERICAN NATIONAL INS CO
13507.0,ANAT,AMERICAN NATIONAL GROUP INC
12498.0,ANCB,ANCHOR BANCORP WA
18395.0,ANCN,ANCHIANO THERAPEUTICS LTD
90274.0,ANCX,ACCESS NATIONAL CORP
12553.0,AND,GLOBAL X FUNDS
15897.0,ANDA,ANDINA ACQUISITION CORP II
18461.0,ANDA,ANDINA ACQUISITION CORP III
83112.0,ANDE,ANDERSONS INC
37284.0,ANDV,ANDEAVOR
12683.0,ANDX,ANDEAVOR LOGISTICS LP
21269.0,ANEB,ANEBULO PHARMACEUTICALS INC
14714.0,ANET,ARISTA NETWORKS INC
19915.0,ANEW,PROSHARES TRUST
83976.0,ANF,ABERCROMBIE & FITCH CO
13631.0,ANFI,AMIRA NATURE FOODS LTD
22763.0,ANGH,ANGHAMI INC
13106.0,ANGI,ANGIES LIST INC
16921.0,ANGI,ANGI HOMESERVICES INC
16921.0,ANGI,ANGI INC
13348.0,ANGL,MARKET VECTORS E T F TRUST
13348.0,ANGL,VANECK VECTORS E T F TRUST
13348.0,ANGL,VANECK E T F TRUST
20567.0,ANGN,ANGION BIOMEDICA CORP
90179.0,ANGO,ANGIODYNAMICS INC
85897.0,ANH,ANWORTH MORTGAGE ASSET CORP
79150.0,ANIK,ANIKA THERAPEUTICS INC
89875.0,ANIP,A N I PHARMACEUTICALS INC
27167.0,ANIX,ANIXA BIOSCIENCES INC
24251.0,ANL,ADLAI NORTYE LTD
76671.0,ANN,ANN INC
22778.0,ANNA,ALEANNA INC
19544.0,ANNX,ANNEXON INC
19181.0,ANPC,ANPAC BIO MEDICAL SCIENCE CO LTD
24816.0,ANRO,ALTO NEUROSCIENCE INC
83621.0,ANSS,ANSYS INC
92427.0,ANTE,AIRNET TECHNOLOGY INC
93300.0,ANTH,ANTHERA PHARMACEUTICALS INC
89179.0,ANTM,ANTHEM INC
22886.0,ANTX,AN2 THERAPEUTICS INC
19149.0,ANVS,ANNOVIS BIO INC
91655.0,ANW,AEGEAN MARINE PETROLEUM NETW INC
14791.0,ANY,SPHERE 3D CORP NEW
21019.0,ANZU,ANZU SPECIAL ACQ CORP I
92834.0,AOA,ISHARES TRUST
89606.0,AOBC,AMERICAN OUTDOOR BRANDS CORP
25643.0,AOCT,INNOVATOR E T F S TRUST
91684.0,AOD,ALPINE TOTAL DYNAMIC DIVIDEND FD
91684.0,AOD,ABERDEEN TOTAL DYNAMIC DIV FD
91684.0,AOD,ABRDN TOTAL DYNAMIC DIVIDEND FD
24837.0,AOHY,ANGEL OAK FUNDS TRUST
29867.0,AOI,ALLIANCE ONE INTERNATIONAL INC
16607.0,AOIL,ABERDEEN STD INVSTMENTS ETFS
92837.0,AOK,ISHARES TRUST
92836.0,AOM,ISHARES TRUST
21367.0,AOMR,ANGEL OAK MORTGAGE INC
21367.0,AOMR,ANGEL OAK MORTGAGE REIT INC
61735.0,AON,AON PLC
61735.0,AON,AON PLC NEW
21035.0,AONC,AMERICAN ONCOLOGY NETWORK INC
19935.0,AONE,ONE
92835.0,AOR,ISHARES TRUST
78876.0,AORT,ARTIVION INC
65402.0,AOS,SMITH A O CORP
93340.0,AOSL,ALPHA & OMEGA SEMICONDUCTOR LTD
23175.0,AOTG,E A SERIES TRUST
19579.0,AOUT,AMERICAN OUTDOOR BRANDS INC
18075.0,AP,AMPCO PITTSBURGH CORP
39490.0,APA,APACHE CORP
39490.0,APA,A P A CORP
13802.0,APAM,ARTISAN PARTNERS ASSET MGMT INC
75032.0,APB,ASIA PACIFIC FUND INC
70332.0,APC,ANADARKO PETROLEUM CORP
23928.0,APCB,TRUST FOR PROFESSIONAL MANAGERS
22627.0,APCX,APPTECH PAYMENTS CORP
28222.0,APD,AIR PRODUCTS & CHEMICALS INC
15057.0,APDN,APPLIED DNA SCIENCES INC
92428.0,APEI,AMERICAN PUBLIC EDUCATION INC
13648.0,APEN,APOLLO ENDOSURGERY INC
79315.0,APEX,APEX GLOBAL BRANDS INC
80725.0,APF,MORGAN STANLEY ASIA PAC FD INC
16149.0,APFH,ADVANCEPIERRE FOODS HOLDINGS INC
19317.0,APG,A P I GROUP CORP
20981.0,APGB,APOLLO STRATEGIC GROWTH CAP II
24064.0,APGE,APOGEE THERAPEUTICS INC
20574.0,APGN,APEXIGEN INC
84769.0,APH,AMPHENOL CORP NEW
18221.0,APHA,APHRIA INC
80577.0,APHB,AMPLIPHI BIOSCIENCES CORP
19463.0,API,AGORA INC
15283.0,APIC,APIGEE CORP
23926.0,APIE,TRUST FOR PROFESSIONAL MANAGERS
89986.0,APLD,APPLIED BLOCKCHAIN INC
89986.0,APLD,APPLIED DIGITAL CORP
15338.0,APLE,APPLE HOSPITALITY REIT INC
23776.0,APLM,APOLLOMICS INC
91510.0,APLP,ARCHROCK PARTNERS L P
17104.0,APLS,APELLIS PHARMACEUTICALS INC
18644.0,APLT,APPLIED THERAPEUTICS INC
25900.0,APLU,ALLSPRING E T F TRUST
23847.0,APLY,TIDAL TRUST II
18303.0,APM,APTORUM GROUP LTD
23927.0,APMU,TRUST FOR PROFESSIONAL MANAGERS
12591.0,APO,APOLLO GLOBAL MANAGEMENT LLC
12591.0,APO,APOLLO GLOBAL MANAGEMENT INC
12591.0,APO,APOLLO GLOBAL MANAGEMENT INC NEW
25644.0,APOC,INNOVATOR E T F S TRUST
14526.0,APOG,APOGEE ENTERPRISES INC
81138.0,APOL,APOLLO EDUCATION GROUP INC
16161.0,APOP,CELLECT BIOTECHNOLOGY LTD
20894.0,APP,APPLOVIN CORP
15410.0,APPF,APPFOLIO INC
19480.0,APPH,APPHARVEST INC
16698.0,APPN,APPIAN CORP
88518.0,APPS,DIGITAL TURBINE INC
92213.0,APPY,VENAXIS INC
20568.0,APR,APRIA INC
23837.0,APRD,INNOVATOR E T F S TRUST
18997.0,APRE,APREA THERAPEUTICS INC
23834.0,APRH,INNOVATOR E T F S TRUST
88177.0,APRI,APRICUS BIOSCIENCES INC
23833.0,APRJ,INNOVATOR E T F S TRUST
16755.0,APRN,BLUE APRON HOLDINGS INC
24996.0,APRP,P G I M ROCK ETF TRUST
23832.0,APRQ,INNOVATOR E T F S TRUST
19411.0,APRT,A I M E T F PRODUCTS TRUST
19412.0,APRW,A I M E T F PRODUCTS TRUST
20949.0,APRZ,LISTED FUNDS TRUST
20114.0,APSG,APOLLO STRATEGIC GROWTH CAP
87832.0,APT,ALPHA PRO TECH LTD
16282.0,APTI,APPTIO INC
77569.0,APTO,APTOSE BIOSCIENCES INC
12668.0,APTS,PREFERRED APARTMENT CMNTYS INC
13103.0,APTV,APTIV PLC
13103.0,APTV,APTIV PLC NEW
17868.0,APTX,APTINYX INC
81521.0,APU,AMERIGAS PARTNERS LP
23925.0,APUE,TRUST FOR PROFESSIONAL MANAGERS
16146.0,APVO,APTEVO THERAPEUTICS INC
84650.0,APWC,ASIA PACIFIC WIRE & CBLE CORP LT
22061.0,APXH,TWO ROADS SHARED TRUST
19064.0,APXT,APEX TECHNOLOGY ACQUISITION CORP
17783.0,APY,APERGY CORP
89891.0,APYX,APYX MEDICAL CORP
17046.0,AQ,AQUANTIA CORP
16541.0,AQB,AQUABOUNTY TECHNOLOGIES INC
22408.0,AQGX,STARBOARD INVESTMENT TRUST
25928.0,AQLT,ISHARES TRUST
15493.0,AQMS,AQUA METALS INC
16479.0,AQN,ALGONQUIN POWER & UTILITIES CORP
17955.0,AQST,AQUESTIVE THERAPEUTICS INC
17035.0,AQUA,EVOQUA WATER TECHNOLOGIES CORP
21022.0,AQWA,GLOBAL X FUNDS
14535.0,AQXP,AQUINOX PHARMACEUTICALS INC
14179.0,AR,ANTERO RESOURCES CORP
16024.0,ARA,AMERICAN RENAL ASSOCIATES
14555.0,ARAV,ARAVIVE INC
91814.0,ARAY,ACCURAY INC DE
19360.0,ARB,ALTSHARES TRUST
23853.0,ARBB,ARB IOT GROUP LTD
22181.0,ARBE,ARBE ROBOTICS LTD
21912.0,ARBK,ARGO BLOCKCHAIN PLC
90548.0,ARC,A R C DOCUMENTS SOLUTIONS INC
77595.0,ARCB,ARCBEST CORP
90401.0,ARCC,ARES CAPITAL CORP
18099.0,ARCE,ARCO PLATFORM LTD
16436.0,ARCH,ARCH COAL INC
16436.0,ARCH,ARCH RESOURCES INC
77202.0,ARCI,APPLIANCE RECYCLING CTRS AMR INC
17397.0,ARCM,ARROW INVESTMENTS TRUST
12684.0,ARCO,ARCOS DORADOS HOLDINGS INC
13918.0,ARCT,ARCTURUS THERAPEUTICS LTD
13918.0,ARCT,ARCTURUS THERAPEUTICS HLDNGS INC
91954.0,ARCW,ARC GROUP WORLDWIDE INC
14267.0,ARCX,ARC LOGISTICS PARTNERS LP
16624.0,ARD,ARDAGH GROUP S A
13679.0,ARDC,ARES DYNAMIC CREDIT ALLOC FD INC
83622.0,ARDM,ARADIGM CORP
18044.0,ARDS,ARIDIS PHARMACEUTICALS INC
25252.0,ARDT,ARDENT HEALTH PARTNERS INC
14690.0,ARDX,ARDELYX INC
84767.0,ARE,ALEXANDRIA REAL EST EQUITIES INC
25467.0,AREA,HARBOR E T F TRUST
22765.0,AREB,AMERICAN REBEL HOLDINGS INC
18396.0,AREC,AMERICAN RESOURCES CORP
12928.0,AREN,ARENA GROUP HOLDINGS INC
14617.0,ARES,ARES MANAGEMENT LP
14617.0,ARES,ARES MANAGEMENT CORP
92429.0,AREX,APPROACH RESOURCES INC
70308.0,ARG,AIRGAS INC
11203.0,ARGO,ARGO GROUP INTL HLDGS LTD
14447.0,ARGS,ARGOS THERAPEUTICS INC
12621.0,ARGT,GLOBAL X FUNDS
16699.0,ARGX,ARGENX SE
22262.0,ARHS,ARHAUS INC
93014.0,ARI,APOLLO COMMERCIAL RL EST FIN INC
80918.0,ARIA,ARIAD PHARMACEUTICALS INC
91075.0,ARII,AMERICAN RAILCAR INDUSTRIES INC
22096.0,ARIS,ARIS WATER SOLUTIONS INC
77082.0,ARIS,A R I NETWORK SERVICES INC
22527.0,ARIZ,ARISZ ACQUISITION CORP
24549.0,ARKA,E A SERIES TRUST
24740.0,ARKB,ARK 21SHARES BITCOIN ETF
24551.0,ARKC,E A SERIES TRUST
24552.0,ARKD,E A SERIES TRUST
18380.0,ARKF,ARK E T F TRUST
14949.0,ARKG,ARK E T F TRUST
14948.0,ARKK,ARK E T F TRUST
18844.0,ARKO,A R K O CORP
14886.0,ARKQ,ARK E T F TRUST
85586.0,ARKR,ARK RESTAURANTS CORP
14887.0,ARKW,ARK E T F TRUST
20664.0,ARKX,ARK E T F TRUST
24553.0,ARKY,E A SERIES TRUST
24550.0,ARKZ,E A SERIES TRUST
49322.0,ARL,AMERICAN REALTY INVESTORS INC
18013.0,ARLO,ARLO TECHNOLOGIES INC
87198.0,ARLP,ALLIANCE RESOURCE PARTNERS
24976.0,ARLU,A I M E T F PRODUCTS TRUST
88740.0,ARLZ,ARALEZ PHARMACEUTICALS INC
24252.0,ARM,A R M HOLDINGS PLC
85961.0,ARMH,A R M HOLDINGS PLC
14329.0,ARMK,ARAMARK
24182.0,ARMN,ARIS MINING CORP
80577.0,ARMP,ARMATA PHARMACEUTICALS INC
19210.0,ARMR,EXCHANGE LISTED FUNDS TRUST
88421.0,ARNA,ARENA PHARMACEUTICALS INC
19283.0,ARNC,ARCONIC CORP
24643.0,ARNC,ARCONIC INC
89399.0,ARO,AEROPOSTALE INC
92245.0,AROC,ARCHROCK INC
15070.0,AROW,ARROW FINANCIAL CORP
13204.0,ARP,ATLAS RESOURCE PARTNERS L P
23571.0,ARP,ADVISORS INNER CIRCLE FUND II
17869.0,ARPO,AERPIO PHARMACEUTICALS INC
90400.0,ARQ,ARQ INC
84052.0,ARQL,ARQULE INC
21913.0,ARQQ,ARQIT QUANTUM INC
19184.0,ARQT,ARCUTIS BIOTHERAPEUTICS INC
92477.0,ARR,ARMOUR RESIDENTIAL REIT INC
79564.0,ARRS,ARRIS GROUP INC NEW
79564.0,ARRS,ARRIS INTERNATIONAL PLC
19851.0,ARRY,ARRAY TECHNOLOGIES INC
88790.0,ARRY,ARRAY BIOPHARMA INC
21699.0,ARTA,ARTISAN ACQUISITION CORP
18773.0,ARTL,ARTELO BIOSCIENCES INC
83469.0,ARTNA,ARTESIAN RESOURCES CORP
25327.0,ARTV,ARTIVA BIOTHERAPEUTICS INC
15203.0,ARTW,ARTS WAY MANUFACTURING INC
80237.0,ARTX,AROTECH CORP
17931.0,ARTY,ISHARES TRUST
19230.0,ARVL,ARRIVAL
18100.0,ARVN,ARVINAS INC
23009.0,ARVR,FIRST TRUST E T F II
29209.0,ARW,ARROW ELECTRONICS INC
15362.0,ARWA,AROWANA INC
80069.0,ARWR,ARROWHEAD RESEARCH CORP
80069.0,ARWR,ARROWHEAD PHARMACEUTICALS INC
18250.0,ARYA,ARYA SCIENCES ACQ CORP
19620.0,ARYA,ARYA SCIENCES ACQ CORP III
20569.0,ARYD,ARYA SCIENCES ACQ CORP IV
24818.0,AS,AMER SPORTS INC
26649.0,ASA,A S A GOLD & PRECIOUS METALS LTD
20728.0,ASAI,SENDAS DISTRIBUIDORA S A
19746.0,ASAN,ASANA INC
16173.0,ASAP,WAITR HOLDINGS INC
15318.0,ASB,ASSOCIATED BANC CORP
13036.0,ASBB,A S B BANCORP INC
14092.0,ASC,ARDMORE SHIPPING CORP
22887.0,ASCA,A S P A C I ACQ CORP
92777.0,ASCMA,ASCENT CAPITAL GROUP INC
12552.0,ASEA,GLOBAL X FUNDS
58560.0,ASEI,AMERICAN SCIENCE & ENGR INC
15830.0,ASET,FLEXSHARES TRUST
82552.0,ASFI,ASTA FUNDING INC
68929.0,ASG,LIBERTY ALL STAR GROWTH FD INC
19507.0,ASGI,ABERDEEN STD GLOBAL INFRA INC FD
19507.0,ASGI,ABRDN GLOBAL INFRA INCOME FUND
77917.0,ASGN,ON ASSIGNMENT INC
77917.0,ASGN,ASGN INC
24272.0,ASH,ASHLAND INC NEW
24272.0,ASH,ASHLAND GLOBAL HOLDINGS INC
24272.0,ASH,ASHLAND INC 2022
14275.0,ASHR,D B X ETF TRUST
14620.0,ASHS,D B X ETF TRUST
15718.0,ASHX,D B X ETF TRUST
24224.0,ASIA,MATTHEWS INTERNATIONAL FUNDS
16276.0,ASIX,ADVANSIX INC
18410.0,ASLE,AERSALE CORP
17808.0,ASLN,ASLAN PHARMACEUTICALS LTD
78236.0,ASM,AVINO SILVER & GOLD MINES LTD
12497.0,ASMB,ASSEMBLY BIOSCIENCES INC
25130.0,ASMF,VIRTUS E T F TR II
81472.0,ASML,A S M L HOLDING N V
30737.0,ASNA,ASCENA RETAIL GROUP INC
15171.0,ASND,ASCENDIS PHARMA A S
17105.0,ASNS,ARSANIS INC
23101.0,ASNS,ACTELIS NETWORKS INC
19945.0,ASO,ACADEMY SPORTS & OUTDOORS INC
21914.0,ASPA,ABRI S P A C I INC
23509.0,ASPI,ASP ISOTOPES INC
14715.0,ASPN,ASPEN AEROGELS INC
92981.0,ASPS,ALTISOURCE PORTFOLIO SLTNS S A
16856.0,ASPU,ASPEN GROUP INC
20668.0,ASPY,ASYMMETRIC E T F S TRUST
88593.0,ASR,GRUPO AEROPORTUARIO DEL SUR S A
85686.0,ASRT,ASSERTIO THERAPEUTICS INC
85686.0,ASRT,ASSERTIO HOLDINGS INC
92807.0,ASRV,AMERISERV FINANCIAL INC
23715.0,ASST,ASSET ENTITIES INC
14950.0,AST,ASTERIAS BIOTHERAPEUTICS INC
82747.0,ASTC,ASTROTECH CORP
10382.0,ASTE,ASTEC INDUSTRIES INC
17133.0,ASTH,ASTRANA HEALTH INC
91428.0,ASTI,ASCENT SOLAR TECHNOLOGIES INC
22182.0,ASTL,ALGOMA STEEL GROUP INC
19835.0,ASTR,ASTRA SPACE INC
19076.0,ASTS,A S T SPACEMOBILE INC
77505.0,ASUR,ASURE SOFTWARE INC
16700.0,ASV,A S V HOLDINGS INC
88659.0,ASX,ADVANCED SEMICONDUCTOR ENGR INC
88659.0,ASX,A S E TECHNOLOGY HLDG CO LTD
76908.0,ASXC,ASENSUS SURGICAL INC
65008.0,ASYS,AMTECH SYSTEMS INC
10201.0,AT,ATLANTIC POWER CORP
16922.0,ATAC,ATLANTIC ACQUISITION CORP
21516.0,ATAI,ATAI LIFE SCIENCES N V
92520.0,ATAI,A T A INC
22888.0,ATAK,AURORA TECHNOLOGY ACQ CORP
23518.0,ATAT,ATOUR LIFESTYLE HOLDINGS LTD
92726.0,ATAX,AMERICA FIRST MULTIFAMILY INV LP
20560.0,ATC,ATOTECH LTD
90853.0,ATCO,ATLAS CORP
18357.0,ATCX,ATLAS TECHNICAL CONSULTANTS INC
89150.0,ATE,ADVANTEST CORP
91348.0,ATEC,ALPHATEC HOLDINGS INC
14495.0,ATEN,A10 NETWORKS INC
18780.0,ATER,ATERIAN INC
15226.0,ATEX,ANTERIX INC
21195.0,ATFV,ALGER E T F TRUST
76708.0,ATGE,ADTALEM GLOBAL EDUCATION INC
24466.0,ATGL,ALPHA TECHNOLOGY GROUP LTD
16496.0,ATH,ATHENE HOLDING LTD
19812.0,ATHA,ATHIRA PHARMA INC
89505.0,ATHE,ALTERITY THERAPEUTICS LTD
14332.0,ATHM,AUTOHOME INC
92296.0,ATHN,ATHENAHEALTH INC
92456.0,ATHX,ATHERSYS INC
43123.0,ATI,ALLEGHENY TECHNOLOGIES
43123.0,ATI,A T I INC
18645.0,ATIF,A T I F HOLDINGS LTD
19892.0,ATIP,A T I PHYSICAL THERAPY INC
16119.0,ATKR,ATKORE INTERNATIONAL GROUP INC
16119.0,ATKR,ATKORE INC
86819.0,ATLC,ATLANTICUS HOLDINGS CORP
21879.0,ATLN,ATLANTIC INTERNATIONAL CORP
90470.0,ATLO,AMES NATL CORP
15188.0,ATLS,ATLAS ENERGY GROUP LLC
23658.0,ATLX,ATLAS LITHIUM CORP
76584.0,ATML,ATMEL CORP
23877.0,ATMU,ATMUS FILTRATION TECH INC
16788.0,ATNF,180 LIFE SCIENCES CORP
77090.0,ATNI,ATLANTIC TELE NETWORK INC
77090.0,ATNI,A T N INTERNATIONAL INC
14497.0,ATNM,ACTINIUM PHARMACEUTICALS INC
16777.0,ATNX,ATHENEX INC
12881.0,ATNY,A P I TECHNOLOGIES CORP
32986.0,ATO,ATMOS ENERGY CORP
16250.0,ATOM,ATOMERA INC
13693.0,ATOS,ATOSSA GENETICS INC
13693.0,ATOS,ATOSSA THERAPEUTICS INC
24469.0,ATPC,AGAPE APT CORP
79133.0,ATR,APTARGROUP INC
14991.0,ATRA,ATARA BIOTHERAPEUTICS INC
90856.0,ATRC,ATRICURE INC
11587.0,ATRI,ATRION CORP
15457.0,ATRO,ASTRONICS CORP
88905.0,ATRS,ANTARES PHARMA INC
23889.0,ATS,A T S CORP NEW
90716.0,ATSG,AIR TRANSPORT SERVICES GROUP INC
14986.0,ATTO,ATENTO S A
78201.0,ATTU,ATTUNITY LTD
11581.0,ATU,ACTUANT CORP
16753.0,ATUS,ALTICE USA INC
91973.0,ATV,ACORN INTERNATIONAL INC
79678.0,ATVI,ACTIVISION BLIZZARD INC
15721.0,ATW,ATWOOD OCEANICS INC
23273.0,ATXG,ADDENTAX GROUP CORP
16778.0,ATXI,AVENUE THERAPEUTICS INC
15416.0,ATXS,ASTRIA THERAPEUTICS INC
21517.0,ATY,ACUITYADS HOLDINGS INC
15378.0,ATYR,ATYR PHARMA INC
24295.0,AU,ANGLOGOLD ASHANTI PLC
86341.0,AU,ANGLOGOLD ASHANTI LTD
79747.0,AUB,ATLANTIC UNION BANKSHARES CORP
82251.0,AUBN,AUBURN NATIONAL BANCORP
86560.0,AUD,AUDACY INC
86929.0,AUDC,AUDIOCODES LTD
16836.0,AUG,AURYN RESOURCES INC
25368.0,AUGM,FIRST TRUST E T F VIII
25113.0,AUGP,P G I M ROCK ETF TRUST
18018.0,AUGR,E T F SERIES SOLUTIONS
24143.0,AUGT,A I M E T F PRODUCTS TRUST
25364.0,AUGU,A I M E T F PRODUCTS TRUST
24140.0,AUGW,A I M E T F PRODUCTS TRUST
22183.0,AUGX,AUGMEDIX INC
19600.0,AUGZ,LISTED FUNDS TRUST
21829.0,AUID,IPSIDY INC
21829.0,AUID,AUTHID INC
84302.0,AULT,AULT ALLIANCE INC
14992.0,AUMA,A R CAPITAL ACQUISITION CORP
24638.0,AUMI,THEMES E T F TRUST
93285.0,AUMN,GOLDEN MINERALS CO
24930.0,AUNA,AUNA S A
92714.0,AUNZ,WISDOMTREE TRUST
89398.0,AUO,A U OPTRONICS CORP
14924.0,AUPH,AURINIA PHARMACEUTICALS INC
21331.0,AUR,AURORA INNOVATION INC
22184.0,AURA,AURA BIOSCIENCES INC
21025.0,AURC,AURORA ACQUISITION CORP
20983.0,AUS,AUSTERLITZ ACQUISITION CORP I
91338.0,AUSE,WISDOMTREE TRUST
18019.0,AUSF,GLOBAL X FUNDS
23068.0,AUST,AUSTIN GOLD CORP
17870.0,AUTL,AUTOLUS THERAPEUTICS PLC
86763.0,AUTO,AUTOWEB INC
20572.0,AUUD,AUDDIA INC
19621.0,AUVI,APPLIED UV INC
19621.0,AUVI,APPLIED UV INC NEW
89976.0,AUY,YAMANA GOLD INC
93053.0,AV,AVIVA PLC
24969.0,AVA,AVISTA CORP
22528.0,AVAC,AVALON ACQUISITION INC
21026.0,AVAH,AVEANNA HEALTHCARE HOLDINGS INC
20118.0,AVAN,AVANTI ACQUISITION CORP
91733.0,AVAV,AEROVIRONMENT INC
80381.0,AVB,AVALONBAY COMMUNITIES INC
24693.0,AVBP,ARRIVENT BIOPHARMA INC
18253.0,AVCO,AVALON GLOBOCARE CORP
16911.0,AVCT,AMERICAN VIRTUAL CLOUD TECH INC
11144.0,AVD,AMERICAN VANGUARD CORP
18917.0,AVDE,AMERICAN CENTURY E T F TRUST
20235.0,AVDG,NEW AGE ALPHA TRUST
25042.0,AVDL,AVADEL PHARMACEUTICALS PLC
83656.0,AVDL,AVADEL PHARMACEUTICALS PLC
20234.0,AVDR,NEW AGE ALPHA TRUST
24024.0,AVDS,AMERICAN CENTURY E T F TRUST
18918.0,AVDV,AMERICAN CENTURY E T F TRUST
22081.0,AVDX,AVIDXCHANGE HOLDINGS INC
24535.0,AVEE,AMERICAN CENTURY E T F TRUST
18916.0,AVEM,AMERICAN CENTURY E T F TRUST
93301.0,AVEO,A V E O PHARMACEUTICALS INC
21986.0,AVES,AMERICAN CENTURY E T F TRUST
13255.0,AVG,A V G TECHNOLOGIES N V
23349.0,AVGE,AMERICAN CENTURY E T F TRUST
93002.0,AVGO,AVAGO TECHNOLOGIES LTD
93002.0,AVGO,BROADCOM LTD
93002.0,AVGO,BROADCOM INC
15172.0,AVGR,AVINGER INC
23950.0,AVGV,AMERICAN CENTURY E T F TRUST
25395.0,AVGX,TIDAL TRUST II
16030.0,AVHI,A V HOMES INC
78955.0,AVID,AVID TECHNOLOGY INC
23350.0,AVIE,AMERICAN CENTURY E T F TRUST
19865.0,AVIG,AMERICAN CENTURY E T F TRUST
19939.0,AVIR,ATEA PHARMACEUTICALS INC
57913.0,AVIR,AVIRAGEN THERAPEUTICS INC
21985.0,AVIV,AMERICAN CENTURY E T F TRUST
89726.0,AVK,ADVENT CLAYMORE CONV SECS INC FD
89726.0,AVK,ADVENT CONVERTIBLE & INCOME FD
12439.0,AVL,AVALON RARE METALS INC
25709.0,AVL,DIREXION SHARES E T F TRUST
24181.0,AVLC,AMERICAN CENTURY E T F TRUST
17855.0,AVLR,AVALARA INC
21983.0,AVLV,AMERICAN CENTURY E T F TRUST
23949.0,AVMA,AMERICAN CENTURY E T F TRUST
24533.0,AVMC,AMERICAN CENTURY E T F TRUST
20203.0,AVMU,AMERICAN CENTURY E T F TRUST
24534.0,AVMV,AMERICAN CENTURY E T F TRUST
23948.0,AVNM,AMERICAN CENTURY E T F TRUST
14941.0,AVNS,AVANOS MEDICAL INC
88597.0,AVNT,AVIENT CORP
15217.0,AVNU,AVENUE FINANCIAL HOLDINGS INC
23947.0,AVNV,AMERICAN CENTURY E T F TRUST
91836.0,AVNW,AVIAT NETWORKS INC
19946.0,AVO,MISSION PRODUCE INC
40416.0,AVP,AVON PRODUCTS INC
19064.0,AVPT,AVEPOINT INC
25980.0,AVR,ANTERIS TECHNOLOGIES GLOBAL CORP
21984.0,AVRE,AMERICAN CENTURY E T F TRUST
17871.0,AVRO,AVROBIO INC
25710.0,AVS,DIREXION SHARES E T F TRUST
22698.0,AVSC,AMERICAN CENTURY E T F TRUST
22919.0,AVSD,AMERICAN CENTURY E T F TRUST
22922.0,AVSE,AMERICAN CENTURY E T F TRUST
19866.0,AVSF,AMERICAN CENTURY E T F TRUST
22918.0,AVSU,AMERICAN CENTURY E T F TRUST
27684.0,AVT,AVNET INC
21518.0,AVTE,AEROVATE THERAPEUTICS INC
18579.0,AVTR,AVANTOR INC
15833.0,AVTX,AVALO THERAPEUTICS INC
18920.0,AVUS,AMERICAN CENTURY E T F TRUST
18919.0,AVUV,AMERICAN CENTURY E T F TRUST
81912.0,AVX,A V X CORP NEW
24936.0,AVXC,AMERICAN CENTURY E T F TRUST
15776.0,AVXL,ANAVEX LIFE SCIENCES CORP
15934.0,AVXS,AVEXIS INC
44601.0,AVY,AVERY DENNISON CORP
17234.0,AVYA,AVAYA HOLDINGS CORP
19209.0,AWAY,E T F MANAGERS TRUST
24726.0,AWAY,AMPLIFY ETF TRUST
23752.0,AWEG,ALGER E T F TRUST
79461.0,AWF,ALLIANCEBERNSTEIN GLBL HIGH INC
88620.0,AWH,ASPIRA WOMENS HEALTH INC
91393.0,AWH,ALLIED WORLD ASSUR CO HLDGS AG
91516.0,AWI,ARMSTRONG WORLD INDS INC NEW
22225.0,AWIN,AERWINS TECHNOLOGIES INC
92614.0,AWK,AMERICAN WATER WORKS CO INC
91914.0,AWP,ALPINE GLOBAL PREMIER PPTYS FUND
91914.0,AWP,ABERDEEN GLOBAL PREMIER PROP FD
91914.0,AWP,ABRDN GLOBAL PREMIER PROP FUND
71475.0,AWR,AMERICAN STATES WATER CO
83844.0,AWRE,AWARE INC
18355.0,AWTM,TIDAL E T F TRUST
86113.0,AWX,AVALON HOLDINGS CORP
21383.0,AWYX,E T F MANAGERS TRUST
90634.0,AX,AXOS FINANCIAL INC
14992.0,AXAR,AXAR ACQUISITION CORP
76888.0,AXAS,ABRAXAS PETROLEUM CORP
84184.0,AXDX,ACCELERATE DIAGNOSTICS INC
46077.0,AXE,ANIXTER INTERNATIONAL INC
10966.0,AXGN,AXOGEN INC
15486.0,AXGT,AXOVANT SCIENCES LTD
15486.0,AXGT,AXOVANT GENE THERAPIES LTD
24814.0,AXIL,AXIL BRANDS INC
91339.0,AXJL,WISDOMTREE TRUST
14732.0,AXJV,ISHARES TRUST
86547.0,AXL,AMERICAN AXLE & MFG HLGDS INC
18646.0,AXLA,AXCELLA HEALTH INC
75222.0,AXLL,AXIALL CORP
93313.0,AXN,AOXING PHARMACEUTICAL CO INC
18190.0,AXNX,AXONICS MODULATION TECHS INC
18190.0,AXNX,AXONICS INC
15486.0,AXON,AXOVANT SCIENCES LTD
89031.0,AXON,AXON ENTERPRISE INC
59176.0,AXP,AMERICAN EXPRESS CO
14993.0,AXPW,AXION POWER INTERNATIONAL INC
38746.0,AXR,AMREP CORP
89789.0,AXS,AXIS CAPITAL HOLDINGS LTD
15831.0,AXSM,AXSOME THERAPEUTICS INC
15053.0,AXTA,AXALTA COATING SYSTEMS LTD
86051.0,AXTI,A X T INC
92262.0,AXU,ALEXCO RESOURCE CORP
14687.0,AY,ATLANTICA YIELD PLC
14687.0,AY,ATLANTICA SUSTAINABLE INFRA PLC
15411.0,AYA,AMAYA INC
89216.0,AYI,ACUITY BRANDS INC
19392.0,AYLA,AYALA PHARMACEUTICALS INC
91426.0,AYR,AIRCASTLE LTD
90640.0,AYRO,AYRO INC
16974.0,AYTU,AYTU BIOSCIENCE INC
16974.0,AYTU,AYTU BIOPHARMA INC
16597.0,AYX,ALTERYX INC
22629.0,AZ,A2Z SMART TECHNOLOGIES CORP
22629.0,AZ,A2Z CUST2MATE SOLUTIONS CORP NEW
19411.0,AZAA,A I M E T F PRODUCTS TRUST
20348.0,AZAJ,A I M E T F PRODUCTS TRUST
19508.0,AZAL,A I M E T F PRODUCTS TRUST
19864.0,AZAO,A I M E T F PRODUCTS TRUST
19412.0,AZBA,A I M E T F PRODUCTS TRUST
20349.0,AZBJ,A I M E T F PRODUCTS TRUST
19509.0,AZBL,A I M E T F PRODUCTS TRUST
19863.0,AZBO,A I M E T F PRODUCTS TRUST
19409.0,AZEK,THE AZEK COMPANY INC
25396.0,AZI,AUTOZI INTERNET TECHNOLOGY GL LT
79363.0,AZN,ASTRAZENECA PLC
25693.0,AZNH,PRECIDIAN ETFS TRUST
76605.0,AZO,AUTOZONE INC
23063.0,AZPN,ASPEN TECHNOLOGY INC NEW
80957.0,AZPN,ASPEN TECHNOLOGY INC
16452.0,AZRE,AZURE POWER GLOBAL LTD
16377.0,AZRX,AZURRX BIOPHARMA INC
81241.0,AZTA,AZENTA INC
23301.0,AZTD,TIDAL E T F TRUST
23951.0,AZTR,AZITRA INC
14049.0,AZUR,AZURE MIDSTREAM PARTNERS LP
19947.0,AZYO,AZIYO BIOLOGICS INC
16126.0,AZZ,A Z Z INC
39693.0,B,BARNES GROUP INC
19561.0,BA,BOEING CO
90606.0,BAA,BANRO CORP
93110.0,BAB,POWERSHARES E T F TRUST II
93110.0,BAB,INVESCO E T F TRUST II
14888.0,BABA,ALIBABA GROUP HOLDING LTD
25388.0,BABO,TIDAL TRUST II
93386.0,BABS,SPDR SERIES TRUST
23612.0,BABX,GRANITESHARES E T F TRUST
89036.0,BABY,NATUS MEDICAL INC
59408.0,BAC,BANK OF AMERICA CORP
18405.0,BACK,I M A C HOLDINGS INC
22475.0,BAD,LISTED FUNDS TRUST
23663.0,BAER,BRIDGER AEROSPACE GP HLDGS INC
89538.0,BAF,BLACKROCK MUNI INC INV QLTY TR
25867.0,BAFE,ADVISORS INNER CIRCLE FUND III
22280.0,BAFN,BAYFIRST FINANCIAL CORP
12366.0,BAH,BOOZ ALLEN HAMILTON HOLDING CORP
25672.0,BAI,BLACKROCK E T F TRUST
24183.0,BALI,BLACKROCK E T F TRUST
57568.0,BALL,BALL CORP
21651.0,BALT,INNOVATOR E T F S TRUST
18425.0,BALY,BALLYS CORP
23569.0,BAM,BROOKFIELD ASSET MANAGEMENT LTD
85259.0,BAM,BROOKFIELD ASSET MANAGEMENT INC
24235.0,BAMA,NORTHERN LIGHTS FUND TR IV
24232.0,BAMB,NORTHERN LIGHTS FUND TR IV
24229.0,BAMD,NORTHERN LIGHTS FUND TR IV
24230.0,BAMG,NORTHERN LIGHTS FUND TR IV
78050.0,BAMM,BOOKS A MILLION INC
24234.0,BAMO,NORTHERN LIGHTS FUND TR IV
21429.0,BAMR,BROOKFIELD ASSET MNG REIN PA LTD
24236.0,BAMU,NORTHERN LIGHTS FUND TR IV
24231.0,BAMV,NORTHERN LIGHTS FUND TR IV
24233.0,BAMY,NORTHERN LIGHTS FUND TR IV
89482.0,BANC,BANC OF CALIFORNIA INC
17106.0,BAND,BANDWIDTH INC
79072.0,BANF,BANCFIRST CORP
23777.0,BANL,C B L INTERNATIONAL LTD
82575.0,BANR,BANNER CORP
14302.0,BANX,STONECASTLE FINANCIAL CORP
14302.0,BANX,ARROWMARK FINANCIAL CORP
20573.0,BAOS,BAOSHENG MEDIA GROUP HLDGS LTD
82311.0,BAP,CREDICORP LTD
18522.0,BAPR,INNOVATOR E T F S TRUST
16861.0,BAR,GRANITESHARES GOLD TRUST
20238.0,BARK,BARK INC
91040.0,BAS,BASIC ENERGY SERVICES INC
21701.0,BASE,COUCHBASE INC
85526.0,BASI,BIOANALYTICAL SYSTEMS INC
91283.0,BATL,BATTALION OIL CORP
15996.0,BATRA,LIBERTY MEDIA CORP 3RD NEW
24022.0,BATRA,ATLANTA BRAVES HOLDINGS INC
15997.0,BATRK,LIBERTY MEDIA CORP 3RD NEW
24023.0,BATRK,ATLANTA BRAVES HOLDINGS INC
17915.0,BATT,AMPLIFY ETF TRUST
18891.0,BAUG,INNOVATOR E T F S TRUST
27887.0,BAX,BAXTER INTERNATIONAL INC
86745.0,BB,BLACKBERRY LTD
18291.0,BBAG,J P MORGAN E T F TRUST
21053.0,BBAI,BIGBEAR AI HOLDINGS INC
79895.0,BBAR,BANCO BBVA ARGENTINA SA
18028.0,BBAX,J P MORGAN E T F TRUST
24742.0,BBBI,BONDBLOXX ETF TRUST
24744.0,BBBL,BONDBLOXX ETF TRUST
24743.0,BBBS,BONDBLOXX ETF TRUST
77659.0,BBBY,BED BATH & BEYOND INC
15121.0,BBC,ETFIS SERIES TRUST I
18029.0,BBCA,J P MORGAN E T F TRUST
18290.0,BBCB,J P MORGAN E T F TRUST
85741.0,BBCN,BBCN BANCORP INC
16895.0,BBCP,CONCRETE PUMPING HOLDINGS INC
91834.0,BBDC,BARINGS B D C INC
13286.0,BBDO,BANCO BRADESCO S A
23906.0,BBEM,J P MORGAN E T F TRUST
91494.0,BBEP,BREITBURN ENERGY PARTNERS L P
17933.0,BBEU,J P MORGAN E T F TRUST
89051.0,BBF,BLACKROCK MUNI INCOME INVSTMT FD
90494.0,BBG,BILL BARRETT CORP
87589.0,BBGI,BEASLEY BROADCAST GROUP INC
13126.0,BBH,MARKET VECTORS E T F TRUST
13126.0,BBH,VANECK VECTORS E T F TRUST
13126.0,BBH,VANECK E T F TRUST
17521.0,BBHY,J P MORGAN E T F TRUST
79022.0,BBI,BRICKELL BIOTECH INC
23839.0,BBIB,J P MORGAN E T F TRUST
17826.0,BBIG,VINCO VENTURES INC
19105.0,BBIN,J P MORGAN E T F TRUST
18770.0,BBIO,BRIDGEBIO PHARMA INC
23909.0,BBIP,J P MORGAN E T F TRUST
17932.0,BBJP,J P MORGAN E T F TRUST
89361.0,BBK,BLACKROCK MUNI BOND TRUST
89760.0,BBL,B H P BILLITON PLC
89760.0,BBL,B H P GROUP PLC
23838.0,BBLB,J P MORGAN E T F TRUST
22185.0,BBLG,BONE BIOLOGICS CORP
22168.0,BBLN,BABYLON HOLDINGS LTD
23454.0,BBLU,E A SERIES TRUST
19346.0,BBMC,J P MORGAN E T F TRUST
78172.0,BBOX,BLACK BOX CORP DEL
15124.0,BBP,ETFIS SERIES TRUST I
84203.0,BBQ,BBQ HOLDINGS INC
13541.0,BBRC,E G A EMERGING GLOBAL SHARES TR
13541.0,BBRC,COLUMBIA E T F TRUST II
17934.0,BBRE,J P MORGAN E T F TRUST
12348.0,BBRG,BRAVO BRIO RESTAURANT GROUP INC
86745.0,BBRY,BLACKBERRY LTD
18443.0,BBSA,J P MORGAN E T F TRUST
23840.0,BBSB,J P MORGAN E T F TRUST
20086.0,BBSC,J P MORGAN E T F TRUST
79249.0,BBSI,BARRETT BUSINESS SERVICES INC
71563.0,BBT,B B & T CORP
16071.0,BBU,BROOKFIELD BUSINESS PARTNERS LP
22925.0,BBUC,BROOKFIELD BUSINESS CORP
18444.0,BBUS,J P MORGAN E T F TRUST
75381.0,BBVA,BANCO BILBAO VIZCAYA ARGENTARIA
90371.0,BBW,BUILD A BEAR WORKSHOP INC
64282.0,BBWI,BATH & BODY WORKS INC
16837.0,BBX,B B X CAPITAL CORP NEW
83239.0,BBX,B B X CAPITAL CORP
85914.0,BBY,BEST BUY COMPANY INC
10874.0,BC,BRUNSWICK CORP
90432.0,BCA,CORPBANCA
20280.0,BCAB,BIOATLA INC
16815.0,BCAC,BISON CAPITAL ACQUISTION CORP
20574.0,BCAC,BROOKLINE CAPITAL ACQ CORP
23882.0,BCAL,SOUTHERN CALIFORNIA BANCORP
23882.0,BCAL,CALIFORNIA BANCORP
23102.0,BCAN,B Y N D CANNASOFT ENTER INC
23102.0,BCAN,FEMTO TECHNOLOGIES INC
25549.0,BCAX,BICARA THERAPEUTICS INC
91015.0,BCBP,B C B BANCORP INC
13766.0,BCC,BOISE CASCADE CO
16606.0,BCD,E T F S TRUST
16606.0,BCD,ABERDEEN STD INVSTMENTS ETFS
16606.0,BCD,ABRDN ETFS
18894.0,BCDA,BIOCARDIA INC
23292.0,BCDF,LISTED FUNDS TRUST
29647.0,BCE,B C E INC
13116.0,BCEI,BONANZA CREEK ENERGY INC
18774.0,BCEL,ATRECA INC
24937.0,BCG,BINAH CAPITAL GROUP INC
89284.0,BCH,BANCO DE CHILE
24047.0,BCHP,PRINCIPAL EXCHANGE TRADED FUNDS
16605.0,BCI,E T F S TRUST
16605.0,BCI,ABERDEEN STD INVSTMENTS ETFS
16605.0,BCI,ABRDN ETFS
24885.0,BCIL,EXCHANGE LISTED FUNDS TRUST
21977.0,BCIM,ABRDN ETFS
14925.0,BCLI,BRAINSTORM CELL THERAPEUTICS INC
17800.0,BCML,BAYCOM CORP
17872.0,BCNA,REALITY SHARES E T F TR
18649.0,BCO,BRINKS CO
92314.0,BCOM,B COMMUNICATIONS LTD
86544.0,BCOR,BLUCORA INC
13260.0,BCOV,BRIGHTCOVE INC
18356.0,BCOW,1895 BANCORP OF WISCONSIN INC
18356.0,BCOW,1895 BANCORP OF WI INC NEW
10318.0,BCPC,BALCHEM CORP
46877.0,BCR,BARD C R INC
14298.0,BCRH,BLUE CAPITAL REINSUR HLDGS LTD
80306.0,BCRX,BIOCRYST PHARMACEUTICALS INC
69761.0,BCS,BARCLAYS PLC
18222.0,BCSF,BAIN CAPITAL SPECIALTY FIN INC
16378.0,BCTF,BANCORP 34 INC
19813.0,BCTG,B C T G ACQUISITION CORP
20575.0,BCTX,BRIACELL THERAPEUTICS CORP
20575.0,BCTX,BRIACELL THERAPEUTICS CORP NEW
24607.0,BCUS,EXCHANGE LISTED FUNDS TRUST
54973.0,BCV,BANCROFT FUND LTD
12593.0,BCX,BLACKROCK RESOUR & COMM STRAT TR
18647.0,BCYC,BICYCLE THERAPEUTICS PLC
15555.0,BDAT,FACTORSHARES TRUST
79668.0,BDC,BELDEN INC NEW
86092.0,BDE,BLACK DIAMOND INC
19104.0,BDEC,INNOVATOR E T F S TRUST
92716.0,BDGE,BRIDGE BANCORP INC
23932.0,BDGS,E A SERIES TRUST
25266.0,BDIV,E T F SERIES SOLUTIONS
90827.0,BDJ,BLACKROCK ENHANCED EQUITY DIV TR
54244.0,BDL,FLANIGANS ENTERPRISES INC
25711.0,BDMD,BAIRD MEDICAL INVESTMENT HLD LTD
85804.0,BDMS,BIRNER DENTAL MNGMT SVS INC
70121.0,BDN,BRANDYWINE REALTY TRUST
82768.0,BDR,BLONDER TONGUE LABORATORIES INC
15904.0,BDRX,BIODEXA PHARMACEUTICALS PLC
17377.0,BDRY,ETF MANAGERS GROUP COMMODITY TR
17377.0,BDRY,AMPLIFY COMMODITY TRUST
89445.0,BDSI,BIODELIVERY SCIENCES INTL INC
19948.0,BDSX,BIODESIX INC
19176.0,BDTX,BLACK DIAMOND THERAPEUTICS INC
23971.0,BDVG,LITMAN GREGORY FUNDS TRUST
39642.0,BDX,BECTON DICKINSON & CO
17949.0,BE,BLOOM ENERGY CORP
19228.0,BEAM,BEAM THERAPEUTICS INC
22281.0,BEAT,HEARTBEAM INC
92587.0,BEAT,BIOTELEMETRY INC
76138.0,BEAV,B E AEROSPACE INC
86150.0,BEBE,BEBE STORES INC
90353.0,BECN,BEACON ROOFING SUPPLY INC
21796.0,BECO,BLACKROCK E T F TRUST
16739.0,BEDU,BRIGHT SCHOLAR ED HLDGS LTD
20904.0,BEDZ,ADVISORSHARES TRUST
18553.0,BEEM,BEAM GLOBAL
21296.0,BEEP,MOBILE INFRASTRUCTURE CORP
25982.0,BEEX,TIDAL TRUST III
24499.0,BEEZ,E A SERIES TRUST
16607.0,BEF,E T F S TRUST
16607.0,BEF,ABERDEEN STD INVSTMENTS ETFS
19598.0,BEKE,K E HOLDINGS INC
88495.0,BEL,BELMOND LTD
17444.0,BELFA,BEL FUSE INC
86242.0,BELFB,BEL FUSE INC
25206.0,BELT,BLACKROCK E T F TRUST
23698.0,BEMB,ISHARES TRUST
17415.0,BEMO,E T F SERIES SOLUTIONS
37584.0,BEN,FRANKLIN RESOURCES INC
23997.0,BENF,BENEFICIENT
14009.0,BEP,BROOKFIELD RENEW ENERGY PTNRS LP
14009.0,BEP,BROOKFIELD RENEWABLE PARTNERS LP
19514.0,BEPC,BROOKFIELD RENEWABLE CORP
19514.0,BEPC,BROOKFIELD RENEWABLE CORP NEW
17434.0,BERN,EXCHANGE TRADED CONCEPTS TR
13604.0,BERY,BERRY PLASTICS GROUP INC
13604.0,BERY,BERRY GLOBAL GROUP INC
16940.0,BEST,BEST INC
24438.0,BETE,PROSHARES TRUST
24437.0,BETH,PROSHARES TRUST
15599.0,BETR,AMPLIFY SNACK BRANDS INC
21025.0,BETR,BETTER HOME & FINANCE HLDG CO
19444.0,BETZ,LISTED FUNDS TRUST
29938.0,BF,BROWN FORMAN CORP
29946.0,BF,BROWN FORMAN CORP
13739.0,BFAM,BRIGHT HORIZONS FAM SOL INC NEW
18191.0,BFC,BANK FIRST NATIONAL CORP
18191.0,BFC,BANK FIRST CORP
19223.0,BFEB,INNOVATOR E T F S TRUST
89002.0,BFH,BREAD FINANCIAL HOLDINGS INC
17369.0,BFI,BURGERFI INTERNATIONAL INC
90718.0,BFIN,BANKFINACIAL CORP
16055.0,BFIT,GLOBAL X FUNDS
22822.0,BFIX,BUILD FUNDS TRUST
89050.0,BFK,BLACKROCK MUN INCOME TR
19533.0,BFLY,BUTTERFLY NETWORK INC
89840.0,BFO,BLACKROCK FLA MUN 2020 TERM TR
13973.0,BFOR,ALPS E T F TRUST
79895.0,BFR,BBVA BANCO FRANCES SA
17311.0,BFRA,BIOFRONTERA AG
23716.0,BFRG,BULLFROG AI HOLDINGS INC
22186.0,BFRI,BIOFRONTERA INC
79558.0,BFS,SAUL CENTERS INC
17679.0,BFST,BUSINESS FIRST BANCSHARES INC
19891.0,BFT,FOLEY TRASIMENE ACQ CORP II
19868.0,BFTR,BLACKROCK E T F TRUST
89460.0,BFY,BLACKROCK N Y MUN INC TR II
89049.0,BFZ,BLACKROCK CALIF MUN INCOME TR
89138.0,BG,BUNGE LTD
89138.0,BG,BUNGE GLOBAL S A
13570.0,BGB,BLACKSTONE GSO STRATEGIC CR FUND
13570.0,BGB,BLACKSTONE STRATEGIC CREDIT FUND
13570.0,BGB,BLACKSTONE STR CR 2027 TERM FUND
84776.0,BGC,GENERAL CABLE CORP DEL NEW
87487.0,BGC,B G C GROUP INC
87487.0,BGCP,B G C PARTNERS INC
25909.0,BGDV,E T F SERIES SOLUTIONS
89413.0,BGFV,BIG 5 SPORTING GOODS CORP
17961.0,BGG,BRIGGS & STRATTON CORP
13601.0,BGH,BABSON CAP GLB SH DUR HI YLD FD
13601.0,BGH,BARINGS GLOBAL SH DUR HI YLD FD
90986.0,BGI,BIRKS GROUP INC
24197.0,BGIG,E T F SERIES SOLUTIONS
16576.0,BGIO,BLACKROCK 2022 GLOBAL INC OPP TR
24065.0,BGLC,BIONEXUS GENE LAB CORP
20361.0,BGLD,FIRST TRUST EXCHANGE TRADED FUND
20449.0,BGM,QILIAN INTERNTL HLDG GROUP LTD
15936.0,BGNE,BEIGENE LTD
90495.0,BGR,BLACKROCK ENERGY & RESOURCES TR
18266.0,BGRN,ISHARES TRUST
25207.0,BGRO,BLACKROCK E T F TRUST
20621.0,BGRY,BERKSHIRE GREY INC
91977.0,BGS,B & G FOODS INC NEW
14951.0,BGSF,B G STAFFING INC
14951.0,BGSF,B G S F INC
90302.0,BGT,BLACKROCK FLOATING RATE INC TR
12516.0,BGX,BLACKSTONE GSO LG SHT CR INC FD
12516.0,BGX,BLACKSTONE LG SHT CR INC FD
23065.0,BGXX,BRIGHT GREEN CORP
91978.0,BGY,BLACKROCK INTERNTL GRTH & INC TR
91978.0,BGY,BLACKROCK ENHANCED INTL DIV TR
17677.0,BH,BIGLARI HOLDINGS INC
26607.0,BH,BIGLARI HOLDINGS INC
15266.0,BHAC,BARINGTON HILCO ACQUISITION CORP
18831.0,BHAT,BLUE HAT INTERACTIVE ENTMT TECH
85332.0,BHB,BAR HARBOR BANKSHARES
14792.0,BHBK,BLUE HILLS BANCORP INC
80307.0,BHC,BAUSCH HEALTH COMPANIES INC
76224.0,BHE,BENCHMARK ELECTRONICS INC
16816.0,BHF,BRIGHTHOUSE FINANCIAL INC
21369.0,BHG,BRIGHT HEALTH GROUP INC
75034.0,BHGE,BAKER HUGHES INC NEW
75034.0,BHI,BAKER HUGHES INC
20552.0,BHIL,BENSON HILL INC
89221.0,BHK,BLACKROCK CORE BOND TRUST
92529.0,BHL,BLACKROCK DEFINED OPP CREDIT TR
88280.0,BHLB,BERKSHIRE HILLS BANCORP INC
23345.0,BHM,BLUEROCK HOMES TRUST INC
75039.0,BHP,B H P BILLITON LTD
75039.0,BHP,B H P GROUP LTD
14268.0,BHR,BRAEMAR HOTELS & RESORTS INC
23854.0,BHRB,BURKE & HERBERT FINANCIAL SERV C
25805.0,BHST,BIOHARVEST SCIENCES INC
17680.0,BHTG,BIOHITECH GLOBAL INC
89358.0,BHV,BLACKROCK VIRGINIA MUNI BD TR
16751.0,BHVN,BIOHAVEN PHARM HOLDING CO LTD
23395.0,BHVN,BIOHAVEN LTD
24386.0,BHYB,D B X ETF TRUST
23306.0,BIAF,BIOAFFINITY TECHNOLOGIES INC
93341.0,BIB,PROSHARES TRUST
17016.0,BIBL,NORTHERN LIGHTS FUND TR IV
93342.0,BICK,FIRST TRUST E T F II
75316.0,BID,SOTHEBYS
25837.0,BIDD,BLACKROCK E T F TRUST
21989.0,BIDS,AMPLIFY ETF TRUST
90857.0,BIDU,BAIDU INC
89363.0,BIE,BLACKROCK MUNI BOND INVESTMT TR
56653.0,BIF,BOULDER GROWTH & INCOME FUND INC
67467.0,BIG,BIG LOTS INC
19575.0,BIGC,BIGCOMMERCE HOLDINGS INC
15555.0,BIGD,E T F MANAGERS TRUST
21632.0,BIGY,E T F SERIES SOLUTIONS
25841.0,BIGY,TIDAL TRUST II
20674.0,BIGZ,BLACKROCK INNOVATION & GROWTH TR
20674.0,BIGZ,BLACKROCK INNOVATION & GR TM TR
76841.0,BIIB,BIOGEN INC
92148.0,BIK,SPDR INDEX SHARES FUNDS
17918.0,BIKR,E T F MANAGERS TRUST
92027.0,BIL,SPDR SERIES TRUST
24581.0,BILD,MACQUARIE E T F TRUST
17346.0,BILI,BILIBILI INC
19084.0,BILL,BILL COM HOLDINGS INC
19084.0,BILL,B I L L HOLDINGS INC
19790.0,BILS,SPDR SERIES TRUST
23976.0,BILZ,PIMCO E T F TRUST
12358.0,BIMI,N F ENERGY SAVING CORP
12358.0,BIMI,BOQI INTERNATIONAL MEDICAL INC
12358.0,BIMI,BIMI INTERNATIONAL MEDICAL INC
92949.0,BIN,PROGRESSIVE WASTE SOLUTIONS LTD
23893.0,BINC,BLACKROCK E T F TRUST II
14148.0,BIND,BIND THERAPEUTICS INC
24452.0,BINV,2023 E T F SERIES TRUST
61508.0,BIO,BIO RAD LABORATORIES INC
61516.0,BIO,BIO RAD LABORATORIES INC
13977.0,BIOA,BIOAMBER INC
25550.0,BIOA,BIOAGE LABS INC
14449.0,BIOC,BIOCEPT INC
92032.0,BIOD,BIODEL INC
78071.0,BIOL,BIOLASE INC
92213.0,BIOP,BIOPTIX INC
19486.0,BIOR,BIORA THERAPEUTICS INC
83883.0,BIOS,OPTION CARE HEALTH INC
83883.0,BIOS,BIOSCRIP INC
17381.0,BIOX,BIOCERES CROP SOLUTIONS CORP
92550.0,BIP,BROOKFIELD INFRASTRUC PARTNER LP
19284.0,BIPC,BROOKFIELD INFRASTRUCTURE CORP
19284.0,BIPC,BROOKFIELD INFRASTRUCT CORP NEW
22260.0,BIRD,ALLBIRDS INC
24463.0,BIRK,BIRKENSTOCK HOLDING PLC
93343.0,BIS,PROSHARES TRUST
13765.0,BIT,BLACKROCK MULTI SECTOR INCOME TR
12365.0,BITA,BITAUTO HOLDINGS LTD
24741.0,BITB,BITWISE BITCOIN E T F
23754.0,BITC,BITWISE FUNDS TRUST
21519.0,BITF,BITFARMS LTD
15412.0,BITI,BIOTIE THERAPIES CORP
23155.0,BITI,PROSHARES TRUST
22150.0,BITO,PROSHARES TRUST
21209.0,BITQ,EXCHANGE TRADED CONCEPTS TR
22283.0,BITS,GLOBAL X FUNDS
24998.0,BITU,PROSHARES TRUST
23992.0,BITX,VOLATILITY SHARES TRUST
91949.0,BIV,VANGUARD BOND INDEX FUNDS
19814.0,BIVI,BIOVIE INC
16544.0,BIVV,BIOVERATIV INC
13772.0,BIZD,MARKET VECTORS E T F TRUST
13772.0,BIZD,VANECK VECTORS E T F TRUST
13772.0,BIZD,VANECK E T F TRUST
17864.0,BJ,B J S WHOLESALE CLUB HLDGS INC
18346.0,BJAN,INNOVATOR E T F S TRUST
22284.0,BJDX,BLUEJAY DIAGNOSTICS INC
92537.0,BJK,MARKET VECTORS E T F TRUST
92537.0,BJK,VANECK VECTORS E T F TRUST
92537.0,BJK,VANECK E T F TRUST
84062.0,BJRI,BJS RESTAURANTS INC
18021.0,BJUL,INNOVATOR E T F S TRUST
18748.0,BJUN,INNOVATOR E T F S TRUST
89184.0,BJZ,BLACKROCK CALIF MUN 2018 TERM TR
49656.0,BK,BANK OF NEW YORK MELLON CORP
19328.0,BKAG,B N Y MELLON E T F TRUST
17829.0,BKC,EXCHANGE LISTED FUNDS TRUST
92090.0,BKCC,BLACKROCK CAPITAL INVT CORP
21702.0,BKCH,GLOBAL X FUNDS
22442.0,BKCI,B N Y MELLON E T F TRUST
90988.0,BKD,BROOKDALE SENIOR LIVING INC
25782.0,BKDV,B N Y MELLON E T F TRUST II
77584.0,BKE,BUCKLE INC
19325.0,BKEM,B N Y MELLON E T F TRUST
92206.0,BKEP,BLUEKNIGHT ENERGY PARTNERS L P
22446.0,BKES,B N Y MELLON E T F TRUST
92397.0,BKF,ISHARES INC
15339.0,BKFS,BLACK KNIGHT FINANCIAL SRVCS INC
23533.0,BKGI,B N Y MELLON E T F TRUST
61946.0,BKH,BLACK HILLS CORP
19330.0,BKHY,B N Y MELLON E T F TRUST
16917.0,BKI,BLACK KNIGHT INC
19324.0,BKIE,B N Y MELLON E T F TRUST
22444.0,BKIS,B N Y MELLON E T F TRUST
23933.0,BKIV,B N Y MELLON E T F TRUST
92692.0,BKJ,BANCORP OF NEW JERSEY INC
89839.0,BKK,BLACKROCK MUNICIPAL 2020 TERM TR
20179.0,BKKT,BAKKT HOLDINGS INC
19321.0,BKLC,B N Y MELLON E T F TRUST
12631.0,BKLN,POWERSHARES E T F TRUST II
12631.0,BKLN,INVESCO E T F TRUST II
19322.0,BKMC,B N Y MELLON E T F TRUST
88792.0,BKMU,BANK MUTUAL CORP NEW
78936.0,BKN,BLACKROCK INVEST QLTY MUNI TR IN
86783.0,BKNG,BOOKING HOLDINGS INC
75034.0,BKR,BAKER HUGHES CO
79667.0,BKS,BARNES & NOBLE INC
19329.0,BKSB,B N Y MELLON E T F TRUST
10781.0,BKSC,BANK SOUTH CAROLINA CORP
19323.0,BKSE,B N Y MELLON E T F TRUST
19114.0,BKSY,BLACKSKY TECHNOLOGY INC
75331.0,BKT,BLACKROCK INCOME TRUST INC
10779.0,BKTI,B K TECHNOLOGIES INC
10779.0,BKTI,B K TECHNOLOGIES CORP
12515.0,BKU,BANKUNITED INC
21797.0,BKUI,B N Y MELLON E T F TRUST
22443.0,BKUS,B N Y MELLON E T F TRUST
25441.0,BKV,B K V CORP
23934.0,BKWO,B N Y MELLON E T F TRUST
84757.0,BKYI,BIO KEY INTERNATIONAL INC
16381.0,BL,BLACKLINE INC
14543.0,BLBD,BLUE BIRD CORP
22286.0,BLBX,BLACKBOXSTOCKS INC
15125.0,BLCM,BELLICUM PHARMACEUTICALS INC
17257.0,BLCN,REALITY SHARES E T F TR
20066.0,BLCN,SIREN E T F TRUST
23071.0,BLCO,BAUSCH & LOMB CORP
24470.0,BLCR,BLACKROCK E T F TRUST
19548.0,BLCT,BLUECITY HOLDINGS LTD
23896.0,BLCV,BLACKROCK E T F TRUST
15397.0,BLD,TOPBUILD CORP
19071.0,BLDE,BLADE AIR MOBILITY INC
19750.0,BLDG,CAMBRIA E T F TRUST
82555.0,BLDP,BALLARD POWER SYSTEMS INC
90720.0,BLDR,BUILDERS FIRSTSOURCE INC
89459.0,BLE,BLACKROCK MUNICIPAL INCOME TR II
16584.0,BLES,NORTHERN LIGHTS FUND TR IV
76038.0,BLFS,BIOLIFE SOLUTIONS INC
21703.0,BLFY,BLUE FOUNDRY BANCORP
89183.0,BLH,BLACKROCK NY MUN 2018 TERM TR
16518.0,BLHY,VIRTUS E T F TR II
19504.0,BLI,BERKELEY LIGHTS INC
92091.0,BLIN,BRIDGELINE DIGITAL INC
89359.0,BLJ,BLACKROCK NEW JERSEY MUNI BD TR
87267.0,BLK,BLACKROCK INC
87267.0,BLK,BLACKROCK INC NEW
90276.0,BLKB,BLACKBAUD INC
22129.0,BLKC,INVESCO E T F TRUST II
57568.0,BLL,BALL CORP
23400.0,BLLD,J P MORGAN E T F TRUST
13548.0,BLMN,BLOOMIN BRANDS INC
13037.0,BLMT,B S B BANCORP INC MD
25328.0,BLMZ,BLOOMZ INC
21624.0,BLND,BLEND LABS INC
17313.0,BLNK,BLINK CHARGING CO
17230.0,BLOK,AMPLIFY ETF TRUST
13342.0,BLOX,INFOBLOX INC
15218.0,BLPH,BELLEROPHON THERAPEUTICS INC
12912.0,BLRX,BIOLINERX LTD
65154.0,BLT,BLOUNT INTERNATIONAL INC NEW
23010.0,BLTE,BELITE BIO INC
89833.0,BLU,BELLUS HEALTH INC
13947.0,BLUE,BLUEBIRD BIO INC
91948.0,BLV,VANGUARD BOND INDEX FUNDS
15832.0,BLVD,BOULEVARD ACQUISITION CORP II
89777.0,BLW,BLACKROCK LTD DURATION INCOME TR
77920.0,BLX,BANCO LATINOAMERICANO DE CO EX S
22287.0,BLZE,BACKBLAZE INC
91133.0,BMA,BANCO MACRO S A
19294.0,BMAR,INNOVATOR E T F S TRUST
19382.0,BMAY,INNOVATOR E T F S TRUST
20471.0,BMBL,BUMBLE INC
14106.0,BMCH,B M C STOCK HLDGS INC
25210.0,BMDL,VICTORY PORTFOLIOS II
90607.0,BME,BLACKROCK HEALTH SCIENCES TRUST
21027.0,BMEA,BIOMEA FUSION INC
19870.0,BMED,BLACKROCK E T F TRUST
53110.0,BMI,BADGER METER INC
16056.0,BMLA,RECON CAPITAL SERIES TRUST
23460.0,BMN,BLACKROCK 2037 MUNI TAR TERM TR
81284.0,BMO,BANK MONTREAL QUE
23717.0,BMR,BEAMR IMAGING LTD
55862.0,BMRA,BIOMERICA INC
87476.0,BMRC,BANK OF MARIN BANCORP
87056.0,BMRN,BIOMARIN PHARMACEUTICAL INC
43772.0,BMS,BEMIS CO INC
86124.0,BMTC,BRYN MAWR BANK CORP
18086.0,BMTX,B M TECHNOLOGIES INC
89748.0,BMVP,INVESCO E T F TRUST
19393.0,BMY,BRISTOL MYERS SQUIBB CO
85259.0,BN,BROOKFIELD CORP
21034.0,BNAI,BRAND ENGAGEMENT NETWORK INC
92195.0,BNCL,BENEFICIAL BANCORP INC
89821.0,BNCN,B N C BANCORP
91952.0,BND,VANGUARD BOND INDEX FUNDS
16481.0,BNDC,FLEXSHARES TRUST
22035.0,BNDD,KRANESHARES TRUST
23295.0,BNDI,S H P E T F TRUST
23295.0,BNDI,NEOS ETF TRUST
92023.0,BNDS,SPDR SERIES TRUST
18101.0,BNDW,VANGUARD SCOTTSDALE FUNDS
13948.0,BNDX,VANGUARD CHARLOTTE FUNDS
20214.0,BNE,E T F SERIES SOLUTIONS
15489.0,BNED,BARNES & NOBLE EDUCATION INC
14149.0,BNFT,BENEFITFOCUS INC
22716.0,BNGE,FIRST TRUST E T F VI
18102.0,BNGO,BIONANO GENOMICS INC
89052.0,BNJ,BLACKROCK N J MUN INCOME TR
14849.0,BNK,C 1 FINANCIAL INC
19658.0,BNL,BROADSTONE NET LEASE INC
21887.0,BNMV,BITNILE METAVERSE INC
19055.0,BNOV,INNOVATOR E T F S TRUST
22530.0,BNOX,BIONOMICS LTD
19464.0,BNR,BURNING ROCK BIOTECH LTD
21429.0,BNRE,BROOKFIELD REINSURANCE LTD
24497.0,BNRE,BROOKFIELD REINSURANCE LTD
23103.0,BNRG,BRENMILLER ENERGY LTD
89428.0,BNS,BANK OF NOVA SCOTIA
78705.0,BNSO,BONSO ELECTRONICS INTL INC
21429.0,BNT,BROOKFIELD WEALTH SOLUTIONS LTD
15631.0,BNTC,BENITEC BIOPHARMA INC
19665.0,BNTC,BENITEC BIOPHARMA LTD
19001.0,BNTX,BIONTECH SE
89053.0,BNY,BLACKROCK N Y MUN INCOME TR
20638.0,BNZI,BANZAI INTERNATIONAL INC
20270.0,BOAC,BLUESCAPE OPPORTUNITIES ACQ CORP
20907.0,BOAS,B O A ACQUISITION CORP
21817.0,BOAT,TIDAL E T F TRUST
20350.0,BOB,ALPHA ARCHITECT ETF TRUST
18570.0,BOBE,BOB EVANS FARMS INC
16779.0,BOC,BOSTON OMAHA CORP
90221.0,BOCH,BANK OF COMMERCE HOLDINGS
22632.0,BOCN,BLUE OCEAN ACQUISITION CORP
18165.0,BOCT,INNOVATOR E T F S TRUST
20365.0,BODI,BEACHBODY CO INC
20365.0,BODY,BEACHBODY CO INC
90675.0,BOE,BLACKROCK GLOBAL OPP EQUITY TR
90675.0,BOE,BLACKROCK ENHANCED GLOBAL DIV TR
23998.0,BOF,BRANCHOUT FOOD INC
90634.0,BOFI,B OF I HOLDING INC
16548.0,BOH,BANK OF HAWAII CORP
13032.0,BOIL,PROSHARES TRUST II
15363.0,BOJA,BOJANGLES INC
76892.0,BOKF,B O K FINANCIAL CORP
16162.0,BOLD,AUDENTES THERAPEUTICS INC
24938.0,BOLD,BOUNDLESS BIO INC
20578.0,BOLT,BOLT BIOTHERAPEUTICS INC
16779.0,BOMN,BOSTON OMAHA CORP
21520.0,BON,BON NATURAL LIFE LTD
13300.0,BOND,PIMCO E T F TRUST
76847.0,BONT,BON TON STORES INC
33823.0,BOOM,DYNAMIC MATERIALS CORP
33823.0,BOOM,D M C GLOBAL INC
17295.0,BOON,E T F SERIES SOLUTIONS
14953.0,BOOT,BOOT BARN HOLDINGS INC
93406.0,BORN,CHINA NEW BORUN CORP
18827.0,BORR,BORR DRILLING LTD
83486.0,BOSC,B O S BETTER ONLINE SOLNS LTD
17453.0,BOSS,GLOBAL X FUNDS
57913.0,BOTA,BIOTA PHARMACEUTICALS INC
13198.0,BOTJ,BANK OF JAMES FINL GROUP INC
25014.0,BOTT,THEMES E T F TRUST
16283.0,BOTZ,GLOBAL X FUNDS
18079.0,BOUT,INNOVATOR E T F S TRUST
25045.0,BOW,BOWHEAD SPECIALTY HOLDINGS INC
20998.0,BOWL,BOWLERO CORP
19950.0,BOWX,BOWX ACQUISITION CORP
15145.0,BOX,BOX INC
25905.0,BOXA,E A SERIES TRUST
13172.0,BOXC,BROOKFIELD CA OFFICE PROPERTIES
20631.0,BOXD,BOXED INC
17107.0,BOXL,BOXLIGHT CORP
23574.0,BOXX,E A SERIES TRUST
29890.0,BP,B P PLC
23278.0,BPAY,BLACKROCK E T F TRUST
80223.0,BPFH,BOSTON PRIVATE FINL HLDGS INC
92902.0,BPI,BRIDGEPOINT EDUCATION INC
89182.0,BPK,BLACKROCK MUN 2018 TERM TR
70420.0,BPL,BUCKEYE PARTNERS L P
15284.0,BPMC,BLUEPRINT MEDICINES CORP
17002.0,BPMP,B P MIDSTREAM PARTNERS LP
15443.0,BPMX,BIOPHARMX CORP
16505.0,BPOP,POPULAR INC
79129.0,BPR,BROOKFIELD PROPERTY REIT INC
16853.0,BPRN,BANK OF PRINCETON
16853.0,BPRN,PRINCETON BANCORP INC
75622.0,BPT,B P PRUDHOE BAY ROYALTY TRUST
14536.0,BPTH,BIO PATH HOLDINGS INC
20579.0,BPTS,BIOPHYTIS S A
13823.0,BPY,BROOKFIELD PROPERTY PARTNERS LP
79129.0,BPYU,BROOKFIELD PROPERTY REIT INC
19744.0,BQ,BOQII HOLDING LTD
89365.0,BQH,BLACKROCK NY MUNI BOND TRUST
91849.0,BR,BROADRIDGE FINANCIAL SOLUTNS INC
16975.0,BRAC,BLACK RIDGE ACQUISITION CORP
21830.0,BRAG,BRAGG GAMING GROUP INC
11648.0,BRAQ,GLOBAL X FUNDS
24151.0,BRAZ,GLOBAL X FUNDS
93417.0,BRAZ,GLOBAL X FUNDS
18967.0,BRBR,BELLRING BRANDS INC
22812.0,BRBR,BELLRING BRANDS INC NEW
19085.0,BRBS,BLUE RIDGE BANKSHARES INC
18973.0,BRC,BRADY CORP
22811.0,BRCC,B R C INC
86881.0,BRCD,BROCADE COMMUNICATIONS SYS INC
13038.0,BRCN,BURCON NUTRASCIENCE CORP
21598.0,BRDG,BRIDGE INVESTMENT GP HLDGS INC
22356.0,BRDS,BIRD GLOBAL INC
23664.0,BREA,BRERA HOLDINGS PLC
82176.0,BREW,CRAFT BREW ALLIANCE INC
92929.0,BRF,MARKET VECTORS E T F TRUST
92929.0,BRF,VANECK VECTORS E T F TRUST
92929.0,BRF,VANECK E T F TRUST
22634.0,BRFH,BARFRESH FOOD GROUP INC
88673.0,BRFS,B R F S A
14500.0,BRG,BLUEROCK RESIDENTIAL GR REIT INC
17433.0,BRGL,EXCHANGE TRADED CONCEPTS TR
25211.0,BRHY,BLACKROCK E T F TRUST II
19271.0,BRID,BRIDGFORD FOODS CORP
25959.0,BRIF,NEOS ETF TRUST
17778.0,BRK,BERKSHIRE HATHAWAY INC DEL
83443.0,BRK,BERKSHIRE HATHAWAY INC DEL
25983.0,BRKD,DIREXION SHARES E T F TRUST
85860.0,BRKL,BROOKLINE BANCORP INC
88504.0,BRKR,BRUKER CORP
81241.0,BRKS,BROOKS AUTOMATION INC
25984.0,BRKU,DIREXION SHARES E T F TRUST
23138.0,BRKY,DIREXION SHARES E T F TRUST
19549.0,BRLI,BRILLIANT ACQUISITION CORP
23459.0,BRLN,BLACKROCK E T F TRUST II
22224.0,BRLS,BOREALIS FOODS INC
21916.0,BRLT,BRILLIANT EARTH GROUP INC
19033.0,BRMK,BROADMARK REALTY CAPITAL INC
42358.0,BRN,BARNWELL INDUSTRIES INC
21111.0,BRNS,BARNINTHUS BIOTHERAPEUTICS PLC
23436.0,BRNY,E A SERIES TRUST
63467.0,BRO,BROWN & BROWN INC
17978.0,BROG,BROOGE HOLDINGS LTD
17978.0,BROG,BROOGE ENERGY LTD
21890.0,BROS,DUTCH BROS INC
19002.0,BRP,B R P GROUP INC
17134.0,BRPA,BIG ROCK PARTNERS ACQ CORP
21028.0,BRPM,B RILEY PRINCIPAL 150 MERGER
15791.0,BRQS,BORQS TECHNOLOGIES INC
24696.0,BRRR,COINSHARES VALKYRIE BITCOIN FUND
59089.0,BRS,BRISTOW GROUP INC
23313.0,BRSH,BRUUSH ORAL CARE INC
17287.0,BRSP,BRIGHTSPIRE CAPITAL INC
13903.0,BRSS,GLOBAL BRASS & COPPER HLDGS INC
56856.0,BRT,B R T REALTY TRUST
56856.0,BRT,B R T APARTMENTS CORP
24640.0,BRTR,BLACKROCK E T F TRUST II
22289.0,BRTX,BIORESTORATIVE THERAPIES INC
77460.0,BRW,SABA CAPITAL INCOME & OPP FD
14181.0,BRX,BRIXMOR PROPERTY GROUP INC
17956.0,BRY,BERRY PETROLEUM CORP
17956.0,BRY,BERRY CORP
22267.0,BRZE,BRAZE INC
13834.0,BRZU,DIREXION SHARES E T F TRUST
84386.0,BSAC,BANCO SANTANDER CHILE NEW
18173.0,BSAE,INVESCO ET SELF INDEX FD TR
18170.0,BSBE,INVESCO ET SELF INDEX FD TR
19185.0,BSBK,BOGOTA FINANCIAL CORP
93054.0,BSBR,BANCO SANTANDER BRASIL S A
18169.0,BSCE,INVESCO ET SELF INDEX FD TR
93408.0,BSCG,CLAYMORE E T F TRUST
93407.0,BSCH,CLAYMORE E T F TRUST
13289.0,BSCI,CLAYMORE E T F TRUST
13288.0,BSCJ,CLAYMORE E T F TRUST
17757.0,BSCJ,INVESCO ET SELF INDEX FD TR
13287.0,BSCK,CLAYMORE E T F TRUST
17759.0,BSCK,INVESCO ET SELF INDEX FD TR
14014.0,BSCL,CLAYMORE E T F TRUST
17761.0,BSCL,INVESCO ET SELF INDEX FD TR
14013.0,BSCM,CLAYMORE E T F TRUST
17776.0,BSCM,INVESCO ET SELF INDEX FD TR
14896.0,BSCN,CLAYMORE E T F TRUST
17774.0,BSCN,INVESCO ET SELF INDEX FD TR
14895.0,BSCO,CLAYMORE E T F TRUST
17772.0,BSCO,INVESCO ET SELF INDEX FD TR
15717.0,BSCP,CLAYMORE E T F TRUST
17768.0,BSCP,INVESCO ET SELF INDEX FD TR
16314.0,BSCQ,CLAYMORE E T F TRUST
17766.0,BSCQ,INVESCO ET SELF INDEX FD TR
16941.0,BSCR,CLAYMORE E T F TRUST
17765.0,BSCR,INVESCO ET SELF INDEX FD TR
18027.0,BSCS,INVESCO ET SELF INDEX FD TR
18931.0,BSCT,INVESCO ET SELF INDEX FD TR
19815.0,BSCU,INVESCO ET SELF INDEX FD TR
21917.0,BSCV,INVESCO ET SELF INDEX FD TR
23401.0,BSCW,INVESCO ET SELF INDEX FD TR
24253.0,BSCX,INVESCO ET SELF INDEX FD TR
25212.0,BSCY,INVESCO ET SELF INDEX FD TR
87133.0,BSD,BLACKROCK STRATEGIC MUNICIPAL TR
18168.0,BSDE,INVESCO ET SELF INDEX FD TR
89537.0,BSE,BLACKROCK NY MUNI INC QUALITY TR
22002.0,BSEA,E T F MANAGERS TRUST
18930.0,BSEP,INNOVATOR E T F S TRUST
17137.0,BSET,BASSETT FURNITURE INDUSTRIES INC
83504.0,BSF,BEAR STATE FINANCIAL INC
22290.0,BSFC,BLUE STAR FOODS CORP
93428.0,BSFT,BROADSOFT INC
21704.0,BSGA,BLUE SAFARI GROUP ACQ CORP
18103.0,BSGM,BIOSIG TECHNOLOGIES INC
83817.0,BSI,ALON BLUE SQUARE ISRAEL LTD
14985.0,BSIG,BRIGHTSPHERE INVESTMENT GRP PLC
14985.0,BSIG,BRIGHTSPHERE INVESTMENT GRP INC
13335.0,BSJG,CLAYMORE E T F TRUST
13334.0,BSJH,CLAYMORE E T F TRUST
13333.0,BSJI,CLAYMORE E T F TRUST
14130.0,BSJJ,CLAYMORE E T F TRUST
17758.0,BSJJ,INVESCO ET SELF INDEX FD TR
14129.0,BSJK,CLAYMORE E T F TRUST
17760.0,BSJK,INVESCO ET SELF INDEX FD TR
14894.0,BSJL,CLAYMORE E T F TRUST
17767.0,BSJL,INVESCO ET SELF INDEX FD TR
14893.0,BSJM,CLAYMORE E T F TRUST
17775.0,BSJM,INVESCO ET SELF INDEX FD TR
15716.0,BSJN,CLAYMORE E T F TRUST
17773.0,BSJN,INVESCO ET SELF INDEX FD TR
16315.0,BSJO,CLAYMORE E T F TRUST
17771.0,BSJO,INVESCO ET SELF INDEX FD TR
16944.0,BSJP,CLAYMORE E T F TRUST
17845.0,BSJP,INVESCO ET SELF INDEX FD TR
18026.0,BSJQ,INVESCO ET SELF INDEX FD TR
18932.0,BSJR,INVESCO ET SELF INDEX FD TR
19816.0,BSJS,INVESCO ET SELF INDEX FD TR
21918.0,BSJT,INVESCO ET SELF INDEX FD TR
23402.0,BSJU,INVESCO ET SELF INDEX FD TR
24254.0,BSJV,INVESCO ET SELF INDEX FD TR
25213.0,BSJW,INVESCO ET SELF INDEX FD TR
93370.0,BSL,BLACKSTONE GSO SR FLTG RT TRM FD
93370.0,BSL,BLACKSTONE SR FLTG RT TRM FD
93370.0,BSL,BLACKSTONE SR FLTG RT 2027 TM FD
21298.0,BSLK,BOLT PROJECTS HOLDINGS INC
15340.0,BSM,BLACK STONE MINERALS LP
24451.0,BSMC,2023 E T F SERIES TRUST
18942.0,BSML,INVESCO ET SELF INDEX FD TR
18943.0,BSMM,INVESCO ET SELF INDEX FD TR
18944.0,BSMN,INVESCO ET SELF INDEX FD TR
18945.0,BSMO,INVESCO ET SELF INDEX FD TR
18946.0,BSMP,INVESCO ET SELF INDEX FD TR
18947.0,BSMQ,INVESCO ET SELF INDEX FD TR
18950.0,BSMR,INVESCO ET SELF INDEX FD TR
18951.0,BSMS,INVESCO ET SELF INDEX FD TR
18952.0,BSMT,INVESCO ET SELF INDEX FD TR
19817.0,BSMU,INVESCO ET SELF INDEX FD TR
21919.0,BSMV,INVESCO ET SELF INDEX FD TR
23780.0,BSMW,INVESCO ET SELF INDEX FD TR
13576.0,BSMX,GROUPO FIN SANT MEX SAB DE CV
13576.0,BSMX,BANCO SANTANDER MEXICO S A
25551.0,BSMY,INVESCO ET SELF INDEX FD TR
20119.0,BSN,BROADSTONE ACQUISITION CORP
93344.0,BSPM,BIOSTAR PHARMACEUTICALS INC
87302.0,BSQR,BSQUARE CORP
23842.0,BSR,NORTHERN LIGHTS FUND TR II
87014.0,BSRR,SIERRA BANCORP
24255.0,BSSX,INVESCO ET SELF INDEX FD TR
77208.0,BSTC,BIOSPECIFICS TECHNOLOGIES CORP
14253.0,BSTG,BIOSTAGE INC
16940.0,BSTI,BEST INC
22941.0,BSTP,INNOVATOR E T F S TRUST
91950.0,BSV,VANGUARD BOND INDEX FUNDS
18106.0,BSVN,BANK7 CORP
23781.0,BSVO,E A SERIES TRUST
77605.0,BSX,BOSTON SCIENTIFIC CORP
19818.0,BSY,BENTLEY SYSTEMS INC
66835.0,BT,B T GROUP PLC
91106.0,BTA,BLACKROCK LONG TERM MUNI ADV TR
17349.0,BTAI,BIOXCEL THERAPEUTICS INC
12991.0,BTAL,F Q F TRUST
12991.0,BTAL,A G F INVESTMENTS TRUST
19951.0,BTAQ,BURGUNDY TECHNOLOGY ACQ CORP
15423.0,BTB,BIT BROTHER LTD
22291.0,BTBD,B T BRANDS INC
17354.0,BTBT,BIT DIGITAL INC
25288.0,BTC,GRAYSCALE BITCOIN MINI TR E T F
25699.0,BTCI,NEOS ETF TRUST
25323.0,BTCL,WORLD FUNDS TRUST
14280.0,BTCM,B I T MINING LTD
24779.0,BTCO,INVESCO GALAXY BITCOIN ETF
22165.0,BTCR,VOLT ETF TRUST
21920.0,BTCS,B T C S INC
19314.0,BTCT,BTC DIGITAL LTD
24805.0,BTCW,WISDOMTREE BITCOIN FUND
21831.0,BTCY,BIOTRICITY INC
25322.0,BTCZ,WORLD FUNDS TRUST
23856.0,BTDR,BITDEER TECHNOLOGIES GROUP
91135.0,BTE,BAYTEX ENERGY CORP
16251.0,BTEC,PRINCIPAL EXCHANGE TRADED FUNDS
19869.0,BTEK,BLACKROCK E T F TRUST
22191.0,BTF,VALKYRIE E T F TRUST II
24864.0,BTFX,VALKYRIE E T F TRUST II
13978.0,BTG,B2GOLD CORP
25713.0,BTGD,TIDAL TRUST II
22441.0,BTHM,BLACKROCK E T F TRUST
59504.0,BTI,BRITISH AMERICAN TOBACCO PLC
23031.0,BTM,BITCOIN DEPOT INC
21061.0,BTMD,BIOTE CORP
82234.0,BTN,BALLANTYNE STRONG INC
80784.0,BTO,HANCOCK JOHN FINANCIAL OPPTS FD
25050.0,BTOC,ARMLOGI HOLDING CORP
18901.0,BTOG,BIT ORIGIN LTD
24383.0,BTOP,BITWISE FUNDS TRUST
23845.0,BTR,NORTHERN LIGHTS FUND TR II
24891.0,BTRN,GLOBAL X FUNDS
18852.0,BTRS,B T R S HOLDINGS INC
24688.0,BTSG,BRIGHTSPRING HEALTH SERVICES INC
13539.0,BTT,BLACKROCK MUNICIPAL TARGET TM TR
13539.0,BTT,BLACKROCK MUNI 2030 TARGET TM TR
21368.0,BTTR,BETTER CHOICE CO INC
20844.0,BTTX,BETTER THERAPEUTICS INC
16689.0,BTU,PEABODY ENERGY CORP NEW
88991.0,BTU,PEABODY ENERGY CORP
76963.0,BTX,BROOKLYN IMMUNOTHERAPEUTICS INC
77393.0,BTX,BIOTIME INC
91629.0,BTZ,BLACKROCK CREDIT ALLOC INC TR
23489.0,BUCK,SIMPLIFY EXCHANGE TRADED FUNDS
93013.0,BUD,ANHEUSER BUSCH INBEV SA NV
22026.0,BUDX,INVESTMENT MANAGERS SERIES TR II
22854.0,BUFB,INNOVATOR E T F S TRUST
24641.0,BUFC,A B ACTIVE ETFS INC
20364.0,BUFD,FIRST TRUST E T F VIII
15494.0,BUFF,BLUE BUFFALO PET PRODUCTS INC
17422.0,BUFF,INNOVATOR ETF TRUST II
22123.0,BUFF,INNOVATOR E T F S TRUST
22113.0,BUFG,FIRST TRUST E T F VIII
25985.0,BUFI,A B ACTIVE ETFS INC
25986.0,BUFM,A B ACTIVE ETFS INC
25189.0,BUFP,P G I M ROCK ETF TRUST
23139.0,BUFQ,FIRST TRUST E T F VIII
19591.0,BUFR,FIRST TRUST E T F VIII
25083.0,BUFS,FIRST TRUST E T F VIII
22110.0,BUFT,FIRST TRUST E T F VIII
25459.0,BUFY,FIRST TRUST E T F VIII
24393.0,BUFZ,FIRST TRUST E T F VIII
19003.0,BUG,GLOBAL X FUNDS
18712.0,BUL,PACER FUNDS TRUST
23104.0,BULD,PACER FUNDS TRUST
13038.0,BUR,BURCON NUTRASCIENCE CORP
19927.0,BUR,BURFORD CAPITAL LTD
13455.0,BURG,CHANTICLEER HOLDINGS INC
14182.0,BURL,BURLINGTON STORES INC
19920.0,BURU,NUBURU INC
24453.0,BUSA,2023 E T F SERIES TRUST
86382.0,BUSE,FIRST BUSEY CORP
24103.0,BUXX,E A SERIES TRUST
17194.0,BUY,U S C F ETF TRUST
17197.0,BUYN,U S C F ETF TRUST
25691.0,BUYO,KRANESHARES TRUST
23382.0,BUYW,NORTHERN LIGHTS FUND TR IV
19219.0,BUYZ,FRANKLIN TEMPLETON E T F TRUST
16023.0,BUZ,ALPS E T F TRUST
20735.0,BUZZ,VANECK E T F TRUST
13261.0,BV,BAZAARVOICE INC
17867.0,BV,BRIGHTVIEW HOLDINGS INC
90964.0,BVA,CORDIA BANCORP INC
16757.0,BVAL,E T F SERIES SOLUTIONS
24091.0,BVFL,BV FINANCIAL INC
16837.0,BVH,BLUEGREEN VACATIONS HOLDING CORP
83445.0,BVN,COMPANIA DE MINAS BV SA
20581.0,BVS,BIOVENTUS INC
83630.0,BVSN,BROADVISION INC
89891.0,BVX,BOVIE MEDICAL CORP
15364.0,BVXV,BIONDVAX PHARMACEUTICALS LTD
15396.0,BW,BABCOCK & WILCOX ENTERPRISES INC
79545.0,BWA,BORGWARNER INC
22889.0,BWAQ,BLUE WORLD ACQUISITION CORP
18547.0,BWAY,BRAINSWAY LTD
17350.0,BWB,BRIDGEWATER BANCSHARES INC
23458.0,BWEB,BITWISE FUNDS TRUST
92917.0,BWEN,BROADWIND ENERGY INC
92917.0,BWEN,BROADWIND INC
23897.0,BWET,ETF MANAGERS GROUP COMMODITY TR
23897.0,BWET,AMPLIFY COMMODITY TRUST
14650.0,BWFG,BANKWELL FINANCIAL GROUP INC
13296.0,BWG,LEGG MASON BW GLB INC OPP FD INC
13296.0,BWG,BRANDYWINEGLOBAL GL IN OP FD INC
19002.0,BWIN,BALDWIN INSURANCE GROUP INC
16417.0,BWINA,BALDWIN & LYONS INC
10239.0,BWINB,BALDWIN & LYONS INC
60898.0,BWL,BOWL AMERICA INC
89904.0,BWLD,BUFFALO WILD WINGS INC
25011.0,BWLP,BW LPG LTD
18357.0,BWMC,BOXWOOD MERGER CORP
21271.0,BWMN,BOWMAN CONSULTING GROUP LTD
19309.0,BWMX,BETTERWARE DE MEXICO SAB DE CV
19309.0,BWMX,BETTERWARE DE MEXICO SAPI DE CV
90987.0,BWP,BOARDWALK PIPELINE PARTNERS LP
10866.0,BWS,BROWN SHOE CO INC NEW
24546.0,BWTG,E T F OPPORTUNITIES TRUST
22767.0,BWV,BLUE WATER VACCINES INC
92360.0,BWX,SPDR SERIES TRUST
10220.0,BWXT,B W X TECHNOLOGIES INC
92885.0,BWZ,SPDR SERIES TRUST
92108.0,BX,BLACKSTONE GROUP LP
92108.0,BX,BLACKSTONE GROUP INC
92108.0,BX,BLACKSTONE INC
90496.0,BXC,BLUELINX HOLDINGS INC
13569.0,BXE,BELLATRIX EXPLORATION LTD
17047.0,BXG,BLUEGREEN VACATIONS CORP
15401.0,BXLT,BAXALTA INC
62156.0,BXMT,BLACKSTONE MORTGAGE TRUST INC
90389.0,BXMX,NUVEEN S P 500 BUY WRITE INC FD
85058.0,BXP,BOSTON PROPERTIES INC
85058.0,BXP,BXP INC
19034.0,BXRX,BAUDAX BIO INC
85789.0,BXS,BANCORPSOUTH INC
85789.0,BXS,BANCORPSOUTH BANK
22098.0,BXSL,BLACKSTONE SECURED LENDING FUND
16756.0,BY,BYLINE BANCORP INC
80517.0,BYBK,BAY BANCORP INC
79758.0,BYD,BOYD GAMING CORP
82812.0,BYFC,BROADWAY FINANCIAL CORP DEL
14571.0,BYLD,ISHARES TRUST
14303.0,BYLK,BAYLAKE CORP
89534.0,BYM,BLACKROCK INSURED MUN INC TR
22923.0,BYN,BANYAN ACQUISITION CORP
18572.0,BYND,BEYOND MEAT INC
18653.0,BYOB,TIDAL E T F TRUST
89394.0,BYON,BEYOND INC
23090.0,BYRE,PRINCIPAL EXCHANGE TRADED FUNDS
21272.0,BYRN,BYRNA TECHNOLOGIES INC
16626.0,BYSI,BEYONDSPRING INC
22137.0,BYTE,LISTED FUNDS TRUST
21273.0,BYTS,B Y T E ACQUISITION CORP
14093.0,BYU,BAIYU HOLDINGS INC
21525.0,BZ,KANZHUN LTD
61209.0,BZC,BREEZE EASTERN CORP
92677.0,BZF,WISDOMTREE TRUST
20787.0,BZFD,BUZZFEED INC
80193.0,BZH,BEAZER HOMES USA INC
89364.0,BZM,BLACKROCK MARYLAND MUNI BD TR
92955.0,BZQ,PROSHARES TRUST
15365.0,BZUN,BAOZUN INC
70519.0,C,CITIGROUP INC
24642.0,CA,D B X ETF TRUST
25778.0,CA,C A INC
72696.0,CAA,CALATLANTIC GROUP INC
24844.0,CAAA,FIRST TRUST E T F IV
17310.0,CAAP,CORPORACION AMERICA AIRPORTS S A
90313.0,CAAS,CHINA AUTOMOTIVE SYSTEMS INC
90200.0,CAB,CABELAS INC
19004.0,CABA,CABALETTA BIO INC
15395.0,CABO,CABLE ONE INC
85418.0,CAC,CAMDEN NATIONAL CORP
80112.0,CACB,CASCADE BANCORP
77660.0,CACC,CREDIT ACCEPTANCE CORP
16701.0,CACG,LEGG MASON ETF INVESTMENT TR
20512.0,CACI,CACI INTERNATIONAL INC
23613.0,CACO,CARAVELLE INTERNATIONAL GROUP
14304.0,CACQ,CAESARS ACQUISITION CO
93126.0,CADC,CHINA ADVANCED CONST MAT GRP INC
93126.0,CADC,CHINA ADV CONST MAT GRP INC NEW
16654.0,CADE,CADENCE BANCORP
85789.0,CADE,CADENCE BANK
21705.0,CADL,CANDEL THERAPEUTICS INC
14994.0,CADT,DT ASIA INVESTMENTS LTD
89462.0,CAE,C A E INC
91456.0,CAF,MORGAN STANLEY CHINA A SHARE FD
15415.0,CAFD,8POINT3 ENERGY PARTNERS LP
23935.0,CAFG,PACER FUNDS TRUST
25491.0,CAFX,PROFESSIONALLY MANAGED PORTFOLIO
56274.0,CAG,CONAGRA INC
56274.0,CAG,CONAGRA BRANDS INC
21371.0,CAH,CARDINAL HEALTH INC
91979.0,CAI,C A I INTERNATIONAL INC
21152.0,CAJ,CANON INC
77902.0,CAKE,CHEESECAKE FACTORY INC
10866.0,CAL,CALERES INC
14995.0,CALA,CALITHERA BIOSCIENCES INC
19310.0,CALB,CALIFORNIA BANCORP
19833.0,CALC,CALCIMEDICA INC
89905.0,CALD,CALLIDUS SOFTWARE INC
17569.0,CALF,PACER FUNDS TRUST
24066.0,CALI,BLACKROCK E T F TRUST II
92936.0,CALI,CHINA AUTO LOGISTICS INC
90982.0,CALL,MAGICJACK VOCALTEC LTD
20598.0,CALM,CAL MAINE FOODS INC
19467.0,CALT,CALLIDITAS THERAPEUTICS A B
93272.0,CALX,CALIX INC
24066.0,CALY,BLACKROCK E T F TRUST II
81857.0,CAM,CAMERON INTERNATIONAL CORP
24166.0,CAML,PROFESSIONALLY MANAGED PORTFOLIO
20670.0,CAMP,CALAMP CORP
25714.0,CAMP,CAMP4 THERAPEUTICS CORP
88427.0,CAMT,CAMTEK LTD
23682.0,CAMX,ADVISORS INNER CIRCLE FUND
19065.0,CAN,CANAAN INC
24105.0,CANC,TEMA E T F TRUST
13000.0,CANE,TEUCRIUM COMMODITY TRUST
14272.0,CANF,CAN FITE BIOPHARMA LTD
17980.0,CANG,CANGO INC
19539.0,CANO,CANO HEALTH INC
24865.0,CANQ,CALAMOS E T F TRUST
23741.0,CAOS,E A SERIES TRUST
19952.0,CAPA,HIGHCAPE CAPITAL ACQ CORP
22986.0,CAPE,DOUBLELINE E T F TRUST
13615.0,CAPL,CROSSAMERICA PARTNERS LP
15058.0,CAPN,CAPNIA INC
92686.0,CAPR,CAPRICOR THERAPEUTICS INC
15366.0,CAPX,ELKHORN E T F TRUST
25487.0,CAR,AVIS BUDGET GROUP INC
14422.0,CARA,CARA THERAPEUTICS INC
12960.0,CARB,CARBONITE INC
18459.0,CARE,CARTER BANK & TRUST
18459.0,CARE,CARTER BANKSHARES INC
16967.0,CARG,CARGURUS INC
24603.0,CARK,ADVISORS INNER CIRCLE FUND II
14452.0,CARM,CARISMA THERAPEUTICS INC
14793.0,CARO,CAROLINA FINANCIAL CORP
19285.0,CARR,CARRIER GLOBAL CORP
16696.0,CARS,CARS COM INC
24258.0,CART,MAPLEBEAR INC
90474.0,CART,CAROLINA TRUST BANK
90474.0,CART,CAROLINA TRUST BANCSHARES INC
80960.0,CARV,CARVER BANCORP INC
23532.0,CARY,ANGEL OAK FUNDS TRUST
12826.0,CARZ,FIRST TRUST E T F II
30402.0,CAS,CASTLE A M & CO
17135.0,CASA,CASA SYSTEMS INC
77205.0,CASC,CASCADIAN THERAPEUTICS INC
79571.0,CASH,META FINANCIAL GROUP INC
79571.0,CASH,PATHWARD FINANCIAL INC
83651.0,CASI,CASI PHARMACEUTICALS INC
83651.0,CASI,CASI PHARMACEUTICALS INC CYM
25870.0,CASK,HERITAGE DISTILLING HLDG CO INC
86191.0,CASM,C A S MEDICAL SYSTEMS INC
83738.0,CASS,CASS INFORMATION SYSTEMS INC
21742.0,CASY,CASEYS GENERAL STORES INC
18542.0,CAT,CATERPILLAR INC
15416.0,CATB,CATABASIS PHARMACEUTICALS INC
16976.0,CATC,CAMBRIDGE BANCORP
25251.0,CATF,AMERICAN CENTURY E T F TRUST
16006.0,CATH,GLOBAL X FUNDS
92457.0,CATM,CARDTRONICS INC
92457.0,CATM,CARDTRONICS PLC
11267.0,CATO,CATO CORP NEW
16670.0,CATS,CATASYS INC
22323.0,CATX,PERSPECTIVE THERAPEUTICS INC
76504.0,CATY,CATHAY GENERAL BANCORP
21914.0,CAUD,COLLECTIVE AUDIENCE INC
23941.0,CAVA,CAVA GROUP INC
92034.0,CAVM,CAVIUM INC
21785.0,CAW,C C A INDUSTRIES INC
79057.0,CB,CHUBB LTD
13981.0,CBA,CLEARBRIDGE AMER ENER MLP FD INC
91269.0,CBAK,CHINA B A K BATTERY INC
91269.0,CBAK,C B A K ENERGY TECHNOLOGY INC
85966.0,CBAN,COLONY BANKCORP INC
91269.0,CBAT,C B A K ENERGY TECHNOLOGY INC
14691.0,CBAY,CYMABAY THERAPEUTICS INC
47677.0,CBB,CINCINNATI BELL INC NEW
19287.0,CBD,COMPANHIA BRASILEIRA DE DIST
13594.0,CBF,CAPITAL BANK FINANCIAL CORP
14943.0,CBFV,C B FINANCIAL SERVICES INC
90199.0,CBG,C B R E GROUP INC
16754.0,CBH,ALLIANZGI CONV & INC 2024 T T FD
16754.0,CBH,VIRTUS ALLIANZGI C & I 2024 T T
16754.0,CBH,VIRTUS CONV & INCOME 2024 T T FD
84651.0,CBI,CHICAGO BRIDGE & IRON CO N V
91184.0,CBIO,CATALYST BIOSCIENCES INC
77478.0,CBK,CHRISTOPHER AND BANKS CORP
22360.0,CBL,C B L & ASSOCIATES PPTYS INC
79777.0,CBL,C B L & ASSOCIATES PPTYS INC
91395.0,CBLI,CLEVELAND BIOLABS INC
17784.0,CBLK,CARBON BLACK INC
25716.0,CBLL,CERIBELL INC
20092.0,CBLS,LISTED FUNDS TRUST
11707.0,CBM,CAMBREX CORP
18107.0,CBMB,C B M BANCORP INC
14693.0,CBMG,CELLULAR BIOMEDICINE GROUP INC
16852.0,CBMX,COMBIMATRIX CORP
25673.0,CBNA,CHAIN BRIDGE BANCORP INC
12675.0,CBND,SPDR SERIES TRUST
92555.0,CBNJ,CAPE BANCORP INC
18108.0,CBNK,CAPITAL BANCORP INC
91397.0,CBNK,CHICOPEE BANCORP INC
93429.0,CBOE,C B O E HOLDINGS INC
93429.0,CBOE,C B O E GLOBAL MARKETS INC
15040.0,CBON,MARKET VECTORS E T F TRUST
15040.0,CBON,VANECK VECTORS E T F TRUST
15040.0,CBON,VANECK E T F TRUST
93189.0,CBPO,CHINA BIOLOGIC PRODUCTS INC
93189.0,CBPO,CHINA BIOLOGIC PRODUCTS HDS INC
14478.0,CBPX,CONTINENTAL BUILDING PRODS INC
80316.0,CBR,CIBER INC
90199.0,CBRE,C B R E GROUP INC
27562.0,CBRL,CRACKER BARREL OLD COUNTRY STORE
75104.0,CBS,C B S CORP NEW
76226.0,CBS,C B S CORP NEW
20091.0,CBSE,LISTED FUNDS TRUST
25129.0,CBSH,COMMERCE BANCSHARES INC
46690.0,CBT,CABOT CORP
20232.0,CBTG,LISTED FUNDS TRUST
17108.0,CBTX,C B T X INC
86896.0,CBU,COMMUNITY BANK SYSTEM INC
86896.0,CBU,COMMUNITY FINANCIAL SYSTEM INC
16818.0,CBUS,CIBUS INC
15285.0,CBYL,CARBYLAN THERAPEUTICS INC
81584.0,CBZ,CBIZ INC
15398.0,CC,CHEMOURS CO
87270.0,CCA,M F S CALIFORNIA MUNICIPAL FUND
19347.0,CCAC,CITIC CAPITAL ACQUISITION CORP
19229.0,CCAP,CRESCENT CAPITAL B D C INC
17957.0,CCB,COASTAL FINANCIAL CORP
84516.0,CCBG,CAPITAL CITY BANK GROUP
11378.0,CCC,CALGON CARBON CORP
18152.0,CCC,CHURCHILL CAPITAL CORP
18723.0,CCC,CLARIVATE ANALYTICS PLC
18723.0,CCC,CLARIVATE PLC
19953.0,CCCC,C4 THERAPEUTICS INC
92475.0,CCCL,CHINA CERAMICS CO LTD
14093.0,CCCR,CHINA COMMERCIAL CREDIT INC
19930.0,CCCS,C C C INTEL SOLUTIONS HLDGS INC
16048.0,CCE,COCA COLA EUROPEAN PARTNERS PLC
70500.0,CCE,COCA COLA ENTERPRISES INC NEW
91895.0,CCEC,CAPITAL CLEAN ENERGY CARRIERS CO
24745.0,CCEF,CALAMOS E T F TRUST
84411.0,CCEL,CRYO CELL INTERNATIONAL INC
16048.0,CCEP,COCA COLA EUROPEAN PARTNERS PLC
16048.0,CCEP,COCA COLA EUROPACIFIC PARTNERS
82542.0,CCF,CHASE CORP
24259.0,CCG,CHECHE GROUP INC
18248.0,CCH,COLLIER CREEK HOLDINGS
86339.0,CCI,CROWN CASTLE INTL CORP NEW
86339.0,CCI,CROWN CASTLE INC
12352.0,CCIH,CHINACACHE INTL HLDGS LTD
19751.0,CCIV,CHURCHILL CAPITAL CORP IV
83188.0,CCJ,CAMECO CORP
17726.0,CCK,CROWN HOLDINGS INC
75154.0,CCL,CARNIVAL CORP
14818.0,CCLD,CARECLOUD INC
12871.0,CCLP,C S I COMPRESSCO L P
93153.0,CCM,CONCORD MEDICAL SVCS HLDGS LTD
24725.0,CCMG,E A SERIES TRUST
88152.0,CCMP,CABOT MICROELECTRONICS CORP
88152.0,CCMP,C M C MATERIALS INC
15292.0,CCN,CARDCONNECT CORP
15664.0,CCNC,CODE CHAIN NEW CONTINENT LTD
86384.0,CCNE,C N B FINANCIAL CORP PA
17875.0,CCNI,COMMAND CENTER INC
25247.0,CCNR,FINANCIAL INVESTORS TRUST
90989.0,CCO,CLEAR CHANNEL OUTDOOR HLDGS INC
90989.0,CCO,CLEAR CHANNEL OUTDOOR HLDGS NEW
89297.0,CCOI,COGENT COMMUNICATIONS HLDS INC
19587.0,CCON,DIREXION SHARES E T F TRUST
16740.0,CCOR,CAMBRIA E T F TRUST
19111.0,CCOR,LISTED FUNDS TRUST
15598.0,CCP,CARE CAPITAL PROPERTIES INC
15550.0,CCR,CONSOL COAL RESOURCES LP
15898.0,CCRC,CHINA CUSTOMER RELATIONS CENT IN
72119.0,CCRD,CORECARD CORP
89167.0,CCRN,CROSS COUNTRY HEALTHCARE INC
19770.0,CCRV,ISHARES U S ETF TRUST
14716.0,CCS,CENTURY COMMUNITIES INC
25015.0,CCSB,TIDAL TRUST II
21922.0,CCSI,CONSENSUS CLOUD SOLUTIONS INC
23403.0,CCSO,TIDAL TRUST II
17050.0,CCT,CORPORATE CAPITAL TRUST INC
24697.0,CCTG,CCSC TECHNOLOGY INTL HLDGS LTD
77928.0,CCU,COMPANIA CERVECERIAS UNIDAS S A
51829.0,CCUR,CONCURRENT COMPUTER CORP NEW
20523.0,CCV,CHURCHILL CAPITAL CORP V
20914.0,CCVI,CHURCHILL CAPITAL CORP VI
12306.0,CCX,WISDOMTREE TRUST
18794.0,CCX,CHURCHILL CAPITAL CORP II
13262.0,CCXI,CHEMOCENTRYX INC
19819.0,CD,CHINDATA GROUP HOLDINGS LTD
19954.0,CDAK,CODIAK BIOSCIENCES INC
17700.0,CDAY,CERIDIAN H C M HOLDING INC
14794.0,CDC,VICTORY PORTFOLIOS II
24441.0,CDE,COEUR MINING INC
23702.0,CDEI,MORGAN STANLEY E T F TRUST
16021.0,CDEV,CENTENNIAL RESOURCE DEVELOP INC
45655.0,CDI,C D I CORP
22670.0,CDIO,CARDIO DIAGNOSTICS HOLDINGS INC
14926.0,CDK,C D K GLOBAL INC
15495.0,CDL,VICTORY PORTFOLIOS II
24604.0,CDLR,CADELER A S
17315.0,CDLX,CARDLYTICS INC
12266.0,CDMO,AVID BIOSERVICES INC
14797.0,CDNA,CAREDX INC
11403.0,CDNS,CADENCE DESIGN SYSTEMS INC
81087.0,CDOR,CONDOR HOSPITALITY TRUST INC
77239.0,CDP,C O P T DEFENSE PROPERTIES
10952.0,CDR,CEDAR REALTY TRUST INC
15367.0,CDRB,CODE REBEL CORP
22361.0,CDRE,CADRE HOLDINGS INC
22536.0,CDRO,CODERE ONLINE LUXEMBOURG S A
22908.0,CDT,CONDUIT PHARMACEUTICALS INC
25016.0,CDTG,CDT ENVIRONMENTAL TECH INV HL LT
82678.0,CDTI,CLEAN DIESEL TECHNOLOGIES INC
15286.0,CDTX,CIDARA THERAPEUTICS INC
13949.0,CDW,C D W CORP NEW
22869.0,CDX,SIMPLIFY EXCHANGE TRADED FUNDS
16007.0,CDXC,CHROMADEX CORP
93345.0,CDXS,CODEXIS INC
85570.0,CDZI,CADIZ INC
90520.0,CE,CELANESE CORP DEL
84576.0,CEA,CHINA EASTERN AIRLINES CORP LTD
22768.0,CEAD,C E A INDUSTRIES INC
86720.0,CEB,C E B INC
11499.0,CECE,C E C O ENVIRONMENTAL CORP
11499.0,CECO,C E C O ENVIRONMENTAL CORP
85724.0,CECO,CAREER EDUCATION CORP
76083.0,CEE,CENTRAL EUROPE RUSSIA & TURK FD
76083.0,CEE,CENTRAL & EASTERN EUROPE FD INC
19468.0,CEFA,GLOBAL X FUNDS
17440.0,CEFS,EXCHANGE LISTED FUNDS TRUST
22623.0,CEG,CONSTELLATION ENERGY CORP
92571.0,CEI,CAMBER ENERGY INC
17039.0,CEIX,CONSOL ENERGY INC NEW
91813.0,CEL,CELLCOM ISRAEL LTD
16923.0,CELC,CELCUITY INC
11552.0,CELG,CELGENE CORP
93263.0,CELH,CELSIUS HOLDINGS INC
14380.0,CELP,CYPRESS ENERGY PARTNERS LP
14380.0,CELP,CYPRESS ENVIRONMENTAL PRTNRS LP
18840.0,CELU,CELULARITY INC
22537.0,CELZ,CREATIVE MEDICAL TECH HLDGS INC
93415.0,CEM,CLEARBRIDGE ENERGY MLP FUND INC
93415.0,CEM,CLEARBRIDGE MLP & MIDSTR FD INC
17457.0,CEMB,ISHARES INC
13453.0,CEMI,CHEMBIO DIAGNOSTICS INC
13263.0,CEMP,CEMPRA INC
14128.0,CEN,CENTER COAST M L P & INFRAST FD
14128.0,CEN,CENTER COAST BRF MLP & EN INF FD
17854.0,CENN,CENNTRO ELECTRIC GROUP LTD
17854.0,CENN,CENNTRO INC
22193.0,CENQ,CENAQ ENERGY CORP
77780.0,CENT,CENTRAL GARDEN & PET CO
91815.0,CENTA,CENTRAL GARDEN & PET CO
83244.0,CENX,CENTURY ALUMINUM CO
88888.0,CEO,C N O O C LTD
25987.0,CEPI,E T F OPPORTUNITIES TRUST
17286.0,CEPU,CENTRAL PUERTO S A
89043.0,CEQP,CRESTWOOD EQUITY PARTNERS LP
15833.0,CERC,CERECOR INC
13264.0,CERE,CERES INC
19547.0,CERE,CEREVEL THERAPEUTICS HLDGS INC
10909.0,CERN,CERNER CORP
22332.0,CERO,CERO THERAPEUTICS HOLDINGS INC
84413.0,CERS,CERUS CORP
20195.0,CERT,CERTARA INC
14591.0,CERU,CERULEAN PHARMA INC
25497.0,CERY,SPDR SERIES TRUST
30437.0,CET,CENTRAL SECURITIES CORP
23824.0,CETF,DRIVEWEALTH E T F TRUST
25253.0,CETH,21SHARES CORE ETHEREUM ETF
80962.0,CETV,CENTRAL EUROPEAN MEDIA ENT LTD
15417.0,CETX,CEMTREX INC
23783.0,CETY,CLEAN ENERGY TECHNOLOGIES INC
86552.0,CEV,EATON VANCE CALIF MUN INC TR
89572.0,CEVA,CEVA INC
92933.0,CEW,WISDOMTREE TRUST
16979.0,CEY,VICTORY PORTFOLIOS II
15957.0,CEZ,VICTORY PORTFOLIOS II
90829.0,CF,C F INDUSTRIES HOLDINGS INC
14798.0,CFA,VICTORY PORTFOLIOS II
18895.0,CFB,CROSSFIRST BANKSHARES INC
16671.0,CFBI,COMMUNITY FIRST BANCSHARES INC
86526.0,CFBK,CENTRAL FEDERAL CORP
86526.0,CFBK,C F BANKSHARES INC
84140.0,CFCB,CENTRUE FINANCIAL CORP NEW
16163.0,CFCO,C F CORP
19359.0,CFCV,ACTIVESHARES ETF TRUST
12288.0,CFD,NUVEEN DIVERSIFIED COMMODITY FD
18360.0,CFFA,C F FINANCE ACQUISITION CORP
21276.0,CFFE,C F ACQUISITION CORP VIII
85725.0,CFFI,C & F FINANCIAL CORP
86820.0,CFFN,CAPITOL FEDERAL FINANCIAL INC
14889.0,CFG,CITIZENS FINANCIAL GROUP INC
14799.0,CFGE,CALAMOS E T F TRUST
27909.0,CFI,CULP INC
20582.0,CFIV,C F ACQUISITION CORP IV
21358.0,CFLT,CONFLUENT INC
15496.0,CFMS,CONFORMIS INC
11246.0,CFNB,CALIFORNIA FIRST NATIONAL BANCOR
86250.0,CFNL,CARDINAL FINANCIAL CORP
14800.0,CFO,VICTORY PORTFOLIOS II
27888.0,CFR,CULLEN FROST BANKERS INC
14927.0,CFRX,CONTRAFECT CORP
22636.0,CFSB,C F S B BANCORP INC
20772.0,CFV,C F ACQUISITION CORP V
21029.0,CFVI,C F ACQUISITION CORP VI
92648.0,CFX,COLFAX CORP
13405.0,CG,CARLYLE GROUP L P
92897.0,CGA,CHINA GREEN AGRICULTURE INC
20913.0,CGAU,CENTERRA GOLD INC
16780.0,CGBD,TCG BDC INC
16780.0,CGBD,CARLYLE SECURED LENDING INC
24189.0,CGBL,CAPITAL GR CORE BALANCED E T F
17827.0,CGC,CANOPY GROWTH CORP
24187.0,CGCB,CAPITAL GROUP FIXED INC ETF TR
22831.0,CGCP,CAPITAL GROUP FIXED INC ETF TR
25157.0,CGCV,CAPITAL GROUP CONS EQ E T F
24190.0,CGDG,CAPITAL GROUP DIV GROWERS E T F
22829.0,CGDV,CAPITAL GROUP DIVIDEND VALUE ETF
20420.0,CGEM,CULLINAN ONCOLOGY INC
20420.0,CGEM,CULLINAN THERAPEUTICS INC
88507.0,CGEN,COMPUGEN LTD
84772.0,CGG,C G G
25156.0,CGGE,CAPITAL GROUP GLOBAL EQUITY ETF
22830.0,CGGO,CAPITAL GROUP GLBL GRWTH EQ ETF
22827.0,CGGR,CAPITAL GROUP GROWTH ETF
25159.0,CGHM,CAPITAL GROUP FIXED INC ETF TR
80113.0,CGI,CELADON GROUP INC
25158.0,CGIB,CAPITAL GROUP FIXED INC ETF TR
25164.0,CGIC,CAPITAL GROUP INT CORE EQ ETF
24191.0,CGIE,CAPITAL GROUP INTL EQUITY E T F
14094.0,CGIX,CANCER GENETICS INC
23462.0,CGMS,CAPITAL GROUP FIXED INC ETF TR
23461.0,CGMU,CAPITAL GROUP FIXED INC ETF TR
25163.0,CGNG,CAPITAL GROUP NEW GEO EQ ETF
20346.0,CGNT,COGNYTE SOFTWARE LTD
78217.0,CGNT,COGENTIX MEDICAL INC
75654.0,CGNX,COGNEX CORP
90919.0,CGO,CALAMOS GLOBAL TOTAL RETURN FUND
24685.0,CGON,CG ONCOLOGY INC
88332.0,CGRN,CAPSTONE GREEN ENERGY CORP
19469.0,CGRO,COLLECTIVE GROWTH CORP
24447.0,CGRO,TIDAL TRUST II
23463.0,CGSD,CAPITAL GROUP FIXED INC ETF TR
24188.0,CGSM,CAPITAL GROUP FIXED INC ETF TR
22194.0,CGTX,COGNITION THERAPEUTICS INC
25162.0,CGUI,CAPITAL GROUP FIXED INC ETF TR
22828.0,CGUS,CAPITAL GROUP CORE EQUITY ETF
23305.0,CGV,TWO ROADS SHARED TRUST
17710.0,CGW,INVESCO E T F TRUST II
91981.0,CGW,CLAYMORE E T F TRUST 2
22826.0,CGXU,CAPITAL GROUP INTL FOCUS EQ ETF
75809.0,CH,ABERDEEN CHILE FUND INC
89581.0,CHA,CHINA TELECOM CORP LTD
18419.0,CHAC,CHARDAN HEALTHCARE ACQ CORP
15445.0,CHAD,DIREXION SHARES E T F TRUST
24606.0,CHAI,E T F SERIES SOLUTIONS
17981.0,CHAP,CHAPARRAL ENERGY INC
19417.0,CHAQ,CHARDAN HEALTHCARE ACQ 2 CORP
23919.0,CHAT,TIDAL TRUST II
15311.0,CHAU,DIREXION SHARES E T F TRUST
19820.0,CHB,GLOBAL X FUNDS
90476.0,CHCI,COMSTOCK HOLDING COMPANIES INC
11442.0,CHCO,CITY HOLDING CO
15343.0,CHCT,COMMUNITY HEALTHCARE TR INC
23393.0,CHD,CHURCH & DWIGHT INC
79026.0,CHDN,CHURCHILL DOWNS INC
64194.0,CHE,CHEMED CORP NEW
12913.0,CHEF,CHEFS WAREHOUSE INC
15268.0,CHEK,CHECK CAP LTD
12986.0,CHEP,F Q F TRUST
12986.0,CHEP,A G F INVESTMENTS TRUST
90007.0,CHEV,CHEVIOT FINANCIAL CORP
11992.0,CHFC,CHEMICAL FINANCIAL CORP
89168.0,CHFN,CHARTER FINANCIAL CORP NEW
13279.0,CHFS,C H F SOLUTIONS INC
14273.0,CHGG,CHEGG INC
17007.0,CHGX,E T F SERIES SOLUTIONS
22942.0,CHGX,INVESTMENT MANAGERS SERIES TR II
85517.0,CHH,CHOICE HOTELS INTERNATIONAL INC
89429.0,CHI,CALAMOS CONV OPPORT & IN FD
93170.0,CHIC,GLOBAL X FUNDS
93167.0,CHIE,GLOBAL X FUNDS
18281.0,CHIH,GLOBAL X FUNDS
93169.0,CHII,GLOBAL X FUNDS
18280.0,CHIK,GLOBAL X FUNDS
18283.0,CHIL,GLOBAL X FUNDS
93206.0,CHIM,GLOBAL X FUNDS
93166.0,CHIQ,GLOBAL X FUNDS
18277.0,CHIR,GLOBAL X FUNDS
18282.0,CHIS,GLOBAL X FUNDS
18276.0,CHIU,GLOBAL X FUNDS
93168.0,CHIX,GLOBAL X FUNDS
20583.0,CHK,CHESAPEAKE ENERGY CORP
78877.0,CHK,CHESAPEAKE ENERGY CORP
79315.0,CHKE,CHEROKEE INC DEL NEW
83639.0,CHKP,CHECK POINT SOFTWARE TECHS LTD
85421.0,CHL,CHINA MOBILE LTD
22043.0,CHLD,NORTHERN LIGHTS FUND TR II
15497.0,CHMA,CHIASMA INC
13694.0,CHMG,CHEMUNG FINANCIAL CORP
14183.0,CHMI,CHERRY HILL MORTGAGE INVEST CORP
38420.0,CHMT,CHEMTURA CORP
77776.0,CHN,CHINA FUND INC
14216.0,CHNA,POWERSHARES ACTIVELY MANGD ETF T
18045.0,CHNA,E T F SERIES SOLUTIONS
15038.0,CHNB,GLOBAL X FUNDS
18771.0,CHNG,CHANGE HEALTHCARE INC
82162.0,CHNR,CHINA NATURAL RESOURCES INC
19186.0,CHPM,C H P MERGER CORP
24067.0,CHPS,D B X ETF TRUST
18937.0,CHPT,CHARGEPOINT HOLDINGS INC
18129.0,CHR,CHEER HOLDING INC
17916.0,CHRA,CHARAH SOLUTIONS INC
20161.0,CHRD,CHORD ENERGY CORP
23598.0,CHRG,R B B FUND TRUST
24810.0,CHRO,CHANNEL THERAPEUTICS CORP
15059.0,CHRS,COHERUS BIOSCIENCES INC
85459.0,CHRW,CH ROBINSON WORLDWIDE INC
78963.0,CHS,CHICOS FAS INC
23784.0,CHSN,CHANSON INTERNATIONAL HOLDING
93200.0,CHSP,CHESAPEAKE LODGING TRUST
89778.0,CHT,CHUNGHWA TELECOM CO LTD
12308.0,CHTR,CHARTER COMMUNICATIONS INC
12308.0,CHTR,CHARTER COMMUNICATIONS INC NEW
88282.0,CHU,CHINA UNICOM HONG KONG LTD
16160.0,CHUBA,COMMERCEHUB INC
16144.0,CHUBK,COMMERCEHUB INC
13520.0,CHUY,CHUYS HOLDINGS INC
92110.0,CHW,CALAMOS GLOBAL DYNAMIC INCOME FD
21923.0,CHWA,C H W ACQUISITION CORP
18727.0,CHWY,CHEWY INC
17783.0,CHX,CHAMPIONX CORP
89744.0,CHY,CALAMOS CONVERTIBLE & HI INC FD
64186.0,CI,CIGNA CORP
64186.0,CI,CIGNA CORP NEW
64186.0,CI,CIGNA GROUP
23799.0,CIA,CITIZENS INC
22400.0,CIAN,CIAN PLC
15498.0,CIBR,FIRST TRUST E T F II
17032.0,CIC,CAPITOL INVESTMENT CORP IV
15634.0,CID,VICTORY PORTFOLIOS II
89889.0,CIDM,CINEDIGM CORP
93152.0,CIE,COBALT INTERNATIONAL ENERGY INC
84519.0,CIEN,CIENA CORP
75336.0,CIF,M F S INTERMEDIATE HIGH INC FUND
90752.0,CIFC,C I F C CORP
20295.0,CIFR,CIPHER MINING INC
16877.0,CIFS,CHINA INTERNET NATIONWIDE FIN SV
92118.0,CIG,COMPANHIA ENERGETICA DE MINAS GC
81208.0,CIGI,COLLIERS INTERNATIONAL GROUP INC
18728.0,CIH,CHINA INDEX HOLDINGS LTD
90103.0,CII,BLACKROCK ENHANCED CAP & INC FD
19230.0,CIIC,CIIG MERGER CORP
22292.0,CIIG,C I I G CAPITAL PARTNERS II INC
75060.0,CIK,CREDIT SUISSE ASSET MGMT INC FD
15635.0,CIL,VICTORY PORTFOLIOS II
92385.0,CIM,CHIMERA INVESTMENT CORP
23473.0,CINF,CINCINNATI FINANCIAL CORP
22538.0,CING,CINGULATE INC
14134.0,CINR,CINER RESOURCES LP
22418.0,CINT,C I & T INC
14559.0,CIO,CITY OFFICE REIT INC
22099.0,CION,C I O N INVESTMENT CORP
87268.0,CIR,CIRCOR INTERNATIONAL INC
23404.0,CIRC,J P MORGAN E T F TRUST
92301.0,CISG,CNINSURE INC
15899.0,CISN,CISION LTD
22638.0,CISO,CERBERUS CYBER SENTINEL CORP
22638.0,CISO,CISO GLOBAL INC
23999.0,CISS,C3IS INC
93150.0,CIT,C I T GROUP INC NEW
91702.0,CIU,ISHARES TRUST
88965.0,CIVB,CIVISTA BANCSHARES INC
13116.0,CIVI,CIVITAS RESOURCES INC
14890.0,CIVI,CIVITAS SOLUTIONS INC
85903.0,CIX,COMPX INTERNATIONAL INC
20071.0,CIXX,C I FINANCIAL CORP
14996.0,CIZ,VICTORY PORTFOLIOS II
87269.0,CIZN,CITIZENS HOLDING CO
16602.0,CJ,C & J ENERGY SERVICES INC
12894.0,CJES,C & J ENERGY SERVICES LTD
24000.0,CJET,CHIJET MOTOR COMPANY INC
93347.0,CJJD,CHINA JO JO DRUGSTORES INC
13446.0,CJNK,SPDR SERIES TRUST
89386.0,CKEC,CARMIKE CINEMAS INC
78137.0,CKH,SEACOR HOLDINGS INC
22921.0,CKP,CHECKPOINT SYSTEMS INC
16781.0,CKPT,CHECKPOINT THERAPEUTICS INC
16781.0,CKPT,CHECKPIONT THERAPEUTICS INC
89948.0,CKX,C K X LANDS INC
18729.0,CL,COLGATE PALMOLIVE CO
15899.0,CLAC,CAPITOL ACQUISITION CORP III
21832.0,CLAQ,CLEANTECH ACQUISITION CORP
86092.0,CLAR,CLARUS CORP
15614.0,CLAW,DIREXION SHARES E T F TRUST
21833.0,CLAY,CHAVANT CAPITAL ACQ CORP
82656.0,CLB,CORE LABORATORIES NV
82656.0,CLB,CORE LABORATORIES INC
89615.0,CLBH,CAROLINA BANK HOLDINGS INC
17683.0,CLBK,COLUMBIA FINANCIAL INC
21625.0,CLBR,COLOMBIER ACQUISITION CORP
34666.0,CLBS,CALADRIUS BIOSCIENCES INC
21834.0,CLBT,CELLEBRITE DI LTD
23975.0,CLC,CLARCOR INC
15370.0,CLCD,COLUCID PHARMACEUTICALS INC
23773.0,CLCO,COOL CO LTD
87379.0,CLCT,COLLECTORS UNIVERSE INC
93095.0,CLD,CLOUD PEAK ENERGY INC
18422.0,CLDB,CORTLAND BANCORP
14994.0,CLDC,CHINA LENDING CORP
22380.0,CLDI,CALIDI BIOTHERAPEUTICS INC
20359.0,CLDL,DIREXION SHARES E T F TRUST
14423.0,CLDN,CELLADON CORP
16657.0,CLDR,CLOUDERA INC
20360.0,CLDS,DIREXION SHARES E T F TRUST
93314.0,CLDT,CHATHAM LODGING TRUST
10258.0,CLDX,CELLDEX THERAPEUTICS INC
19395.0,CLEU,CHINA LIBERAL EDUCATION HLDG LTD
27422.0,CLF,CLIFFS NATURAL RESOURCES INC
27422.0,CLF,CLEVELAND CLIFFS INC NEW
10547.0,CLFD,CLEARFIELD INC
35124.0,CLGX,CORELOGIC INC
11809.0,CLH,CLEAN HARBORS INC
80779.0,CLI,MACK CALI REALTY CORP
23920.0,CLIA,TIDAL TRUST II
23964.0,CLIP,GLOBAL X FUNDS
13369.0,CLIR,CLEARSIGN COMBUSTION CORP
13369.0,CLIR,CLEARSIGN TECHNOLOGIES CORP
17096.0,CLIX,PROSHARES TRUST
15269.0,CLLS,CELLECTIS S A
75047.0,CLM,CORNERSTONE STRATEGIC VAL FD INC
75047.0,CLM,CORNERSTONE STRATEGIC INV FD INC
21680.0,CLMA,TIDAL E T F TRUST
81893.0,CLMB,CLIMB GLOBAL SOLUTIONS INC
90404.0,CLMS,CALAMOS ASSET MANAGEMENT INC
91076.0,CLMT,CALUMET SPECIALTY PRODS PTNRS LP
91076.0,CLMT,CALUMET INC
17287.0,CLNC,COLONY CREDIT REAL ESTATE INC
92035.0,CLNE,CLEAN ENERGY FUELS CORP
20285.0,CLNN,CLENE INC
22117.0,CLNR,INDEXIQ E T F TRUST
22117.0,CLNR,NEW YORK LIFE INVESTMENTS ETF TR
14686.0,CLNS,COLONY NORTHSTAR INC
93191.0,CLNT,CLEANTECH SOLUTIONS INTL INC
14686.0,CLNY,COLONY CAPITAL INC
93018.0,CLNY,COLONY CAPITAL INC
23665.0,CLOA,BLACKROCK E T F TRUST II
25546.0,CLOB,VANECK E T F TRUST
24644.0,CLOD,THEMES E T F TRUST
23168.0,CLOI,VANECK E T F TRUST
18548.0,CLOU,GLOBAL X FUNDS
19456.0,CLOV,CLOVER HEALTH INVESTMENTS CORP
24049.0,CLOX,SERIES PORTFOLIOS TRUST
23652.0,CLOZ,SERIES PORTFOLIOS TRUST
16577.0,CLPR,CLIPPER REALTY INC
17809.0,CLPS,C L P S INC
18806.0,CLPT,CLEARPOINT NEURO INC
91983.0,CLR,CONTINENTAL RESOURCES INC
14862.0,CLRB,CELLECTAR BIOSCIENCES INC
17138.0,CLRG,INDEXIQ E T F TRUST
75714.0,CLRO,CLEARONE INC
82530.0,CLRX,COLLABRX INC
86115.0,CLS,CELESTICA INC
21635.0,CLSA,EXCHANGE LISTED FUNDS TRUST
21639.0,CLSC,EXCHANGE LISTED FUNDS TRUST
16090.0,CLSD,CLEARSIDE BIOMEDICAL INC
22870.0,CLSE,TRUST FOR PROFESSIONAL MANAGERS
19187.0,CLSK,CLEANSPARK INC
21636.0,CLSM,EXCHANGE LISTED FUNDS TRUST
88208.0,CLSN,CELSION CORP
22195.0,CLST,CATALYST BANCORP INC
16559.0,CLTL,POWERSHARES E T F TRUST II
16559.0,CLTL,INVESCO E T F TRUST II
91349.0,CLUB,TOWN SPORTS INTL HOLDINGS INC
18370.0,CLVR,CLEVER LEAVES HOLDINGS INC
13107.0,CLVS,CLOVIS ONCOLOGY INC
18723.0,CLVT,CLARIVATE PLC
92854.0,CLW,CLEARWATER PAPER CORP
84601.0,CLWT,EURO TECH HOLDINGS CO LTD
46578.0,CLX,CLOROX CO
16818.0,CLXT,CALYXT INC
93173.0,CLY,ISHARES TRUST
21842.0,CLYM,CLIMB BIO INC
85636.0,CM,CANADIAN IMPERIAL BANK COMMERCE
25081.0,CMA,COMERICA INC
19824.0,CMAX,CAREMAX INC
18775.0,CMBM,CAMBIUM NETWORKS CORP
13242.0,CMBS,ISHARES TRUST
15169.0,CMBT,C M B TECH N V
30680.0,CMC,COMMERCIAL METALS CO
24129.0,CMCI,VANECK E T F TRUST
16849.0,CMCL,CALEDONIA MINING CORP PLC
14618.0,CMCM,CHEETAH MOBILE INC
83120.0,CMCO,COLUMBUS MCKINNON CORP NY
89525.0,CMCSA,COMCAST CORP NEW
80014.0,CMCT,C I M COMMERCIAL TRUST CORP
80014.0,CMCT,CREATIVE MEDIA & COM TR CORP
22825.0,CMD,CANTEL MEDICAL CORP
92841.0,CMD,PROSHARES TRUST II
14070.0,CMDT,ISHARES DJ UBS ROLL SEL COMM IND
23910.0,CMDT,PIMCO E T F TRUST
17705.0,CMDY,ISHARES U S ETF TRUST
89626.0,CME,C M E GROUP INC
92337.0,CMF,ISHARES TRUST
14450.0,CMFN,C M FINANCE INC
91068.0,CMG,CHIPOTLE MEXICAN GRILL INC
41080.0,CMI,CUMMINS INC
19956.0,CMLF,C M LIFE SCIENCES INC
18046.0,CMLS,CUMULUS MEDIA INC
86155.0,CMLS,CUMULUS MEDIA INC
18395.0,CMMB,CHEMOMAB THERAPEUTICS LTD
22825.0,CMN,CANTEL MEDICAL CORP
23514.0,CMND,CLEARMIND MEDICINE INC
68021.0,CMO,CAPSTEAD MORTGAGE CORP
89952.0,CMP,COMPASS MINERALS INTL INC
19622.0,CMPI,CHECKMATE PHARMACEUTICALS INC
20138.0,CMPO,COMPOSECURE INC
90913.0,CMPR,CIMPRESS N V
90913.0,CMPR,CIMPRESS PLC
19821.0,CMPS,COMPASS PATHWAYS PLC
22295.0,CMPX,COMPASS THERAPEUTICS INC
23105.0,CMRA,COMERA LIFE SCIENCES HLDGS INC
12391.0,CMRE,COSTAMARE INC
13870.0,CMRX,CHIMERIX INC
23229.0,CMS,C M S ENERGY CORP
17109.0,CMSS,C M SEVEN STAR ACQUISITION CORP
84387.0,CMT,CORE MOLDING TECHNOLOGIES INC
16879.0,CMTA,CLEMENTIA PHARMACEUTICALS INC
22362.0,CMTG,CLAROS MORTGAGE TRUST INC
26201.0,CMTL,COMTECH TELECOMMUNICATIONS CORP
71722.0,CMU,M F S HIGH YIELD MUNICIPAL TRUST
14560.0,CN,D B X ETF TRUST
47626.0,CNA,C N A FINANCIAL CORP
16880.0,CNAC,CONSTELLATION ALPHA CAPITAL CORP
14046.0,CNAT,CONATUS PHARMACEUTICALS INC
25645.0,CNAV,COLLABORATIVE INV SERIES TRUST
11348.0,CNBKA,CENTURY BANCORP INC
18792.0,CNBS,AMPLIFY ETF TRUST
89269.0,CNC,CENTENE CORP DEL
14451.0,CNCE,CONCERT PHARMACEUTICALS INC
13425.0,CNCO,CENCOSUD S A
93288.0,CNDA,INDEXIQ E T F TRUST
22447.0,CNDB,CONCORD ACQUISITION CORP III
17501.0,CNDF,ISHARES TRUST
16497.0,CNDT,CONDUENT INC
24980.0,CNEQ,ALGER E T F TRUST
93274.0,CNET,CHINANET ONLINE HOLDINGS INC
93274.0,CNET,ZW DATA ACTION TECHNOLOGIES INC
20584.0,CNEY,C N ENERGY GROUP INC
18223.0,CNF,CNFINANCE HOLDINGS LTD
15636.0,CNFR,CONIFER HOLDINGS INC
14144.0,CNH,C N H INDUSTRIAL N V
14144.0,CNHI,C N H INDUSTRIAL N V
15714.0,CNHX,C S O P ETF TRUST
84181.0,CNI,CANADIAN NATIONAL RAILWAY CO
92682.0,CNIT,CHINA INFORMATION TECH INC VG
91915.0,CNK,CINEMARK HOLDINGS INC
25261.0,CNL,COLLECTIVE MINING LTD
64557.0,CNL,CLECO CORP NEW
15175.0,CNLM,C B PHARMA ACQUISITION CORP
21607.0,CNM,CORE & MAIN INC
11547.0,CNMD,CONMED CORP
19188.0,CNNB,CINCINNATI BANCORP INC
17036.0,CNNE,CANNAE HOLDINGS INC
14898.0,CNNX,CONE MIDSTREAM PARTNERS LP
89841.0,CNO,C N O FINANCIAL GROUP INC
83642.0,CNOB,CONNECTONE BANCORP INC NEW
21792.0,CNP,CENTERPOINT ENERGY INC
88391.0,CNQ,CANADIAN NATURAL RESOURCES LTD
77501.0,CNR,CORNERSTONE BUILDING BRANDS INC
90840.0,CNR,CHINA METRO RURAL HLDGS LTD
18182.0,CNRG,SPDR SERIES TRUST
90303.0,CNS,COHEN & STEERS INC
17500.0,CNSF,ISHARES TRUST
13636.0,CNSI,COMVERSE INC
90803.0,CNSL,CONSOLIDATED COMMS HLDGS INC
19066.0,CNSP,CNS PHARMACEUTICALS INC
17958.0,CNST,CONSTELLATION PHARMA INC
21278.0,CNTA,CENTESSA PHARMACEUTICALS PLC
20776.0,CNTB,CONNECT BIOPHARMA HOLDINGS LTD
90704.0,CNTF,CHINA TECHFAITH WIRLSS COMM TECH
19067.0,CNTG,CENTOGENE N V
23232.0,CNTM,CONNECTM TECHNOLOGY SOLUTIONS IN
21835.0,CNTQ,CHARDAN NEXTECH ACQ 2 CORP
14407.0,CNTR,POWERSHARES E T F TRUST II
22196.0,CNTX,CONTEXT THERAPEUTICS INC
79791.0,CNTY,CENTURY CASINOS INC
15060.0,CNV,CNOVA N V
89889.0,CNVS,CINEVERSE CORP
21373.0,CNVY,CONVEY HEALTH SOL HLDGS INC
86799.0,CNX,CONSOL ENERGY INC
86799.0,CNX,C N X RESOURCES CORP
23178.0,CNXA,CONNEXA SPORTS TECHNOLOGIES INC
15550.0,CNXC,C N X COAL RESOURCES LP
20065.0,CNXC,CONCENTRIX CORP
14898.0,CNXM,C N X MIDSTREAM PARNERS LP
85886.0,CNXN,PC CONNECTION INC
15126.0,CNXR,CONNECTURE INC
14771.0,CNXT,MARKET VECTORS E T F TRUST
14771.0,CNXT,VANECK VECTORS E T F TRUST
14771.0,CNXT,VANECK E T F TRUST
17477.0,CNYA,ISHARES TRUST
93190.0,CNYD,CHINA YIDA HOLDING CO
93123.0,CO,CHINA CORD BLOOD CORP
93123.0,CO,GLOBAL CORD BLOOD CORP
24757.0,COAL,EXCHANGE TRADED CONCEPTS TR
80625.0,COB,COMMUNITYONE BANCORP
13394.0,COBO,PROSHARES TRUST
86157.0,COBZ,COBIZ FINANCIAL INC
21019.0,COCH,ENVOY MEDICAL INC
22199.0,COCO,VITA COCO CO INC
17351.0,COCP,COCRYSTAL PHARMA INC
16819.0,CODA,CODA OCTOPUS GROUP INC
91271.0,CODI,COMPASS DIVERSIFIED HOLDINGS
16820.0,CODX,C O DIAGNOSTICS INC
16120.0,COE,CHINA ONLINE EDUCATION GROUP
16120.0,COE,51TALK ONLINE EDUCATION GROUP
20281.0,COEP,COEPTIS THERAPEUTICS HOLDINGS IN
81055.0,COF,CAPITAL ONE FINANCIAL CORP
19231.0,COFS,CHOICEONE FINANCIAL SERVICES INC
76082.0,COG,CABOT OIL & GAS CORP
17372.0,COGT,COGENT BIOSCIENCES INC
92486.0,COGT,COGINT INC
88661.0,COH,COACH INC
90077.0,COHN,COHEN & CO INC NEW
11752.0,COHR,COHERENT CORP
24476.0,COHR,COHERENT INC
30648.0,COHU,COHU INC
20892.0,COIN,COINBASE GLOBAL INC
11995.0,COKE,COCA COLA BOTTLING CO CONS
11995.0,COKE,COCA COLA CONSOLIDATED INC
89014.0,COL,ROCKWELL COLLINS INC
77679.0,COLB,COLUMBIA BANKING SYSTEM INC
17226.0,COLD,AMERICOLD REALTY TRUST
17226.0,COLD,AMERICOLD REALTY TRUST INC
15371.0,COLL,COLLEGIUM PHARMACEUTICAL INC
85863.0,COLM,COLUMBIA SPORTSWEAR CO
16604.0,COM,DIREXION SHARES E T F TRUST
16747.0,COMB,GRANITESHARES E T F TRUST
16748.0,COMG,GRANITESHARES E T F TRUST
14239.0,COMM,COMMSCOPE HOLDING CO INC
20916.0,COMP,COMPASS INC
20421.0,COMS,COMSOVEREIGN HOLDING CORP
14997.0,COMT,ISHARES U S ETF TRUST
25245.0,CON,CONCENTRA GRP HLDGS PARENT INC
13752.0,CONE,CYRUSONE INC
25552.0,CONI,GRANITESHARES E T F TRUST
23314.0,CONL,GRANITESHARES E T F TRUST
89908.0,CONN,CONNS INC
20286.0,CONX,C O N X CORP
24132.0,CONY,TIDAL TRUST II
65541.0,COO,COOPER COMPANIES INC
21684.0,COOK,TRAEGER INC
90539.0,COOL,MAJESCO ENTERTAINMENT CO
90539.0,COOL,POLARITYTE INC
81593.0,COOP,MR COOPER GROUP INC
24939.0,COOT,AUSTRALIAN OILSEEDS HOLDINGS LTD
13928.0,COP,CONOCOPHILLIPS
25543.0,COPA,THEMES E T F TRUST
23718.0,COPJ,SPROTT FUNDS TRUST
24940.0,COPP,SPROTT FUNDS TRUST
93319.0,COPX,GLOBAL X FUNDS
25955.0,COPY,R B B FUND TRUST
12093.0,COR,CORESITE REALTY CORP
81540.0,COR,CENCORA INC
91018.0,CORE,CORE MARK HOLDING CO INC
14594.0,CORI,CORIUM INTERNATIONAL INC
93424.0,CORN,TEUCRIUM COMMODITY TRUST
25991.0,CORO,BLACKROCK E T F TRUST
12289.0,CORP,PIMCO E T F TRUST
91801.0,CORR,CORENERGY INFRASTRUCTURE TR INC
90125.0,CORT,CORCEPT THERAPEUTICS INC
90279.0,CORV,CORREVIO PHARMA CORP
25973.0,CORX,VOLATILITY SHARES TRUST
24698.0,CORZ,CORE SCIENTIFIC INC NEW
89567.0,COSI,COSI INC
22771.0,COSM,COSMOS HEALTH INC
87055.0,COST,COSTCO WHOLESALE CORP NEW
78763.0,COT,COTT CORP QUEBEC
16073.0,COTV,COTIVITI HOLDINGS INC
13983.0,COTY,COTY INC
16382.0,COUP,COUPA SOFTWARE INC
20681.0,COUR,COURSERA INC
20777.0,COVA,C O V A ACQUISITION CORP
14150.0,COVS,COVISINT CORP
23614.0,COWG,PACER FUNDS TRUST
93128.0,COWN,COWEN GROUP INC NEW
93128.0,COWN,COWEN INC
24260.0,COWS,AMPLIFY ETF TRUST
17571.0,COWZ,PACER FUNDS TRUST
23615.0,COYA,COYA THERAPEUTICS INC
15834.0,COYN,COPSYNC INC
89125.0,CP,CANADIAN PACIFIC RAILWAY LTD
89125.0,CP,CANADIAN PACIFIC KANSAS CITY LTD
91065.0,CPA,COPA HOLDINGS SA
16284.0,CPAA,CONYERS PARK ACQ CORP
18953.0,CPAA,CONYERS PARK II ACQ CORP
13206.0,CPAC,CEMENTOS PACASMAYO S A A
13521.0,CPAH,COUNTERPATH CORP
24562.0,CPAI,NORTHERN LIGHTS FUND TR III
12449.0,CPAY,CORPAY INC
25320.0,CPB,CAMPBELL SOUP CO
24471.0,CPBI,CENTRAL PLAINS BANCSHARES INC
80926.0,CPE,CALLON PETROLEUM CO DEL
13102.0,CPER,UNITED STATES CMDTY INDEX FDS TR
11628.0,CPF,CENTRAL PACIFIC FINANCIAL CORP
14379.0,CPG,CRESCENT POINT ENERGY CORP
15404.0,CPGX,COLUMBIA PIPELINE GROUP INC
81182.0,CPHC,CANTERBURY PARK HOLDING CORP
88331.0,CPHD,CEPHEID
93016.0,CPHI,CHINA PHARMA HOLDINGS INC
15061.0,CPHR,CIPHER PHARMACEUTICALS INC
93062.0,CPI,INDEXIQ E T F TRUST
23161.0,CPII,TIDAL E T F TRUST
93004.0,CPIX,CUMBERLAND PHARMACEUTICALS INC
23182.0,CPK,CHESAPEAKE UTILITIES CORP
90338.0,CPL,C P F L ENERGIA S A
91605.0,CPLA,CAPELLA EDUCATION CO
21402.0,CPLB,NEW YORK LIFE INV ACTIVE ETF TR
17789.0,CPLG,COREPOINT LODGING INC
91895.0,CPLP,CAPITAL PRODUCT PARTNERS L P
24645.0,CPLS,A B ACTIVE ETFS INC
92530.0,CPN,CALPINE CORP
20682.0,CPNG,COUPANG INC
25155.0,CPNJ,CALAMOS E T F TRUST
25878.0,CPNQ,CALAMOS E T F TRUST
25445.0,CPNS,CALAMOS E T F TRUST
21526.0,CPOP,POP CULTURE GROUP CO LTD
15192.0,CPPL,COLUMBIA PIPELINE PARTNERS LP
13142.0,CPRI,CAPRI HOLDINGS LTD
25257.0,CPRJ,CALAMOS E T F TRUST
25651.0,CPRO,CALAMOS E T F TRUST
80320.0,CPRT,COPART INC
91606.0,CPRX,CATALYST PHARMACEUTICALS INC
14185.0,CPS,COOPER STANDARD HOLDINGS INC
25366.0,CPSA,CALAMOS E T F TRUST
25879.0,CPSD,CALAMOS E T F TRUST
11511.0,CPSH,C P S TECHNOLOGIES CORP
89387.0,CPSI,COMPUTER PROGRAMS & SYSTEMS INC
25256.0,CPSJ,CALAMOS E T F TRUST
25442.0,CPSL,CALAMOS E T F TRUST
25071.0,CPSM,CALAMOS E T F TRUST
25775.0,CPSN,CALAMOS E T F TRUST
25642.0,CPSO,CALAMOS E T F TRUST
19586.0,CPSR,CAPSTAR SPECIAL PURPOSE ACQ CORP
78018.0,CPSS,CONSUMER PORTFOLIO SVCS INC
25446.0,CPST,CALAMOS E T F TRUST
88332.0,CPST,CAPSTONE TURBINE CORP
79452.0,CPT,CAMDEN PROPERTY TRUST
14151.0,CPTA,CAPITALA FINANCE CORP
20798.0,CPTN,CEPTON INC
20679.0,CPUH,COMPUTE HEALTH ACQ CORP
14305.0,CPXX,CELATOR PHARMACEUTICALS INC
14335.0,CQH,CHENIERE ENERGY PTNRS LP HLDGS
91850.0,CQP,CHENIERE ENERGY PARTNERS L P
17839.0,CQQQ,INVESCO E T F TRUST II
93151.0,CQQQ,CLAYMORE E T F TRUST 2
20204.0,CR,CRANE CO
20204.0,CR,CRANE HOLDINGS CO
23744.0,CR,CRANE CO NEW
85972.0,CRAI,C R A INTERNATIONAL INC
15626.0,CRAK,MARKET VECTORS E T F TRUST
15626.0,CRAK,VANECK VECTORS E T F TRUST
15626.0,CRAK,VANECK E T F TRUST
82287.0,CRAY,CRAY INC
23340.0,CRBG,COREBRIDGE FINANCIAL INC
15102.0,CRBN,ISHARES TRUST
15287.0,CRBP,CORBUS PHARMACEUTICALS HLD INC
93010.0,CRBQ,ALPS E T F TRUST
21707.0,CRBU,CARIBOU BIOSCIENCES INC
15029.0,CRC,CALIFORNIA RESOURCES CORP
20188.0,CRC,CALIFORNIA RESOURCES CORP
14378.0,CRCM,CARE COM INC
20658.0,CRCT,CRICUT INC
27618.0,CRD,CRAWFORD & CO
76274.0,CRD,CRAWFORD & CO
91088.0,CRDC,CARDICA INC
13411.0,CRDF,CARDIFF ONCOLOGY INC
21836.0,CRDL,CARDIOL THERAPEUTICS INC
22620.0,CRDO,CREDO TECHNOLOGY GROUP HLDG LTD
87310.0,CRDS,CROSSROADS SYSTEMS INC
13753.0,CRDT,WISDOMTREE TRUST
23980.0,CRDT,SIMPLIFY EXCHANGE TRADED FUNDS
23818.0,CRED,COLUMBIA E T F TRUST I
91701.0,CRED,ISHARES TRUST
78875.0,CREE,CREE INC
93302.0,CREG,CHINA RECYCLING ENERGY CORP
93302.0,CREG,SMART POWERR CORP
84603.0,CRESY,CRESUD S A C I F Y A
18255.0,CREX,CREATIVE REALITIES INC
57293.0,CRF,CORNERSTONE TOTAL RETURN FD INC
23014.0,CRGE,CHARGE ENTERPRISES INC
23666.0,CRGO,FREIGHTOS LTD
24509.0,CRGX,CARGO THERAPEUTICS INC
22423.0,CRGY,CRESCENT ENERGY CO
24294.0,CRH,C R H PLC NEW
75650.0,CRH,C R H PLC
15665.0,CRHM,C R H MEDICAL CORP
89876.0,CRI,CARTERS INC
88511.0,CRIS,CURIS INC
22935.0,CRIT,EXCHANGE TRADED CONCEPTS TR
11644.0,CRK,COMSTOCK RESOURCES INC
20422.0,CRKN,CROWN ELECTROKINETICS CORP
88281.0,CRL,CHARLES RIVER LABS INTL INC
90215.0,CRM,SALESFORCE COM INC
90215.0,CRM,SALESFORCE INC
93371.0,CRMD,CORMEDIX INC
90279.0,CRME,CARDIOME PHARMA CORP
24831.0,CRML,CRITICAL METALS CORP
11174.0,CRMT,AMERICAS CAR MART INC
18915.0,CRNC,CERENCE INC
88526.0,CRNT,CERAGON NETWORKS LTD
17959.0,CRNX,CRINETICS PHARMACEUTICALS INC
13513.0,CROC,PROSHARES TRUST II
17316.0,CRON,CRONOS GROUP INC
12624.0,CROP,INDEXIQ E T F TRUST
91090.0,CROX,CROCS INC
22006.0,CRPT,FIRST TRUST E T F VIII
83366.0,CRR,CARBO CERAMICS INC
20618.0,CRS,CARPENTER TECHNOLOGY CORP
18549.0,CRSA,CRESCENT ACQUISITION CORP
25127.0,CRSH,TIDAL TRUST II
16383.0,CRSP,C R I S P R THERAPEUTICS AG
19822.0,CRSR,CORSAIR GAMING INC
77369.0,CRT,CROSS TIMBERS ROYALTY TRUST
24542.0,CRTC,D B X ETF TRUST
19823.0,CRTD,CREATD INC
87424.0,CRTN,CARTESIAN INC
14240.0,CRTO,CRITEO S A
18648.0,CRTX,CORTEXYME INC
75603.0,CRUS,CIRRUS LOGIC INC
21382.0,CRUZ,E T F SERIES SOLUTIONS
76721.0,CRVL,CORVEL CORP
86536.0,CRVO,CERVOMED INC
78216.0,CRVP,CRYSTAL ROCK HOLDINGS INC
15960.0,CRVS,CORVUS PHARMACEUTICALS INC
18726.0,CRWD,CROWDSTRIKE HOLDINGS INC
25809.0,CRWL,GRANITESHARES E T F TRUST
88246.0,CRWN,CROWN MEDIA HOLDINGS INC
59256.0,CRWS,CROWN CRAFTS INC
20577.0,CRXT,CLARUS THERAPEUTICS HOLDINGS INC
78876.0,CRY,CRYOLIFE INC
22979.0,CRYP,ADVISORSHARES TRUST
85280.0,CRZO,CARRIZO OIL & GAS INC
89154.0,CS,CREDIT SUISSE GROUP
15503.0,CSA,VICTORY PORTFOLIOS II
15279.0,CSAL,COMMS SALES & LEASING INC
20680.0,CSAN,COSAN S A
15504.0,CSB,VICTORY PORTFOLIOS II
90080.0,CSBK,CLIFTON BANCORP INC
12146.0,CSBR,CHAMPIONS ONCOLOGY INC
40125.0,CSC,COMPUTER SCIENCES CORP
90478.0,CSCD,CASCADE MICROTECH INC
88240.0,CSCI,COSCIENS BIOPHARMA INC
76076.0,CSCO,CISCO SYSTEMS INC
93126.0,CSCW,COLOR STAR TECHNOLOGY CO LTD
17754.0,CSD,INVESCO E T F TRUST
91631.0,CSD,CLAYMORE E T F TRUST
14863.0,CSF,VICTORY PORTFOLIOS II
88908.0,CSFL,CENTERSTATE BANKS INC
88908.0,CSFL,CENTERSTATE BANK CORP
86288.0,CSGP,COSTAR GROUP INC
83124.0,CSGS,C S G SYSTEMS INTERNATIONAL INC
22855.0,CSH,LISTED FUNDS TRUST
75215.0,CSH,CASH AMERICA INTERNATIONAL INC
23298.0,CSHI,S H P E T F TRUST
23298.0,CSHI,NEOS ETF TRUST
25255.0,CSHP,BLACKROCK E T F TRUST
54228.0,CSI,CUTWATER SELECT INCOME FD
91365.0,CSII,CARDIOVASCULAR SYSTEMS INC DEL
91607.0,CSIQ,CANADIAN SOLAR INC
91703.0,CSJ,ISHARES TRUST
27334.0,CSL,CARLISLE COMPANIES
20990.0,CSLR,COMPLETE SOLARIA INC
14502.0,CSLT,CASTLIGHT HEALTH INC
92977.0,CSM,PROSHARES TRUST
24167.0,CSMD,PROFESSIONALLY MANAGED PORTFOLIO
16702.0,CSML,INDEXIQ E T F TRUST
12639.0,CSOD,CORNERSTONE ONDEMAND INC
20336.0,CSPI,C S P INC
19202.0,CSPR,CASPER SLEEP INC
90063.0,CSQ,CALAMOS STRATEGIC TOT RETURN FD
85472.0,CSR,CENTERSPACE
15797.0,CSRA,C S R A INC
67838.0,CSS,C S S INDUSTRIES INC
16883.0,CSSE,CHICKEN SOUP FOR SOUL ENTMT INC
13831.0,CST,C S T BRANDS INC
13321.0,CSTE,CAESARSTONE SDOT YAM LTD
18832.0,CSTL,CASTLE BIOSCIENCES INC
13917.0,CSTM,CONSTELLIUM N V
13917.0,CSTM,CONSTELLIUM S E
16285.0,CSTR,CAPSTAR FINANCIAL HOLDINGS INC
85419.0,CSU,CAPITAL SENIOR LIVING CORP
92036.0,CSUN,CHINA SUNERGY CO LTD
83856.0,CSV,CARRIAGE SERVICES INC
21259.0,CSWC,CAPITAL SOUTHWEST CORP
15651.0,CSWI,C S W INDUSTRIAL INC
62148.0,CSX,C S X CORP
22958.0,CTA,SIMPLIFY EXCHANGE TRADED FUNDS
18192.0,CTAC,CHASERG TECHNOLOGY ACQ CORP
23660.0,CTAS,CINTAS CORP
27430.0,CTB,COOPER TIRE & RUBBER CO
11844.0,CTBI,COMMUNITY TRUST BANCORP INC
91350.0,CTCM,C T C MEDIA INC
21908.0,CTCX,CARMELL CORP
19957.0,CTEC,GLOBAL X FUNDS
16915.0,CTEK,CYNERGISTEK INC
22051.0,CTEX,PROSHARES TRUST
26084.0,CTG,COMPUTER TASK GROUP INC
22369.0,CTGO,CONTANGO ORE INC
85539.0,CTHR,CHARLES & COLVARD LTD
85540.0,CTIB,C T I INDUSTRIES CORP
85540.0,CTIB,YUNHONG CTI LTD
84604.0,CTIC,C T I BIOPHARMA CORP
18071.0,CTK,COOTEK CAYMEN INC
21606.0,CTKB,CYTEK BIOSCIENCES INC
60599.0,CTL,CENTURYLINK INC
91910.0,CTLP,CANTALOUPE INC
14763.0,CTLT,CATALENT INC
23466.0,CTM,CASTELLUM INC
15779.0,CTMX,CYTOMX THERAPEUTICS INC
25017.0,CTNM,CONTINEUM THERAPEUTICS INC
24092.0,CTNT,CHEETAH NET SUPPLY CHAIN SERV IN
26650.0,CTO,CONSOLIDATED TOMOKA LAND CO
26650.0,CTO,C T O REALTY GROWTH INC
26650.0,CTO,C T O REALTY GROWTH INC NEW
23629.0,CTOR,CITIUS ONCOLOGY INC
17032.0,CTOS,CUSTOM TRUCK ONE SOURCE INC
18224.0,CTRA,CONTURA ENERGY INC
76082.0,CTRA,COTERRA ENERGY INC
76858.0,CTRC,CENTRIC BRANDS INC
14651.0,CTRE,CARETRUST REIT INC
24966.0,CTRI,CENTURI HOLDINGS INC
14095.0,CTRL,CONTROL4 CORP
18399.0,CTRM,CASTOR MARITIME INC
90706.0,CTRN,CITI TRENDS INC
89927.0,CTRP,CTRIP COM INTL LTD
22432.0,CTRU,ARK E T F TRUST
15219.0,CTRV,CONTRAVIR PHARMACEUTICALS INC
28564.0,CTS,C T S CORP
86158.0,CTSH,COGNIZANT TECHNOLOGY SOLS CORP
15127.0,CTSO,CYTOSORBENTS CORP
14334.0,CTT,CATCHMARK TIMBER TRUST INC
20996.0,CTV,INNOVID CORP
18592.0,CTVA,CORTEVA INC
26463.0,CTWS,CONNECTICUT WATER SERVICE INC
16857.0,CTXR,CITIUS PHARMACEUTICALS INC
82686.0,CTXS,CITRIX SYSTEMS INC
31077.0,CUB,CUBIC CORP
80520.0,CUBA,HERZFELD CARIBBEAN BASIN FD INC
90396.0,CUBE,CUBESMART
13921.0,CUBI,CUSTOMERS BANCORP INC
15505.0,CUBN,COMMERCE UNION BANCSHARES INC
21391.0,CUBS,EXCHANGE LISTED FUNDS TRUST
14271.0,CUDA,BARRACUDA NETWORKS INC
17262.0,CUE,CUE BIOPHARMA INC
20587.0,CUEN,CUENTAS INC
13265.0,CUI,C U I GLOBAL INC
89728.0,CUK,CARNIVAL PLC
21708.0,CULL,CULLMAN BANCORP INC
27909.0,CULP,CULP INC
16551.0,CUMB,ETFIS SERIES TRUST I
13640.0,CUNB,C U BANCORP NEW
30840.0,CUO,CONTINENTAL MATERIALS CORP
92252.0,CUR,NEURALSTEM INC
25437.0,CURB,CURBLINE PROPERTIES CORP
12852.0,CURE,DIREXION SHARES E T F TRUST
19197.0,CURI,CURIOSITYSTREAM INC
17178.0,CURO,CURO GROUP HOLDINGS CORP
22748.0,CURR,CURRENC GROUP INC
21683.0,CURV,TORRID HOLDINGS INC
17713.0,CUT,INVESCO E T F TRUST II
92387.0,CUT,CLAYMORE E T F TRUST 2
90081.0,CUTR,CUTERA INC
27511.0,CUZ,COUSINS PROPERTIES INC
76515.0,CVA,COVANTA HOLDING CORP
19623.0,CVAC,CUREVAC N V
22459.0,CVAR,E T F OPPORTUNITIES TRUST
20395.0,CVBF,C V B FINANCIAL CORP
68857.0,CVC,CABLEVISION SYSTEMS CORP
89792.0,CVCO,CAVCO INDUSTRIES INC DEL
90082.0,CVCY,CENTRAL VALLEY COMM BANCORP
93094.0,CVE,CENOVUS ENERGY INC
14619.0,CVEO,CIVEO CORP NEW
18327.0,CVET,COVETRUS INC
86305.0,CVG,CONVERGYS CORP
90314.0,CVGI,COMMERCIAL VEHICLE GROUP INC
89447.0,CVGW,CALAVO GROWERS INC
92326.0,CVI,C V R ENERGY
17796.0,CVIA,COVIA HOLDINGS CORP
23700.0,CVIE,MORGAN STANLEY E T F TRUST
20915.0,CVII,CHURCHILL CAPITAL CORP VII
23669.0,CVKD,CADRENAL THERAPEUTICS INC
20287.0,CVLB,CONVERSION LABS INC
23701.0,CVLC,MORGAN STANLEY E T F TRUST
80969.0,CVLG,COVENANT LOGISTICS GROUP INC
91463.0,CVLT,COMMVAULT SYSTEMS INC
84725.0,CVLY,CODORUS VALLEY BANCORP INC
44813.0,CVM,CEL SCI CORP
23703.0,CVMC,MORGAN STANLEY E T F TRUST
16655.0,CVNA,CARVANA CO
82266.0,CVO,CENVEO INC
30509.0,CVR,CHICAGO RIVET & MACH CO
24165.0,CVRD,MADISON E T F S TRUST
13740.0,CVRR,C V R REFINING LP
15344.0,CVRS,CORINDUS VASCULAR ROBOTICS INC
24384.0,CVRT,CALAMOS E T F TRUST
21527.0,CVRX,CVRX INC
17005.0,CVS,C V S HEALTH CORP
23707.0,CVSB,MORGAN STANLEY E T F TRUST
23706.0,CVSE,MORGAN STANLEY E T F TRUST
15099.0,CVSL,C V S L INC
14063.0,CVT,CVENT INC
20142.0,CVT,CVENT HOLDING CORP
80969.0,CVTI,COVENANT TRANSPORTATION GRP INC
77900.0,CVU,C P I AEROSTRUCTURES INC
86290.0,CVV,C V D EQUIPMENT CORP
14541.0,CVX,CHEVRON CORP NEW
17732.0,CVY,INVESCO E T F TRUST
91445.0,CVY,CLAYMORE E T F TRUST
18091.0,CW,CURTISS WRIGHT CORP
17609.0,CWAI,STRONGVEST ETF TRUST
21898.0,CWAN,CLEARWATER ANALYTICS HLDGS INC
14425.0,CWAY,COASTWAY BANCORP INC
92914.0,CWB,SPDR SERIES TRUST
84215.0,CWBC,COMMUNITY WEST BANCSHARES
90082.0,CWBC,COMMUNITY WEST BANCSHARES NEW
17139.0,CWBR,COHBAR INC
81610.0,CWCO,CONSOLIDATED WATER CO LTD
23883.0,CWD,CALIBERCOS INC
16480.0,CWEB,DIREXION SHARES E T F TRUST
79159.0,CWEI,CLAYTON WILLIAMS ENERGY INC
14030.0,CWEN,CLEARWAY ENERGY INC
15332.0,CWEN,CLEARWAY ENERGY INC
16437.0,CWH,CAMPING WORLD HOLDINGS INC
91723.0,CWI,SPDR INDEX SHARES FUNDS
18012.0,CWK,CUSHMAN & WAKEFIELD PLC
16312.0,CWS,ADVISORSHARES TRUST
85464.0,CWST,CASELLA WASTE SYSTEMS INC
20750.0,CWT,CALIFORNIA WATER SERVICE GROUP
87204.0,CX,CEMEX S A B DE C V
92359.0,CXA,SPDR SERIES TRUST
20607.0,CXAI,CXAPP INC
93130.0,CXDC,CHINA X D PLASTICS CO LTD
87404.0,CXDO,CREXENDO INC
75455.0,CXE,M F S HIGH INCOME MUNICIPAL TR
75623.0,CXH,M F S INVESTMENT GRADE MUNI TR
21353.0,CXM,SPRINKLR INC
92239.0,CXO,CONCHO RESOURCES INC
14184.0,CXP,COLUMBIA PROPERTY TRUST INC
25934.0,CXRN,LISTED FUNDS TRUST
15418.0,CXRX,CONCORDIA HEALTHCARE CORP
15418.0,CXRX,CONCORDIA INTERNATIONAL CORP
20204.0,CXT,CRANE N X T CO
85234.0,CXW,CORRECTIONS CORP AMERICA NEW
85234.0,CXW,CORECIVIC INC
10302.0,CY,CYPRESS SEMICONDUCTOR CORP
22053.0,CYA,SIMPLIFY EXCHANGE TRADED FUNDS
15419.0,CYAD,CELYAD SA
15419.0,CYAD,CELYAD ONCOLOGY SA
10661.0,CYAN,CYANOTECH CORP
92675.0,CYB,WISDOMTREE TRUST
11825.0,CYBE,CYBEROPTICS CORP
21799.0,CYBN,CYBIN INC
14928.0,CYBR,CYBERARK SOFTWARE LTD
78881.0,CYBX,CYBERONICS INC
90098.0,CYCC,CYCLACEL PHARMACEUTICALS INC
18427.0,CYCN,CYCLERION THERAPEUTICS INC
81134.0,CYD,CHINA YUCHAI INTERNATIONAL LTD
88284.0,CYH,COMMUNITY HEALTH SYS INC NEW
22200.0,CYN,CYNGN INC
15420.0,CYNA,CYNAPSUS THERAPEUTICS INC
91020.0,CYNO,CYNOSURE INC
92918.0,CYOU,CHANGYOU COM LTD
87061.0,CYRN,CYREN LTD
15506.0,CYRX,CRYOPORT INC
92945.0,CYS,C Y S INVESTMENTS INC
21528.0,CYT,CYTEIR THERAPEUTICS INC
20288.0,CYTH,CYCLO THERAPEUTICS INC
90126.0,CYTK,CYTOKINETICS INC
14865.0,CYTO,ALTAMIRA THERAPEUTICS LTD
10838.0,CYTR,CYTRX CORP
91021.0,CYTX,CYTORI THERAPEUTICS INC
20172.0,CYXT,CYXTERA TECHNOLOGIES INC
17722.0,CZA,INVESCO E T F TRUST
91916.0,CZA,CLAYMORE E T F TRUST
24646.0,CZAR,THEMES E T F TRUST
91608.0,CZFC,CITIZENS FIRST CORP
23179.0,CZFS,CITIZENS FINANCIAL SERVICES INC
90534.0,CZNC,CITIZENS & NORTHERN CORP
21794.0,CZOO,CAZOO GROUP LTD
13267.0,CZR,CAESARS ENTERTAINMENT CORP
14882.0,CZR,CAESARS ENTERTAINMENT INC DE
91609.0,CZWI,CITIZENS CMNTY BANCORP INC MD
92259.0,CZZ,COSAN LTD
64936.0,D,DOMINION RESOURCES INC VA NEW
64936.0,D,DOMINION ENERGY INC
91560.0,DAC,DANAOS CORP
19470.0,DADA,DADA NEXUS LTD
83704.0,DAEG,DAEGIS INC
28629.0,DAIO,DATA I O CORP
14717.0,DAKP,DAKOTA PLAINS HOLDINGS INC
80233.0,DAKT,DAKTRONICS INC
91926.0,DAL,DELTA AIR LINES INC
17810.0,DALI,FIRST TRUST E T F VI
92528.0,DALN,DALLASNEWS CORP
17614.0,DALT,TWO ROADS SHARED TRUST
22893.0,DAM,VANECK E T F TRUST
92570.0,DAN,DANA HOLDING CORP
92570.0,DAN,DANA INC
12444.0,DANG,E COMMERCE CHINA DANGDANG INC
18994.0,DAO,YOUDAO INC
21032.0,DAPP,VANECK E T F TRUST
20928.0,DAPR,FIRST TRUST E T F VIII
80928.0,DAR,DARLING INGREDIENTS INC
14591.0,DARE,DARE BIOSCIENCE INC
24137.0,DARP,TIDAL TRUST II
20189.0,DASH,DOORDASH INC
22049.0,DAT,PROSHARES TRUST
13914.0,DATA,TABLEAU SOFTWARE INC
12791.0,DATE,JIAYUAN COM INTERNATIONAL LTD
21837.0,DATS,DATCHAT INC
19048.0,DAUG,FIRST TRUST E T F VIII
17984.0,DAVA,ENDAVA PLC
20975.0,DAVE,DAVE INC
84203.0,DAVE,FAMOUS DAVES OF AMERICA INC
21262.0,DAWN,DAY ONE BIOPHARMACEUTICALS INC
15001.0,DAX,RECON CAPITAL SERIES TRUST
15001.0,DAX,HORIZONS E T F TR I
18304.0,DAX,GLOBAL X FUNDS
17700.0,DAY,DAYFORCE INC
89199.0,DB,DEUTSCHE BANK A G
91712.0,DBA,POWERSHARES DB MULTI SECT COM TR
91712.0,DBA,INVESCO DB MULTI SECT COM TR
14186.0,DBAP,D B X ETF TRUST
15603.0,DBAU,D B X ETF TRUST
14385.0,DBAW,D B X ETF TRUST
91715.0,DBB,POWERSHARES DB MULTI SECT COM TR
91715.0,DBB,INVESCO DB MULTI SECT COM TR
12843.0,DBBR,D B X ETF TRUST
91129.0,DBC,POWERSHARES D B COMM IDX TRK FD
91129.0,DBC,INVESCO D B COMM IDX TRK FD
24090.0,DBD,DIEBOLD NIXDORF INC
40440.0,DBD,DIEBOLD INC
40440.0,DBD,DIEBOLD NIXDORF INC
20138.0,DBDR,ROMAN D B D R TECH ACQ CORP
91709.0,DBE,POWERSHARES DB MULTI SECT COM TR
91709.0,DBE,INVESCO DB MULTI SECT COM TR
12842.0,DBEF,D B X ETF TRUST
19112.0,DBEH,MANAGER DIRECTED PORTFOLIOS
22037.0,DBEH,LITMAN GREGORY FUNDS TRUST
12841.0,DBEM,D B X ETF TRUST
15604.0,DBES,D B X ETF TRUST
14187.0,DBEU,D B X ETF TRUST
15101.0,DBEZ,D B X ETF TRUST
21280.0,DBGI,DIGITAL BRANDS GROUP INC
12844.0,DBGR,D B X ETF TRUST
90751.0,DBI,DESIGNER BRANDS INC
15307.0,DBIF,D B X ETF TRUST
15601.0,DBIT,D B X ETF TRUST
20369.0,DBJA,INNOVATOR E T F S TRUST
12847.0,DBJP,D B X ETF TRUST
14384.0,DBKO,D B X ETF TRUST
13176.0,DBL,DOUBLELINE OPPORTUN CREDIT FUND
13016.0,DBLV,ADVISORSHARES TRUST
18708.0,DBMF,MANAGER DIRECTED PORTFOLIOS
22036.0,DBMF,LITMAN GREGORY FUNDS TRUST
14383.0,DBMX,D B X ETF TRUST
91559.0,DBN,WISDOMTREE TRUST
22985.0,DBND,DOUBLELINE E T F TRUST
91713.0,DBO,POWERSHARES DB MULTI SECT COM TR
91713.0,DBO,INVESCO DB MULTI SECT COM TR
91710.0,DBP,POWERSHARES DB MULTI SECT COM TR
91710.0,DBP,INVESCO DB MULTI SECT COM TR
15308.0,DBRE,D B X ETF TRUST
14686.0,DBRG,DIGITALBRIDGE GROUP INC
91711.0,DBS,POWERSHARES DB MULTI SECT COM TR
91711.0,DBS,INVESCO DB MULTI SECT COM TR
15602.0,DBSE,D B X ETF TRUST
15600.0,DBSP,D B X ETF TRUST
20588.0,DBTX,DECIBEL THERAPEUTICS INC
91549.0,DBU,WISDOMTREE TRUST
14188.0,DBUK,D B X ETF TRUST
91458.0,DBV,POWERSHARES E T F TRUST
91458.0,DBV,INVESCO D B G10 CURR HARVEST FND
15002.0,DBVT,D B V TECHNOLOGIES S A
17342.0,DBX,DROPBOX INC
22995.0,DC,DAKOTA GOLD CORP
90549.0,DCA,VIRTUS TOTAL RETURN FUND
25330.0,DCAP,TIDAL TRUST III
90640.0,DCAR,DROPCAR INC
20289.0,DCBO,DOCEBO INC
22643.0,DCFC,TRITIUM D C F C LTD
20307.0,DCGO,DOCGO INC
61313.0,DCI,DONALDSON INC
12500.0,DCIX,DIANA CONTAINERSHIPS INC
12500.0,DCIX,PERFORMANCE SHIPPING INC
89335.0,DCM,N T T DOCOMO INC
23822.0,DCMB,DOUBLELINE E T F TRUST
24841.0,DCMT,DOUBLELINE E T F TRUST
63132.0,DCO,DUCOMMUN INC DE
83815.0,DCOM,DIME COMMUNITY BANCSHARES INC
92716.0,DCOM,DIME COMMUNITY BANCSHRS INC NEW
24196.0,DCOR,DIMENSIONAL E T F TRUST
91044.0,DCP,D C P MIDSTREAM LP
16924.0,DCPH,DECIPHERA PHARMACEUTICALS INC
23822.0,DCRE,DOUBLELINE E T F TRUST
20778.0,DCRN,DECARBONIZATION PL ACQ CORP II
19578.0,DCT,DUCK CREEK TECHNOLOGIES INC
91635.0,DCT,D C T INDUSTRIAL TRUST INC
89169.0,DCTH,DELCATH SYSTEMS INC
11703.0,DD,DU PONT E I DE NEMOURS & CO
16851.0,DD,DUPONT DE NEMOURS INC
15900.0,DDBI,LEGG MASON ETF EQUITY TR
15900.0,DDBI,LEGG MASON ETF INVESTMENT TR
24517.0,DDC,DDC ENTERPRISE LTD
78701.0,DDC,DOMINION DIAMOND CORP
78664.0,DDD,3 D SYSTEMS CORP DEL
89332.0,DDE,DOVER DOWNS GAMING & ENTMT INC
20219.0,DDEC,FIRST TRUST E T F VIII
17632.0,DDEZ,WISDOMTREE TRUST
79036.0,DDF,DELAWARE INVESTMENTS DIV & INCM
92699.0,DDG,PROSHARES TRUST
14549.0,DDIV,FIRST TRUST E T F VI
17635.0,DDJP,WISDOMTREE TRUST
21379.0,DDL,DINGDONG CAYMAN LTD
17634.0,DDLS,WISDOMTREE TRUST
91309.0,DDM,PROSHARES TRUST
18193.0,DDMX,D D 3 ACQUISITION CORP
18911.0,DDOG,DATADOG INC
78927.0,DDR,D D R CORP
49429.0,DDS,DILLARDS INC
17633.0,DDWM,WISDOMTREE TRUST
19350.0,DE,DEERE & CO
15194.0,DEA,EASTERLY GOVERNMENT PPTYS INC
18835.0,DEAC,DIAMOND EAGLE ACQUISITION CORP
24632.0,DEC,DIVERSIFIED ENERGY CO PLC
79686.0,DECK,DECKERS OUTDOOR CORP
25920.0,DECM,FIRST TRUST E T F VIII
25553.0,DECO,SSGA ACTIVE TRUST
25104.0,DECP,P G I M ROCK ETF TRUST
23573.0,DECT,A I M E T F PRODUCTS TRUST
25880.0,DECU,A I M E T F PRODUCTS TRUST
23572.0,DECW,A I M E T F PRODUCTS TRUST
20233.0,DECZ,LISTED FUNDS TRUST
19336.0,DEED,FIRST TRUST E T F VIII
15815.0,DEEF,D B X ETF TRUST
14900.0,DEEP,E T F SERIES SOLUTIONS
17764.0,DEF,INVESCO ET SELF INDEX FD TR
91634.0,DEF,CLAYMORE E T F TRUST
17504.0,DEFA,ISHARES TRUST
23386.0,DEFI,TEUCRIUM COMMODITY TRUST
24797.0,DEFI,TIDAL COMMODITIES TRUST I
20076.0,DEFN,EMLES TRUST
88958.0,DEG,ETABLISSEMENTS DELHAIZE FRER S A
19803.0,DEH,D8 HOLDINGS CORP
22982.0,DEHP,DIMENSIONAL E T F TRUST
91519.0,DEI,DOUGLAS EMMETT INC
22482.0,DEIF,NORTHERN LIGHTS FUND TR IV
84365.0,DEL,DELTIC TIMBER CORP
18267.0,DELL,DELL TECHNOLOGIES INC
15423.0,DELT,DELTA TECHNOLOGY HOLDINGS LTD
92189.0,DEM,WISDOMTREE TRUST
16026.0,DEMG,D B X ETF TRUST
17387.0,DEMS,ACTIVE WEIGHTING FUNDS ETF TR
20139.0,DEMZ,ADVISORS INNER CIRCLE FUND III
19752.0,DEN,DENBURY INC
85726.0,DENN,DENNYS CORP
76592.0,DEO,DIAGEO PLC
85686.0,DEPO,DEPOMED INC
15003.0,DERM,DERMIRA INC
22296.0,DERM,JOURNEY MEDICAL CORP
91330.0,DES,WISDOMTREE TRUST
16124.0,DESC,D B X ETF TRUST
24245.0,DESK,VANECK E T F TRUST
16963.0,DESP,DESPEGAR COM CORP
78990.0,DEST,DESTINATION MATERNITY CORP
15814.0,DEUS,D B X ETF TRUST
91344.0,DEW,WISDOMTREE TRUST
17503.0,DEWJ,ISHARES TRUST
92120.0,DEX,DELAWARE ENHANCED GLBL DIV & INC
25818.0,DEXC,DIMENSIONAL E T F TRUST
17505.0,DEZU,ISHARES TRUST
83421.0,DF,DEAN FOODS CO NEW
21378.0,DFAC,DIMENSIONAL E T F TRUST
20210.0,DFAE,DIMENSIONAL E T F TRUST
20074.0,DFAI,DIMENSIONAL E T F TRUST
22837.0,DFAR,DIMENSIONAL E T F TRUST
21376.0,DFAS,DIMENSIONAL E T F TRUST
21377.0,DFAT,DIMENSIONAL E T F TRUST
20073.0,DFAU,DIMENSIONAL E T F TRUST
24195.0,DFAW,DIMENSIONAL E T F TRUST
21997.0,DFAX,DIMENSIONAL E T F TRUST
76858.0,DFBG,DIFFERENTIAL BRANDS GROUP INC
17684.0,DFBH,DFB HEALTHCARE ACQUISITIONS CORP
23955.0,DFCA,DIMENSIONAL E T F TRUST
22376.0,DFCF,DIMENSIONAL E T F TRUST
91343.0,DFE,WISDOMTREE TRUST
19215.0,DFEB,FIRST TRUST E T F VIII
22980.0,DFEM,DIMENSIONAL E T F TRUST
16741.0,DFEN,DIREXION SHARES E T F TRUST
22981.0,DFEV,DIMENSIONAL E T F TRUST
86536.0,DFFN,DIFFUSION PHARMACEUTICALS INC
24500.0,DFGP,DIMENSIONAL E T F TRUST
23575.0,DFGR,DIMENSIONAL E T F TRUST
24501.0,DFGX,DIMENSIONAL E T F TRUST
20344.0,DFH,DREAM FINDERS HOMES INC
20261.0,DFHY,TRIMTABS ETF TRUST
22932.0,DFIC,DIMENSIONAL E T F TRUST
16277.0,DFIN,DONNELLEY FINANCIAL SOL INC
22372.0,DFIP,DIMENSIONAL E T F TRUST
22930.0,DFIS,DIMENSIONAL E T F TRUST
21994.0,DFIV,DIMENSIONAL E T F TRUST
91340.0,DFJ,WISDOMTREE TRUST
21835.0,DFLI,DRAGONFLY ENERGY HOLDINGS CORP
23576.0,DFLV,DIMENSIONAL E T F TRUST
17605.0,DFND,REALITY SHARES E T F TR
20105.0,DFND,SIREN E T F TRUST
16565.0,DFNL,DAVIS FUNDAMENTAL ETF TRUST
22371.0,DFNM,DIMENSIONAL E T F TRUST
19295.0,DFNS,LGL SYSTEMS ACQUISITION CORP
20260.0,DFNV,TRIMTABS ETF TRUST
13898.0,DFP,FLAHERTY & CRUM DYN PFD & INC FD
19397.0,DFPH,DFP HEALTHCARE ACQUISITIONS CORP
22493.0,DFRA,TRIMTABS ETF TRUST
13524.0,DFRG,DEL FRISCOS RESTAURANT GROUP INC
92121.0,DFS,DISCOVER FINANCIAL SERVICES
23539.0,DFSB,DIMENSIONAL E T F TRUST
22375.0,DFSD,DIMENSIONAL E T F TRUST
23540.0,DFSE,DIMENSIONAL E T F TRUST
23541.0,DFSI,DIMENSIONAL E T F TRUST
23542.0,DFSU,DIMENSIONAL E T F TRUST
22836.0,DFSV,DIMENSIONAL E T F TRUST
92331.0,DFT,DUPONT FABROS TECHNOLOGY INC
21375.0,DFUS,DIMENSIONAL E T F TRUST
23075.0,DFUV,DIMENSIONAL E T F TRUST
24842.0,DFVE,DOUBLELINE E T F TRUST
24522.0,DFVX,DIMENSIONAL E T F TRUST
93096.0,DG,DOLLAR GENERAL CORP NEW
29285.0,DGAS,DELTA NATURAL GAS INC
24502.0,DGCB,DIMENSIONAL E T F TRUST
22297.0,DGHI,DIGIHOST TECHNOLOGY INC
92924.0,DGI,DIGITALGLOBE INC
88963.0,DGICA,DONEGAL GROUP INC
11748.0,DGICB,DONEGAL GROUP INC
75831.0,DGII,DIGI INTERNATIONAL INC
22871.0,DGIN,VANECK E T F TRUST
91714.0,DGL,POWERSHARES DB MULTI SECT COM TR
91714.0,DGL,INVESCO DB MULTI SECT COM TR
92521.0,DGLY,DIGITAL ALLY INC
92521.0,DGLY,DIGITAL ALLY INC NEW
19930.0,DGNR,DRAGONEER GROWTH OPP CORP
20142.0,DGNS,DRAGONEER GROWTH OPP CORP II
14096.0,DGRE,WISDOMTREE TRUST
14725.0,DGRO,ISHARES TRUST
14047.0,DGRS,WISDOMTREE TRUST
13922.0,DGRW,WISDOMTREE TRUST
92377.0,DGS,WISDOMTREE TRUST
10028.0,DGSE,D G S E COMPANIES INC
88609.0,DGT,SPDR SERIES TRUST
84373.0,DGX,QUEST DIAGNOSTICS INC
21891.0,DH,DEFINITIVE HEALTHCARE CORP
22539.0,DHAC,DIGITAL HEALTH ACQUISITION CORP
22888.0,DHAI,DIH HOLDINGS US INC
87289.0,DHC,DIVERSIFIED HEALTHCARE TRUST
21034.0,DHCA,D H C ACQUISITION CORP
17644.0,DHDG,WISDOMTREE TRUST
25681.0,DHDG,FIRST TRUST E T F VIII
85942.0,DHF,DREYFUS HIGH YIELD STRATEGIES FD
85942.0,DHF,B N Y MELLON HIGH YIELD STRAT FD
91568.0,DHG,DEUTSCHE HIGH INCOME OPP FD INC
20780.0,DHHC,DIAMONDHEAD HOLDINGS CORP
77661.0,DHI,D R HORTON INC
86818.0,DHIL,DIAMOND HILL INVESTMENT GRP INC
49680.0,DHR,DANAHER CORP
93350.0,DHRM,DEHAIER MEDICAL SYSTEMS LTD
91325.0,DHS,WISDOMTREE TRUST
90943.0,DHT,D H T HOLDINGS INC
15350.0,DHVW,E T F SERIES SOLUTIONS
92172.0,DHX,D H I GROUP INC
15424.0,DHXM,D H X MEDIA LTD
86222.0,DHY,CREDIT SUISSE HIGH YIELD BOND FD
14405.0,DI,PIMCO E T F TRUST
85765.0,DIA,SPDR DOW JONES IND AVG ETF TRUST
17003.0,DIAL,COLUMBIA E T F TRUST I
15109.0,DIAX,NUVEEN DOW 30 DYNAMIC OVERWR FD
21529.0,DIBS,1STDIBS COM INC
21926.0,DICE,DICE THERAPEUTICS INC
21374.0,DIDI,DIDI GLOBAL INC
16131.0,DIEM,FRANKLIN TEMPLETON E T F TRUST
91792.0,DIG,PROSHARES TRUST
22929.0,DIHP,DIMENSIONAL E T F TRUST
91333.0,DIM,WISDOMTREE TRUST
76732.0,DIN,DINEEQUITY INC
76732.0,DIN,DINE BRANDS GLOBAL INC
32803.0,DINO,H F SINCLAIR CORP
17353.0,DINT,DAVIS FUNDAMENTAL ETF TRUST
44943.0,DIOD,DIODES INC
23577.0,DIP,E T F SERIES SOLUTIONS
25318.0,DIPS,TIDAL TRUST II
26403.0,DIS,DISNEY WALT CO
90805.0,DISCA,DISCOVERY COMMUNICATIONS INC
90805.0,DISCA,DISCOVERY INC
90806.0,DISCB,DISCOVERY COMMUNICATIONS INC
90806.0,DISCB,DISCOVERY INC
92778.0,DISCK,DISCOVERY COMMUNICATIONS INC
92778.0,DISCK,DISCOVERY INC
81696.0,DISH,DISH NETWORK CORP
24136.0,DISO,TIDAL TRUST II
22931.0,DISV,DIMENSIONAL E T F TRUST
82171.0,DIT,AMCON DISTRIBUTING CO
13810.0,DIV,GLOBAL X FUNDS
15156.0,DIVA,F Q F TRUST
15156.0,DIVA,A G F INVESTMENTS TRUST
17518.0,DIVB,ISHARES TRUST
23407.0,DIVD,E A SERIES TRUST
24612.0,DIVG,INVESCO E T F TRUST II
14758.0,DIVI,ADVISORSHARES TRUST
16130.0,DIVI,FRANKLIN TEMPLETON E T F TRUST
24155.0,DIVL,MADISON E T F S TRUST
17395.0,DIVO,AMPLIFY ETF TRUST
24879.0,DIVP,ADVISORS INNER CIRCLE FUND II
20701.0,DIVS,GUINNESS ATKINSON FUNDS
15112.0,DIVY,REALITY SHARES E T F TR
20256.0,DIVY,TIDAL E T F TRUST
20375.0,DIVZ,LISTED FUNDS TRUST
10355.0,DJCO,DAILY JOURNAL CORP
15880.0,DJD,CLAYMORE E T F TRUST
17720.0,DJD,INVESCO E T F TRUST
22845.0,DJIA,GLOBAL X FUNDS
21927.0,DJT,TRUMP MEDIA & TECH GRP CORP
19516.0,DJUL,FIRST TRUST E T F VIII
19428.0,DJUN,FIRST TRUST E T F VIII
91215.0,DK,DELEK U S HOLDINGS INC
91215.0,DK,DELEK U S HOLDINGS INC NEW
21532.0,DKDCA,DATA KNIGHTS ACQUISITION CORP
13681.0,DKL,DELEK LOGISTICS PARTNERS L P
18835.0,DKNG,DRAFTKINGS INC
23601.0,DKRB,SERIES PORTFOLIOS TRUST
89540.0,DKS,DICKS SPORTING GOODS INC
92728.0,DL,CHINA DISTANCE EDUCATION HLD LTD
88287.0,DLA,DELTA APPAREL INC
90550.0,DLB,DOLBY LABORATORIES INC
10257.0,DLHC,D L H HOLDINGS CORP
91326.0,DLN,WISDOMTREE TRUST
14308.0,DLNG,DYNAGAS L N G PARTNERS LP
21533.0,DLO,DLOCAL LTD
13103.0,DLPH,DELPHI AUTOMOTIVE PLC
17040.0,DLPH,DELPHI TECHNOLOGIES PLC
17140.0,DLPN,DOLPHIN ENTERTAINMENT INC
90373.0,DLR,DIGITAL REALTY TRUST INC
91332.0,DLS,WISDOMTREE TRUST
15837.0,DLTH,DULUTH HOLDINGS INC
81481.0,DLTR,DOLLAR TREE INC
61743.0,DLX,DELUXE CORP
14956.0,DM,DOMINION MIDSTREAM PARTNERS LP
14956.0,DM,DOMINION ENERGY MIDSTREAM PTN LP
18719.0,DM,DESKTOP METAL INC
18305.0,DMAC,DIAMEDICA THERAPEUTICS INC
22540.0,DMAQ,DEEP MEDICINE ACQUISITION CORP
20699.0,DMAR,FIRST TRUST E T F VIII
22644.0,DMAT,GLOBAL X FUNDS
19373.0,DMAY,FIRST TRUST E T F VIII
13836.0,DMB,DREYFUS MUNI BOND INFRA FUND INC
13836.0,DMB,B N Y MELLON MUNI BD INFRA FD IN
23823.0,DMBS,DOUBLELINE E T F TRUST
20905.0,DMCY,ADVISORS INNER CIRCLE FUND III
12521.0,DMD,DEMAND MEDIA INC
18231.0,DMDV,E T F SERIES SOLUTIONS
75392.0,DMF,DREYFUS MUNICIPAL INCOME INC
75392.0,DMF,BNY MELLON MUNICIPAL INCOME INC
89695.0,DMLP,DORCHESTER MINERALS LP
90807.0,DMND,DIAMOND FOODS INC
93262.0,DMO,WESTERN ASSET MOR DEF OPP FD INC
93262.0,DMO,WESTERN ASSET MOR OPP FD INC
16164.0,DMPI,DELMAR PHARMACEUTICALS INC
92808.0,DMRC,DIGIMARC CORP NEW
18451.0,DMRE,TRANSAMERICA E T F TRUST
16873.0,DMRI,TRANSAMERICA E T F TRUST
16869.0,DMRL,TRANSAMERICA E T F TRUST
16871.0,DMRM,TRANSAMERICA E T F TRUST
16872.0,DMRS,TRANSAMERICA E T F TRUST
17781.0,DMS,DIGITAL MEDIA SOLUTIONS INC
16880.0,DMTK,DERMTECH INC
15780.0,DMTX,DIMENSION THERAPEUTICS INC
25908.0,DMX,DOUBLELINE E T F TRUST
19471.0,DMXF,ISHARES TRUST
19875.0,DMYD,DMY TECHNOLOGY GROUP INC II
21102.0,DNA,GINKGO BIOWORKS HOLDINGS INC
21534.0,DNAA,SOCIAL CAP SUVRETTA HLD CORP I
21536.0,DNAC,SOCIAL CAP SUVRETTA HLD CORP III
15507.0,DNAI,PRONAI THERAPEUTICS INC
21538.0,DNAY,CODEX DNA INC
19495.0,DNB,DUN & BRADSTREET HOLDINGS INC
88590.0,DNB,DUN & BRADSTREET CORP DEL NEW
92873.0,DNBF,D N B FINANCIAL CORP
86117.0,DNI,DIVIDEND & INCOME FUND
17354.0,DNJR,GOLDEN BULL LTD
12914.0,DNKN,DUNKIN BRANDS GROUP INC
91341.0,DNL,WISDOMTREE TRUST
17125.0,DNLI,DENALI THERAPEUTICS INC
19388.0,DNMR,DANIMER SCIENTIFIC INC
91928.0,DNN,DENISON MINES CORP
93036.0,DNO,UNITED STATES SHORT OIL FUND LP
19046.0,DNOV,FIRST TRUST E T F VIII
14632.0,DNOW,NOW INC
14632.0,DNOW,DNOW INC
71810.0,DNP,D N P SELECT INCOME FD INC
82196.0,DNR,DENBURY RESOURCES INC
17892.0,DNTH,DIANTHUS THERAPEUTICS INC
21594.0,DNUT,KRISPY KREME INC
22928.0,DO,DIAMOND OFFSHORE DRILLING INC
82298.0,DO,DIAMOND OFFSHORE DRILLING INC
14036.0,DOC,PHYSICIANS REALTY TRUST
67598.0,DOC,HEALTHPEAK PROPERTIES INC
20656.0,DOCN,DIGITALOCEAN HOLDINGS INC
21357.0,DOCS,DOXIMITY INC
19890.0,DOCT,FIRST TRUST E T F VIII
17685.0,DOCU,DOCUSIGN INC
91313.0,DOG,PROSHARES TRUST
23825.0,DOGG,FIRST TRUST E T F IV
17231.0,DOGS,ARROW INVESTMENTS TRUST
17141.0,DOGZ,DOGNESS INTERNATIONAL CORP
91335.0,DOL,WISDOMTREE TRUST
21690.0,DOLE,DOLE PLC
20354.0,DOMA,DOMA HOLDINGS INC
18148.0,DOMH,DOMINARI HOLDINGS INC
17876.0,DOMO,DOMO INC
91328.0,DON,WISDOMTREE TRUST
91334.0,DOO,WISDOMTREE TRUST
18109.0,DOOO,B R P INC
14177.0,DOOR,MASONITE INTERNATIONAL CORP NEW
76582.0,DORM,DORMAN PRODUCTS INC
16980.0,DOTA,DRAPER OAKWOOD TECH ACQ INC
22426.0,DOUG,DOUGLAS ELLIMAN INC
25953.0,DOV,DOVER CORP
16783.0,DOVA,DOVA PHARMACEUTICALS INC
18428.0,DOW,DOW INC
20626.0,DOW,DOW CHEMICAL CO
86144.0,DOX,AMDOCS LTD
18836.0,DOYU,DOUYU INTERNATIONAL HOLDINGS LTD
21998.0,DOZR,DIREXION SHARES E T F TRUST
12895.0,DPG,DUFF & PHELPS GLBL UTIL INC FD I
12895.0,DPG,DUFF & PHELPS UTIL AND INF FD I
18552.0,DPHC,DIAMONDPEAK HOLDINGS CORP
92860.0,DPK,DIREXION SHARES E T F TRUST
14954.0,DPLO,DIPLOMAT PHARMACY INC
91044.0,DPM,D C P MIDSTREAM PARTNERS LP
21712.0,DPRO,DRAGANFLY INC
14538.0,DPRX,DIPEXIUM PHARMACEUTICALS INC
92618.0,DPS,DR PEPPER SNAPPLE GROUP INC
78690.0,DPSI,DECISIONPOINT SYSTEMS INC
15613.0,DPST,DIREXION SHARES E T F TRUST
84302.0,DPW,DIGITAL POWER CORP
84302.0,DPW,D P W HOLDINGS INC
90248.0,DPZ,DOMINOS PIZZA INC
12325.0,DQ,DAQO NEW ENERGY CORP
18245.0,DQML,REALITY SHARES E T F TR
90223.0,DRAD,DIGIRAD CORP
25696.0,DRAG,ROUNDHILL E T F TRUST
25250.0,DRAI,E A SERIES TRUST
63546.0,DRAM,DATARAM CORP
22772.0,DRCT,DIRECT DIGITAL HOLDINGS INC
84072.0,DRD,DRDGOLD LTD
75341.0,DRE,DUKE REALTY CORP
90680.0,DRH,DIAMONDROCK HOSPITALITY CO
81655.0,DRI,DARDEN RESTAURANTS INC
14017.0,DRII,DIAMOND RESORTS INTL INC
15961.0,DRIO,DARIOHEALTH CORP
15345.0,DRIP,DIREXION SHARES E T F TRUST
17686.0,DRIV,GLOBAL X FUNDS
23276.0,DRLL,E A SERIES TRUST
21841.0,DRMA,DERMATA THERAPEUTICS INC
92972.0,DRN,DIREXION SHARES E T F TRUST
14426.0,DRNA,DICERNA PHARMACEUTICALS INC
85424.0,DRQ,DRIL QUIP INC
88626.0,DRRX,DURECT CORP
23517.0,DRS,LEONARDO DRS INC
18015.0,DRSK,E T F SERIES SOLUTIONS
22894.0,DRTS,ALPHA TAU MEDICAL LTD
19005.0,DRTT,DIRTT ENVIRONMENTAL SOLUTNS LTD
22298.0,DRUG,BRIGHT MINDS BIOSCIENCES INC
18975.0,DRUP,GRANITESHARES E T F TRUST
92971.0,DRV,DIREXION SHARES E T F TRUST
15459.0,DRVN,HIGHLAND FUNDS I
20342.0,DRVN,DRIVEN BRANDS HOLDINGS INC
92152.0,DRW,WISDOMTREE TRUST
93078.0,DRWI,DRAGONWAVE INC
90589.0,DRYS,DRYSHIPS INC
89548.0,DS,DRIVE SHACK INC
20143.0,DSAC,DUDDELL STREET ACQUISITION CORP
21981.0,DSCF,ALPHA ARCHITECT ETF TRUST
21981.0,DSCF,E A SERIES TRUST
80524.0,DSCI,DERMA SCIENCES INC
82156.0,DSCO,DISCOVERY LABORATORIES INC
19763.0,DSEP,FIRST TRUST E T F VIII
20784.0,DSEY,DIVERSEY HOLDINGS LTD
20662.0,DSGN,DESIGN THERAPEUTICS INC
48961.0,DSGR,DISTRIBUTION SOLUTIONS GROUP INC
86572.0,DSGX,DESCARTES SYSTEMS GROUP INC
91577.0,DSI,ISHARES TRUST
20371.0,DSJA,INNOVATOR E T F S TRUST
15654.0,DSKE,DASEKE INC
13702.0,DSKX,D S HEALTHCARE GROUP INC
14864.0,DSKY,IDREAMSKY TECHNOLOGY LTD
13835.0,DSL,DOUBLELINE INCOME SOLUTIONS FUND
75837.0,DSM,DREYFUS STRATEGIC MUNI BOND FUND
75837.0,DSM,B N Y MELLON STRAT MUNI BOND FUN
23468.0,DSMC,E T F SERIES SOLUTIONS
19900.0,DSOC,INNOVATOR E T F S TRUST
20469.0,DSP,VIANT TECHNOLOGY INC
21201.0,DSPC,COLLABORATIVE INV SERIES TRUST
23315.0,DSPC,INVESTMENT MANAGERS SERIES TR II
80236.0,DSPG,D S P GROUP INC
10253.0,DSS,DOCUMENT SECURITY SYSTEMS INC
10253.0,DSS,D S S INC
18426.0,DSSI,DIAMOND S SHIPPING INC
83186.0,DST,D S T SYSTEMS INC DEL
18157.0,DSTL,E T F SERIES SOLUTIONS
20215.0,DSTX,E T F SERIES SOLUTIONS
85905.0,DSU,BLACKROCK DEBT STRATEGIES FD INC
12995.0,DSUM,POWERSHARES E T F TRUST II
12995.0,DSUM,INVESCO E T F TRUST II
90751.0,DSW,D S W INC
81861.0,DSWL,DESWELL INDUSTRIES INC
90630.0,DSX,DIANA SHIPPING INC
18886.0,DT,DYNATRACE INC
25440.0,DTAN,E A SERIES TRUST
22089.0,DTC,SOLO BRANDS INC
24261.0,DTCK,DAVIS COMMODITIES LTD
19998.0,DTCR,GLOBAL X FUNDS
91324.0,DTD,WISDOMTREE TRUST
11674.0,DTE,D T E ENERGY CO
15425.0,DTEA,DAVIDSTEA INC
17383.0,DTEC,ALPS E T F TRUST
77124.0,DTF,D T F TAX FREE INCOME INC
77124.0,DTF,D T F TAX FREE IN 2028 TM FD INC
91336.0,DTH,WISDOMTREE TRUST
22596.0,DTI,DRILLING TOOLS INTL CORP
18458.0,DTIL,PRECISION BIOSCIENCES INC
87160.0,DTLK,DATALINK CORP
21356.0,DTM,D T MIDSTREAM INC
91327.0,DTN,WISDOMTREE TRUST
21035.0,DTOC,DIGITAL TRANSFORMATION OPP CORP
21366.0,DTOX,AMPLIFY ETF TRUST
92247.0,DTRE,FIRST TRUST E T F II
87814.0,DTRM,DETERMINE INC
89793.0,DTSI,D T S INC
18306.0,DTSS,DATASEA INC
21285.0,DTST,DATA STORAGE CORP
23957.0,DUBS,E T F SERIES SOLUTIONS
78852.0,DUC,DUFF & PHELPS UT & CORP BD TR IN
20202.0,DUDE,ALPHA ARCHITECT ETF TRUST
20202.0,DUDE,E A SERIES TRUST
91779.0,DUG,PROSHARES TRUST
22838.0,DUHP,DIMENSIONAL E T F TRUST
27959.0,DUK,DUKE ENERGY CORP NEW
25331.0,DUKH,NORTHERN LIGHTS FUND TRUST
25314.0,DUKQ,NORTHERN LIGHTS FUND TRUST
25332.0,DUKX,NORTHERN LIGHTS FUND TRUST
25311.0,DUKZ,NORTHERN LIGHTS FUND TRUST
16317.0,DULL,DIREXION SHARES E T F TRUST
19069.0,DUO,FANGDD NETWORK GROUP LTD
25438.0,DUO,FANGDD NETWORK GROUP LTD
21614.0,DUOL,DUOLINGO INC
18189.0,DURA,VANECK VECTORS E T F TRUST
18189.0,DURA,VANECK E T F TRUST
16566.0,DUSA,DAVIS FUNDAMENTAL ETF TRUST
24194.0,DUSB,DIMENSIONAL E T F TRUST
16744.0,DUSL,DIREXION SHARES E T F TRUST
12442.0,DUST,DIREXION SHARES E T F TRUST
20920.0,DV,DOUBLEVERIFY HOLDINGS INC
76708.0,DV,DEVRY EDUCATION GROUP INC
82307.0,DVA,DAVITA HEALTHCARE PARTNERS INC
82307.0,DVA,DAVITA INC
23437.0,DVAL,FRANKLIN TEMPLETON E T F TRUST
90029.0,DVAX,DYNAVAX TECHNOLOGIES CORP
80587.0,DVCR,DIVERSICARE HEALTHCARE SRVCS INC
84026.0,DVD,DOVER MOTORSPORTS INC
24523.0,DVDN,E T F OPPORTUNITIES TRUST
17631.0,DVEM,WISDOMTREE TRUST
18110.0,DVLU,FIRST TRUST E T F VI
87137.0,DVN,DEVON ENERGY CORP NEW
23302.0,DVND,TOUCHSTONE ETF TRUST
18111.0,DVOL,FIRST TRUST E T F VI
14900.0,DVP,E T F SERIES SOLUTIONS
25992.0,DVQQ,SYNTAX E T F TRUST
25993.0,DVSP,SYNTAX E T F TRUST
89895.0,DVY,ISHARES TRUST
13228.0,DVYA,ISHARES INC
13229.0,DVYE,ISHARES INC
87426.0,DW,DREW INDUSTRIES INC
90374.0,DWA,DREAMWORKS ANIMATION S K G INC
16286.0,DWAC,ELKHORN E T F TRUST
21927.0,DWAC,DIGITAL WORLD ACQUISITION CORP
89749.0,DWAQ,POWERSHARES E T F TRUST
89749.0,DWAQ,INVESCO E T F TRUST
13512.0,DWAS,POWERSHARES E T F TRUST II
13512.0,DWAS,INVESCO E T F TRUST II
15004.0,DWAT,ARROW INVESTMENTS TRUST
19130.0,DWAW,ADVISORSHARES TRUST
77630.0,DWCH,DATAWATCH CORP
17142.0,DWCR,ARROW INVESTMENTS TRUST
16851.0,DWDP,DOWDUPONT INC
19132.0,DWEQ,ADVISORSHARES TRUST
15962.0,DWIN,POWERSHARES E T F TRUST II
15962.0,DWIN,INVESCO E T F TRUST II
20358.0,DWIN,DELWINDS INSURANCE ACQ CORP
16567.0,DWLD,DAVIS FUNDAMENTAL ETF TRUST
16165.0,DWLV,POWERSHARES E T F TRUST II
16165.0,DWLV,INVESCO E T F TRUST II
91331.0,DWM,WISDOMTREE TRUST
17960.0,DWMC,ADVISORSHARES TRUST
18037.0,DWMF,WISDOMTREE TRUST
13542.0,DWPP,FIRST TRUST EXCHANGE TRADED FUND
13292.0,DWRE,DEMANDWARE INC
17963.0,DWSH,ADVISORSHARES TRUST
80912.0,DWSN,DAWSON GEOPHYSICAL CO NEW
15781.0,DWTR,POWERSHARES E T F TRUST II
15781.0,DWTR,INVESCO E T F TRUST II
20331.0,DWTX,DOGWOOD THERAPEUTICS INC
19133.0,DWUS,ADVISORSHARES TRUST
92577.0,DWX,SPDR INDEX SHARES FUNDS
75269.0,DX,DYNEX CAPITAL INC
40125.0,DXC,D X C TECHNOLOGY CO
90664.0,DXCM,DEXCOM INC
91385.0,DXD,PROSHARES TRUST
12367.0,DXF,DUNXIN FINANCIAL HLDGS LTD
14241.0,DXGE,WISDOMTREE TRUST
91985.0,DXI,DXI ENERGY INC
25449.0,DXIV,DIMENSIONAL E T F TRUST
91342.0,DXJ,WISDOMTREE TRUST
14581.0,DXJC,WISDOMTREE TRUST
14582.0,DXJF,WISDOMTREE TRUST
14587.0,DXJH,WISDOMTREE TRUST
14586.0,DXJR,WISDOMTREE TRUST
13950.0,DXJS,WISDOMTREE TRUST
14583.0,DXJT,WISDOMTREE TRUST
14309.0,DXKW,WISDOMTREE TRUST
11379.0,DXLG,DESTINATION X L GROUP INC
85176.0,DXPE,D X P ENTERPRISES INC
13951.0,DXPS,WISDOMTREE TRUST
91088.0,DXTR,DEXTERA SURGICAL INC
15484.0,DXUS,WISDOMTREE TRUST
25450.0,DXUV,DIMENSIONAL E T F TRUST
10886.0,DXYN,DIXIE GROUP INC
12008.0,DY,DYCOM INDUSTRIES INC
90682.0,DYAI,DYADIC INTERNATIONAL INC
17636.0,DYB,WISDOMTREE TRUST
24699.0,DYFI,E T F OPPORTUNITIES TRUST
19418.0,DYHG,DIREXION SHARES E T F TRUST
21423.0,DYLD,TWO ROADS SHARED TRUST
24028.0,DYLG,GLOBAL X FUNDS
17637.0,DYLS,WISDOMTREE TRUST
19825.0,DYN,DYNE THERAPEUTICS INC
90352.0,DYN,DYNEGY INC NEW DEL
18429.0,DYNF,BLACKROCK E T F TRUST
24503.0,DYNI,E T F OPPORTUNITIES TRUST
21286.0,DYNS,DYNAMICS SPECIAL PURPOSE CORP
31051.0,DYNT,DYNATRONICS CORP
12486.0,DYSL,DYNASIL CORPORATION OF AMERICA
23786.0,DYTA,R B B FUND INC
92859.0,DZK,DIREXION SHARES E T F TRUST
89925.0,DZSI,DASAN ZHONE SOLUTIONS INC
89925.0,DZSI,D Z S INC
82637.0,E,E N I SPA
75828.0,EA,ELECTRONIC ARTS INC
13373.0,EAC,ERICKSON INC
15652.0,EACQ,EASTERLY ACQUISITION CORP
89688.0,EAD,WELLS FARGO ADVANTAGE INC OPP FD
89688.0,EAD,WELLS FARGO INC OPP FUND
89688.0,EAD,ALLSPRING INC OPP FUND
17672.0,EAF,GRAFTECH INTERNATIONAL LTD NEW
22739.0,EAFD,SIMPLIFY EXCHANGE TRADED FUNDS
24910.0,EAFG,PACER FUNDS TRUST
18174.0,EAGG,ISHARES TRUST
15782.0,EAGL,DOUBLE EAGLE ACQUISITION CORP
17357.0,EAGL,PLATINUM EAGLE ACQUISITION CORP
24917.0,EAGL,2023 E T F SERIES TRUST
24402.0,EALT,INNOVATOR E T F S TRUST
19439.0,EAOA,ISHARES TRUST
19442.0,EAOK,ISHARES TRUST
19441.0,EAOM,ISHARES TRUST
19440.0,EAOR,ISHARES TRUST
20935.0,EAPR,INNOVATOR E T F S TRUST
19958.0,EAR,EARGO INC
13894.0,EARN,ELLINGTON RESIDENTIAL MTG REIT
13894.0,EARN,ELLINGTON CREDIT CO
14865.0,EARS,AURIS MEDICAL HOLDING AG
14865.0,EARS,AURIS MEDICAL HOLDING AG NEW
14865.0,EARS,AURIS MEDICAL HOLDING LTD
18072.0,EASG,D B X ETF TRUST
17914.0,EASI,AMPLIFY ETF TRUST
16887.0,EAST,EASTSIDE DISTILLING INC
23297.0,EAT,BRINKER INTERNATIONAL INC
22433.0,EATV,ADVISORS SERIES TRUST
20903.0,EATZ,ADVISORSHARES TRUST
18063.0,EB,EVENTBRITE INC
86356.0,EBAY,EBAY INC
19854.0,EBC,EASTERN BANKSHARES INC
21036.0,EBET,ESPORTS TECHNOLOGIES INC
21036.0,EBET,EBET INC
47511.0,EBF,ENNIS INC
14452.0,EBIO,ELEVEN BIOTHERAPEUTICS INC
25289.0,EBIT,HARBOR E T F TRUST
11481.0,EBIX,EBIX INC
18256.0,EBIZ,GLOBAL X FUNDS
17528.0,EBLU,MANAGED PORTFOLIO SERIES
93368.0,EBMT,EAGLE BANCORP MONTANA INC
12565.0,EBND,SPDR SERIES TRUST
19472.0,EBON,EBANG INTERNATIONAL HOLDINGS INC
92802.0,EBR,CENTRAIS ELETRICAS BRASILEI
92802.0,EBR,CENTRAIS ELETRICAS BRASILEIRAS S
91571.0,EBS,EMERGENT BIOSOLUTIONS INC
92523.0,EBSB,MERIDIAN BANCORP INC
90590.0,EBTC,ENTERPRISE BANCORP INC
25295.0,EBUF,INNOVATOR E T F S TRUST
92793.0,EC,ECOPETROL S A
89134.0,ECA,ENCANA CORP
15783.0,ECAC,E COMPASS ACQUISITION CORP
23223.0,ECBK,ECB BANCORP INC
23618.0,ECDA,ECD AUTOMOTIVE DESIGN INC
69331.0,ECF,ELLSWORTH GROWTH & INCOME FD LTD
25661.0,ECG,EVERUS CONSTRUCTION GROUP INC
92396.0,ECH,ISHARES INC
93079.0,ECHO,ECHO GLOBAL LOGISTICS INC
70578.0,ECL,ECOLAB INC
18888.0,ECLN,FIRST TRUST E T F IV
23892.0,ECML,E A SERIES TRUST
12219.0,ECNS,ISHARES TRUST
24633.0,ECO,OKEANIS ECO TANKERS CORP
12758.0,ECOL,U S ECOLOGY INC
12758.0,ECOL,U S ECOLOGY INC NEW
13890.0,ECOM,CHANNELADVISOR CORP
12098.0,ECON,E G A EMERGING GLOBAL SHARES TR
12098.0,ECON,COLUMBIA E T F TRUST II
17877.0,ECOR,ELECTROCORE INC
18651.0,ECOW,PACER FUNDS TRUST
19296.0,ECOZ,LISTED FUNDS TRUST
87077.0,ECPG,ENCORE CAPITAL GROUP INC
14719.0,ECR,ECLIPSE RESOURCES CORP
85572.0,ECTE,ECHO THERAPEUTICS INC
16961.0,ECVT,ECOVYST INC
23617.0,ECX,ECARX HOLDINGS INC
12575.0,ECYT,ENDOCYTE INC
11404.0,ED,CONSOLIDATED EDISON INC
85285.0,EDAP,EDAP T M S S A
15901.0,EDBI,LEGG MASON ETF EQUITY TR
15901.0,EDBI,LEGG MASON ETF INVESTMENT TR
23109.0,EDBL,EDIBLE GARDEN A G INC
92857.0,EDC,DIREXION SHARES E T F TRUST
91938.0,EDD,MORGAN STANLEY EMRG MKTS DOM DBT
23042.0,EDE,EMPIRE DISTRICT ELEC CO
12472.0,EDF,STONE HARBOR EMERG MKTS INC FD
12472.0,EDF,VIRTUS STONE HARBOR EM MA IN FD
15784.0,EDGE,EDGE THERAPEUTICS INC
25666.0,EDGF,ADVISORS INNER CIRCLE FUND II
25665.0,EDGH,ADVISORS INNER CIRCLE FUND II
25664.0,EDGI,ADVISORS INNER CIRCLE FUND II
25663.0,EDGU,ADVISORS INNER CIRCLE FUND II
83965.0,EDGW,EDGEWATER TECHNOLOGY INC
13626.0,EDI,STONE HARBOR EMRG MTS TOT INC FD
13626.0,EDI,VIRTUS STONE HARBOR EM TO IN FD
15937.0,EDIT,EDITAS MEDICINE INC
12564.0,EDIV,SPDR INDEX SHARES FUNDS
91929.0,EDN,EMPRESA DISTRIBUIDORA Y COMERCIA
22299.0,EDNC,ENDURANCE ACQUISITION CORP
17826.0,EDNT,EDISON NATION INC
19550.0,EDOC,GLOBAL X FUNDS
14494.0,EDOG,ALPS E T F TRUST
17638.0,EDOM,WISDOMTREE TRUST
16859.0,EDOW,FIRST TRUST EXCHANGE TRADED FUND
20923.0,EDR,ENDEAVOR GROUP HOLDINGS INC
90524.0,EDR,EDUCATION REALTY TRUST INC
17797.0,EDRY,EURODRY LTD
15854.0,EDSA,EDESA BIOTECH INC
19551.0,EDTK,SKILLFUL CRAFTSMAN EDU TECH
18194.0,EDTX,EDTECHX HOLDINGS ACQ CORP
91457.0,EDU,NEW ORIENTAL EDUC & TECH GP INC
31668.0,EDUC,EDUCATIONAL DEVELOPMENT CORP
19552.0,EDUT,GLOBAL X FUNDS
92511.0,EDV,VANGUARD WORLD FUND
92858.0,EDZ,DIREXION SHARES E T F TRUST
22977.0,EE,EXCELERATE ENERGY INC
82855.0,EE,EL PASO ELECTRIC CO
69999.0,EEA,EUROPEAN EQUITY FUND INC
17842.0,EEB,INVESCO E T F TRUST
91440.0,EEB,CLAYMORE E T F TRUST
84606.0,EEFT,EURONET WORLDWIDE INC
13245.0,EEHB,POWERSHARES E T F TRUST II
71837.0,EEI,ECOLOGY & ENVIRONMENT INC
20786.0,EEIQ,ELITE EDUCATION GROUP INTL LTD
20786.0,EEIQ,EPICQUEST EDUCATION GROUP INT LT
13189.0,EELV,POWERSHARES E T F TRUST II
13189.0,EELV,INVESCO E T F TRUST II
89730.0,EEM,ISHARES TRUST
17052.0,EEMD,E T F SERIES SOLUTIONS
13200.0,EEML,ISHARES TRUST
13245.0,EEMO,POWERSHARES E T F TRUST II
13245.0,EEMO,INVESCO E T F TRUST II
12949.0,EEMS,ISHARES INC
13025.0,EEMV,ISHARES INC
16447.0,EEMX,SPDR INDEX SHARES FUNDS
86106.0,EEP,ENBRIDGE ENERGY PARTNERS LP
89541.0,EEQ,ENBRIDGE ENERGY MGMT L L C
21673.0,EERN,R B B FUND INC
91808.0,EES,WISDOMTREE TRUST
92953.0,EET,PROSHARES TRUST
24436.0,EETH,PROSHARES TRUST
92411.0,EEV,PROSHARES TRUST
16660.0,EEX,EMERALD EXPOSITIONS EVENTS INC
16660.0,EEX,EMERALD HOLDING INC
89129.0,EFA,ISHARES TRUST
25301.0,EFAA,INVESCO ACTIVELY MANAGED ETF TR
14854.0,EFAD,PROSHARES TRUST
16457.0,EFAS,GLOBAL X FUNDS
13026.0,EFAV,ISHARES TRUST
16446.0,EFAX,SPDR INDEX SHARES FUNDS
16821.0,EFBI,EAGLE FINANCIAL BANCORP INC
12329.0,EFC,ELLINGTON FINANCIAL L L C
12329.0,EFC,ELLINGTON FINANCIAL INC
13990.0,EFF,EATON VANCE FLTG RATE INC PL FD
14968.0,EFFE,GLOBAL X FUNDS
25922.0,EFFE,HARBOR E T F TRUST
25921.0,EFFI,HARBOR E T F TRUST
90837.0,EFG,ISHARES TRUST
23618.0,EFHT,E F HUTTON ACQUISITION CORP I
77971.0,EFII,ELECTRONICS FOR IMAGING INC
19536.0,EFIV,SPDR SERIES TRUST
20533.0,EFIX,FIRST TRUST E T F VIII
16841.0,EFL,EATON VANCE FL RATE 2022 T TM TR
92956.0,EFO,PROSHARES TRUST
80812.0,EFOI,ENERGY FOCUS INC
89892.0,EFR,EATON VANCE SENIOR FLTG RATE TR
23519.0,EFRA,ISHARES TRUST
90591.0,EFSC,ENTERPRISE FINANCIAL SVCS CORP
23267.0,EFSH,1847 HOLDINGS LLC
90202.0,EFT,EATON VANCE FLOATING RATE INC TR
20843.0,EFTR,EFFECTOR THERAPEUTICS INC
92352.0,EFU,PROSHARES TRUST
24461.0,EFUT,VANECK E T F TRUST
91497.0,EFUT,E FUTURE INFORMATION TECH INC
90835.0,EFV,ISHARES TRUST
52476.0,EFX,EQUIFAX INC
23469.0,EFXT,ENERFLEX LTD
92353.0,EFZ,PROSHARES TRUST
82303.0,EG,EVEREST GROUP LTD
87227.0,EGAN,EGAIN CORP
10001.0,EGAS,GAS NATURAL INC
87318.0,EGBN,EAGLE BANCORP INC
90922.0,EGF,BLACKROCK ENHANCED GOVT FD INC
21628.0,EGGF,E G ACQUISITION CORP
25995.0,EGGQ,TIDAL TRUST III
25925.0,EGGS,TIDAL TRUST III
25924.0,EGGY,TIDAL TRUST III
85177.0,EGHT,8X8 INC NEW
90781.0,EGI,ENTREE GOLD INC
90781.0,EGI,ENTREE RESOURCES LTD
92097.0,EGIO,EDGIO INC
20103.0,EGIS,2ND VOTE FUNDS
13502.0,EGL,ENGILITY HLDGS INC NEW
90724.0,EGLE,EAGLE BULK SHIPPING INC
14455.0,EGLT,EGALET CORP
21037.0,EGLX,ENTHUSIAST GAMING HOLDINGS INC
26470.0,EGN,ENERGEN CORP
89648.0,EGO,ELDORADO GOLD CORP NEW
87066.0,EGOV,N I C INC
85082.0,EGP,EASTGROUP PROPERTIES INC
93248.0,EGPT,MARKET VECTORS E T F TRUST
93248.0,EGPT,VANECK VECTORS E T F TRUST
93248.0,EGPT,VANECK E T F TRUST
14456.0,EGRX,EAGLE PHARMACEUTICALS INC
90176.0,EGT,ENTERTAINMENT GAMING ASIA INC
23696.0,EGUS,ISHARES TRUST
78841.0,EGY,VAALCO ENERGY INC
19134.0,EH,EHANG HOLDINGS LTD
23129.0,EHAB,ENHABIT INC
10693.0,EHC,ENCOMPASS HEALTH CORP
89788.0,EHI,WESTERN ASSET GLOBAL HIGH INC FD
15033.0,EHIC,EHI CAR SERVICES LTD
25019.0,EHLS,TIDAL TRUST II
91498.0,EHTH,EHEALTH INC
89588.0,EIA,EATON VANCE CA MUNI BD FD II
93377.0,EIDO,ISHARES TRUST
17878.0,EIDX,EIDOS THERAPEUTICS INC
91688.0,EIG,EMPLOYERS HOLDINGS INC
14244.0,EIGI,ENDURANCE INTL GROUP HLDGS INC
14423.0,EIGR,EIGER BIOPHARMACEUTICALS INC
89489.0,EIM,EATON VANCE MUNICIPAL BD FD
15927.0,EINC,VANECK VECTORS E T F TRUST
15927.0,EINC,VANECK E T F TRUST
89591.0,EIO,EATON VANCE OH MUNICIPAL BD FD
89596.0,EIP,EATON VANCE PA MUNICIPAL BD FD
25086.0,EIPI,FIRST TRUST E T F VIII
23547.0,EIPX,FIRST TRUST E T F IV
93378.0,EIRL,ISHARES TRUST
92599.0,EIS,ISHARES INC
89586.0,EIV,EATON VANCE MUNICIPAL BD FD II
15720.0,EIX,EDISON INTERNATIONAL
92244.0,EJ,E HOUSE CHINA HOLDINGS LTD
19154.0,EJAN,INNOVATOR E T F S TRUST
21038.0,EJFA,E J F ACQUISITION CORP
18804.0,EJUL,INNOVATOR E T F S TRUST
17296.0,EKAR,EXCHANGE TRADED CONCEPTS TR
22896.0,EKG,FIRST TRUST E T F II
16252.0,EKSO,EKSO BIONICS HOLDINGS INC
82642.0,EL,LAUDER ESTEE COS INC
10028.0,ELA,ENVELA CORP
24514.0,ELAB,ELEVAI LABS INC
24514.0,ELAB,P M G C HOLDINGS INC
18062.0,ELAN,ELANCO ANIMAL HEALTH INC
23015.0,ELBM,ELECTRA BATTERY MATERIALS CORP
25641.0,ELCV,STRATEGY SHARES
12075.0,ELD,WISDOMTREE TRUST
14937.0,ELDN,ELEDON PHARMACEUTICALS INC
15637.0,ELEC,ELECTRUM SPECIAL ACQ CORP
21539.0,ELEV,ELEVATION ONCOLOGY INC
16318.0,ELF,E L F BEAUTY INC
83633.0,ELGX,ENDOLOGIX INC
12645.0,ELLI,ELLIE MAE INC
82511.0,ELLO,ELLOMAY CAPITAL LTD
12078.0,ELMD,ELECTROMED INC
52425.0,ELME,ELME COMMUNITIES
83291.0,ELNK,EARTHLINK HOLDINGS CORP
86260.0,ELON,ECHELON CORP
90316.0,ELOS,SYNERON MEDICAL LTD
89411.0,ELOX,ELOXX PHARMACEUTICALS INC
85237.0,ELP,COMPANHIA PARANAENSE DE ENERGIA
24605.0,ELPC,COMPANHIA PARANAENSE DE EN COPEL
22393.0,ELQD,ISHARES TRUST
32046.0,ELRC,ELECTRO RENT CORP
78947.0,ELS,EQUITY LIFESTYLE PROPERTIES INC
32062.0,ELSE,ELECTRO SENSORS INC
84419.0,ELTK,ELTEK LTD
20567.0,ELTX,ELICIO THERAPEUTICS INC
19947.0,ELUT,ELUTIA INC
89179.0,ELV,ELEVANCE HEALTH INC
24068.0,ELVA,ELECTROVAYA INC
19313.0,ELVN,ENLIVEN THERAPEUTICS INC
16659.0,ELVT,ELEVATE CREDIT INC
24069.0,ELWS,EARLYWORKS CO LTD
77366.0,ELY,CALLAWAY GOLF CO
21842.0,ELYM,ELIEM THERAPEUTICS INC
21041.0,EM,SMART SHARE GLOBAL LTD
12744.0,EMAG,MARKET VECTORS E T F TRUST
12744.0,EMAG,VANECK VECTORS E T F TRUST
87658.0,EMAN,EMAGIN CORP
92491.0,EMB,ISHARES TRUST
14341.0,EMBB,SPDR INDEX SHARES FUNDS
22879.0,EMBC,EMBECTA CORP
19436.0,EMBD,GLOBAL X FUNDS
20717.0,EMBK,EMBARK TECHNOLOGY INC
10147.0,EMC,E M C CORP MA
23903.0,EMC,GLOBAL X FUNDS
23362.0,EMCA,EMERGE E T F TRUST
13322.0,EMCB,WISDOMTREE TRUST
24532.0,EMCC,GLOBAL X FUNDS
13445.0,EMCD,SPDR SERIES TRUST
93131.0,EMCF,EMCLAIRE FINANCIAL CORP
14156.0,EMCG,WISDOMTREE TRUST
23365.0,EMCH,EMERGE E T F TRUST
31238.0,EMCI,E M C INSURANCE GROUP INC
13605.0,EMCR,E G A EMERGING GLOBAL SHARES TR
13605.0,EMCR,COLUMBIA E T F TRUST II
18272.0,EMCR,D B X ETF TRUST
18273.0,EMCS,D B X ETF TRUST
79329.0,EMD,WESTERN ASSET EMER MKT INC FD IN
89970.0,EMD,WESTERN ASSET EMERG MKTS DEBT FD
13540.0,EMDD,E G A EMERGING GLOBAL SHARES TR
13540.0,EMDD,COLUMBIA E T F TRUST II
23758.0,EMDM,FIRST TRUST E T F II
17595.0,EMDV,PROSHARES TRUST
82694.0,EME,EMCOR GROUP INC
17054.0,EMEM,ETFIS SERIES TRUST I
25555.0,EMEQ,MACQUARIE E T F TRUST
13895.0,EMES,EMERGE ENERGY SERVICES LP
72813.0,EMF,TEMPLETON EMERG MKTS FD
14284.0,EMFM,GLOBAL X FUNDS
18328.0,EMFQ,AMPLIFY ETF TRUST
13251.0,EMFT,SPDR INDEX SHARES FUNDS
12557.0,EMG,EMERGENT CAPITAL INC
23363.0,EMGC,EMERGE E T F TRUST
22740.0,EMGD,SIMPLIFY EXCHANGE TRADED FUNDS
20961.0,EMHC,SPDR SERIES TRUST
17656.0,EMHY,ISHARES INC
17474.0,EMHZ,ISHARES INC
86550.0,EMI,EATON VANCE MICHIGAN MUN INC TR
92939.0,EMIF,ISHARES TRUST
15234.0,EMIH,D B X ETF TRUST
84206.0,EMITF,ELBIT IMAGING LTD
89593.0,EMJ,EATON VANCE NJ MUNICIPAL BD FD
84607.0,EMKR,EMCORE CORP
31480.0,EML,EASTERN CO
11996.0,EMLC,MARKET VECTORS E T F TRUST
11996.0,EMLC,VANECK VECTORS E T F TRUST
11996.0,EMLC,VANECK E T F TRUST
13436.0,EMLP,FIRST TRUST E T F IV
23902.0,EMM,GLOBAL X FUNDS
18038.0,EMMF,WISDOMTREE TRUST
80297.0,EMMS,EMMIS COMMUNICATIONS CORP
80080.0,EMN,EASTMAN CHEMICAL CO
19119.0,EMNT,PIMCO E T F TRUST
25170.0,EMOT,FIRST TRUST E T F VI
25906.0,EMPB,E A SERIES TRUST
23366.0,EMPW,EMERGE E T F TRUST
15036.0,EMQQ,EXCHANGE TRADED CONCEPTS TR
22103.0,EMR,EMERSON ELECTRIC CO
14897.0,EMRE,CLAYMORE E T F TRUST 2
17643.0,EMSD,WISDOMTREE TRUST
24228.0,EMSF,MATTHEWS INTERNATIONAL FUNDS
18273.0,EMSG,D B X ETF TRUST
17608.0,EMTL,SSGA ACTIVE TRUST
17095.0,EMTY,PROSHARES TRUST
13180.0,EMX,EURASIAN MINERALS INC
13180.0,EMX,E M X ROYALTY CORP
16822.0,EMXC,ISHARES INC
19961.0,EMXF,ISHARES TRUST
13180.0,EMXX,EURASIAN MINERALS INC
23364.0,EMZA,EMERGE E T F TRUST
76932.0,ENB,ENBRIDGE INC
14564.0,ENBL,ENABLE MIDSTREAM PARTNERS LP
22645.0,ENCP,ENERGEM CORP
88436.0,ENDP,ENDO INTERNATIONAL PLC
15006.0,ENFC,ENTEGRA FINANCIAL CORP
22086.0,ENFN,ENFUSION INC
14265.0,ENFR,ALPS E T F TRUST
86122.0,ENG,ENGLOBAL CORP
24566.0,ENGN,ENGENE HOLDINGS INC
89694.0,ENH,ENDURANCE SPECIALTY HOLDINGS LTD
79767.0,ENI,ENERSIS S A
79767.0,ENIA,ENEL AMERICAS S A
16034.0,ENIC,ENEL CHILE S A
20611.0,ENJY,ENJOY TECHNOLOGY INC
14505.0,ENLC,ENLINK MIDSTREAM LLC
89625.0,ENLK,ENLINK MIDSTREAM PARTNERS LP
23719.0,ENLT,ENLIGHT RENEWABLE ENERGY LTD
14826.0,ENLV,ENLIVEX THERAPEUTICS LTD
18309.0,ENOB,ENOCHIAN BIOSCIENCES INC
92038.0,ENOC,ENERNOC INC
17667.0,ENOR,ISHARES TRUST
92648.0,ENOV,ENOVIS CORP
20081.0,ENPC,EXECUTIVE NETWORK PARTNER CORP
13323.0,ENPH,ENPHASE ENERGY INC
15400.0,ENR,ENERGIZER HOLDINGS INC NEW
21679.0,ENRG,TIDAL E T F TRUST
14720.0,ENRJ,ENERJEX RESOURCES INC
90249.0,ENS,ENERSYS
17147.0,ENSC,ENSYSCE BIOSCIENCES INC
92432.0,ENSG,ENSIGN GROUP INC
15254.0,ENSV,ENSERVCO CORP
12792.0,ENT,GLOBAL EAGLE ENTERTAINMENT INC
13825.0,ENTA,ENANTA PHARMACEUTICALS INC
88439.0,ENTG,ENTEGRIS INC
15176.0,ENTL,ENTELLUS MEDICAL INC
16377.0,ENTO,ENTERO THERAPEUTICS INC
17055.0,ENTR,ENTREPRENEURSHARES SERIES TRUST
17879.0,ENTX,ENTERA BIO LTD
11370.0,ENV,ENVESTNET INC
14960.0,ENVA,ENOVA INTERNATIONAL INC
82215.0,ENVB,ENVERIC BIOSCIENCES INC
13374.0,ENVI,ENVIVIO INC
20788.0,ENVI,ENVIRONMENTAL IMPACT ACQ CORP
20452.0,ENVX,ENOVIX CORP
89490.0,ENX,EATON VANCE NY MUNICIPAL BD FD
17841.0,ENY,INVESCO E T F TRUST II
92166.0,ENY,CLAYMORE E T F TRUST 2
33209.0,ENZ,ENZO BIOCHEM INC
12105.0,ENZL,ISHARES TRUST
33137.0,ENZN,ENZON PHARMACEUTICALS INC
14157.0,ENZY,ENZYMOTEC LTD
80717.0,EOC,EMPRESA NACIONAL DE ELECT CHILE
80717.0,EOCC,ENEL GENERACION CHILE S A
22121.0,EOCT,INNOVATOR E T F S TRUST
91856.0,EOD,WELLS FARGO GLOBAL DIV OPP FD
91856.0,EOD,ALLSPRING GLOBAL DIV OPP FUND
75825.0,EOG,EOG RESOURCES INC
90376.0,EOI,EATON VANCE ENHANCED EQU INC FD
17317.0,EOLS,EVOLUS INC
22992.0,EONR,EON RESOURCES INC
21386.0,EOPS,EMLES TRUST
90523.0,EOS,EATON VANCE ENHANC EQU INC FD II
19416.0,EOSE,EOS ENERGY ENTERPRISES INC
92927.0,EOT,EATON VANCE NATIONAL MUN OPP TR
22934.0,EP,EMPIRE PETROLEUM CORP
11581.0,EPAC,ENERPAC TOOL GROUP CORP
13210.0,EPAM,EPAM SYSTEMS INC
86717.0,EPAY,BOTTOMLINE TECHNOLOGIES DEL INC
87659.0,EPC,EDGEWELL PERSONAL CARE CO
86223.0,EPD,ENTERPRISE PRODUCTS PARTNERS LP
14392.0,EPE,E P ENERGY CORP
12287.0,EPHE,ISHARES TRUST
92581.0,EPI,WISDOMTREE TRUST
84531.0,EPIQ,EPIQ SYSTEMS INC
15508.0,EPIX,ESSA PHARMA INC
83411.0,EPM,EVOLUTION PETROLEUM CORP
93379.0,EPOL,ISHARES TRUST
20628.0,EPOW,SUNRISE NEW ENERGY CO LTD
89187.0,EPP,ISHARES INC
85604.0,EPR,E P R PROPERTIES
21214.0,EPRE,FIRST TRUST E T F VIII
17417.0,EPRF,ELKHORN E T F TRUST
17417.0,EPRF,INNOVATOR ETF TRUST II
22124.0,EPRF,INNOVATOR E T F S TRUST
90968.0,EPRS,EPIRUS BIOPHARMACEUTICALS INC
17919.0,EPRT,ESSENTIAL PROPERTIES RLTY TR INC
25020.0,EPRX,EUPRAXIA PHARMACEUTICALS INC
91810.0,EPS,WISDOMTREE TRUST
18400.0,EPSN,EPSILON ENERGY LTD
92952.0,EPU,ISHARES TRUST
92959.0,EPV,PROSHARES TRUST
13924.0,EPZM,EPIZYME INC
18195.0,EQ,EQUILLIUM INC
15111.0,EQAL,POWERSHARES E T F TRUST II
15111.0,EQAL,INVESCO E T F TRUST II
15838.0,EQBK,EQUITY BANCSHARES INC
70703.0,EQC,EQUITY COMMONWEALTH
15509.0,EQFN,EQUITABLE FINANCIAL CORP
15349.0,EQGP,E Q T GP HOLDINGS LP
17787.0,EQH,A X A EQUITABLE HOLDINGS INC
17787.0,EQH,EQUITABLE HOLDINGS INC
16123.0,EQIN,COLUMBIA E T F TRUST I
89617.0,EQIX,EQUINIX INC
92969.0,EQL,ALPS E T F TRUST
23979.0,EQLS,SIMPLIFY EXCHANGE TRADED FUNDS
14473.0,EQLT,ALPS E T F TRUST
25476.0,EQLT,ISHARES TRUST
13432.0,EQM,E Q T MIDSTREAM PARTNERS L P
13432.0,EQM,E Q M MIDSTREAM PARTNERS L P
89016.0,EQNR,EQUINOR A S A
19784.0,EQOP,NATIXIS E T F TRUST II
18661.0,EQOS,DIGINEX LTD
18661.0,EQOS,EQONEX LTD
79547.0,EQR,EQUITY RESIDENTIAL
16823.0,EQRR,PROSHARES TRUST
21277.0,EQRX,EQRX INC
77895.0,EQS,EQUUS TOTAL RETURN INC
24328.0,EQT,E Q T CORP
23605.0,EQTY,VALUED ADVISERS TRUST
22118.0,EQUL,INDEXIQ E T F TRUST
91648.0,EQWL,POWERSHARES E T F TRUST
91648.0,EQWL,INVESCO E T F TRUST
91647.0,EQWM,POWERSHARES E T F TRUST
91647.0,EQWM,INVESCO E T F TRUST
91646.0,EQWS,POWERSHARES E T F TRUST
91646.0,EQWS,INVESCO E T F TRUST
18926.0,EQX,EQUINOX GOLD CORP
86013.0,EQY,EQUITY ONE INC
13743.0,ERA,ERA GROUP INC
21599.0,ERAS,ERASCA INC
89764.0,ERC,WELLS FARGO ADV MULTI SEC INC FD
89764.0,ERC,WELLS FARGO MULTI SEC INC FD
89764.0,ERC,ALLSPRING MULTI-SECTOR INC FD
19826.0,ERES,EAST RESOURCES ACQUISITION CO
23520.0,ERET,ISHARES TRUST
88818.0,ERF,ENERPLUS CORP
17499.0,ERGF,ISHARES TRUST
90108.0,ERH,WELLS FARGO ADV UTIL & HI INC FD
90108.0,ERH,WELLS FARGO UTIL & HI INC FD
90108.0,ERH,ALLSPRING UTILS & HIGH INC FD
14882.0,ERI,ELDORADO RESORTS INC
33452.0,ERIC,ERICSSON
82486.0,ERIE,ERIE INDEMNITY CO
92753.0,ERII,ENERGY RECOVERY INC
88392.0,ERJ,EMBRAER S A
16662.0,ERM,FIRST TRUST E T F VIII
93106.0,ERN,ERIN ENERGY CORP
76963.0,ERNA,ETERNA THERAPEUTICS INC
25133.0,ERNZ,LISTED FUNDS TRUST
21388.0,ERO,ERO COPPER CORP
14299.0,EROS,EROS INTERNATIONAL PLC
84030.0,ERS,EMPIRE RESOURCES INC DEL
18274.0,ERSX,ENTREPRENEURSHARES SERIES TRUST
91534.0,ERTH,INVESCO E T F TRUST
15160.0,ERUS,ISHARES INC
14048.0,ERW,EXCHANGE TRADED CONCEPTS TR
92820.0,ERX,DIREXION SHARES E T F TRUST
92819.0,ERY,DIREXION SHARES E T F TRUST
16031.0,ERYY,DIREXION SHARES E T F TRUST
44206.0,ES,EVERSOURCE ENERGY
22880.0,ESAB,E S A B CORP
22546.0,ESAC,ESGEN ACQUISITION CORP
14193.0,ESBA,EMPIRE STATE REALTY OP LP
10232.0,ESBK,ELMIRA SAVINGS BANK NY
33532.0,ESCA,ESCALADE INC
15235.0,ESCR,D B X ETF TRUST
89970.0,ESD,WESTERN ASSET EMERG MKTS DEBT FD
16887.0,ESDI,EASTSIDE DISTILLING INC
76478.0,ESE,E S C O TECHNOLOGIES INC
91734.0,ESEA,EUROSEAS LTD
15234.0,ESEB,D B X ETF TRUST
15290.0,ESES,ECO STIM ENERGY INC
16166.0,ESG,FLEXSHARES TRUST
19512.0,ESGA,AMERICAN CENTURY E T F TRUST
21402.0,ESGB,INDEXIQ ACTIVE E T F TRUST
16092.0,ESGD,ISHARES TRUST
16093.0,ESGE,ISHARES INC
16445.0,ESGF,OPPENHEIMER REVENUE WGTD ETF TR
16445.0,ESGF,OPPENHEIMER E T F TR
18588.0,ESGF,INVESCO E T F TRUST II
16167.0,ESGG,FLEXSHARES TRUST
16444.0,ESGL,OPPENHEIMER REVENUE WGTD ETF TR
16444.0,ESGL,OPPENHEIMER E T F TR
18591.0,ESGL,INVESCO ET SELF INDEX FD TR
24102.0,ESGL,ESGL HOLDINGS LTD
16122.0,ESGN,COLUMBIA E T F TRUST I
91818.0,ESGR,ENSTAR GROUP LTD
16123.0,ESGS,COLUMBIA E T F TRUST I
16523.0,ESGU,ISHARES TRUST
18095.0,ESGV,VANGUARD WORLD FUND
16121.0,ESGW,COLUMBIA E T F TRUST I
25456.0,ESGX,E T F OPPORTUNITIES TRUST
21620.0,ESGY,AMERICAN CENTURY E T F TRUST
15236.0,ESHY,D B X ETF TRUST
14406.0,ESI,ELEMENT SOLUTIONS INC
81128.0,ESI,I T T EDUCATIONAL SERVICES INC
32054.0,ESIO,ELECTRO SCIENTIFIC INDS INC
22862.0,ESIX,SPDR SERIES TRUST
50788.0,ESL,ESTERLINE TECHNOLOGIES CORP
21971.0,ESLA,ESTRELLA IMMUNOPHARMA INC
84207.0,ESLT,ELBIT SYSTEMS LTD
77892.0,ESMC,ESCALON MEDICAL CORP
17512.0,ESML,ISHARES TRUST
22003.0,ESMT,ENGAGESMART INC
22300.0,ESMV,ISHARES TRUST
25720.0,ESN,NORTHERN LIGHTS FUND TR II
92155.0,ESNC,ENSYNC INC
79303.0,ESND,ESSENDANT INC
19206.0,ESNG,DIREXION SHARES E T F TRUST
14235.0,ESNT,ESSENT GROUP LTD
91522.0,ESOA,ENERGY SERVICES OF AMERICA CORP
31691.0,ESP,ESPEY MANUFACTURING & ELCTRS COR
18187.0,ESPO,VANECK VECTORS E T F TRUST
18187.0,ESPO,VANECK E T F TRUST
13954.0,ESPR,ESPERION THERAPEUTICS INC NEW
16784.0,ESQ,ESQUIRE FINANCIAL HOLDINGS
14196.0,ESRT,EMPIRE STATE REALTY TRUST INC
77668.0,ESRX,EXPRESS SCRIPTS HOLDING CO
80681.0,ESS,ESSEX PROPERTY TRUST INC
91959.0,ESSA,E S S A BANCORP INC
19311.0,ESSC,EAST STONE ACQUISITION CORP
17964.0,ESTA,ESTABLISHMENT LABS HOLDINGS INC
18136.0,ESTC,ELASTIC N V
17073.0,ESTE,EARTHSTONE ENERGY INC
93159.0,ESV,E N S C O PLC NEW
91446.0,ESXB,COMMUNITY BANKERS TRUST CORP
91111.0,ET,ENERGY TRANSFER L P
19827.0,ETAC,E MERGE TECHNOLOGY ACQ CORP
13121.0,ETAK,ELEPHANT TALK COMMUNICATIONS COR
90648.0,ETB,EATON VANCE TAX MNGD BUY WR INC
79037.0,ETD,ETHAN ALLEN INTERIORS INC
91111.0,ETE,ENERGY TRANSFER EQUITY L P
23787.0,ETEC,ISHARES TRUST
83862.0,ETFC,E TRADE FINANCIAL CORP
89984.0,ETG,EATON VANCE TAX ADV GLOB DIV INC
25287.0,ETH,GRAYSCALE ETHEREUM MINI TR E T F
79037.0,ETH,ETHAN ALLEN INTERIORS INC
25334.0,ETHA,ISHARES ETHEREUM TRUST ETF
25192.0,ETHD,PROSHARES TRUST
15817.0,ETHO,FACTORSHARES TRUST
15817.0,ETHO,E T F MANAGERS TRUST
24727.0,ETHO,AMPLIFY ETF TRUST
25193.0,ETHT,PROSHARES TRUST
25203.0,ETHU,VOLATILITY SHARES TRUST
25319.0,ETHV,VANECK ETHEREUM ETF
25254.0,ETHW,BITWISE ETHEREUM E T F
92173.0,ETJ,EATON VANCE RISK MNGD DIV EQ INC
86560.0,ETM,ENTERCOM COMMUNICATIONS CORP
11762.0,ETN,EATON CORP PLC
19070.0,ETNB,89BIO INC
90105.0,ETO,EATON VANCE TAX ADV GLOB DIV OPP
18257.0,ETON,ETON PHARMACEUTICALS INC
84400.0,ETP,ENERGY TRANSFER PARTNERS L P
89304.0,ETP,ENERGY TRANSFER PARTNER LP
25707.0,ETQ,WORLD FUNDS TRUST
24010.0,ETR,ENTERGY CORP NEW
92433.0,ETRM,ENTEROMEDICS INC
18150.0,ETRN,EQUITRANS MIDSTREAM CORP
15291.0,ETSY,ETSY INC
18113.0,ETTX,ENTASIS THERAPEUTICS HLDGS INC
25708.0,ETU,WORLD FUNDS TRUST
90753.0,ETV,EATON VANCE TAX MAN BUY WR OPP F
90882.0,ETW,EATON VANCE TAX MAN GLBL BUY WR
19454.0,ETWO,E2OPEN PARENT HOLDINGS INC
91570.0,ETY,EATON VANCE TAX MAN DIV EQ IN FD
23636.0,EU,ENCORE ENERGY CORP
25701.0,EUAD,SPINNAKER E T F SERIES
20392.0,EUCG,TIDAL E T F TRUST
22565.0,EUDA,EUDA HEALTH HOLDINGS LTD
14640.0,EUDG,WISDOMTREE TRUST
15695.0,EUDV,PROSHARES TRUST
16150.0,EUFL,DIREXION SHARES E T F TRUST
93231.0,EUFN,ISHARES TRUST
16269.0,EUFS,DIREXION SHARES E T F TRUST
13444.0,EUFX,PROSHARES TRUST II
92412.0,EUM,PROSHARES TRUST
17632.0,EUMF,WISDOMTREE TRUST
14730.0,EUMV,ISHARES TRUST
92847.0,EUO,PROSHARES TRUST II
14387.0,EURL,DIREXION SHARES E T F TRUST
15169.0,EURN,EURONAV N V
15602.0,EURZ,D B X ETF TRUST
93376.0,EUSA,ISHARES INC
19438.0,EUSB,ISHARES TRUST
15265.0,EUSC,WISDOMTREE TRUST
25966.0,EUSM,STRATEGY SHARES
16840.0,EUXL,DIREXION SHARES E T F TRUST
24624.0,EV,NEOS ETF TRUST
31500.0,EV,EATON VANCE CORP
15313.0,EVA,ENVIVA PARTNERS LP
15313.0,EVA,ENVIVA INC
14595.0,EVAR,LOMBARD MEDICAL INC
23281.0,EVAV,DIREXION SHARES E T F TRUST
20593.0,EVAX,EVAXION BIOTECH A S
16287.0,EVBG,EVERBRIDGE INC
89038.0,EVBN,EVANS BANCORP INC
85728.0,EVBS,EASTERN VIRGINIA BANKSHARES INC
88485.0,EVC,ENTRAVISION COMMUNICATIONS CORP
21713.0,EVCM,EVERCOMMERCE INC
14506.0,EVDY,EVERYDAY HEALTH INC
22710.0,EVEN,DIREXION SHARES E T F TRUST
91489.0,EVEP,E V ENERGY PARTNERS L P
13384.0,EVER,EVERBANK FINANCIAL CORP
17880.0,EVER,EVERQUOTE INC
20464.0,EVEX,EVE HOLDING INC
86369.0,EVF,EATON VANCE SENIOR INCOME TR
15075.0,EVFM,EVOFEM BIOSCIENCES INC
90552.0,EVG,EATON VANCE SHORT DUR DIV INC FD
14300.0,EVGN,EVOGENE LTD
20072.0,EVGO,EVGO INC
15452.0,EVH,EVOLENT HEALTH INC
14065.0,EVHC,ENVISION HEALTHCARE HOLDINGS INC
85675.0,EVHC,ENVISION HEALTHCARE CORP
24427.0,EVHY,MORGAN STANLEY E T F TRUST
87437.0,EVI,ENVIROSTAR INC
87437.0,EVI,E V I INDUSTRIES INC
24430.0,EVIM,MORGAN STANLEY E T F TRUST
86557.0,EVJ,EATON VANCE NEW JERSEY MUN INC T
84185.0,EVK,EVER GLORY INTERNATIONAL GRP INC
24855.0,EVLN,MORGAN STANLEY E T F TRUST
17811.0,EVLO,EVELO BIOSCIENCES INC
25477.0,EVLU,ISHARES TRUST
19838.0,EVLV,EVOLV TECHNOLOGIES HOLDINGS INC
77007.0,EVLV,EVINE LIVE INC
89491.0,EVM,EATON VANCE CA MUNICIPAL BD FD
23017.0,EVMT,INVESCO ACT MANAGED E T COMM FD
86556.0,EVN,EATON VANCE MUNICIPAL INCOME TR
21982.0,EVNT,ALTSHARES TRUST
86553.0,EVO,EATON VANCE OHIO MUN INC TR
92683.0,EVO,EVOTEC S E
14158.0,EVOK,EVOKE PHARMA INC
86062.0,EVOL,EVOLVING SYSTEMS INC
17790.0,EVOP,EVO PAYMENTS INC
86555.0,EVP,EATON VANCE PENN MUN INC TR
91413.0,EVR,EVERCORE PARTNERS INC
91413.0,EVR,EVERCORE INC
24053.0,EVRG,EVERGY INC
90885.0,EVRI,EVERI HOLDINGS INC
24426.0,EVSB,MORGAN STANLEY E T F TRUST
25218.0,EVSD,MORGAN STANLEY E T F TRUST
18553.0,EVSI,ENVISION SOLAR INTERNATIONAL INC
24903.0,EVSM,MORGAN STANLEY E T F TRUST
89842.0,EVT,EATON VANCE TAX ADVAN DIV IN FD
13837.0,EVTC,EVERTEC INC
22514.0,EVTL,VERTICAL AEROSPACE LTD
24902.0,EVTR,MORGAN STANLEY E T F TRUST
16773.0,EVTV,ENVIROTECH VEHICLES INC
23695.0,EVUS,ISHARES TRUST
89746.0,EVV,EATON VANCE LTD DURATION INC F
91529.0,EVX,MARKET VECTORS E T F TRUST
91529.0,EVX,VANECK VECTORS E T F TRUST
91529.0,EVX,VANECK E T F TRUST
23961.0,EVXX,E T F SERIES SOLUTIONS
86558.0,EVY,EATON VANCE NEW YORK MUN INC TR
87657.0,EW,EDWARDS LIFESCIENCES CORP
83208.0,EWA,ISHARES INC
86719.0,EWBC,EAST WEST BANCORP INC
83211.0,EWC,ISHARES INC
18238.0,EWCO,INVESCO E T F TRUST
21843.0,EWCZ,EUROPEAN WAX CENTER INC
83219.0,EWD,ISHARES INC
20144.0,EWEB,GLOBAL X FUNDS
12465.0,EWEM,RYDEX E T F TRUST
17709.0,EWEM,INVESCO E T F TRUST II
83213.0,EWG,ISHARES INC
83215.0,EWH,ISHARES INC
83217.0,EWI,ISHARES INC
83225.0,EWJ,ISHARES INC
18469.0,EWJE,ISHARES TRUST
18472.0,EWJV,ISHARES TRUST
83210.0,EWK,ISHARES INC
83218.0,EWL,ISHARES INC
83224.0,EWM,ISHARES INC
12469.0,EWMC,RYDEX E T F TRUST
17730.0,EWMC,INVESCO E T F TRUST
83222.0,EWN,ISHARES INC
83209.0,EWO,ISHARES INC
83220.0,EWP,ISHARES INC
83212.0,EWQ,ISHARES INC
15628.0,EWRE,RYDEX E T F TRUST
17739.0,EWRE,INVESCO E T F TRUST
12471.0,EWRI,RYDEX E T F TRUST
12469.0,EWRM,RYDEX E T F TRUST
12470.0,EWRS,RYDEX E T F TRUST
83221.0,EWS,ISHARES INC
12470.0,EWSC,RYDEX E T F TRUST
17725.0,EWSC,INVESCO E T F TRUST
88290.0,EWT,ISHARES INC
20791.0,EWTX,EDGEWISE THERAPEUTICS INC
14907.0,EWU,ISHARES TRUST
92410.0,EWV,PROSHARES TRUST
83223.0,EWW,ISHARES INC
92667.0,EWX,SPDR INDEX SHARES FUNDS
88214.0,EWY,ISHARES INC
88396.0,EWZ,ISHARES INC
12109.0,EWZS,ISHARES TRUST
13454.0,EXA,EXA CORP
83503.0,EXAC,EXACTECH INC
22203.0,EXAI,EXSCIENTIA PLC
12330.0,EXAM,EXAMWORKS GROUP INC
87696.0,EXAR,EXAR CORP
88863.0,EXAS,EXACT SCIENCES CORP
21776.0,EXC,EXELON CORP
93416.0,EXD,EATON VANCE TAX AD BD & OP ST FD
93416.0,EXD,EATON VANCE TAX MAN BUY WR ST FD
20583.0,EXE,EXPAND ENERGY CORP
88159.0,EXEL,EXELIXIS INC
88340.0,EXFO,E X F O INC
22266.0,EXFY,EXPENSIFY INC
91749.0,EXG,EATON VANCE TAX MNGD GLBL DIV EQ
91449.0,EXI,ISHARES TRUST
91689.0,EXK,ENDEAVOUR SILVER CORP
91500.0,EXLS,EXLSERVICE HOLDINGS INC
19754.0,EXN,EXCELLON RESOURCES INC
25916.0,EXOD,EXODUS MOVEMENT INC
80415.0,EXP,EAGLE MATERIALS INC
19071.0,EXPC,EXPERIENCE INVESTMENT CORP
87717.0,EXPD,EXPEDITORS INTERNATIONAL WA INC
90808.0,EXPE,EXPEDIA INC DE
90808.0,EXPE,EXPEDIA GROUP INC
17812.0,EXPI,E X P WORLD HOLDINGS INC
76261.0,EXPO,EXPONENT INC
93373.0,EXPR,EXPRESS INC
90305.0,EXR,EXTRA SPACE STORAGE INC
91811.0,EXT,WISDOMTREE TRUST
15710.0,EXTN,EXTERRAN CORP
24115.0,EXTO,ALMACENES EXITO S A
86822.0,EXTR,EXTREME NETWORKS INC
16587.0,EXXI,ENERGY XXI GULF COAST INC
92215.0,EXXI,ENERGY XXI LTD
16971.0,EYE,NATIONAL VISION HOLDINGS INC
15510.0,EYEG,EYEGATE PHARMACEUTICALS INC
24647.0,EYEG,A B ACTIVE ETFS INC
17263.0,EYEN,EYENOVIA INC
15062.0,EYES,SECOND SIGHT MEDICAL PRODUCTS IN
17406.0,EYLD,CAMBRIA E T F TRUST
90542.0,EYPT,EYEPOINT PHARMACEUTICALS INC
89690.0,EZA,ISHARES INC
24765.0,EZBC,FRANKLIN TEMPLETON DIGI HLDGS TR
25279.0,EZET,FRANKLIN ETHEREUM TRUST
21930.0,EZFL,EZFILL HOLDINGS INC
20425.0,EZGO,EZGO TECHNOLOGIES LTD
92958.0,EZJ,PROSHARES TRUST
91809.0,EZM,WISDOMTREE TRUST
76798.0,EZPW,EZCORP INC
17638.0,EZR,WISDOMTREE TRUST
88397.0,EZU,ISHARES INC
91806.0,EZY,WISDOMTREE TRUST
25785.0,F,FORD MOTOR CO DEL
21352.0,FA,FIRST ADVANTAGE CORP
16057.0,FAAR,FIRST TRUST E T F VII
91989.0,FAB,FIRST TR EXCH TRD ALPHADEX FD
54578.0,FAC,FIRST ACCEPTANCE CORP
20990.0,FACT,FREEDOM ACQUISITION I CORP
91990.0,FAD,FIRST TR EXCH TRD ALPHADEX FD
93374.0,FAF,FIRST AMERICAN FINL CORP NEW
25840.0,FAI,FIRST TRUST E T F II
19892.0,FAII,FORTRESS VALUE ACQ CORP II
15922.0,FAIL,CAMBRIA E T F TRUST
89099.0,FALC,FALCONSTOR SOFTWARE INC
16094.0,FALN,ISHARES TRUST
90434.0,FAM,FIRST TRUST ABERDEEN GLB OPP INC
90434.0,FAM,FIRST TRUST ABRDN GLB OPP INC FD
17318.0,FAMI,FARMMI INC
92695.0,FAN,FIRST TRUST GLOBAL WIND ENER ETF
13641.0,FANG,DIAMONDBACK ENERGY INC
92301.0,FANH,FANHUA INC
17442.0,FANZ,EXCHANGE LISTED FUNDS TRUST
20929.0,FAPR,FIRST TRUST E T F VIII
34367.0,FARM,FARMER BROTHERS CO
85372.0,FARO,FARO TECHNOLOGIES INC
25898.0,FARX,ADVISORS INNER CIRCLE FUND II
92812.0,FAS,DIREXION SHARES E T F TRUST
11618.0,FAST,FASTENAL CO
16981.0,FAT,F A T BRANDS INC
21791.0,FATBB,F A T BRANDS INC
14245.0,FATE,FATE THERAPEUTICS INC
20739.0,FATH,FATHOM DIGITAL MANUFACT CORP
21202.0,FATT,COLLABORATIVE INV SERIES TRUST
19049.0,FAUG,FIRST TRUST E T F VIII
13213.0,FAUS,FIRST TR EXCH TRD ALPHADEX FD II
92270.0,FAV,FIRST TRUST DIVIDEND & INCOME FD
69366.0,FAX,ABERDEEN ASIA PACIFIC INCOME FD
69366.0,FAX,ABRDN ASIA PACIFIC INCOME FD INC
92813.0,FAZ,DIREXION SHARES E T F TRUST
21028.0,FAZE,FAZE HOLDINGS INC
16028.0,FAZZ,DIREXION SHARES E T F TRUST
13407.0,FB,FACEBOOK INC
13407.0,FB,META PLATFORMS INC
84734.0,FBC,FLAGSTAR BANCORP INC
19426.0,FBCG,FIDELITY COVINGTON TRUST
19425.0,FBCV,FIDELITY COVINGTON TRUST
12981.0,FBHS,FORTUNE BRANDS HOME & SECUR INC
12981.0,FBIN,FORTUNE BRANDS INNOVATIONS INC
13159.0,FBIO,FORTRESS BIOTECH INC
90949.0,FBIZ,FIRST BUSINESS FINL SVCS INC
16319.0,FBK,F B FINANCIAL CORP
23619.0,FBL,GRANITESHARES E T F TRUST
25721.0,FBLA,FB BANCORP INC
24700.0,FBLG,FIBROBIOLOGICS INC
16579.0,FBM,FOUNDATION BLDG MATERIALS INC
91274.0,FBMS,FIRST BANCSHARES INC MS
11285.0,FBNC,FIRST BANCORP NC
14966.0,FBND,FIDELITY MERRIMACK STREET TRUST
12884.0,FBNK,FIRST CONNECTICUT BANCORP INC MD
24001.0,FBOT,FIDELITY COVINGTON TRUST
11018.0,FBP,FIRST BANCORP P R
93001.0,FBR,FIBRIA CELULOSE S A
92093.0,FBRC,F B R & CO
22080.0,FBRT,FRANKLIN B S P REALTY TRUST INC
16681.0,FBRX,FORTE BIOSCIENCES INC
87488.0,FBSS,FAUQUIER BANKSHARES INC
91297.0,FBT,FIRST TRUST EXCHANGE TRADED FUND
24762.0,FBTC,FIDELITY WISE ORIGIN BITCOIN FD
24987.0,FBUF,FIDELITY GREENWOOD STREET TRUST
24056.0,FBY,TIDAL TRUST II
24473.0,FBYD,FALCONS BEYOND GLOBAL INC
12649.0,FBZ,FIRST TR EXCH TRD ALPHADEX FD II
77637.0,FC,FRANKLIN COVEY CO
12651.0,FCA,FIRST TR EXCH TRD ALPHADEX FD II
16785.0,FCAL,FIRST TR EXCHANGE TRADED FD III
13212.0,FCAN,FIRST TR EXCH TRD ALPHADEX FD II
86573.0,FCAP,FIRST CAPITAL INC
14987.0,FCAU,FIAT CHRYSLER AUTOMOBILES NV
14851.0,FCB,F C B FINANCIAL HOLDINGS INC
88944.0,FCBC,FIRST COMMUNITY BANCSHARES INC
25897.0,FCBD,ADVISORS INNER CIRCLE FUND II
17798.0,FCBP,FIRST CHOICE BANCORP
89643.0,FCCO,FIRST COMMUNITY CORP SC
89270.0,FCCY,1ST CONSTITUTION BANCORP
31974.0,FCE,FOREST CITY ENTERPRISES INC
31974.0,FCE,FOREST CITY REALTY TRUST INC
65584.0,FCE,FOREST CITY ENTERPRISES INC
65584.0,FCE,FOREST CITY REALTY TRUST INC
16288.0,FCEF,FIRST TRUST E T F VIII
77699.0,FCEL,FUELCELL ENERGY INC
77643.0,FCF,FIRST COMMONWEALTH FINANCIAL COR
15479.0,FCFI,TRIMTABS ETF TRUST
15514.0,FCFP,FIRST COMMUNITY FINL PTNRS INC
76856.0,FCFS,FIRST CASH FINANCIAL SVCS INC
76856.0,FCFS,FIRSTCASH INC
76856.0,FCFS,FIRSTCASH HOLDINGS INC
24152.0,FCFY,FIRST TRUST EXCHANGE TRADED FUND
16075.0,FCG,FIRST TRUST EXCHANGE TRADED FUND
92059.0,FCG,FIRST TRUST I S E REVERE NAT GAS
80747.0,FCH,FELCOR LODGING TRUST INC
22108.0,FCLD,FIDELITY COVINGTON TRUST
91400.0,FCLF,FIRST CLOVER LEAF FINANCIAL CORP
83509.0,FCN,F T I CONSULTING INC
10777.0,FCNCA,FIRST CITIZENS BANCSHARES INC NC
77458.0,FCO,ABERDEEN GLOBAL INCOME FD INC
77458.0,FCO,ABRDN GLOBAL INCOME FUND INC
14207.0,FCOM,FIDELITY COVINGTON TRUST
14962.0,FCOR,FIDELITY MERRIMACK STREET TRUST
19045.0,FCPI,FIDELITY COVINGTON TRUST
15719.0,FCPT,FOUR CORNERS PROPERTY TRUST INC
93357.0,FCRD,FIRST EAGLE ALT CAP BDC INC
88258.0,FCRE,F C GLOBAL REALTY INC
87139.0,FCS,FAIRCHILD SEMICONDUCTOR INTL INC
13896.0,FCSC,FIBROCELL SCIENCE INC
22462.0,FCSH,FEDERATED HERMES E T F TRUST
90160.0,FCT,FIRST TRUST SR FLTG RT INC FD II
25335.0,FCTE,E T F OPPORTUNITIES TRUST
17985.0,FCTR,FIRST TRUST EXCHANGE TRADED FUND
92870.0,FCTY,1ST CENTURY BANKSHARES INC
23603.0,FCUS,TIDAL TRUST II
21844.0,FCUV,FOCUS UNIVERSAL INC
15839.0,FCVT,FIRST TRUST E T F IV
81774.0,FCX,FREEPORT MCMORAN INC
23848.0,FDAT,TIDAL TRUST II
16982.0,FDBC,FIDELITY D & D BANCORP INC
15703.0,FDC,FIRST DATA CORP NEW
24457.0,FDCE,TWO ROADS SHARED TRUST
24004.0,FDCF,FIDELITY COVINGTON TRUST
92246.0,FDD,FIRST TRUST E T F II
20222.0,FDEC,FIRST TRUST E T F VIII
79382.0,FDEF,FIRST DEFIANCE FINANCIAL CORP
18388.0,FDEM,FIDELITY COVINGTON TRUST
15674.0,FDEU,FIRST TR DYNAMIC EURO EQ INC FD
18387.0,FDEV,FIDELITY COVINGTON TRUST
24005.0,FDFF,FIDELITY COVINGTON TRUST
19320.0,FDG,AMERICAN CENTURY E T F TRUST
24456.0,FDGR,TWO ROADS SHARED TRUST
22107.0,FDHT,FIDELITY COVINGTON TRUST
17921.0,FDHY,FIDELITY COVINGTON TRUST
57103.0,FDI,FORT DEARBORN INCOME SECS INC
24006.0,FDIF,FIDELITY COVINGTON TRUST
23020.0,FDIG,FIDELITY COVINGTON TRUST
14199.0,FDIS,FIDELITY COVINGTON TRUST
14866.0,FDIV,FIRST TRUST E T F IV
24262.0,FDIV,E A SERIES TRUST
91137.0,FDL,FIRST TRUST EXCHANGE TRADED FUND
16323.0,FDLO,FIDELITY COVINGTON TRUST
23293.0,FDLS,NORTHERN LIGHTS FUND TR IV
90884.0,FDM,FIRST TRUST EXCHANGE TRADED FUND
92640.0,FDML,FEDERAL MOGUL HOLDINGS CORP
16322.0,FDMO,FIDELITY COVINGTON TRUST
20292.0,FDMT,4D MOLECULAR THERAPEUTICS INC
91298.0,FDN,FIRST TRUST EXCHANGE TRADED FUND
24886.0,FDND,FIRST TRUST E T F IV
18258.0,FDNI,FIRST TRUST E T F II
85449.0,FDP,FRESH DEL MONTE PRODUCE INC
16324.0,FDRR,FIDELITY COVINGTON TRUST
22106.0,FDRV,FIDELITY COVINGTON TRUST
83597.0,FDS,FACTSET RESEARCH SYSTEMS INC
25403.0,FDSB,FIFTH DISTRICT BANCORP INC
12654.0,FDT,FIRST TR EXCH TRD ALPHADEX FD II
24454.0,FDTB,TWO ROADS SHARED TRUST
13221.0,FDTS,FIRST TR EXCH TRD ALPHADEX FD II
24007.0,FDTX,FIDELITY COVINGTON TRUST
12885.0,FDUS,FIDUS INVESTMENT CORP
23546.0,FDV,FEDERATED HERMES E T F TRUST
24455.0,FDVL,TWO ROADS SHARED TRUST
16325.0,FDVV,FIDELITY COVINGTON TRUST
21394.0,FDWM,FIDELITY COVINGTON TRUST
60628.0,FDX,FEDEX CORP
23026.0,FE,FIRSTENERGY CORP
25838.0,FEAC,FIDELITY COVINGTON TRUST
22897.0,FEAM,5E ADVANCED MATERIALS INC
25999.0,FEAT,TIDAL TRUST II
24584.0,FEBO,FENBO HOLDINGS LTD
24857.0,FEBP,P G I M ROCK ETF TRUST
23685.0,FEBT,A I M E T F PRODUCTS TRUST
23684.0,FEBW,A I M E T F PRODUCTS TRUST
20544.0,FEBZ,LISTED FUNDS TRUST
22013.0,FEDM,FLEXSHARES TRUST
17058.0,FEDU,FOUR SEASONS ED CAYMAN INC
19884.0,FEDX,EMLES TRUST
22990.0,FEEM,FLEXSHARES TRUST
25957.0,FEGE,R B B FUND TRUST
22012.0,FEHY,FLEXSHARES TRUST
13685.0,FEI,FIRST TRUST MLP & ENERGY INC FD
81705.0,FEIC,F E I CO
22011.0,FEIG,FLEXSHARES TRUST
62228.0,FEIM,FREQUENCY ELECTRONICS INC
24545.0,FELC,FIDELITY COVINGTON TRUST
37568.0,FELE,FRANKLIN ELECTRIC INC
24569.0,FELG,FIDELITY COVINGTON TRUST
14721.0,FELP,FORESIGHT ENERGY LP
24567.0,FELV,FIDELITY COVINGTON TRUST
12655.0,FEM,FIRST TR EXCH TRD ALPHADEX FD II
23180.0,FEMA,PROCURE ETF TRUST II
15063.0,FEMB,FIRST TR EXCHANGE TRADED FD III
25839.0,FEMR,FIDELITY COVINGTON TRUST
13220.0,FEMS,FIRST TR EXCH TRD ALPHADEX FD II
21540.0,FEMY,FEMASYS INC
90205.0,FEN,FIRST TRUST ENERGY INC & GR FD
90430.0,FENC,FENNEC PHARMACEUTICALS INC
12751.0,FENG,PHOENIX NEW MEDIA LTD
24570.0,FENI,FIDELITY COVINGTON TRUST
15372.0,FENX,FENIX PARTS INC
14201.0,FENY,FIDELITY COVINGTON TRUST
91414.0,FEO,FIRST TRUST ABERDEEN EMERG OP FD
25956.0,FEOE,R B B FUND TRUST
12647.0,FEP,FIRST TR EXCH TRD ALPHADEX FD II
24474.0,FEPI,E T F OPPORTUNITIES TRUST
25062.0,FER,FERROVIAL SE
20745.0,FERG,FERGUSON PLC
12963.0,FES,FORBES ENERGY SERVICES LTD
24568.0,FESM,FIDELITY COVINGTON TRUST
13337.0,FET,FORUM ENERGY TECHNOLOGIES INC
25274.0,FETH,FIDELITY ETHEREUM FUND
89543.0,FEU,SPDR INDEX SHARES FUNDS
22014.0,FEUS,FLEXSHARES TRUST
15007.0,FEUZ,FIRST TR EXCH TRD ALPHADEX FD II
20236.0,FEVR,NORTHERN LIGHTS FUND TR IV
91993.0,FEX,FIRST TR EXCH TRD ALPHADEX FD
14159.0,FEYE,FIREEYE INC
89545.0,FEZ,SPDR INDEX SHARES FUNDS
12615.0,FF,FUTUREFUEL CORP
90306.0,FFA,FIRST TRUST ENHANCED EQ INC FUND
35685.0,FFBC,FIRST FINANCIAL BANCORP OHIO
16983.0,FFBW,F F B W INC
16983.0,FFBW,F F B W INC MD
89649.0,FFC,FLAHERTY & CRUMRINE PFD SECS INC
89649.0,FFC,FLAHERTY & CRUMRINE PFD INC SECS
25855.0,FFDI,FIDELITY COVINGTON TRUST
19214.0,FFEB,FIRST TRUST E T F VIII
25853.0,FFEM,FIDELITY COVINGTON TRUST
83720.0,FFG,F B L FINANCIAL GROUP INC
25854.0,FFGX,FIDELITY COVINGTON TRUST
17534.0,FFHG,NORTHERN LIGHTS FUND TR IV
91664.0,FFHL,FUWEI FILMS HOLDINGS CO LTD
82573.0,FFIC,FLUSHING FINANCIAL CORP
19649.0,FFIE,FARADAY FUTURE INTEL ELCTRC INC
79824.0,FFIN,FIRST FINANCIAL BANKSHARES INC
16868.0,FFIU,SPINNAKER E T F TRUST
16868.0,FFIU,SPINNAKER E T F SERIES
86964.0,FFIV,F 5 NETWORKS INC
86964.0,FFIV,F 5 INC
10913.0,FFKT,FARMERS CAPITAL BANK CORP
19427.0,FFLC,FIDELITY COVINGTON TRUST
20532.0,FFLG,FIDELITY COVINGTON TRUST
23973.0,FFLS,NORTHERN LIGHTS FUND TR II
24843.0,FFLV,FIDELITY COVINGTON TRUST
21811.0,FFND,NORTHERN LIGHTS FUND TR II
92303.0,FFNW,FIRST FINANCIAL NORTHWEST INC
24544.0,FFOG,FRANKLIN TEMPLETON E T F TRUST
92247.0,FFR,FIRST TRUST E T F II
17659.0,FFSG,NORTHERN LIGHTS FUND TR IV
20529.0,FFSM,FIDELITY COVINGTON TRUST
17660.0,FFTG,NORTHERN LIGHTS FUND TR IV
17533.0,FFTI,NORTHERN LIGHTS FUND TR IV
15306.0,FFTY,ACADEMY FUNDS TRUST
15306.0,FFTY,INNOVATOR E T F S TRUST
15064.0,FFWM,FIRST FOUNDATION INC
16163.0,FG,F G L HOLDINGS
23506.0,FG,F & G ANNUITIES & LIFE INC
91991.0,FGB,FIRST TRUST SPECIALTY FN & FNC
15840.0,FGBI,FIRST GUARANTY BANCSHARES INC
92390.0,FGD,FIRST TRUST E T F II
23140.0,FGDL,FRANKLIN TEMPLETON HLDGS TRUST
15065.0,FGEN,FIBROGEN INC
14607.0,FGF,F G FINANCIAL GROUP INC
14607.0,FGF,F G FINANCIAL GROUP INC NV
14607.0,FGF,FUNDAMENTAL GLOBAL INC
82234.0,FGH,F G GROUP HOLDINGS INC
22619.0,FGI,F G I INDUSTRIES LTD
14337.0,FGL,FIDELITY & GUARANTY LIFE
25722.0,FGL,FOUNDER GROUP LTD
23140.0,FGLD,FRANKLIN TEMPLETON HLDGS TRUST
13211.0,FGM,FIRST TR EXCH TRD ALPHADEX FD II
80682.0,FGP,FERRELLGAS PARTNERS L P
20532.0,FGRO,FIDELITY COVINGTON TRUST
25895.0,FGSM,ADVISORS INNER CIRCLE FUND II
12017.0,FH,FORM HOLDINGS CORP
16253.0,FHB,FIRST HAWAIIAN INC
76461.0,FHCO,FEMALE HEALTH CO
25860.0,FHDG,FIRST TRUST E T F VIII
24988.0,FHEQ,FIDELITY GREENWOOD STREET TRUST
86102.0,FHI,FEDERATED HERMES INC
13218.0,FHK,FIRST TR EXCH TRD ALPHADEX FD II
14203.0,FHLC,FIDELITY COVINGTON TRUST
36397.0,FHN,FIRST HORIZON NATIONAL CORP
36397.0,FHN,FIRST HORIZON CORP
20691.0,FHS,FIRST HIGH SCHOOL ED GP CO LTD
19962.0,FHTX,FOGHORN THERAPEUTICS INC
91138.0,FHY,FIRST TRUST STRAT HIGH INC FD II
22463.0,FHYS,FEDERATED HERMES E T F TRUST
10696.0,FI,FISERV INC
14089.0,FI,FRANKS INTERNATIONAL N V
14957.0,FIA,E T F SERIES SOLUTIONS
25317.0,FIAT,TIDAL TRUST II
23564.0,FIAX,TIDAL TRUST II
93304.0,FIBK,FIRST INTERSTATE BANCSYSTEM INC
17470.0,FIBR,ISHARES U S ETF TRUST
17674.0,FIBR,ISHARES TRUST
11533.0,FICO,FAIR ISAAC CORP
20293.0,FICS,FIRST TRUST E T F VI
14108.0,FID,FIRST TRUST E T F VI
17244.0,FIDI,FIDELITY COVINGTON TRUST
14204.0,FIDU,FIDELITY COVINGTON TRUST
23098.0,FIG,SIMPLIFY EXCHANGE TRADED FUNDS
91750.0,FIG,FORTRESS INVESTMENT GROUP L L C
20689.0,FIGB,FIDELITY MERRIMACK STREET TRUST
21210.0,FIGS,F I G S INC
23994.0,FIHL,FIDELIS INSURANCE HOLDINGS LTD
86102.0,FII,FEDERATED INVESTORS INC PA
24148.0,FIIG,FIRST TRUST E T F IV
19830.0,FIII,FORUM MERGER III CORP
13234.0,FILL,ISHARES INC
24648.0,FINE,THEMES E T F TRUST
77669.0,FINL,FINISH LINE INC
16254.0,FINQ,E T F MANAGERS TRUST
25894.0,FINT,ADVISORS INNER CIRCLE FUND II
17094.0,FINV,FINVOLUTION GROUP
22301.0,FINW,FINWISE BANCORP
16289.0,FINX,GLOBAL X FUNDS
23224.0,FIP,FTAI INFRASTRUCTURE INC
25835.0,FIRI,TIDAL E T F TRUST
25836.0,FIRS,TIDAL E T F TRUST
89003.0,FIS,FIDELITY NATIONAL INFO SVCS INC
86965.0,FISI,FINANCIAL INSTITUTIONS INC
14195.0,FISK,EMPIRE STATE REALTY OP LP
18536.0,FISR,SSGA ACTIVE TRUST
10696.0,FISV,FISERV INC
15390.0,FIT,FITBIT INC
34746.0,FITB,FIFTH THIRD BANCORP
17191.0,FITE,SPDR SERIES TRUST
16095.0,FITS,JANUS DETROIT STREET TRUST
16514.0,FIV,FIRST TR SR FLTG RT 2022 TGT TM
17243.0,FIVA,FIDELITY COVINGTON TRUST
13527.0,FIVE,FIVE BELOW INC
18434.0,FIVG,E T F SERIES SOLUTIONS
14596.0,FIVN,FIVE 9 INC
22550.0,FIVR,STRATEGY SHARES
26000.0,FIVY,TIDAL TRUST II
92058.0,FIW,FIRST TRUST I S E WATER INDEX FD
85059.0,FIX,COMFORT SYSTEMS USA INC
16588.0,FIXD,FIRST TRUST E T F VIII
23180.0,FIXT,PROCURE ETF TRUST II
17358.0,FIXX,HOMOLOGY MEDICINES INC
76839.0,FIZZ,NATIONAL BEVERAGE CORP
20362.0,FJAN,FIRST TRUST E T F VIII
18989.0,FJNK,PACIFIC GLOBAL E T F TRUST
12652.0,FJP,FIRST TR EXCH TRD ALPHADEX FD II
19518.0,FJUL,FIRST TRUST E T F VIII
19429.0,FJUN,FIRST TRUST E T F VIII
12653.0,FKO,FIRST TR EXCH TRD ALPHADEX FD II
13214.0,FKU,FIRST TR EXCH TRD ALPHADEX FD II
10066.0,FKWL,FRANKLIN WIRELESS CORP
15456.0,FL,FOOT LOCKER INC
20594.0,FLAC,FRAZIER LIFESCIENCES ACQ CORP
13744.0,FLAG,EXCHANGE TRADED CONCEPTS TR
22380.0,FLAG,FIRST LIGHT ACQ GROUP INC
24979.0,FLAO,A I M E T F PRODUCTS TRUST
17078.0,FLAU,FRANKLIN TEMPLETON E T F TRUST
17297.0,FLAX,FRANKLIN TEMPLETON E T F TRUST
17924.0,FLBL,FRANKLIN TEMPLETON E T F TRUST
17077.0,FLBR,FRANKLIN TEMPLETON E T F TRUST
89808.0,FLC,FLAHERTY & CRUMRINE TOTAL RET FD
17076.0,FLCA,FRANKLIN TEMPLETON E T F TRUST
18927.0,FLCB,FRANKLIN TEMPLETON E T F TRUST
25270.0,FLCC,FEDERATED HERMES E T F TRUST
25893.0,FLCE,ADVISORS INNER CIRCLE FUND II
25273.0,FLCG,FEDERATED HERMES E T F TRUST
17075.0,FLCH,FRANKLIN TEMPLETON E T F TRUST
16439.0,FLCO,FRANKLIN TEMPLETON E T F TRUST
25272.0,FLCV,FEDERATED HERMES E T F TRUST
24866.0,FLDB,FIDELITY MERRIMACK STREET TRUST
12577.0,FLDM,FLUIDIGM CORP
17922.0,FLDR,FIDELITY MERRIMACK STREET TRUST
22725.0,FLDZ,LISTED FUNDS TRUST
17061.0,FLEE,FRANKLIN TEMPLETON E T F TRUST
17060.0,FLEH,FRANKLIN TEMPLETON E T F TRUST
17060.0,FLEU,FRANKLIN TEMPLETON E T F TRUST
80329.0,FLEX,FLEXTRONICS INTERNATIONAL LTD
80329.0,FLEX,FLEX LTD
18310.0,FLF,FEDERAL LIFE GROUP INC
17074.0,FLFR,FRANKLIN TEMPLETON E T F TRUST
23264.0,FLFV,FEUTUNE LIGHT ACQUISITION CORP
79859.0,FLG,FLAGSTAR FINANCIAL INC
17062.0,FLGB,FRANKLIN TEMPLETON E T F TRUST
21289.0,FLGC,FLORA GROWTH CORP
17071.0,FLGR,FRANKLIN TEMPLETON E T F TRUST
16290.0,FLGT,FULGENT GENETICS INC
19434.0,FLGV,FRANKLIN TEMPLETON E T F TRUST
17070.0,FLHK,FRANKLIN TEMPLETON E T F TRUST
17926.0,FLHY,FRANKLIN TEMPLETON E T F TRUST
17925.0,FLIA,FRANKLIN TEMPLETON E T F TRUST
11006.0,FLIC,FIRST LONG ISLAND CORP
17300.0,FLIN,FRANKLIN TEMPLETON E T F TRUST
16552.0,FLIO,FRANKLIN TEMPLETON E T F TRUST
79265.0,FLIR,FLIR SYSTEMS INC
17069.0,FLIY,FRANKLIN TEMPLETON E T F TRUST
19080.0,FLJ,FLJ GROUP LTD
17059.0,FLJH,FRANKLIN TEMPLETON E T F TRUST
24833.0,FLJJ,A I M E T F PRODUCTS TRUST
17068.0,FLJP,FRANKLIN TEMPLETON E T F TRUST
17066.0,FLKR,FRANKLIN TEMPLETON E T F TRUST
15177.0,FLKS,FLEX PHARMA INC
79490.0,FLL,FULL HOUSE RESORTS INC
18158.0,FLLA,FRANKLIN TEMPLETON E T F TRUST
16326.0,FLLV,FRANKLIN TEMPLETON E T F TRUST
92803.0,FLM,FIRST TRUST E T F II
16948.0,FLMB,FRANKLIN TEMPLETON E T F TRUST
20930.0,FLME,FLAME ACQUISITION CORP
16949.0,FLMI,FRANKLIN TEMPLETON E T F TRUST
83656.0,FLML,FLAMEL TECHNOLOGIES SA
16905.0,FLMN,FALCON MINERALS CORP
17067.0,FLMX,FRANKLIN TEMPLETON E T F TRUST
12648.0,FLN,FIRST TR EXCH TRD ALPHADEX FD II
22088.0,FLNC,FLUENCE ENERGY INC
18767.0,FLNG,FLEX LNG LTD
92486.0,FLNT,FLUENT INC
88924.0,FLO,FLOWERS FOODS INC
12870.0,FLOT,ISHARES TRUST
15647.0,FLOW,S P X FLOW INC
24030.0,FLOW,GLOBAL X FUNDS
16132.0,FLQD,FRANKLIN TEMPLETON E T F TRUST
16131.0,FLQE,FRANKLIN TEMPLETON E T F TRUST
16135.0,FLQG,FRANKLIN TEMPLETON E T F TRUST
16130.0,FLQH,FRANKLIN TEMPLETON E T F TRUST
17445.0,FLQL,FRANKLIN TEMPLETON E T F TRUST
17447.0,FLQM,FRANKLIN TEMPLETON E T F TRUST
17446.0,FLQS,FRANKLIN TEMPLETON E T F TRUST
88853.0,FLR,FLUOR CORP NEW
19762.0,FLRG,FIDELITY COVINGTON TRUST
15189.0,FLRT,ADVISORSHARES TRUST
19118.0,FLRT,PACIFIC GLOBAL E T F TRUST
22141.0,FLRT,PACER FUNDS TRUST
17299.0,FLRU,FRANKLIN TEMPLETON E T F TRUST
30940.0,FLS,FLOWSERVE CORP
18160.0,FLSA,FRANKLIN TEMPLETON E T F TRUST
19096.0,FLSP,FRANKLIN TEMPLETON E T F TRUST
17298.0,FLSW,FRANKLIN TEMPLETON E T F TRUST
12449.0,FLT,FLEETCOR TECHNOLOGIES INC
14965.0,FLTB,FIDELITY MERRIMACK STREET TRUST
22706.0,FLTN,COLLABORATIVE INV SERIES TRUST
12666.0,FLTR,MARKET VECTORS E T F TRUST
12666.0,FLTR,VANECK VECTORS E T F TRUST
12666.0,FLTR,VANECK E T F TRUST
17063.0,FLTW,FRANKLIN TEMPLETON E T F TRUST
13632.0,FLTX,FLEETMATICS GROUP PLC
19520.0,FLUD,FRANKLIN TEMPLETON E T F TRUST
24807.0,FLUT,FLUTTER ENTERTAINMENT PLC
19624.0,FLUX,FLUX POWER HOLDINGS INC
19319.0,FLV,AMERICAN CENTURY E T F TRUST
87162.0,FLWS,1 800 FLOWERS COM INC
25723.0,FLX,BINGEX LTD
14457.0,FLXN,FLEXION THERAPEUTICS INC
25169.0,FLXR,T C W ETF TRUST
36768.0,FLXS,FLEXSTEEL INDUSTRIES INC
92263.0,FLY,FLY LEASING LTD
19205.0,FLYT,DIREXION SHARES E T F TRUST
21122.0,FLYW,FLYWIRE CORP
21628.0,FLYX,FLYEXCLUSIVE INC
18159.0,FLZA,FRANKLIN TEMPLETON E T F TRUST
13578.0,FM,ISHARES INC
20083.0,FMAC,FIRSTMARK HORIZON ACQ CORP
20531.0,FMAG,FIDELITY COVINGTON TRUST
16703.0,FMAO,FARMERS & MERCHANTS BANCORP INC
20698.0,FMAR,FIRST TRUST E T F VIII
14208.0,FMAT,FIDELITY COVINGTON TRUST
19374.0,FMAY,FIRST TRUST E T F VIII
14652.0,FMB,FIRST TR EXCHANGE TRADED FD III
14653.0,FMBH,FIRST MID ILLINOIS BANCSHRS INC
14653.0,FMBH,FIRST MID BANCSHARES INC
35917.0,FMBI,FIRST MIDWEST BANCORP INC
19166.0,FMC,F M C CORP
25801.0,FMCE,NORTHERN LIGHTS FUND TR IV
16704.0,FMCI,FORUM MERGER CORP
18114.0,FMCI,FORUM MERGER II CORP
23003.0,FMCX,NORTHERN LIGHTS FUND TR IV
89877.0,FMD,FIRST MARBLEHEAD CORP
24573.0,FMDE,FIDELITY COVINGTON TRUST
16867.0,FMDG,SPINNAKER E T F TRUST
24008.0,FMED,FIDELITY COVINGTON TRUST
35167.0,FMER,FIRSTMERIT CORP
23022.0,FMET,FIDELITY COVINGTON TRUST
14068.0,FMF,FIRST TRUST E T F V
17112.0,FMHI,FIRST TR EXCHANGE TRADED FD III
14160.0,FMI,FOUNDATION MEDICINE INC
19427.0,FMIL,FIDELITY COVINGTON TRUST
12729.0,FMK,FIRST TR EXCH TRD ALPHADEX FD
89629.0,FMN,FEDERATED PREMIER MUN INC FD
89629.0,FMN,FEDERATED HERMES PREM MUN INC FD
13006.0,FMNB,FARMERS NATIONAL BANC CORP
21212.0,FMNY,FIRST TR EXCHANGE TRADED FD III
90499.0,FMO,FIDUCIARY CLAYMORE M L P OPP FD
90499.0,FMO,FIDUCIARY CLAYMORE ENERGY INF FD
22004.0,FMQQ,EXCHANGE TRADED CONCEPTS TR
83987.0,FMS,FRESENIUS MED CARE AG & CO KGAA
83987.0,FMS,FRESENIUS MED CARE AG
14961.0,FMSA,FAIRMOUNT SANTROL HOLDINGS INC
24101.0,FMST,FOREMOST LITHIUM RES & TECH LTD
19410.0,FMTX,FORMA THERAPEUTICS HOLDINGS INC
90685.0,FMY,FIRST TRUST MORTGAGE INCOME FUND
93427.0,FN,FABRINET
22149.0,FNA,PARAGON 28 INC
10629.0,FNB,F N B CORP PA
13934.0,FNBC,FIRST N B C BANK HOLDING CO
16672.0,FNBG,F N B BANCORP
17359.0,FNCB,FNCB BANCORP INC
17498.0,FNCF,ISHARES TRUST
20793.0,FNCH,FINCH THERAPEUTICS GROUP INC
14202.0,FNCL,FIDELITY COVINGTON TRUST
88285.0,FNCX,FUNCTIONX INC
16664.0,FND,FLOOR & DECOR HOLDINGS INC
14081.0,FNDA,SCHWAB STRATEGIC TRUST
14085.0,FNDB,SCHWAB STRATEGIC TRUST
14079.0,FNDC,SCHWAB STRATEGIC TRUST
14078.0,FNDE,SCHWAB STRATEGIC TRUST
14080.0,FNDF,SCHWAB STRATEGIC TRUST
14084.0,FNDX,SCHWAB STRATEGIC TRUST
90925.0,FNF,FIDELITY NATIONAL FINL INC NEW
85994.0,FNFG,FIRST NIAGARA FINL GROUP INC NEW
14685.0,FNFV,FIDELITY NATIONAL FINL INC NEW
16835.0,FNG,ADVISORSHARES TRUST
21999.0,FNGG,DIREXION SHARES E T F TRUST
93305.0,FNGN,FINANCIAL ENGINES INC
86435.0,FNHC,FEDERATED NATIONAL HOLDING CO
86435.0,FNHC,FEDNAT HOLDING CO
92056.0,FNI,FIRST TRUST EXCHANGE TRADED FUND
91893.0,FNJN,FINJAN HOLDINGS INC
12657.0,FNK,FIRST TR EXCH TRD ALPHADEX FD
17043.0,FNKO,FUNKO INC
87067.0,FNLC,FIRST BANCORP INC ME
19047.0,FNOV,FIRST TRUST E T F VIII
87390.0,FNSR,FINISAR CORP
15292.0,FNTC,FINTECH ACQUISITION CORP
22712.0,FNTC,DIREXION SHARES E T F TRUST
16630.0,FNTE,FINTECH ACQUISITION CORP II
12994.0,FNV,FRANCO NEVADA CORP
15178.0,FNWB,FIRST NORTHWEST BANCORP
22302.0,FNWD,FINWARD BANCORP
92005.0,FNX,FIRST TR EXCH TRD ALPHADEX FD
12656.0,FNY,FIRST TR EXCH TRD ALPHADEX FD
20927.0,FOA,FINANCE OF AMERICA COMPANIES INC
17950.0,FOCS,FOCUS FINANCIAL PARTNERS INC
19889.0,FOCT,FIRST TRUST E T F VIII
21135.0,FOE,FERRO CORP
91567.0,FOF,COHEN & STEERS CLOSED END OPP FD
15426.0,FOGO,FOGO DE CHAO INC
92040.0,FOLD,AMICUS THERAPEUTICS INC
21203.0,FOMO,COLLABORATIVE INV SERIES TRUST
23284.0,FOMO,INVESTMENT MANAGERS SERIES TR II
14929.0,FOMX,FOAMIX PHARMACEUTICALS LTD
12578.0,FONE,FIRST TRUST E T F II
37154.0,FONR,FONAR CORP
25896.0,FOPC,ADVISORS INNER CIRCLE FUND II
16965.0,FOR,FORESTAR GROUP INC NEW
92478.0,FOR,FORESTAR GROUP INC
20794.0,FORA,FORIAN INC
37381.0,FORD,FORWARD INDUSTRIES INC NY
21894.0,FORG,FORGEROCK INC
20921.0,FORH,E T F OPPORTUNITIES TRUST
15841.0,FORK,FULING GLOBAL INC
89753.0,FORM,FORMFACTOR INC
84210.0,FORR,FORRESTER RESEARCH INC
85467.0,FORTY,FORMULA SYSTEMS LTD
79089.0,FOSL,FOSSIL GROUP INC
22553.0,FOUN,FOUNDER S P A C
19404.0,FOUR,SHIFT4 PAYMENTS INC
18442.0,FOVL,ISHARES TRUST
25949.0,FOWF,PACER FUNDS TRUST
18421.0,FOX,FOX CORP
90442.0,FOX,TWENTY FIRST CENTURY FOX INC
18420.0,FOXA,FOX CORP
90441.0,FOXA,TWENTY FIRST CENTURY FOX INC
14097.0,FOXF,FOX FACTORY HOLDING CORP
20358.0,FOXO,FOXO TECHNOLOGIES INC
12646.0,FPA,FIRST TR EXCH TRD ALPHADEX FD II
17920.0,FPAC,FAR POINT ACQUISITION CORP
20398.0,FPAC,FAR PEAK ACQUISITION CORP
22483.0,FPAG,NORTHERN LIGHTS FUND TR III
24968.0,FPAG,F P A FUNDS TRUST
25783.0,FPAS,F P A FUNDS TRUST
16458.0,FPAY,FLEXSHOPPER INC
13771.0,FPE,FIRST TRUST E T F III
16860.0,FPEI,FIRST TR EXCHANGE TRADED FD III
13897.0,FPF,FIRST TRUST INT DUR PFD & INC FD
21392.0,FPFD,FIDELITY COVINGTON TRUST
16746.0,FPH,FIVE POINT HOLDINGS LLC
14566.0,FPI,FARMLAND PARTNERS INC
14507.0,FPL,FIRST TRUST NEW OPPS MLP & EN FD
89878.0,FPO,FIRST POTOMAC REALTY TRUST
32687.0,FPP,FIELDPOINT PETROLEUM CORP
20530.0,FPRO,FIDELITY COVINGTON TRUST
14161.0,FPRX,FIVE PRIME THERAPEUTICS INC
89628.0,FPT,FEDERATED PREMIER INT MUN INC FD
91197.0,FPX,FIRST TRUST E T F
18196.0,FPXE,FIRST TRUST E T F II
15066.0,FPXI,FIRST TRUST E T F II
16321.0,FQAL,FIDELITY COVINGTON TRUST
80683.0,FR,FIRST INDUSTRIAL REALTY TR INC
89879.0,FRA,BLACKROCK FLOATING RT INC STRAT
16557.0,FRAC,KEANE GROUP INC
18652.0,FRAF,FRANKLIN FINANCIAL SERVICES CORP
13243.0,FRAK,MARKET VECTORS E T F TRUST
13243.0,FRAK,VANECK VECTORS E T F TRUST
12915.0,FRAN,FRANCESCAS HOLDINGS CORP
14310.0,FRBA,FIRST BANK
12166.0,FRBK,REPUBLIC FIRST BANCORP INC
22774.0,FRBN,FORBION EUROPEAN ACQ CORP
12448.0,FRC,FIRST REPUBLIC BANK S F NEW
58421.0,FRD,FRIEDMAN INDUSTRIES INC
18680.0,FRDM,ALPHA ARCHITECT ETF TRUST
18680.0,FRDM,E A SERIES TRUST
77420.0,FRED,FREDS INC
18642.0,FREE,WHOLE EARTH BRANDS INC
91023.0,FREE,FREESEAS INC
15195.0,FREL,FIDELITY COVINGTON TRUST
19008.0,FREQ,FREQUENCY THERAPEUTICS INC
21692.0,FREY,FREYR BATTERY
21692.0,FREY,FREYR BATTERY INC
13537.0,FRG,FRANCHISE GROUP INC
20561.0,FRGE,FORGE GLOBAL HOLDINGS INC
13375.0,FRGI,FIESTA RESTAURANT GROUP INC
16877.0,FRGT,FREIGHT TECHNOLOGIES INC
91437.0,FRHC,FREEDOM HOLDING CORP
91992.0,FRI,FIRST TRUST E T F II
19627.0,FRLN,FREELINE THERAPEUTICS HLDGS PLC
75605.0,FRME,FIRST MERCHANTS CORP
17715.0,FRN,INVESCO E T F TRUST II
92693.0,FRN,CLAYMORE E T F TRUST 2
22109.0,FRNW,FIDELITY COVINGTON TRUST
89139.0,FRO,FRONTLINE LTD
89139.0,FRO,FRONTLINE PLC
19656.0,FROG,JFROG LTD
12501.0,FRP,FAIRPOINT COMMUNICATIONS INC
10443.0,FRPH,F R P HOLDINGS INC
15067.0,FRPT,FRESHPET INC
57330.0,FRS,FRISCHS RESTAURANTS INC
14654.0,FRSH,PAPA MURPHYS HOLDINGS INC
21895.0,FRSH,FRESHWORKS INC
91622.0,FRST,PRIMIS FINANCIAL CORP
16786.0,FRSX,FORESIGHT AUTONOMOUS HLDGS LTD
58413.0,FRT,FEDERAL REALTY INVESTMENT TRUST
58413.0,FRT,FEDERAL REALTY INVESTMENT TR NEW
16384.0,FRTA,FORTERRA INC
79022.0,FRTX,FRESH TRACKS THERAPEUTICS INC
20667.0,FRTY,ALGER E T F TRUST
23256.0,FRZA,FORZA X1 INC
16925.0,FSAC,FEDERAL STREET ACQUISITION CORP
15008.0,FSAM,FIFTH STREET ASSET MANAGEMENT
15242.0,FSB,FRANKLIN FINANCIAL NETWORK INC
16170.0,FSBC,FSB BANCORP INC
21294.0,FSBC,FIVE STAR BANCORP
22989.0,FSBD,FIDELITY MERRIMACK STREET TRUST
84749.0,FSBK,FIRST SOUTH BANCORP INC
13528.0,FSBW,F S BANCORP INC
92694.0,FSC,FIFTH STREET FINANCE CORP
25271.0,FSCC,FEDERATED HERMES E T F TRUST
16800.0,FSCS,FIRST TRUST E T F VI
16984.0,FSCT,FORESCOUT TECHNOLOGIES INC
12103.0,FSD,FIRST TRUST HIGH INC LNG SHRT FD
18837.0,FSEA,FIRST SEACOAST BANCORP
18837.0,FSEA,FIRST SEACOAST BANCORP INC
20690.0,FSEC,FIDELITY MERRIMACK STREET TRUST
19766.0,FSEP,FIRST TRUST E T F VIII
92809.0,FSFG,FIRST SAVINGS FINANCIAL GRP INC
14050.0,FSFR,FIFTH STREET SENIOR FLTG RT CORP
16801.0,FSGS,FIRST TRUST E T F VI
89597.0,FSI,FLEXIBLE SOLUTIONS INTL INC
14565.0,FSIC,F S INVESTMENT CORP
22383.0,FSIG,FIRST TRUST E T F IV
14565.0,FSK,F S K K R CAPITAL CORP
19435.0,FSKR,F S K K R CAPITAL CORP II
22988.0,FSLD,FIDELITY MERRIMACK STREET TRUST
14142.0,FSLF,FIRST EAGLE SENIOR LOAN FUND
91611.0,FSLR,FIRST SOLAR INC
18580.0,FSLY,FASTLY INC
12982.0,FSM,FORTUNA SILVER MINES INC
12982.0,FSM,FORTUNA MINING CORP
18234.0,FSMB,FIRST TR EXCHANGE TRADED FD III
18386.0,FSMD,FIDELITY COVINGTON TRUST
20529.0,FSMO,FIDELITY COVINGTON TRUST
90556.0,FSNN,FUSION TELECOMMUNICATIONS INTL
90755.0,FSP,FRANKLIN STREET PROPERTIES CORP
18184.0,FSR,FISKER INC
19135.0,FSRV,FINSERV ACQUISITION CORP
47706.0,FSS,FEDERAL SIGNAL CORP
21393.0,FSST,FIDELITY COVINGTON TRUST
14200.0,FSTA,FIDELITY COVINGTON TRUST
37402.0,FSTR,FOSTER L B CO
16069.0,FSTX,F STAR THERAPEUTICS INC
25336.0,FSUN,FIRSTSUN CAPITAL BANCORP
15336.0,FSV,FIRSTSERVICE CORP NEW
22844.0,FSYD,FIDELITY COVINGTON TRUST
10667.0,FSYS,FUEL SYSTEMS SOLUTIONS INC
13217.0,FSZ,FIRST TR EXCH TRD ALPHADEX FD II
75346.0,FT,FRANKLIN UNIVERSAL TRUST
92007.0,FTA,FIRST TR EXCH TRD ALPHADEX FD
18361.0,FTAC,FINTECH ACQUISITION CORP III
93309.0,FTAG,FIRST TRUST E T F II
15351.0,FTAI,FORTRESS TRANS AND INFR INV LLC
15351.0,FTAI,FTAI AVIATION LTD
23637.0,FTBD,FIDELITY MERRIMACK STREET TRUST
92008.0,FTC,FIRST TR EXCH TRD ALPHADEX FD
24531.0,FTCB,FIRST TRUST E T F IV
25677.0,FTCE,FIRST TRUST E T F VI
18077.0,FTCH,FARFETCH LTD
21051.0,FTCI,F T C SOLAR INC
91378.0,FTCS,FIRST TRUST EXCHANGE TRADED FUND
14247.0,FTD,F T D COMPANIES INC
18064.0,FTDR,FRONTDOOR INC
91637.0,FTDS,FIRST TRUST EXCHANGE TRADED FUND
14205.0,FTEC,FIDELITY COVINGTON TRUST
79586.0,FTEK,FUEL TECH INC
24162.0,FTEL,FITELL CORP
13946.0,FTEO,FRONTEO INC
89809.0,FTF,FRANKLIN LIMITED DURATION INC TR
93069.0,FTFT,FUTURE FINTECH GROUP INC
14248.0,FTGC,FIRST TRUST E T F VII
23438.0,FTGS,FIRST TRUST EXCHANGE TRADED FUND
24391.0,FTHF,FIRST TRUST E T F II
14427.0,FTHI,FIRST TRUST E T F VI
19555.0,FTHM,FATHOM HOLDINGS INC
16538.0,FTI,TECHNIPFMC PLC
89004.0,FTI,F M C TECHNOLOGIES INC
23757.0,FTIF,FIRST TRUST EXCHANGE TRADED FUND
90783.0,FTK,FLOTEK INDUSTRIES INC
14428.0,FTLB,FIRST TRUST E T F VI
24263.0,FTLF,FITLIFE BRANDS INC
14901.0,FTLS,FIRST TR EXCHANGE TRADED FD III
93132.0,FTNT,FORTINET INC
17182.0,FTNW,F T E NETWORKS INC
19963.0,FTOC,FTAC OLYMPUS ACQUISITION CORP
14428.0,FTQI,FIRST TRUST E T F VI
23887.0,FTR,FRONTIER COMMUNICATIONS CORP
24761.0,FTRB,FEDERATED HERMES E T F TRUST
23942.0,FTRE,FORTREA HOLDINGS INC
93303.0,FTRI,FIRST TRUST E T F II
21714.0,FTRP,FIELD TRIP HEALTH LTD
16341.0,FTS,FORTIS INC
14282.0,FTSD,FRANKLIN E T F TRUST
17273.0,FTSI,F T S INTERNATIONAL INC
13925.0,FTSL,FIRST TRUST E T F IV
14869.0,FTSM,FIRST TRUST E T F IV
17883.0,FTSV,FORTY SEVEN INC
16087.0,FTV,FORTIVE CORP
17651.0,FTVA,E T F SERIES SOLUTIONS
13219.0,FTW,FIRST TR EXCH TRD ALPHADEX FD II
24157.0,FTWO,E A SERIES TRUST
16291.0,FTXD,FIRST TRUST E T F VI
16292.0,FTXG,FIRST TRUST E T F VI
16293.0,FTXH,FIRST TRUST E T F VI
16294.0,FTXL,FIRST TRUST E T F VI
16295.0,FTXN,FIRST TRUST E T F VI
16296.0,FTXO,FIRST TRUST E T F VI
16297.0,FTXR,FIRST TRUST E T F VI
92060.0,FTY,ISHARES TRUST
19893.0,FUBO,FUBOTV INC
14164.0,FUEL,ROCKET FUEL INC
24941.0,FUFU,BITFUFU INC
37875.0,FUL,FULLER H B CO
18838.0,FULC,FULCRUM THERAPEUTICS INC
12309.0,FULL,FULL CIRCLE CAPITAL CORP
88197.0,FULT,FULTON FINANCIAL CORP PA
18237.0,FUMB,FIRST TRUST E T F III
25147.0,FUN,SIX FLAGS ENTERTAINMENT CORP NEW
75041.0,FUN,CEDAR FAIR L P
77889.0,FUNC,FIRST UNITED CORP
10207.0,FUND,SPROTT FOCUS TRUST INC
19613.0,FUNL,TRUST FOR ADVISED PORTFOLIOS
24684.0,FUNL,ADVISOR MANAGED PORTFOLIOS
50614.0,FUR,WINTHROP REALTY TRUST
16836.0,FURY,FURY GOLD MINES LTD
88384.0,FUSB,FIRST U S BANCSHARES INC
19592.0,FUSE,FUSION ACQUISITION CORP
23753.0,FUSI,AMERICAN CENTURY E T F TRUST
19475.0,FUSN,FUSION PHARMACEUTICALS INC
17592.0,FUT,PROSHARES TRUST
14978.0,FUTS,PROSHARES TRUST II
18466.0,FUTU,FUTU HOLDINGS LTD
14206.0,FUTY,FIDELITY COVINGTON TRUST
16927.0,FUV,ARCIMOTO INC
16320.0,FVAL,FIDELITY COVINGTON TRUST
15965.0,FVC,FIRST TRUST E T F VI
18115.0,FVCB,FVCBANKCORP INC
89807.0,FVD,FIRST TRUST EXCHANGE TRADED FUND
89252.0,FVE,FIVE STAR QUALITY CARE INC
89252.0,FVE,FIVE STAR SENIOR LIVING INC
89765.0,FVL,FIRST TRUST VALUE LINE 100 ETF
25682.0,FVR,FRONTVIEW REIT INC
18768.0,FVRR,FIVERR INTERNATIONAL LTD
21296.0,FWAC,FIFTH WALL ACQUISITION CORP III
16377.0,FWBI,FIRST WAVE BIOPHARMA INC
23749.0,FWD,A B ACTIVE ETFS INC
12832.0,FWDB,ADVISORSHARES TRUST
12834.0,FWDD,ADVISORSHARES TRUST
12833.0,FWDI,ADVISORSHARES TRUST
13874.0,FWM,FAIRWAY GROUP HOLDINGS CORP
13757.0,FWONA,LIBERTY MEDIA CORP 3RD NEW
14811.0,FWONK,LIBERTY MEDIA CORP 3RD NEW
15009.0,FWP,FORWARD PHARMA A S
79841.0,FWRD,FORWARD AIR CORP
22204.0,FWRG,FIRST WATCH RESTAURANT GROUP INC
91292.0,FXA,CURRENCYSHARES AUSTRALIAN DLR TR
91292.0,FXA,INVESCO CURRENCYSHARES AUS DLR T
91291.0,FXB,CURRENCYSHARES BRTSH PND STLG TR
91291.0,FXB,INVESCO CRRNCYSHRS BRTSH PND ST
91294.0,FXC,CURRENCYSHARES CANADIAN DLR TR
91294.0,FXC,INVESCO CURRENCYSHARES CA DLR TR
91501.0,FXCB,FOX CHASE BANCORP INC
13017.0,FXCH,CURRENCYSHARES CHIN RENMINBI TR
13017.0,FXCH,INVESCO CURRENCYSHARES CHI REN T
12446.0,FXCM,F X C M INC
91995.0,FXD,FIRST TRUST E T F II
91047.0,FXE,CURRENCYSHARES EURO TRUST
91047.0,FXE,INVESCO CURRENCYSHARES EURO TR
20257.0,FXED,TIDAL E T F TRUST
15728.0,FXEP,POWERSHARES E T F TRUST II
91293.0,FXF,CURRENCYSHARES SWISS FRANC TRUST
91293.0,FXF,INVESCO CURRENCYSHARES SWISS FR
91996.0,FXG,FIRST TRUST E T F II
91999.0,FXH,FIRST TRUST E T F II
90383.0,FXI,ISHARES TRUST
15727.0,FXJP,POWERSHARES E T F TRUST II
92002.0,FXL,FIRST TRUST E T F II
21641.0,FXLV,F45 TRAINING HOLDINGS INC
91997.0,FXN,FIRST TRUST E T F II
18554.0,FXNC,FIRST NATIONAL CORP VA
91998.0,FXO,FIRST TRUST E T F II
92409.0,FXP,PROSHARES TRUST
92000.0,FXR,FIRST TRUST E T F II
91290.0,FXS,CURRENCYSHARES SWEDISH KRONA TR
91290.0,FXS,INVESCO CURRENCYSHARES SE KRONA
13767.0,FXSG,CURRENCYSHARES SINGAPORE DLR TR
13767.0,FXSG,INVESCO CURRENCYSHARES SG DLR TR
92003.0,FXU,FIRST TRUST E T F II
91747.0,FXY,CURRENCYSHARES JAPANESE YEN TR
91747.0,FXY,INVESCO CURRENCYSHARES JAPAN YN
92001.0,FXZ,FIRST TRUST E T F II
21297.0,FYBR,FRONTIER COMMUNICATIONS PRINT
12658.0,FYC,FIRST TR EXCH TRD ALPHADEX FD
24984.0,FYEE,FIDELITY GREENWOOD STREET TRUST
14333.0,FYLD,CAMBRIA E T F TRUST
23550.0,FYLG,GLOBAL X FUNDS
12659.0,FYT,FIRST TR EXCH TRD ALPHADEX FD
92004.0,FYX,FIRST TR EXCH TRD ALPHADEX FD
21211.0,FZT,FAST ACQUISITION CORP II
92261.0,G,GENPACT LTD
15100.0,GAA,CAMBRIA E T F TRUST
69980.0,GAB,GABELLI EQUITY TRUST INC
79166.0,GABC,GERMAN AMERICAN BANCORP INC
23079.0,GABF,GABELLI E T F S TRUST
25385.0,GAEM,SIMPLIFY EXCHANGE TRADED FUNDS
91880.0,GAF,SPDR INDEX SHARES FUNDS
85958.0,GAI,GLOBAL TECH ADVANCED INNOV INC
87321.0,GAIA,GAIAM INC
87321.0,GAIA,GAIA INC
90729.0,GAIN,GLADSTONE INVESTMENT CORP
13364.0,GAL,SSGA ACTIVE TRUST
92594.0,GALE,GALENA BIOPHARMA INC
13324.0,GALT,GALECTIN THERAPEUTICS INC
18622.0,GAM,GENERAL AMERICAN INVESTORS INC
21716.0,GAMB,GAMBLING COM GROUP LTD
21298.0,GAMC,GOLDEN ARROW MERGER CORP
21541.0,GAME,GAMESQUARE HOLDINGS INC
21541.0,GAME,GAMESQUARE HOLDINGS INC DE
15981.0,GAMR,E T F MANAGERS TRUST
24734.0,GAMR,AMPLIFY ETF TRUST
19398.0,GAN,G A N LTD
20796.0,GANX,GAIN THERAPEUTICS INC
23826.0,GAPR,FIRST TRUST E T F VIII
17606.0,GARD,REALITY SHARES E T F TR
19157.0,GARP,ISHARES TRUST
13826.0,GARS,GARRISON CAPITAL INC
15553.0,GAS,A G L RESOURCES INC
11182.0,GASL,DIREXION SHARES E T F TRUST
90950.0,GASS,STEALTHGAS INC
22717.0,GAST,GABELLI E T F S TRUST
15881.0,GASX,DIREXION SHARES E T F TRUST
19894.0,GATO,GATOS SILVER INC
12036.0,GATX,G A T X CORP
92536.0,GAU,GALIANO GOLD INC
24123.0,GAUG,FIRST TRUST E T F VIII
25220.0,GAUZ,GAUZY LTD
17920.0,GB,GLOBAL BLUE GROUP HOLDING A G
88615.0,GB,GREATBATCH INC
12331.0,GBAB,GUGGENHEIM BLD AM BDS MGD DUR TR
12331.0,GBAB,GUGGENHEIM TAXABLE MUN MGD DUR T
12331.0,GBAB,GUGGENHEIM TAX MUN BD & I G DB T
87952.0,GBCI,GLACIER BANCORP INC NEW
93352.0,GBDC,GOLUB CAPITAL B D C INC
19097.0,GBDV,GLOBAL BETA E T F TRUST
91699.0,GBF,ISHARES TRUST
19523.0,GBGR,GLOBAL BETA E T F TRUST
16327.0,GBIL,GOLDMAN SACHS E T F TRUST
14801.0,GBIM,GLOBEIMMUNE INC
19476.0,GBIO,GENERATION BIO CO
86593.0,GBL,GAMCO INVESTORS INC
20947.0,GBLD,INVESCO E T F TRUST II
89942.0,GBLI,GLOBAL INDEMNITY PLC
89942.0,GBLI,GLOBAL INDEMNITY LTD
89942.0,GBLI,GLOBAL INDEMNITY GROUP LLC
19522.0,GBLO,GLOBAL BETA E T F TRUST
20797.0,GBNH,GREENBROOK T M S INC
90948.0,GBNK,GUARANTY BANCORP
20427.0,GBNY,GENERATIONS BANCORP N Y INC
20600.0,GBOX,GREENBOX P O S
79066.0,GBR,NEW CONCEPT ENERGY INC
21052.0,GBRG,GOLDENBRIDGE ACQUISITION LTD
20294.0,GBS,G B S INC
15010.0,GBSN,GREAT BASIN SCIENTIFIC INC
15638.0,GBT,GLOBAL BLOOD THERAPEUTICS INC
24768.0,GBTC,GRAYSCALE BITCOIN TRUST E T F
20114.0,GBTG,GLOBAL BUSINESS TRAVEL GROUP INC
18435.0,GBUY,GOLDMAN SACHS E T F TRUST
22387.0,GBUY,GOLDMAN SACHS E T F TRUST
80719.0,GBX,GREENBRIER COMPANIES INC
20798.0,GCAC,GROWTH CAPITAL ACQ CORP
23639.0,GCAD,GABELLI E T F S TRUST
25282.0,GCAL,GOLDMAN SACHS E T F TRUST
12451.0,GCAP,GAIN CAPITAL HOLDINGS INC
87069.0,GCBC,GREENE COUNTY BANCORP INC
20267.0,GCC,WISDOMTREE TRUST
92534.0,GCC,GREENHAVEN CONTINUOUS COMM INDEX
92534.0,GCC,WISDOMTREE CONTINUOUS COMM INDEX
77816.0,GCH,ABERDEEN GREATER CHINA FUND INC
14490.0,GCI,GANNETT CO INC
15391.0,GCI,GANNETT CO INC NEW
22494.0,GCIG,VALUED ADVISERS TRUST
22847.0,GCLN,GOLDMAN SACHS E T F TRUST
18360.0,GCMG,G C M GROSVENOR INC
21055.0,GCO,GENESCO INC
19769.0,GCOR,GOLDMAN SACHS E T F TRUST
17565.0,GCOW,PACER FUNDS TRUST
15917.0,GCP,G C P APPLIED TECHNOLOGIES INC
23316.0,GCT,GIGACLOUD TECHNOLOGY INC
22561.0,GCTK,GLUCOTRACK INC
22447.0,GCTS,GCT SEMICONDUCTOR HOLDING INC
81299.0,GCV,GABELLI CONV & INC SECS FUND INC
12052.0,GD,GENERAL DYNAMICS CORP
18441.0,GDAT,GOLDMAN SACHS E T F TRUST
15664.0,GDC,GD CULTURE GROUP LTD
15315.0,GDDY,GODADDY INC
22967.0,GDE,WISDOMTREE TRUST
24609.0,GDEC,FIRST TRUST E T F VIII
23642.0,GDEF,GOLDMAN SACHS E T F TRUST
86578.0,GDEN,GOLDEN ENTERTAINMENT INC
21847.0,GDEV,NEXTERS INC
21847.0,GDEV,GDEV INC
79769.0,GDF,WESTERN ASSET GLOBAL PTRS INC FD
18233.0,GDG,E T F SERIES SOLUTIONS
23857.0,GDHG,GOLDEN HEAVEN GROUP HLDGS LTD
16692.0,GDI,GARDNER DENVER HOLDINGS INC
23080.0,GDIV,HARBOR E T F TRUST
15208.0,GDJJ,PROSHARES TRUST
15209.0,GDJS,PROSHARES TRUST
91691.0,GDL,G D L FUND
18232.0,GDMA,E T F SERIES SOLUTIONS
20070.0,GDMA,ALPHA ARCHITECT ETF TRUST
20070.0,GDMA,E A SERIES TRUST
22499.0,GDMN,WISDOMTREE TRUST
18437.0,GDNA,GOLDMAN SACHS E T F TRUST
93122.0,GDO,WESTERN ASSET GL CP DEF OP FD IN
93122.0,GDO,WESTERN ASSET GL CP OPP FUND INC
22386.0,GDOC,GOLDMAN SACHS E T F TRUST
11664.0,GDOT,GREEN DOT CORP
16690.0,GDP,GOODRICH PETROLEUM CORP
57509.0,GDP,GOODRICH PETROLEUM CORP
19679.0,GDRX,GOODRX HOLDINGS INC
16461.0,GDS,G D S HOLDINGS LTD
23858.0,GDTC,CYTOMED THERAPEUTICS LTD
89893.0,GDV,GABELLI DIVIDEND & INCOME TRUST
17588.0,GDVD,PRINCIPAL EXCHANGE TRADED FUNDS
22954.0,GDVD,NORTHERN LIGHTS FUND TR IV
91232.0,GDX,MARKET VECTORS E T F TRUST
91232.0,GDX,VANECK VECTORS E T F TRUST
91232.0,GDX,VANECK E T F TRUST
93103.0,GDXJ,MARKET VECTORS E T F TRUST
93103.0,GDXJ,VANECK VECTORS E T F TRUST
93103.0,GDXJ,VANECK E T F TRUST
15207.0,GDXS,PROSHARES TRUST
15206.0,GDXX,PROSHARES TRUST
25122.0,GDXY,TIDAL TRUST II
18192.0,GDYN,GRID DYNAMICS HOLDINGS INC
12060.0,GE,GENERAL ELECTRIC CO
86990.0,GEC,GREAT ELM CAPITAL GROUP INC
16403.0,GECC,GREAT ELM CAPITAL CORP
83233.0,GEF,GREIF INC
83264.0,GEF,GREIF INC
86990.0,GEG,GREAT ELM GROUP INC
23570.0,GEHC,G E HEALTHCARE TECHNOLOGIES INC
16962.0,GEHI,GRAVITAS EDUCATION HOLDINGS INC
84167.0,GEL,GENESIS ENERGY L P
15677.0,GEM,GOLDMAN SACHS E T F TRUST
22846.0,GEMD,GOLDMAN SACHS E T F TRUST
16255.0,GEMP,GEMPHIRE THERAPEUTICS INC
75607.0,GEN,GEN DIGITAL INC
92020.0,GEN,GENESIS HEALTHCARE INC
52250.0,GENC,GENCOR INDUSTRIES INC
90899.0,GENE,GENETIC TECHNOLOGIES LTD
20991.0,GENI,GENIUS SPORTS LTD
24009.0,GENK,GEN RESTAURANT GROUP INC
25120.0,GENM,SPINNAKER E T F SERIES
25121.0,GENT,SPINNAKER E T F SERIES
16258.0,GENY,PRINCIPAL EXCHANGE TRADED FUNDS
80774.0,GEO,GEO GROUP INC NEW
85567.0,GEOS,GEOSPACE TECHNOLOGIES CORP
13022.0,GEQ,GUGGENHEIM EQUAL WT EN EQ INC FD
19424.0,GERM,E T F MANAGERS TRUST
83756.0,GERN,GERON CORP
83822.0,GES,GUESS INC
22205.0,GET,GETNET ADQUIRENCIA E SERVICOS
20945.0,GETR,GETAROUND INC
23206.0,GETY,GETTY IMAGES HOLDINGS INC
14474.0,GEUR,ADVISORSHARES TRUST
24878.0,GEV,G E VERNOVA INC
12579.0,GEVO,GEVO INC
92011.0,GEX,MARKET VECTORS E T F TRUST
92011.0,GEX,VANECK VECTORS E T F TRUST
75938.0,GF,NEW GERMANY FUND INC
91859.0,GFA,GAFISA S A
21931.0,GFAI,GUARDFORCE AI CO LTD
23693.0,GFEB,FIRST TRUST E T F VIII
81560.0,GFED,GUARANTY FEDERAL BANCSHARES INC
46463.0,GFF,GRIFFON CORP
22555.0,GFGF,ALPHA ARCHITECT ETF TRUST
22555.0,GFGF,E A SERIES TRUST
30796.0,GFI,GOLD FIELDS LTD NEW
18440.0,GFIN,GOLDMAN SACHS E T F TRUST
19291.0,GFL,G F L ENVIRONMENTAL INC
26001.0,GFLW,VICTORY PORTFOLIOS II
91299.0,GFN,GENERAL FINANCE CORP
22839.0,GFOF,E T F SERIES SOLUTIONS
21644.0,GFOR,GRAF ACQUISITION CORP IV
24201.0,GFR,GREENFIRE RESOURCES LTD
22206.0,GFS,GLOBALFOUNDRIES INC
90392.0,GFY,WESTERN ASSET VAR RATE STR FD
69892.0,GG,GOLDCORP INC NEW
14802.0,GGAC,GARNERO GROUP ACQUISITION CO
88442.0,GGAL,GRUPO FINANCIERO GALICIA S A
12310.0,GGE,GREEN GIANT INC
89981.0,GGE,GUGGENHEIM ENHANCED EQTY STR FD
39571.0,GGG,GRACO INC
23409.0,GGLL,DIREXION SHARES E T F TRUST
23410.0,GGLS,DIREXION SHARES E T F TRUST
13994.0,GGM,GUGGENHEIM CREDIT ALLOCATION FD
24237.0,GGM,NORTHERN LIGHTS FUND TR II
90770.0,GGME,INVESCO E T F TRUST
90611.0,GGN,GAMCO GLBL GOLD NAT RES & INC TR
79129.0,GGP,GENERAL GROWTH PPTYS INC NEW
79129.0,GGP,G G P INC
21300.0,GGPI,GORES GUGGENHEIM INC
23029.0,GGR,GOGORO INC
20536.0,GGRW,GABELLI E T F S TRUST
81035.0,GGT,GABELLI MULTIMEDIA TRUST INC
24586.0,GGUS,GOLDMAN SACHS E T F TRUST
14722.0,GGZ,GABELLI GLOBAL SM & MID CP VAL T
18135.0,GH,GUARDANT HEALTH INC
53225.0,GHC,GRAHAM HOLDINGS CO
90900.0,GHDX,GENOMIC HEALTH INC
16036.0,GHE,EXCHANGE TRADED CONCEPTS TR
24561.0,GHEE,COLLABORATIVE INV SERIES TRUST
17378.0,GHG,GREENTREE HOSPITALITY GROUP LTD
79671.0,GHI,GLOBAL HIGH INCOME FUND INC
92726.0,GHI,GREYSTONE HOUSING IM INV LP
15191.0,GHII,CLAYMORE E T F TRUST 2
17838.0,GHII,INVESCO E T F TRUST II
90164.0,GHL,GREENHILL & CO INC
19898.0,GHLD,GUILD HOLDINGS CO
60468.0,GHM,GRAHAM CORP
24554.0,GHMS,COLLABORATIVE INV SERIES TRUST
21542.0,GHRS,G H RESEARCH PLC
16039.0,GHS,EXCHANGE TRADED CONCEPTS TR
18555.0,GHSI,GUARDION HEALTH SCIENCES INC
22363.0,GHTA,COLLABORATIVE INV SERIES TRUST
13732.0,GHY,PRUDENTIAL GLBL SH DUR HI YLD FD
13732.0,GHY,P G I M GLBL SH DUR HI YD FD INC
13732.0,GHY,P G I M GLOBAL HIGH YIELD FD INC
16952.0,GHYB,GOLDMAN SACHS E T F TRUST
17456.0,GHYG,ISHARES INC
15451.0,GI,ENDOCHOICE HOLDINGS INC
22384.0,GIA,GIGCAPITAL5 INC
22304.0,GIAC,GESHER I ACQUISITION CORP
25316.0,GIAX,TIDAL TRUST II
86372.0,GIB,GROUPE C G I INC
86372.0,GIB,C G I INC
81665.0,GIC,GLOBAL INDUSTRIAL CO
84737.0,GIFI,GULF ISLAND FABRICATION INC
25416.0,GIFT,GIFTIFY INC
13340.0,GIG,GIGOPTIX INC
13340.0,GIG,GIGPEAK INC
17245.0,GIG,GIGCAPITAL INC
39029.0,GIGA,GIGA TRONICS INC
16762.0,GIGB,GOLDMAN SACHS E T F TRUST
18653.0,GIGE,TIDAL E T F TRUST
87608.0,GIGM,GIGAMEDIA LTD
91725.0,GII,SPDR INDEX SHARES FUNDS
75905.0,GIII,G III APPAREL GROUP INC
19521.0,GIK,GIGCAPITAL3 INC
86121.0,GIL,GILDAN ACTIVEWEAR INC
77274.0,GILD,GILEAD SCIENCES INC
78971.0,GILT,GILAT SATELLITE NETWORKS LTD
75274.0,GIM,TEMPLETON GLOBAL INCOME FUND
13992.0,GIMO,GIGAMON INC
20063.0,GINN,GOLDMAN SACHS E T F TRUST
24867.0,GINX,R B B FUND INC
22207.0,GIPR,GENERATION INCOME PROPERTIES INC
17144.0,GIS,GENERAL MILLS INC
24093.0,GITS,GLOBAL INTERACTIVE TECH INC
13381.0,GIVE,ADVISORSHARES TRUST
18802.0,GIX,GIGCAPITAL2 INC
23638.0,GJAN,FIRST TRUST E T F VIII
24027.0,GJUL,FIRST TRUST E T F VIII
23962.0,GJUN,FIRST TRUST E T F VIII
21616.0,GK,ADVISORSHARES TRUST
37955.0,GK,G & K SERVICES INC
15454.0,GKOS,GLAUKOS CORP
62308.0,GL,GLOBE LIFE INC
18047.0,GLAC,GREENLAND ACQUISITION CORP
89103.0,GLAD,GLADSTONE CAPITAL CORP
20602.0,GLAQ,GLOBIS ACQUISITION CORP
21301.0,GLBE,GLOBAL E ONLINE LTD
15523.0,GLBL,TERRAFORM GLOBAL INC
21056.0,GLBL,CARTESIAN GROWTH CORP
25488.0,GLBL,PACER FUNDS TRUST
12397.0,GLBS,GLOBUS MARITIME LTD
18300.0,GLBY,WISDOMTREE TRUST
89022.0,GLBZ,GLEN BURNIE BANCORP
12334.0,GLCN,VANECK VECTORS E T F TRUST
12334.0,GLCN,VANECK E T F TRUST
90448.0,GLD,SPDR GOLD TRUST
21245.0,GLDB,STRATEGY SHARES
39328.0,GLDC,GOLDEN ENTERPRISES INC
91665.0,GLDD,GREAT LAKES DREDGE & DOCK CORP
19897.0,GLDG,GOLDMINING INC
17941.0,GLDM,WORLD GOLD TRUST
16561.0,GLDW,WORLD CURRENCY GOLD TR
16561.0,GLDW,WORLD GOLD TRUST
12370.0,GLDX,GLOBAL X FUNDS
22409.0,GLDX,U S C F ETF TRUST
19061.0,GLEO,GALILEO ACQUISITION CORP
17079.0,GLF,GULFMARK OFFSHORE INC
84808.0,GLF,GULFMARK OFFSHORE INC
14093.0,GLG,CHINA COMMERCIAL CREDIT INC
14093.0,GLG,BAT GROUP INC
14093.0,GLG,TD HOLDINGS INC
17334.0,GLIBA,G C I LIBERTY INC
18689.0,GLIF,A G F INVESTMENTS TRUST
12054.0,GLIN,VANECK VECTORS E T F TRUST
12054.0,GLIN,VANECK E T F TRUST
92863.0,GLL,PROSHARES TRUST II
14540.0,GLMD,GALMED PHARMACEUTICALS LTD
89618.0,GLNG,GOLAR L N G LTD
91194.0,GLO,CLOUGH GLOBAL OPPORTUNITIES FUND
14785.0,GLOB,GLOBANT S A
15322.0,GLOF,ISHARES TRUST
13319.0,GLOG,GASLOG LTD
14643.0,GLOP,GASLOG PARTNERS LP
22936.0,GLOV,GOLDMAN SACHS E T F TRUST
25221.0,GLOW,VICTORY PORTFOLIOS II
81761.0,GLOW,GLOWPOINT INC
90886.0,GLP,GLOBAL PARTNERS LP
15373.0,GLPG,GALAPAGOS NV
14252.0,GLPI,GAMING & LEISURE PROPERTIES INC
88987.0,GLPW,GLOBAL POWER EQUIPMENT GROUP INC
90646.0,GLQ,CLOUGH GLOBAL EQUITY FUND
92041.0,GLRE,GREENLIGHT CAPITAL RE LTD
13597.0,GLRI,GLORI ENERGY INC
20237.0,GLRY,NORTHERN LIGHTS FUND TR IV
19586.0,GLS,GELESIS HOLDINGS INC
19831.0,GLSI,GREENWICH LIFESCIENCES INC
57154.0,GLT,GLATFELTER P H CO
57154.0,GLT,GLATFELTER CORP
21823.0,GLTA,GALATA ACQUISITION CORP
19965.0,GLTO,GALECTO INC
12326.0,GLTR,ETFS PRECIOUS METALS BASKET TR
12326.0,GLTR,ABERDEEN STD PREC MET BSK ETF TR
12326.0,GLTR,ABRDN PRECIOUS MTLS BSKT ETF TR
90161.0,GLU,GABELLI GLOBAL UTIL & INCOME TR
21543.0,GLUE,MONTE ROSA THERAPEUTICS INC
91900.0,GLUU,GLU MOBILE INC
90244.0,GLV,CLOUGH GLOBAL ALLOCATION FUND
90244.0,GLV,CLOUGH GLOBAL DIV & INCOME FUND
22293.0,GLW,CORNING INC
14431.0,GLYC,GLYCOMIMETICS INC
12369.0,GM,GENERAL MOTORS CO
18839.0,GMAB,GENMAB A S
12080.0,GMAN,GORDMANS STORES INC
18436.0,GMAN,GOLDMAN SACHS E T F TRUST
23760.0,GMAR,FIRST TRUST E T F VIII
23899.0,GMAY,FIRST TRUST E T F VIII
20800.0,GMBT,QUEENS GAMBIT GROWTH CAPITAL
79588.0,GMCR,KEURIG GREEN MOUNTAIN INC
18197.0,GMDA,GAMIDA CELL LTD
89301.0,GME,GAMESTOP CORP NEW
13543.0,GMED,GLOBUS MEDICAL INC
22414.0,GMET,VANECK E T F TRUST
91877.0,GMF,SPDR INDEX SHARES FUNDS
17762.0,GMFL,INVESCO ET SELF INDEX FD TR
22899.0,GMGI,GOLDEN MATRIX GROUP INC
18453.0,GMHI,GORES METROPOULOS INC
20801.0,GMII,GORES METROPOULOS II INC
91881.0,GML,SPDR INDEX SHARES FUNDS
12689.0,GMLP,GOLAR L N G PARTNERS L P
24477.0,GMM,GLOBAL MOFY AI LTD
91879.0,GMM,SPDR INDEX SHARES FUNDS
25470.0,GMMA,TIDAL TRUST III
93207.0,GMMB,COLUMBIA E T F TRUST
25281.0,GMNY,GOLDMAN SACHS E T F TRUST
91418.0,GMO,GENERAL MOLY INC
25704.0,GMOI,2023 E T F SERIES TRUST II
15032.0,GMOM,CAMBRIA E T F TRUST
25705.0,GMOV,2023 E T F SERIES TRUST II
16136.0,GMRE,GLOBAL MEDICAL REIT INC
16076.0,GMS,G M S INC
12036.0,GMT,G A T X CORP
93208.0,GMTB,COLUMBIA E T F TRUST
19628.0,GMTX,GEMINI THERAPEUTICS INC
25280.0,GMUB,GOLDMAN SACHS E T F TRUST
23761.0,GMUN,GOLDMAN SACHS E T F TRUST
21544.0,GMVD,G MEDICAL INNOVATIONS HLDGS LTD
91554.0,GNAT,WISDOMTREE TRUST
14870.0,GNBC,GREEN BANCORP INC
12660.0,GNC,G N C HOLDINGS INC
14458.0,GNCA,GENOCEA BIOSCIENCES INC
12173.0,GNCMA,GENERAL COMMUNICATION INC
13019.0,GNE,GENIE ENERGY LTD
18468.0,GNFT,GENFIT S A
15597.0,GNK,GENCO SHIPPING & TRADING LTD
15455.0,GNL,GLOBAL NET LEASE INC
18556.0,GNLN,GREENLANE HOLDINGS INC
23670.0,GNLX,GENELUX CORP
13273.0,GNMA,ISHARES TRUST
93393.0,GNMK,GENMARK DIAGNOSTICS INC
12667.0,GNMX,AEVI GENOMIC MEDICINE INC
18778.0,GNOG,GOLDEN NUGGET ONLINE GAMING INC
18557.0,GNOM,GLOBAL X FUNDS
24559.0,GNOV,FIRST TRUST E T F VIII
91515.0,GNOW,AMERICAN CARESOURCE HOLDINGS INC
17360.0,GNPX,GENPREX INC
12292.0,GNR,SPDR INDEX SHARES FUNDS
93246.0,GNRC,GENERAC HOLDINGS INC
19399.0,GNRS,GREENROSE ACQUISITION CORP
15487.0,GNRT,GENER8 MARITIME INC
15911.0,GNRX,VANECK VECTORS E T F TRUST
23007.0,GNS,GENIUS GROUP LTD
87053.0,GNSS,GENASYS INC
12523.0,GNT,GAMCO NATURAL RES GOLD & INC TR
22557.0,GNTA,GENENTA SCIENCE S P A
38659.0,GNTX,GENTEX CORP
86067.0,GNTY,GUARANTY BANCSHARES INC
16463.0,GNUS,GENIUS BRANDS INTERNATIONAL INC
88836.0,GNVC,GENVEC INC
90162.0,GNW,GENWORTH FINANCIAL INC
18735.0,GO,GROCERY OUTLET HOLDING CORP
19767.0,GOAC,G O ACQUISITION CORP
18188.0,GOAT,VANECK VECTORS E T F TRUST
16760.0,GOAU,E T F SERIES SOLUTIONS
19500.0,GOCO,GOHEALTH INC
24297.0,GOCT,FIRST TRUST E T F VIII
19515.0,GOED,1847 GOEDEKER INC
18558.0,GOEV,CANOO INC
12370.0,GOEX,GLOBAL X FUNDS
92170.0,GOF,GUGGENHEIM STRATEGIC OPP FD
84566.0,GOGL,GOLDEN OCEAN GROUP LTD
22513.0,GOGN,GOGREEN INVESTMENTS CORP
13956.0,GOGO,GOGO INC
71298.0,GOLD,BARRICK GOLD CORP
89454.0,GOLD,RANDGOLD RESOURCES LTD
16434.0,GOLF,ACUSHNET HOLDINGS CORP
21245.0,GOLY,STRATEGY SHARES
89823.0,GOOD,GLADSTONE COMMERCIAL CORP
14542.0,GOOG,ALPHABET INC
90319.0,GOOGL,ALPHABET INC
24439.0,GOOP,NEOS ETF TRUST
25844.0,GOOP,KURV ETF TRUST
16603.0,GOOS,CANADA GOOSE HOLDINGS INC
24753.0,GOOX,E T F OPPORTUNITIES TRUST
24055.0,GOOY,TIDAL TRUST II
17386.0,GOP,ACTIVE WEIGHTING FUNDS ETF TR
12049.0,GORO,GOLD RESOURCE CORP
17365.0,GORV,LAZYDAYS HOLDINGS INC
18377.0,GOSS,GOSSAMER BIO INC
18743.0,GOTU,GAOTU TECHEDU INC
92948.0,GOV,GOVERNMENT PROPERTIES INCOME TR
92350.0,GOVI,INVESCO E T F TRUST II
13240.0,GOVT,ISHARES TRUST
19832.0,GOVX,GEOVAX LABS INC
19776.0,GOVZ,ISHARES TRUST
19629.0,GP,GREENPOWER MOTOR CO INC
15639.0,GPAC,GLOBAL PARTNER ACQ CORP
20805.0,GPAC,GLOBAL PARTNER ACQ CORP II
24478.0,GPAK,GAMER PAKISTAN INC
22467.0,GPAL,GOLDMAN SACHS E T F TRUST
17361.0,GPAQ,GORDON POINTE ACQUISITION CORP
46674.0,GPC,GENUINE PARTS CO
23723.0,GPCR,STRUCTURE THERAPEUTICS INC
85427.0,GPI,GROUP 1 AUTOMOTIVE INC
15525.0,GPIA,GP INVESTMENTS ACQUISITION CORP
80357.0,GPIC,GAMING PARTNERS INTL CORP
24479.0,GPIQ,GOLDMAN SACHS E T F TRUST
24480.0,GPIX,GOLDMAN SACHS E T F TRUST
89810.0,GPK,GRAPHIC PACKAGING HOLDING CO
12556.0,GPL,GREAT PANTHER SILVER LTD
12556.0,GPL,GREAT PANTHER MINING LTD
90843.0,GPM,GUGGENHEIM ENHANCED EQTY INC FD
16764.0,GPMT,GRANITE POINT MORTGAGE TRUST INC
88873.0,GPN,GLOBAL PAYMENTS INC
21219.0,GPOR,GULFPORT ENERGY CORP
91128.0,GPOR,GULFPORT ENERGY CORP
24031.0,GPOW,GOLDMAN SACHS E T F TRUST
15427.0,GPP,GREEN PLAINS PARTNERS LP
91161.0,GPRE,GREEN PLAINS INC
25405.0,GPRF,GOLDMAN SACHS E T F TRUST
14493.0,GPRK,GEOPARK LTD
14694.0,GPRO,GOPRO INC
59010.0,GPS,GAP INC
13889.0,GPT,GRAMERCY PROPERTY TRUST
84302.0,GPUS,HYPERSCALE DATA INC
58501.0,GPX,G P STRATEGIES CORP
24614.0,GQI,NATIXIS E T F TRUST
25652.0,GQQQ,E A SERIES TRUST
14281.0,GQRE,FLEXSHARES TRUST
85908.0,GRA,GRACE W R & CO DEL NEW
22558.0,GRAB,GRAB HOLDINGS LTD
18162.0,GRAF,GRAF INDUSTRIAL CORP
25391.0,GRAF,GRAF GLOBAL CORP
25143.0,GRAL,GRAIL INC
14019.0,GRAM,GRANA Y MONTERO S A A
19833.0,GRAY,GRAYBUG VISION INC
92089.0,GRBK,GREEN BRICK PARTNERS INC
53604.0,GRC,GORMAN RUPP CO
20428.0,GRCL,GRACELL BIOTECHNOLOGIES INC
19630.0,GRCY,GREENCITY ACQUISITION CORP
25466.0,GRDN,GUARDIAN PHARMACY SERVICES INC
21889.0,GREE,GREENIDGE GENERATION HLDGS INC
22385.0,GREI,GOLDMAN SACHS E T F TRUST
93063.0,GRES,INDEXIQ E T F TRUST
76398.0,GRF,EAGLE CAPITAL GROWTH FUND INC
12886.0,GRFS,GRIFOLS S A
20640.0,GRI,GRI BIO INC
92644.0,GRI,ALPS E T F TRUST
93134.0,GRID,FIRST TRUST E T F II
85982.0,GRIF,GRIFFIN INDUSTRIAL REALTY INC
19233.0,GRIL,MUSCLE MAKER INC
17884.0,GRIN,GRINDROD SHIPPING HOLDINGS LTD
88837.0,GRMN,GARMIN LTD
15601.0,GRMY,D B X ETF TRUST
20788.0,GRNA,GREENLIGHT BIOSCIENCES HLDGS PBC
16623.0,GRNB,VANECK VECTORS E T F TRUST
16623.0,GRNB,VANECK E T F TRUST
20406.0,GRND,GRINDR INC
17885.0,GRNQ,GREENPRO CAPITAL CORP
23030.0,GRNR,GLOBAL X FUNDS
23477.0,GRNT,GRANITE RIDGE RESOURCES INC
19136.0,GRNV,GREENVISION ACQUISITION CORP
25791.0,GRNY,TIDAL E T F TRUST
25832.0,GRO,BRAZIL POTASH CORP
92384.0,GRO,AGRIA CORP
21546.0,GROM,GROM SOCIAL ENTERPRISES INC
21260.0,GROV,GROVE COLLABORATIVE HOLDINGS INC
91287.0,GROW,U S GLOBAL INVESTORS INC
20700.0,GROY,GOLD ROYALTY CORP
25975.0,GROZ,ZACKS TRUST
89812.0,GRP,GRANITE REAL ESTATE INVT TRUST
21547.0,GRPH,GRAPHITE BIO INC
17730.0,GRPM,INVESCO E T F TRUST
13108.0,GRPN,GROUPON INC
24893.0,GRPZ,INVESCO E T F TRUST II
79891.0,GRR,ASIA TIGERS FUND INC
23226.0,GRRR,GORILLA TECHNOLOGY GROUP INC
15785.0,GRSH,GORES HOLDINGS INC
18202.0,GRSH,GORES HOLDINGS III INC
19834.0,GRSV,GORES HOLDINGS V INC
18116.0,GRTS,GRITSTONE ONCOLOGY INC
18116.0,GRTS,GRITSTONE BIO INC
19072.0,GRTX,GALERA THERAPEUTICS INC
14567.0,GRUB,GRUBHUB INC
21548.0,GRUB,JUST EAT TAKEAWAY COM N V
21551.0,GRVI,GROVE INC
90595.0,GRVY,GRAVITY CO LTD
25079.0,GRW,T C W ETF TRUST
19137.0,GRWG,GROWGENERATION CORP
92123.0,GRX,GABELLI HEALTHCARE & WELLNESS TR
17326.0,GRYP,GRYPHON DIGITAL MINING INC
22476.0,GRZZ,LISTED FUNDS TRUST
86868.0,GS,GOLDMAN SACHS GROUP INC
17987.0,GSAH,G S ACQUISITION HLDGS CORP
19593.0,GSAH,G S ACQUISITION HLDGS CORP II
91612.0,GSAT,GLOBALSTAR INC
92174.0,GSB,GLOBALSCAPE INC
75906.0,GSBC,GREAT SOUTHERN BANCORP INC
15244.0,GSBD,GOLDMAN SACHS B D C INC
24397.0,GSC,GOLDMAN SACHS E T F TRUST
17642.0,GSD,WISDOMTREE TRUST
19376.0,GSEE,GOLDMAN SACHS E T F TRUST
24199.0,GSEP,FIRST TRUST E T F VIII
15985.0,GSEU,GOLDMAN SACHS E T F TRUST
17454.0,GSEW,GOLDMAN SACHS E T F TRUST
21643.0,GSFP,GOLDMAN SACHS E T F TRUST
91381.0,GSG,ISHARES S & P GSCI COMM INDEX TR
83450.0,GSH,GUANGSHEN RAILWAY LTD
17688.0,GSHD,GOOSEHEAD INSURANCE INC
16631.0,GSHT,GORES HOLDINGS II INC
92332.0,GSI,GENERAL STEEL HOLDINGS INC
24650.0,GSIB,THEMES E T F TRUST
19379.0,GSID,GOLDMAN SACHS E T F TRUST
15823.0,GSIE,GOLDMAN SACHS E T F TRUST
19524.0,GSIG,GOLDMAN SACHS E T F TRUST
82261.0,GSIG,G S I GROUP INC NEW
91901.0,GSIT,G S I TECHNOLOGY INC
24653.0,GSIW,GARDEN STAGE LTD
15986.0,GSJY,GOLDMAN SACHS E T F TRUST
75064.0,GSK,GLAXOSMITHKLINE PLC
75064.0,GSK,G S K PLC
17795.0,GSKY,GREENSKY INC
91453.0,GSL,GLOBAL SHIP LEASE INC
15678.0,GSLC,GOLDMAN SACHS E T F TRUST
15862.0,GSM,FERROGLOBE PLC
92983.0,GSM,GLOBE SPECIALTY METALS INC
18129.0,GSMG,GLORY STAR NEW MEDIA GROUP HLDG
88166.0,GSOL,GLOBAL SOURCES LTD BERMUDA
20258.0,GSPY,TIDAL E T F TRUST
23031.0,GSRM,G S R II METEORA ACQ CORP
79636.0,GSS,GOLDEN STAR RESOURCES LTD
16763.0,GSSC,GOLDMAN SACHS E T F TRUST
18517.0,GSST,GOLDMAN SACHS E T F TRUST
91069.0,GST,GASTAR EXPLORATION INC NEW
16298.0,GSUM,GRIDSUM HOLDING INC
23184.0,GSUN,GOLDEN SUN EDUCATION GROUP LTD
23184.0,GSUN,GOLDEN SUN HEALTH TECH GROUP LTD
19375.0,GSUS,GOLDMAN SACHS E T F TRUST
13438.0,GSV,GOLD STANDARD VENTURES CORP
12690.0,GSVC,G S V CAPITAL CORP
18743.0,GSX,G S X TECHEDU INC
17708.0,GSY,INVESCO ACTIVELY MANAGED ETF TR
92568.0,GSY,CLAYMORE E T F TRUST
16432.0,GT,GOODYEAR TIRE & RUBBER CO
12322.0,GTAA,ADVISORSHARES TRUST
29744.0,GTBP,G T BIOPHARMA INC
92619.0,GTE,GRAN TIERRA ENERGY INC
18047.0,GTEC,GREENLAND TECH HLDG CORP
22018.0,GTEK,GOLDMAN SACHS E T F TRUST
17227.0,GTES,GATES INDUSTRIAL CORP PLC
19477.0,GTH,GENETRON HOLDINGS LTD
16705.0,GTHX,G1 THERAPEUTICS INC
22645.0,GTI,GRAPHJET TECHNOLOGY
76360.0,GTIM,GOOD TIMES RESTAURANTS INC
12740.0,GTIP,ISHARES TRUST
18161.0,GTIP,GOLDMAN SACHS E T F TRUST
22084.0,GTLB,GITLAB INC
91402.0,GTLS,CHART INDUSTRIES INC
39731.0,GTN,GRAY TELEVISION INC
83989.0,GTN,GRAY TELEVISION INC
15925.0,GTO,CLAYMORE E T F TRUST 2
17707.0,GTO,INVESCO ACTIVELY MANAGED ETF TR
22208.0,GTR,WISDOMTREE TRUST
92506.0,GTS,TRIPLE S MANAGEMENT CORP
13993.0,GTT,G T T COMMUNICATIONS INC
13529.0,GTWN,GEORGETOWN BANCORP INC NEW
18065.0,GTX,GARRETT MOTION INC
90031.0,GTXI,G T X INC
62367.0,GTY,GETTY REALTY CORP NEW
16464.0,GTYH,G T Y TECHNOLOGY HOLDINGS INC
16464.0,GTYH,G T Y TECHNOLOGY HOLDINGS INC MA
17529.0,GUDB,NORTHERN LIGHTS FUND TR IV
91666.0,GUID,GUIDANCE SOFTWARE INC
92754.0,GULF,WISDOMTREE TRUST
25285.0,GUMI,GOLDMAN SACHS E T F TRUST
12978.0,GUNR,FLEXSHARES TRUST
25501.0,GUNZ,SPINNAKER E T F SERIES
91882.0,GUR,SPDR INDEX SHARES FUNDS
78091.0,GURE,GULF RESOURCES INC
14508.0,GURI,GLOBAL X FUNDS
13437.0,GURU,GLOBAL X FUNDS
22991.0,GUSA,GOLDMAN SACHS E T F TRUST II
15346.0,GUSH,DIREXION SHARES E T F TRUST
86942.0,GUT,GABELLI UTILITY TRUST
24820.0,GUTS,FRACTYL HEALTH INC
23128.0,GV,VISIONARY HOLDINGS INC
32299.0,GV,GOLDFIELD CORP
76135.0,GVA,GRANITE CONSTRUCTION INC
14501.0,GVAL,CAMBRIA E T F TRUST
24576.0,GVH,GLOBAVEND HOLDINGS LTD
91700.0,GVI,ISHARES TRUST
16482.0,GVIP,GOLDMAN SACHS E T F TRUST
23160.0,GVLU,TIDAL E T F TRUST
81869.0,GVP,G S E SYSTEMS INC
92928.0,GVT,COLUMBIA E T F TRUST
24587.0,GVUS,GOLDMAN SACHS E T F TRUST
23227.0,GWAV,GREENWAVE TECH SOLUTIONS INC
14969.0,GWB,GREAT WESTERN BANCORP INC
14930.0,GWGH,G W G HOLDINGS INC
20171.0,GWH,E S S TECH INC
91945.0,GWL,SPDR INDEX SHARES FUNDS
13926.0,GWPH,G W PHARMACEUTICALS PLC
83661.0,GWR,GENESEE & WYOMING INC
13181.0,GWRE,GUIDEWIRE SOFTWARE INC
16008.0,GWRS,GLOBAL WATER RESOURCES INC
52695.0,GWW,GRAINGER W W INC
91944.0,GWX,SPDR INDEX SHARES FUNDS
23731.0,GXAI,GAXOS AI INC
91878.0,GXC,SPDR INDEX SHARES FUNDS
92993.0,GXF,GLOBAL X FUNDS
92887.0,GXG,GLOBAL X FUNDS
18840.0,GXGX,G X ACQUISITION CORP
21608.0,GXO,G X O LOGISTICS INC
24432.0,GXP,GREAT PLAINS ENERGY INC
19010.0,GXTG,GLOBAL X FUNDS
23965.0,GXUS,GOLDMAN SACHS E T F TRUST II
14476.0,GYEN,ADVISORSHARES TRUST
13387.0,GYLD,ARROW E T F TRUST
91184.0,GYRE,GYRE THERAPEUTICS INC
15653.0,GYRO,GYRODYNE LLC
13145.0,GZT,GAZIT GLOBE LTD
93098.0,H,HYATT HOTELS CORP
81666.0,HA,HAWAIIAN HOLDINGS INC
20429.0,HAAC,HEALTH ASSURANCE ACQ CORP
15068.0,HABT,HABIT RESTAURANTS INC
15037.0,HACK,FACTORSHARES TRUST
15037.0,HACK,E T F MANAGERS TRUST
24739.0,HACK,AMPLIFY ETF TRUST
17458.0,HACV,ISHARES TRUST
15573.0,HACW,ISHARES TRUST
76837.0,HAE,HAEMONETICS CORP MASS
88865.0,HAFC,HANMI FINANCIAL CORP
25012.0,HAFN,HAFNIA LTD SG
15715.0,HAHA,C S O P ETF TRUST
17192.0,HAIL,SPDR SERIES TRUST
80167.0,HAIN,HAIN CELESTIAL GROUP INC
16987.0,HAIR,RESTORATION ROBOTICS INC
15671.0,HAKD,DIREXION SHARES E T F TRUST
15672.0,HAKK,DIREXION SHARES E T F TRUST
23819.0,HAL,HALLIBURTON CO
75985.0,HALL,HALLMARK FINANCIAL SERVICES INC
90436.0,HALO,HALOZYME THERAPEUTICS INC
17840.0,HAO,INVESCO E T F TRUST II
24701.0,HAO,HAOXI HEALTH TECHNOLOGY LTD
92533.0,HAO,CLAYMORE E T F TRUST 2
92796.0,HAP,MARKET VECTORS E T F TRUST
92796.0,HAP,VANECK VECTORS E T F TRUST
92796.0,HAP,VANECK E T F TRUST
23478.0,HAPI,HARBOR E T F TRUST
19011.0,HAPP,HAPPINESS BIOTECH GROUP LTD
19011.0,HAPP,HAPPINESS DEVELOPMENT GROUP LTD
24992.0,HAPR,INNOVATOR E T F S TRUST
23831.0,HAPS,HARBOR E T F TRUST
22850.0,HAPY,HARBOR E T F TRUST
75224.0,HAR,HARMAN INTL INDS INC NEW
23768.0,HARD,SIMPLIFY EXCHANGE TRADED FUNDS
18401.0,HARP,HARPOON THERAPEUTICS INC
14253.0,HART,HARVARD APPARATUS REGEN TECH INC
20368.0,HART,INDEXIQ E T F TRUST
20368.0,HART,NEW YORK LIFE INVESTMENTS ETF TR
52978.0,HAS,HASBRO INC
13843.0,HASI,HANNON ARMSTRONG SUST INFRA CAP
13843.0,HASI,H A SUSTAINABLE INFRA CAP INC
15565.0,HAUD,ISHARES TRUST
22960.0,HAUS,TIDAL E T F TRUST
14186.0,HAUZ,D B X ETF TRUST
13875.0,HAWK,BLACKHAWK NETWORK HOLDINGS INC
15572.0,HAWX,ISHARES TRUST
91902.0,HAYN,HAYNES INTERNATIONAL INC
20649.0,HAYW,HAYWARD HOLDINGS INC
42906.0,HBAN,HUNTINGTON BANCSHARES INC
16920.0,HBB,HAMILTON BEACH BRANDS HLDG CO
92810.0,HBCP,HOME BANCORP INC
76684.0,HBHC,HANCOCK HOLDING CO
91416.0,HBI,HANESBRANDS INC
88839.0,HBIO,HARVARD BIOSCIENCE INC
13642.0,HBK,HAMILTON BANCORP INC MD
12332.0,HBM,HUDBAY MINERALS INC
13532.0,HBMD,HOWARD BANCORP INC
11565.0,HBNC,HORIZON BANCORP IND
11565.0,HBNC,HORIZON BANCORP INC
87464.0,HBP,HUTTIG BUILDING PRODUCTS INC
19012.0,HBT,H B T FINANCIAL INC
15471.0,HBU,PROSHARES TRUST
15470.0,HBZ,PROSHARES TRUST
12622.0,HCA,H C A HOLDINGS INC
12622.0,HCA,H C A HEALTHCARE INC
15654.0,HCAC,HENNESSY CAPITAL ACQ CORP II
16864.0,HCAC,HENNESSY CAPITAL ACQ CORP III
18558.0,HCAC,HENNESSY CAPITAL ACQ CORP IV
13927.0,HCAP,HARVEST CAPITAL CREDIT CORP
18789.0,HCAT,HEALTH CATALYST INC
16653.0,HCC,WARRIOR MET COAL INC
20807.0,HCCC,HEALTHCARE CAPITAL CORP
17966.0,HCCH,H L ACQUISITIONS CORP
92588.0,HCCI,HERITAGE CRYSTAL CLEAN INC
19631.0,HCDI,HARBOR CUSTOM DEVELOPMENT INC
13809.0,HCFT,HUNT COMPANIES FINANCE TRUST INC
12877.0,HCHC,H C 2 HOLDINGS INC
92780.0,HCI,H C I GROUP INC
86048.0,HCKT,HACKETT GROUP INC
13544.0,HCLP,HI CRUSH PARTNERS L P
15969.0,HCM,HUTCHISON CHINA MEDITECH LTD
15969.0,HCM,HUTCHMED CHINA LTD
22900.0,HCMA,H C M ACQUISITION CORP
23956.0,HCMT,DIREXION SHARES E T F TRUST
65947.0,HCN,WELLTOWER INC
12916.0,HCOM,HAWAIIAN TELCOM HOLDCO INC
22021.0,HCOM,HARTFORD FUNDS E T TRUST
16608.0,HCOR,HARTFORD FUNDS E T TRUST
24266.0,HCOW,AMPLIFY ETF TRUST
22424.0,HCP,HASHICORP INC
67598.0,HCP,H C P INC
13544.0,HCR,HI CRUSH INC
19220.0,HCRB,HARTFORD FUNDS E T TRUST
17496.0,HCRF,ISHARES TRUST
41292.0,HCSG,HEALTHCARE SERVICES GROUP INC
22209.0,HCTI,HEALTHCARE TRIANGLE INC
21721.0,HCWB,HCW BIOLOGICS INC
25469.0,HCWC,HEALTHY CHOICE WELLNESS CORP
66181.0,HD,HOME DEPOT INC
15605.0,HDAW,D B X ETF TRUST
89056.0,HDB,H D F C BANK LTD
15607.0,HDEE,D B X ETF TRUST
15610.0,HDEF,D B X ETF TRUST
15606.0,HDEZ,D B X ETF TRUST
12902.0,HDG,PROSHARES TRUST
12510.0,HDGE,ADVISORSHARES TRUST
19213.0,HDIV,EXCHANGE LISTED FUNDS TRUST
25134.0,HDL,SUPER HI INTERNATIONAL HLDG LTD
15483.0,HDLS,WISDOMTREE TRUST
16271.0,HDMV,FIRST TR EXCHANGE TRADED FD III
81620.0,HDNG,HARDINGE INC
15128.0,HDP,HORTONWORKS INC
15129.0,HDRA,HYDRA INDUSTRIES ACQ CORP
20687.0,HDRO,E T F SERIES SOLUTIONS
17640.0,HDRW,WISDOMTREE TRUST
13957.0,HDS,H D SUPPLY HOLDINGS INC
81084.0,HDSN,HUDSON TECHNOLOGIES INC
23557.0,HDUS,LATTICE STRATEGIES TRUST
12625.0,HDV,ISHARES TRUST
15594.0,HDWM,WISDOMTREE TRUST
15700.0,HDWX,SPDR INDEX SHARES FUNDS
41187.0,HE,HAWAIIAN ELECTRIC INDUSTRIES INC
13328.0,HEAR,TURTLE BEACH CORP
23922.0,HEAT,TOUCHSTONE ETF TRUST
83762.0,HEB,HEMISPHERX BIOPHARMA INC
16524.0,HEBT,HEBRON TECHNOLOGY CO LTD
19556.0,HEC,HUDSON EXECUTIVE INV CORP
13440.0,HECO,HUNTINGTON STRATEGY SHARES
13440.0,HECO,STRATEGY SHARES
25563.0,HECO,SSGA ACTIVE TRUST
93186.0,HEDJ,WISDOMTREE TRUST
14906.0,HEEM,ISHARES INC
91080.0,HEES,H & E EQUIPMENT SERVICES INC
21804.0,HEET,HARTFORD FUNDS E T TRUST
14484.0,HEFA,ISHARES TRUST
17511.0,HEFV,ISHARES TRUST
20231.0,HEGD,LISTED FUNDS TRUST
15447.0,HEGE,DIREXION SHARES E T F TRUST
15446.0,HEGJ,DIREXION SHARES E T F TRUST
32678.0,HEI,HEICO CORP NEW
85945.0,HEI,HEICO CORP NEW
25338.0,HEJD,VICTORY PORTFOLIOS II
41452.0,HELE,HELEN OF TROY LTD
14416.0,HELI,C H C GROUP LTD
24218.0,HELO,J P MORGAN E T F TRUST
19218.0,HELX,FRANKLIN TEMPLETON E T F TRUST
17475.0,HEMV,ISHARES INC
90359.0,HEOP,HERITAGE OAKS BANCORP
90253.0,HEP,HOLLY ENERGY PARTNERS L P
15219.0,HEPA,HEPION PHARMACEUTICALS INC
21722.0,HEPS,D MARKET ELCTRNCS SRVCS & TRDNG
12741.0,HEQ,JOHN HANCOCK HEDGED EQ & INC FD
22398.0,HEQT,SIMPLIFY EXCHANGE TRADED FUNDS
18654.0,HERD,PACER FUNDS TRUST
19013.0,HERO,GLOBAL X FUNDS
90951.0,HERO,HERCULES OFFSHORE INC
28484.0,HES,HESS CORP
16665.0,HESM,HESS MIDSTREAM PARTNERS LP
19098.0,HESM,HESS MIDSTREAM L P
17509.0,HEUS,ISHARES TRUST
17510.0,HEUV,ISHARES TRUST
15566.0,HEWC,ISHARES TRUST
14483.0,HEWG,ISHARES TRUST
15570.0,HEWI,ISHARES TRUST
14486.0,HEWJ,ISHARES TRUST
15575.0,HEWL,ISHARES TRUST
15569.0,HEWP,ISHARES TRUST
15574.0,HEWU,ISHARES TRUST
15568.0,HEWW,ISHARES TRUST
15576.0,HEWY,ISHARES TRUST
18344.0,HEXO,HEXO CORP
14769.0,HEZU,ISHARES TRUST
24130.0,HF,TIDAL TRUST II
91692.0,HF,H F F INC
85829.0,HFBC,HOPFED BANCORP INC
12487.0,HFBL,HOME FEDERAL BANCORP INC LA
32803.0,HFC,HOLLYFRONTIER CORP
20147.0,HFEN,H F ENTERPRISES INC
15476.0,HFEZ,SPDR INDEX SHARES FUNDS
77507.0,HFFC,H F FINANCIAL CORP
16922.0,HFFG,H F FOODS GROUP INC
22389.0,HFGO,HARTFORD FUNDS E T TRUST
23492.0,HFND,TIDAL E T F TRUST
17081.0,HFRO,HIGHLAND FLOATING RATE OPP FD
17081.0,HFRO,HIGHLAND INCOME FUND
17081.0,HFRO,HIGHLAND OPP & INCOME FUND
25725.0,HFSP,TIDAL TRUST III
85731.0,HFWA,HERITAGE FINANCIAL CORP WA
15559.0,HFXE,INDEXIQ E T F TRUST
15562.0,HFXI,INDEXIQ E T F TRUST
15562.0,HFXI,NEW YORK LIFE INVESTMENTS ETF TR
15558.0,HFXJ,INDEXIQ E T F TRUST
24592.0,HG,HAMILTON INSURANCE GROUP LTD
20591.0,HGAS,GLOBAL GAS CORP
78988.0,HGBL,HERITAGE GLOBAL INC
13755.0,HGEN,HUMANIGEN INC
22849.0,HGER,HARBOR E T F TRUST
15469.0,HGEU,PROSHARES TRUST
92177.0,HGG,HHGREGG INC
17714.0,HGI,INVESCO E T F TRUST II
92168.0,HGI,CLAYMORE E T F TRUST 2
15468.0,HGJP,PROSHARES TRUST
10051.0,HGR,HANGER INC
17641.0,HGSD,WISDOMTREE TRUST
12310.0,HGSH,CHINA H G S REAL ESTATE INC
86802.0,HGT,HUGOTON ROYALTY TRUST
21361.0,HGTY,HAGERTY INC
16498.0,HGV,HILTON GRAND VACATIONS INC
42455.0,HH,HOOPER HOLMES INC
12373.0,HHC,HOWARD HUGHES CORP
15458.0,HHDG,HIGHLAND FUNDS I
15460.0,HHFR,HIGHLAND FUNDS I
12373.0,HHH,HOWARD HUGHES HOLDINGS INC
22102.0,HHH,E T F MANAGERS TRUST
18464.0,HHHH,WEALTHBRIDGE ACQUISITION LTD
18655.0,HHR,HEADHUNTER GROUP PLC
79903.0,HHS,HARTE HANKS INC
93126.0,HHT,COLOR STAR TECHNOLOGY CO LTD
86221.0,HHY,BROOKFIELD HIGH INCOME FUND INC
15567.0,HHYX,ISHARES TRUST
92597.0,HI,HILLENBRAND INC
84084.0,HIBB,HIBBETT SPORTS INC
19039.0,HIBL,DIREXION SHARES E T F TRUST
19038.0,HIBS,DIREXION SHARES E T F TRUST
23531.0,HIDE,E A SERIES TRUST
23746.0,HIDV,A B ACTIVE ETFS INC
15041.0,HIE,MILLER HOWARD HIGH INC EQUITY FD
15159.0,HIFR,INFRAREIT INC
12189.0,HIFS,HINGHAM INSTITUTION FOR SVGS MA
82775.0,HIG,HARTFORD FINANCIAL SVCS GRP INC
23488.0,HIGH,SIMPLIFY EXCHANGE TRADED FUNDS
84314.0,HIHO,HIGHWAY HOLDINGS LTD
12623.0,HII,HUNTINGTON INGALLS INDS INC
13794.0,HIIQ,HEALTH INSURANCE INNOVATIONS INC
91355.0,HIL,HILL INTERNATIONAL INC
12947.0,HILO,E G A EMERGING GLOBAL SHARES TR
12947.0,HILO,COLUMBIA E T F TRUST II
22655.0,HILS,HILLSTREAM BIOPHARMA INC
18938.0,HIMS,HIMS & HERS HEALTH INC
91163.0,HIMX,HIMAX TECHNOLOGIES INC
79918.0,HIO,WESTERN ASSET HIGH INC OPP FUND
20404.0,HIPO,HIPPO HOLDINGS INC
19420.0,HIPR,DIREXION SHARES E T F TRUST
15151.0,HIPS,E T F SERIES SOLUTIONS
17183.0,HIPS,GRANITESHARES E T F TRUST
14866.0,HISF,FIRST TRUST E T F IV
26003.0,HIT,HEALTH IN TECH INC
21552.0,HITI,HIGH TIDE INC
14498.0,HIVE,AEROHIVE NETWORKS INC
21724.0,HIVE,HIVE BLOCKCHAIN TECHNOLOGIES LTD
21724.0,HIVE,HIVE DIGITAL TECHNOLOGIES LTD
80688.0,HIW,HIGHWOODS PROPERTIES INC
86033.0,HIX,WESTERN ASSET HIGH INC FD II INC
23584.0,HIYS,INVESCO ACTIVELY MANAGED ETF TR
24771.0,HJAN,INNOVATOR E T F S TRUST
20684.0,HJEN,DIREXION SHARES E T F TRUST
17813.0,HJLI,HANCOCK JAFFE LABORATORIES INC
15722.0,HJPX,ISHARES TRUST
25294.0,HJUL,INNOVATOR E T F S TRUST
91283.0,HK,HALCON RESOURCES CORP
23204.0,HKD,A M T D DIGITAL INC
18887.0,HKIB,A M T D INTERNATIONAL INC
23788.0,HKIT,HITEK GLOBAL INC
20540.0,HKND,HUMANKIND BENEFIT CORP
32651.0,HL,HECLA MINING CO
18843.0,HLAL,LISTED FUNDS TRUST
19136.0,HLBZ,HELBIZ INC
90516.0,HLF,HERBALIFE LTD
90516.0,HLF,HERBALIFE NUTRITION LTD
15526.0,HLG,HAILIANG EDUCATION GROUP INC
20709.0,HLGE,LATTICE STRATEGIES TRUST
21198.0,HLGN,HELIOGEN INC
15623.0,HLI,HOULIHAN LOKEY INC
84438.0,HLIO,HELIOS TECHNOLOGIES INC
81621.0,HLIT,HARMONIC INC
20120.0,HLLY,HOLLEY INC
20153.0,HLMN,HILLMAN SOLUTIONS CORP
23209.0,HLN,HALEON PLC
16632.0,HLNE,HAMILTON LANE INC
23789.0,HLP,HONGLI GROUP INC
10693.0,HLS,HEALTHSOUTH CORP
14338.0,HLT,HILTON WORLDWIDE HOLDINGS INC
15324.0,HLTH,NOBILIS HEALTH CORP
21933.0,HLTH,CUE HEALTH INC
23032.0,HLVX,HILLEVAX INC
85168.0,HLX,HELIX ENERGY SOLUTIONS GROUP INC
19966.0,HLXA,HELIX ACQUISITION CORP
23411.0,HMAC,HAINAN MANASLU ACQUISITION CORP
59555.0,HMC,HONDA MOTOR CO LTD
55634.0,HMG,H M G COURTLAND PROPERTIES LTD
14312.0,HMHC,HOUGHTON MIFFLIN HARCOURT CO
17301.0,HMI,HUAMI CORP
91502.0,HMIN,HOMEINNS HOTEL GROUP
14857.0,HMLP,HOEGH L N G PARTNERS LP
77120.0,HMN,HORACE MANN EDUCATORS CORP NEW
80633.0,HMNF,H M N FINANCIAL INC
85320.0,HMNY,HELIOS & MATHESON ANALYTICS INC
17184.0,HMOP,HARTFORD FUNDS E T TRUST
91431.0,HMPR,HAMPTON ROADS BANKSHARES INC
20435.0,HMPT,HOME POINT CAPITAL INC
13278.0,HMST,HOMESTREET INC
78156.0,HMSY,H M S HOLDINGS CORP
16385.0,HMTA,HOMETOWN BANKSHARES CORP
13876.0,HMTV,HEMISPHERE MEDIA GROUP INC
84083.0,HMY,HARMONY GOLD MINING CO LTD
17264.0,HNDL,STRATEGY SHARES
10051.0,HNGR,HANGER INC
92872.0,HNH,HANDY & HARMAN LTD
42439.0,HNI,H N I CORP
14599.0,HNNA,HENNESSY ADVISORS INC
81038.0,HNP,HUANENG POWER INTERNATIONAL INC
75734.0,HNR,HARVEST NATURAL RESOURCES INC
22992.0,HNRA,HNR ACQUISITION CORP
47723.0,HNRG,HALLADOR ENERGY CO
91613.0,HNSN,HANSEN MEDICAL INC
21118.0,HNST,HONEST COMPANY INC
76697.0,HNT,HEALTH NET INC
23110.0,HNVR,HANOVER BANCORP INC
92016.0,HNW,PIONEER DIVERSIFIED HIGH INC TR
92016.0,HNW,PIONEER DIVERS HIGH INC FD INC
24401.0,HOCT,INNOVATOR E T F S TRUST
24800.0,HODL,VANECK BITCOIN ETF
89416.0,HOFT,HOOKER FURNITURE CORP
89416.0,HOFT,HOOKER FURNISHINGS CORP
17361.0,HOFV,HALL OF FAME RESORT & ENT CO
70033.0,HOG,HARLEY DAVIDSON INC
19835.0,HOL,HOLICITY INC
14377.0,HOLD,ADVISORSHARES TRUST
92769.0,HOLI,HOLLYSYS AUTOMATION TECHNLGS LTD
76095.0,HOLX,HOLOGIC INC
22041.0,HOM,NORTHERN LIGHTS FUND TR II
91356.0,HOMB,HOME BANCSHARES INC
16268.0,HOME,AT HOME GROUP INC
18431.0,HOMZ,E T F SERIES SOLUTIONS
10145.0,HON,HONEYWELL INTERNATIONAL INC
16097.0,HONE,HARBORONE BANCORP INC
16097.0,HONE,HARBORONE BANCORP INC NEW
17242.0,HONR,EXCHANGE LISTED FUNDS TRUST
21723.0,HOOD,ROBINHOOD MARKETS INC
18559.0,HOOK,HOOKIPA PHARMA INC
85741.0,HOPE,HOPE BANCORP INC
90067.0,HOS,HORNBECK OFFSHORE SVCS INC NEW
91207.0,HOT,STARWOOD HOTELS & REST WLDWD INC
18402.0,HOTH,HOTH THERAPEUTICS INC
22431.0,HOTL,KELLY STRATEGIC ETF TRUST
13455.0,HOTR,CHANTICLEER HOLDINGS INC
22659.0,HOUR,HOUR LOOP INC
13622.0,HOUS,ANYWHERE REAL ESTATE INC
65285.0,HOV,HOVNANIAN ENTERPRISES INC
23866.0,HOVR,NEW HORIZON AIRCRAFT LTD
21060.0,HOWL,WEREWOLF THERAPEUTICS INC
32707.0,HP,HELMERICH & PAYNE INC
23271.0,HPCO,HEMPACCO CO INC
15707.0,HPE,HEWLETT PACKARD ENTERPRISE CO
89598.0,HPF,JOHN HANCOCK PREFERRED INC FD II
18465.0,HPH,HIGHEST PERFORMANCES HLDGS INC
89492.0,HPI,HANCOCK JOHN PFD INCOME FD
92696.0,HPJ,HIGHPOWER INTERNATIONAL INC
19632.0,HPK,HIGHPEAK ENERGY INC
93419.0,HPP,HUDSON PACIFIC PROPERTIES INC
27828.0,HPQ,HEWLETT PACKARD CO
27828.0,HPQ,H P INC
90494.0,HPR,HIGHPOINT RESOURCES CORP
89766.0,HPS,HANCOCK JOHN PFD INCOME FD III
81917.0,HPT,HOSPITALITY PROPERTIES TRUST
90833.0,HPY,HEARTLAND PAYMENT SYSTEMS INC
16609.0,HQBD,HARTFORD FUNDS E T TRUST
91677.0,HQCL,HANWHA Q CELLS CO LTD
24654.0,HQGO,LATTICE STRATEGIES TRUST
75065.0,HQH,TEKLA HEALTHCARE INVESTORS
75065.0,HQH,ABRDN HEALTHCARE INVESTORS
17875.0,HQI,HIREQUEST INC
77573.0,HQL,TEKLA LIFE SCIENCES INVESTORS
77573.0,HQL,ABRDN LIFE SCIENCES INVESTORS
14803.0,HQY,HEALTHEQUITY INC
13439.0,HR,HEALTHCARE REALTY TRUST INC NEW
79233.0,HR,HEALTHCARE REALTY TRUST INC
49373.0,HRB,BLOCK H & R INC
52716.0,HRC,HILL ROM HOLDINGS INC
15701.0,HREX,SPDR INDEX SHARES FUNDS
38295.0,HRG,H R G GROUP INC
91575.0,HRI,HERC HOLDINGS INC
32870.0,HRL,HORMEL FOODS CORP
15293.0,HRMN,HARMONY MERGER CORP
19635.0,HRMY,HARMONY BIOSCIENCES HLDGS INC
13796.0,HROW,HARROW HEALTH INC
13796.0,HROW,HARROW INC
25582.0,HRS,HARRIS CORP
22115.0,HRT,HIRERIGHT HOLDINGS CORP
76544.0,HRT,ARRHYTHMIA RESEARCH TECH INC
14625.0,HRTG,HERITAGE INSURANCE HOLDINGS INC
24506.0,HRTS,TEMA E T F TRUST
11636.0,HRTX,HERON THERAPEUTICS INC
24093.0,HRYU,HANRYU HOLDINGS INC
12355.0,HRZN,HORIZON TECHNOLOGY FINANCE CORP
23725.0,HSAI,HESAI GROUP
19636.0,HSAQ,HEALTH SCIENCES ACQ CORP 2
87033.0,HSBC,H S B C HOLDINGS PLC
25692.0,HSBH,PRECIDIAN ETFS TRUST
25304.0,HSC,HARSCO CORP
23185.0,HSCS,HEART TEST LABORATORIES INC
15571.0,HSCZ,ISHARES TRUST
17690.0,HSDT,HELIUS MEDICAL TECHNOLOGIES INC
15132.0,HSGX,HISTOGENICS CORP
23774.0,HSHP,HIMALAYA SHIPPING LTD
82581.0,HSIC,SCHEIN HENRY INC
86827.0,HSII,HEIDRICK & STRUGGLES INTL INC
85187.0,HSKA,HESKA CORP
19337.0,HSMV,FIRST TRUST E T F III
92771.0,HSNI,H S N INC NEW
89698.0,HSON,HUDSON GLOBAL INC
17853.0,HSRT,HARTFORD FUNDS E T TRUST
46703.0,HST,HOST HOTELS & RESORTS INC
88167.0,HSTM,HEALTHSTREAM INC
14046.0,HSTO,HISTOGEN INC
22022.0,HSUN,HARTFORD FUNDS E T TRUST
16600.0,HSY,HERSHEY CO
86563.0,HT,HERSHA HOSPITALITY TRUST
13439.0,HTA,HEALTHCARE TRUST OF AMERICA INC
17704.0,HTAB,HARTFORD FUNDS E T TRUST
13534.0,HTBI,HOMETRUST BANCSHARES INC
86302.0,HTBK,HERITAGE COMMERCE CORP
14051.0,HTBX,HEAT BIOLOGICS INC
88795.0,HTCH,HUTCHINSON TECHNOLOGY INC
23613.0,HTCO,CARAVELLE INTERNATIONAL GROUP
22776.0,HTCR,HEARTCORE ENTERPRISES INC
90041.0,HTD,JOHN HANCOCK TAX ADV DIV INC FD
18742.0,HTEC,EXCHANGE TRADED CONCEPTS TR
90731.0,HTGC,HERCULES TECHNOLOGY GRTH CAP INC
90731.0,HTGC,HERCULES CAPITAL INC
15374.0,HTGM,HTG MOLECULAR DIAGNOSTICS INC
90037.0,HTH,HILLTOP HOLDINGS INC
93306.0,HTHT,CHINA LODGING GROUP LTD
93306.0,HTHT,HUAZHU GROUP LTD
93306.0,HTHT,H WORLD GROUP LTD
10812.0,HTLD,HEARTLAND EXPRESS INC
89736.0,HTLF,HEARTLAND FINANCIAL USA INC
25659.0,HTLM,HOMESTOLIFE LTD
92636.0,HTM,U S GEOTHERMAL INC
17966.0,HTOO,FUSION FUEL GREEN PLC
75641.0,HTR,BROOKFIELD TOTAL RETURN FUND INC
16953.0,HTRB,HARTFORD FUNDS E T TRUST
92620.0,HTS,HATTERAS FINANCIAL CORP
15453.0,HTUS,EXCHANGE TRADED CONCEPTS TR
23954.0,HTUS,CAPITOL SERIES TRUST
92894.0,HTWR,HEARTWARE INTERNATIONAL INC
92271.0,HTY,JOHN HANCOCK TAX ADV GLBL SH YLD
16086.0,HTZ,HERTZ GLOBAL HOLDINGS INC NEW
91575.0,HTZ,HERTZ GLOBAL HOLDINGS INC
32942.0,HUBB,HUBBELL INC
23790.0,HUBC,HUB CYBER SECURITY LTD
83272.0,HUBG,HUB GROUP INC
14970.0,HUBS,HUBSPOT INC
17308.0,HUD,HUDSON LTD
20436.0,HUDI,HUADI INTERNATIONAL GROUP CO LTD
19192.0,HUGE,FSD PHARMA INC
25729.0,HUHU,HUHUTECH INTERNATIONAL GROUP INC
19234.0,HUIZ,HUIZE HOLDING LTD
48653.0,HUM,HUMANA INC
20137.0,HUMA,HUMACYTE INC
90558.0,HUN,HUNTSMAN CORP
16568.0,HUNT,HUNTER MARITIME ACQUISITION CORP
16164.0,HURA,TUHURA BIOSCIENCES INC
42922.0,HURC,HURCO CO
90409.0,HURN,HURON CONSULTING GROUP INC
91379.0,HUSA,HOUSTON AMERICAN ENERGY CORP
13504.0,HUSE,HUNTINGTON STRATEGY SHARES
13504.0,HUSE,STRATEGY SHARES
16877.0,HUSN,HUDSON CAPITAL INC
16274.0,HUSV,FIRST TR EXCHANGE TRADED FD III
21553.0,HUT,HUT 8 MINING CORP
24655.0,HUT,HUT 8 CORP
17832.0,HUYA,HUYA INC
21615.0,HVAL,ALPS E T F TRUST
16569.0,HVBC,H V BANCORP INC
13762.0,HVPW,ALPS E T F TRUST
10294.0,HVT,HAVERTY FURNITURE COS INC
41217.0,HVT,HAVERTY FURNITURE COS INC
86042.0,HW,HEADWATERS INC
25564.0,HWAY,THEMES E T F TRUST
76788.0,HWAY,HEALTHWAYS INC
88341.0,HWBK,HAWTHORN BANCSHARES INC
76684.0,HWC,HANCOCK WHITNEY CORP
91357.0,HWCC,HOUSTON WIRE & CABLE CO
22882.0,HWH,HWM INTERNATIONAL INC
41241.0,HWKN,HAWKINS INC
24643.0,HWM,HOWMET AEROSPACE INC
61567.0,HXL,HEXCEL CORP NEW
13577.0,HY,HYSTER YALE MATERIALS HANDLG INC
13577.0,HY,HYSTER YALE INC
17114.0,HYAC,HAYMAKER ACQUISITION CORP
18844.0,HYAC,HAYMAKER ACQUISITION CORP II
21061.0,HYAC,HAYMAKER ACQUISITION CORP III
75263.0,HYB,NEW AMERICA HIGH INCOME FUND INC
19903.0,HYBB,ISHARES TRUST
25565.0,HYBI,NEOS ETF TRUST
22865.0,HYBL,SSGA ACTIVE TRUST
25828.0,HYBX,T C W ETF TRUST
92889.0,HYD,MARKET VECTORS E T F TRUST
92889.0,HYD,VANECK VECTORS E T F TRUST
92889.0,HYD,VANECK E T F TRUST
17484.0,HYDB,ISHARES TRUST
16127.0,HYDD,DIREXION SHARES E T F TRUST
21727.0,HYDR,GLOBAL X FUNDS
17236.0,HYDW,D B X ETF TRUST
13386.0,HYEM,MARKET VECTORS E T F TRUST
13386.0,HYEM,VANECK VECTORS E T F TRUST
13386.0,HYEM,VANECK E T F TRUST
86127.0,HYF,MANAGED HIGH YIELD PLUS FUND INC
23888.0,HYFI,A B ACTIVE ETFS INC
20194.0,HYFM,HYDROFARM HOLDINGS GROUP INC
91933.0,HYG,ISHARES TRUST
14626.0,HYGH,ISHARES U S ETF TRUST
23145.0,HYGI,ISHARES U S ETF TRUST
88729.0,HYGS,HYDROGENICS CORP NEW
17986.0,HYGV,FLEXSHARES TRUST
23286.0,HYGW,ISHARES TRUST
14941.0,HYH,HALYARD HEALTH INC
17599.0,HYHG,PROSHARES TRUST
12341.0,HYI,WESTERN ASSET HIGH YLD DEF OP FD
15236.0,HYIH,D B X ETF TRUST
21250.0,HYIN,WISDOMTREE TRUST
24751.0,HYKE,E T F SERIES SOLUTIONS
16511.0,HYLB,D B X ETF TRUST
12438.0,HYLD,ADVISORSHARES TRUST
17856.0,HYLD,EXCHANGE LISTED FUNDS TRUST
23549.0,HYLG,GLOBAL X FUNDS
18539.0,HYLN,HYLIION HOLDINGS CORP
13795.0,HYLS,FIRST TRUST E T F IV
16580.0,HYLV,INDEXIQ E T F TRUST
12676.0,HYMB,SPDR SERIES TRUST
17366.0,HYMC,HYCROFT MINING HOLDING CORP
20672.0,HYMU,BLACKROCK E T F TRUST II
14347.0,HYND,WISDOMTREE TRUST
20430.0,HYPR,HYPERFINE INC
17886.0,HYRE,HYRECAR INC
22835.0,HYRM,D B X ETF TRUST
12874.0,HYS,PIMCO E T F TRUST
25448.0,HYSD,COLUMBIA E T F TRUST I
89745.0,HYT,BLACKROCK CORP HI YLD FD VI INC
19164.0,HYTR,NORTHERN LIGHTS FUND TR III
17235.0,HYUP,D B X ETF TRUST
20813.0,HYW,HYWIN HOLDINGS LTD
16098.0,HYXE,ISHARES TRUST
16098.0,HYXF,ISHARES TRUST
17653.0,HYXU,ISHARES INC
14348.0,HYZD,WISDOMTREE TRUST
20290.0,HYZN,HYZON MOTORS INC
19931.0,HZAC,HORIZON ACQUISITION CORP
15399.0,HZN,HORIZON GLOBAL CORP
12919.0,HZNP,HORIZON PHARMA PLC
12919.0,HZNP,HORIZON THERAPEUTICS PLC
86128.0,HZO,MARINEMAX INC
20275.0,HZON,HORIZON ACQUISITION CORP II
13866.0,I,INTELSAT S A
18736.0,IAA,I A A INC
78840.0,IAC,IAC INTERACTIVECORP
78840.0,IAC,IAC INTERACTIVECORP NEW
78840.0,IAC,IAC INC
78840.0,IACI,IAC INTERACTIVECORP
91872.0,IAE,VOYA ASIA PAC HG DIV EQ INC FD
68427.0,IAF,ABERDEEN AUSTRALIA EQUITY FD INC
68427.0,IAF,ABRDN AUSTRALIA EQUITY FUND INC
89630.0,IAG,IAMGOLD CORP
17506.0,IAGG,ISHARES TRUST
91224.0,IAI,ISHARES TRUST
91223.0,IAK,ISHARES TRUST
16988.0,IAM,I AM CAPITAL ACQUISITION CO
20936.0,IAPR,INNOVATOR E T F S TRUST
82179.0,IART,INTEGRA LIFESCIENCES HLDNGS CORP
21554.0,IAS,INTEGRAL AD SCIENCE HOLDING CORP
91222.0,IAT,ISHARES TRUST
90525.0,IAU,ISHARES TRUST
17928.0,IAUF,ISHARES U S ETF TRUST
25379.0,IAUG,INNOVATOR E T F S TRUST
21408.0,IAUM,ISHARES GOLD TRUST MICRO
23081.0,IAUX,I 80 GOLD CORP
85337.0,IBA,INDUSTRIAS BACHOCO S A B DE C V
24944.0,IBAT,ISHARES TRUST
88893.0,IBB,ISHARES TRUST
19637.0,IBBJ,E T F SERIES SOLUTIONS
21555.0,IBBQ,INVESCO E T F TRUST II
13855.0,IBCB,ISHARES TRUST
13854.0,IBCC,ISHARES TRUST
13853.0,IBCD,ISHARES TRUST
13852.0,IBCE,ISHARES TRUST
88912.0,IBCP,INDEPENDENT BANK CORP MICH
16843.0,IBD,NORTHERN LIGHTS FUND TR IV
14021.0,IBDA,ISHARES TRUST
14022.0,IBDB,ISHARES TRUST
14025.0,IBDC,ISHARES TRUST
14023.0,IBDD,ISHARES TRUST
14629.0,IBDF,ISHARES TRUST
14628.0,IBDH,ISHARES TRUST
15250.0,IBDJ,ISHARES TRUST
15251.0,IBDK,ISHARES TRUST
15103.0,IBDL,ISHARES TRUST
15258.0,IBDM,ISHARES TRUST
15255.0,IBDN,ISHARES TRUST
15252.0,IBDO,ISHARES TRUST
15257.0,IBDP,ISHARES TRUST
15256.0,IBDQ,ISHARES TRUST
16330.0,IBDR,ISHARES TRUST
16954.0,IBDS,ISHARES TRUST
18080.0,IBDT,ISHARES TRUST
18933.0,IBDU,ISHARES TRUST
19443.0,IBDV,ISHARES TRUST
21407.0,IBDW,ISHARES TRUST
23146.0,IBDX,ISHARES TRUST
23969.0,IBDY,ISHARES TRUST
25092.0,IBDZ,ISHARES TRUST
22310.0,IBET,E T F SERIES SOLUTIONS
19638.0,IBEX,IBEX LTD
25627.0,IBG,INNOVATION BEVERAGE GROUP LTD
25222.0,IBGA,ISHARES TRUST
25223.0,IBGK,ISHARES TRUST
18706.0,IBHA,ISHARES TRUST
18704.0,IBHB,ISHARES TRUST
18701.0,IBHC,ISHARES TRUST
18705.0,IBHD,ISHARES TRUST
18703.0,IBHE,ISHARES TRUST
20085.0,IBHF,ISHARES TRUST
21656.0,IBHG,ISHARES TRUST
22944.0,IBHH,ISHARES TRUST
22943.0,IBHI,ISHARES TRUST
23968.0,IBHJ,ISHARES TRUST
25093.0,IBHK,ISHARES TRUST
24204.0,IBIA,ISHARES TRUST
24207.0,IBIB,ISHARES TRUST
24208.0,IBIC,ISHARES TRUST
24209.0,IBID,ISHARES TRUST
24210.0,IBIE,ISHARES TRUST
24211.0,IBIF,ISHARES TRUST
24217.0,IBIG,ISHARES TRUST
24216.0,IBIH,ISHARES TRUST
24215.0,IBII,ISHARES TRUST
24212.0,IBIJ,ISHARES TRUST
25094.0,IBIK,ISHARES TRUST
12527.0,IBIO,IBIO INC
23412.0,IBIT,E T F SERIES SOLUTIONS
24702.0,IBIT,ISHARES BITCOIN TRUST
81564.0,IBKC,IBERIABANK CORP
92043.0,IBKR,INTERACTIVE BROKERS GROUP INC
22993.0,IBLC,ISHARES TRUST
14850.0,IBLN,DIREXION SHARES E T F TRUST
12490.0,IBM,INTERNATIONAL BUSINESS MACHS COR
93212.0,IBME,ISHARES TRUST
93211.0,IBMF,ISHARES TRUST
13811.0,IBMG,ISHARES TRUST
14480.0,IBMH,ISHARES TRUST
14853.0,IBMI,ISHARES TRUST
15682.0,IBMJ,ISHARES TRUST
15681.0,IBMK,ISHARES TRUST
17489.0,IBML,ISHARES TRUST
17513.0,IBMM,ISHARES TRUST
18239.0,IBMN,ISHARES TRUST
18523.0,IBMO,ISHARES TRUST
18524.0,IBMP,ISHARES TRUST
18525.0,IBMQ,ISHARES TRUST
23905.0,IBMR,ISHARES TRUST
25095.0,IBMS,ISHARES TRUST
87662.0,IBN,I C I C I BANK LTD
93385.0,IBND,SPDR SERIES TRUST
25471.0,IBO,IMPACT BIOMEDICAL INC
85875.0,IBOC,INTERNATIONAL BANCSHARES CORP
23859.0,IBOT,VANECK E T F TRUST
14479.0,IBP,INSTALLED BUILDING PRODUCTS INC
23290.0,IBRN,ISHARES TRUST
15533.0,IBRX,IMMUNITYBIO INC
19272.0,IBTA,ISHARES TRUST
24967.0,IBTA,IBOTTA INC
19273.0,IBTB,ISHARES TRUST
19274.0,IBTD,ISHARES TRUST
19276.0,IBTF,ISHARES TRUST
19277.0,IBTG,ISHARES TRUST
19278.0,IBTH,ISHARES TRUST
19279.0,IBTI,ISHARES TRUST
19280.0,IBTJ,ISHARES TRUST
19557.0,IBTK,ISHARES TRUST
21728.0,IBTL,ISHARES TRUST
23228.0,IBTM,ISHARES TRUST
24013.0,IBTO,ISHARES TRUST
25226.0,IBTP,ISHARES TRUST
13877.0,IBTX,INDEPENDENT BANK GROUP INC
25290.0,IBUF,INNOVATOR E T F S TRUST
16009.0,IBUY,AMPLIFY ETF TRUST
77545.0,ICA,EMPRESAS ICA S A DE C V
88779.0,ICAD,ICAD INC
16658.0,ICAN,E T F SERIES SOLUTIONS
22492.0,ICAP,SERIES PORTFOLIOS TRUST
86486.0,ICB,MORGAN STANLEY TRUSTS
15180.0,ICBK,COUNTY BANCORP INC
11292.0,ICCC,IMMUCELL CORP
16633.0,ICCH,I C C HOLDINGS INC
21853.0,ICCM,ICECURE MEDICAL LTD
23021.0,ICCT,ICORECONNECT INC
14852.0,ICD,INDEPENDENCE CONTRACT DRILLING
90993.0,ICE,INTERCONTINENTALEXCHANGE GRP INC
88894.0,ICF,ISHARES TRUST
91468.0,ICFI,I C F INTERNATIONAL INC NEW
23791.0,ICG,INTCHAINS GROUP LTD
16525.0,ICHR,ICHOR HOLDINGS LTD
14919.0,ICL,ISRAEL CHEMICALS LTD
14919.0,ICL,I C L GROUP LTD
14254.0,ICLD,INTERCLOUD SYSTEMS INC
17146.0,ICLK,ICLICK INTERACTIVE ASIA GRP LTD
92720.0,ICLN,ISHARES TRUST
23581.0,ICLO,INVESCO ACTIVELY MANAGED ETF TR
86072.0,ICLR,ICON PLC NEW
14450.0,ICMB,INVESTCORP CREDIT MGMT B D C INC
92673.0,ICN,WISDOMTREE TRUST
13997.0,ICOL,ISHARES INC
25341.0,ICON,ICON ENERGY CORP
76215.0,ICON,ICONIX BRAND GROUP INC
24014.0,ICOP,ISHARES TRUST
17570.0,ICOW,PACER FUNDS TRUST
13643.0,ICPT,INTERCEPT PHARMACEUTICALS INC
17479.0,ICSH,ISHARES TRUST
20841.0,ICU,SEASTAR MEDICAL HOLDING CORP
77447.0,ICUI,I C U MEDICAL INC
17480.0,ICVT,ISHARES TRUST
21729.0,ICVX,ICOSAVAX INC
17090.0,ID,PARTS ID INC
21928.0,IDA,IDACORP INC
22660.0,IDAI,T STAMP INC
21406.0,IDAT,ISHARES TRUST
20814.0,IDBA,I D E X BIOMETRICS A S A
45306.0,IDCC,INTERDIGITAL INC
93210.0,IDE,VOYA INFRAS INDUS & MATRLS FD
24611.0,IDEC,INNOVATOR E T F S TRUST
16610.0,IDEV,ISHARES TRUST
13412.0,IDEX,IDEANOMICS INC
89062.0,IDGT,ISHARES TRUST
13246.0,IDHB,POWERSHARES E T F TRUST II
17586.0,IDHD,POWERSHARES E T F TRUST II
17586.0,IDHD,INVESCO E T F TRUST II
92141.0,IDHQ,POWERSHARES E T F TRUST II
92141.0,IDHQ,INVESCO E T F TRUST II
92486.0,IDI,I D I INC
17303.0,IDIV,METAURUS EQUITY COMPONENT TRUST
15842.0,IDLB,POWERSHARES E T F TRUST II
15842.0,IDLB,INVESCO E T F TRUST II
13190.0,IDLV,POWERSHARES E T F TRUST II
13190.0,IDLV,INVESCO E T F TRUST II
21631.0,IDME,E T F SERIES SOLUTIONS
13246.0,IDMO,POWERSHARES E T F TRUST II
13246.0,IDMO,INVESCO E T F TRUST II
87439.0,IDN,INTELLICHECK MOBILISA INC
87439.0,IDN,INTELLICHECK INC
18751.0,IDNA,ISHARES TRUST
13972.0,IDOG,ALPS E T F TRUST
22953.0,IDR,IDAHO STRATEGIC RESOURCES INC
82824.0,IDRA,IDERA PHARMACEUTICALS INC
18528.0,IDRV,ISHARES TRUST
83875.0,IDSA,INDUSTRIAL SERVICES OF AM INC
87016.0,IDSY,I D SYSTEMS INC
88988.0,IDT,I D T CORP
44506.0,IDTI,INTEGRATED DEVICE TECHNOLOGY
88292.0,IDU,ISHARES TRUST
21631.0,IDUB,E T F SERIES SOLUTIONS
92125.0,IDV,ISHARES TRUST
23351.0,IDVO,AMPLIFY ETF TRUST
25907.0,IDVZ,ELEVATION SERIES TRUST
21807.0,IDW,I D W MEDIA HOLDINGS
92883.0,IDX,MARKET VECTORS E T F TRUST
92883.0,IDX,VANECK VECTORS E T F TRUST
92883.0,IDX,VANECK E T F TRUST
86083.0,IDXG,INTERPACE DIAGNOSTICS GROUP INC
86083.0,IDXG,INTERPACE BIOSCIENCES INC
13297.0,IDXJ,MARKET VECTORS E T F TRUST
76709.0,IDXX,I D E X X LABORATORIES INC
18990.0,IDY,PACIFIC GLOBAL E T F TRUST
18656.0,IDYA,IDEAYA BIOSCIENCES INC
23147.0,IE,IVANHOE ELECTRIC INC
16261.0,IEA,INFRA AND ENRGY ALTERNATIVES INC
78892.0,IEC,I E C ELECTRONICS CORP NEW
17467.0,IECS,ISHARES U S ETF TRUST
17466.0,IEDI,ISHARES U S ETF TRUST
89469.0,IEF,ISHARES TRUST
17465.0,IEFN,ISHARES U S ETF TRUST
17468.0,IEHS,ISHARES U S ETF TRUST
91705.0,IEI,ISHARES TRUST
17462.0,IEIH,ISHARES U S ETF TRUST
14482.0,IEIL,ISHARES U S ETF TRUST
14481.0,IEIS,ISHARES U S ETF TRUST
13845.0,IELG,ISHARES U S ETF TRUST
17995.0,IEMD,INVESCO ET SELF INDEX FD TR
17463.0,IEME,ISHARES U S ETF TRUST
13613.0,IEMG,ISHARES INC
17998.0,IEMV,INVESCO ET SELF INDEX FD TR
91229.0,IEO,ISHARES TRUST
75113.0,IEP,ICAHN ENTERPRISES L P
85768.0,IESC,INTEGRATED ELECTRICAL SRVCS INC
85768.0,IESC,I E S HOLDINGS INC
13846.0,IESM,ISHARES U S ETF TRUST
17464.0,IETC,ISHARES U S ETF TRUST
14731.0,IEUR,ISHARES TRUST
92441.0,IEUS,ISHARES TRUST
88405.0,IEV,ISHARES TRUST
75591.0,IEX,IDEX CORP
91228.0,IEZ,ISHARES TRUST
76117.0,IF,ABERDEEN INDONESIA FUND INC
21062.0,IFBD,INFOBIRD CO LTD
24850.0,IFEB,INNOVATOR E T F S TRUST
92438.0,IFEU,ISHARES TRUST
40272.0,IFF,INTERNATIONAL FLAVORS & FRAG INC
92439.0,IFGL,ISHARES TRUST
22748.0,IFIN,INFINT ACQUISITION CORP
17408.0,IFIX,D B X ETF TRUST
15984.0,IFLY,E T F MANAGERS TRUST
90077.0,IFMI,INSTITUTIONAL FINANCIAL MKT INC
16590.0,IFMK,IFRESH INC
80200.0,IFN,INDIA FUND INC
90207.0,IFON,INFOSONICS CORP
17514.0,IFRA,ISHARES TRUST
17115.0,IFRX,INFLARX N V
18828.0,IFS,INTERCORP FINANCIAL SERVICES INC
14804.0,IFV,FIRST TRUST E T F VI
17779.0,IG,PRINCIPAL EXCHANGE TRADED FUNDS
90927.0,IGA,VOYA GLOBAL ADV & PREM OPP FUND
22561.0,IGAP,INTEGRITY APPLICATIONS INC
91201.0,IGC,INDIA GLOBALIZATION CAPITAL INC
91201.0,IGC,I G C PHARMA INC
25825.0,IGCB,T C W ETF TRUST
90612.0,IGD,VOYA GLOBAL EQT DIV & PRE OPP FD
89188.0,IGE,ISHARES TRUST
17483.0,IGEB,ISHARES TRUST
92492.0,IGF,ISHARES TRUST
17593.0,IGHG,PROSHARES TRUST
92967.0,IGI,WESTERN ASST INV GR DEF OP TR IN
92967.0,IGI,WESTERN ASST INV GR OPP TR INC
91702.0,IGIB,ISHARES TRUST
17696.0,IGIC,INTL GENERAL INSURANCE HLDGS LTD
15235.0,IGIH,D B X ETF TRUST
93173.0,IGLB,ISHARES TRUST
20692.0,IGLD,FIRST TRUST EXCHANGE TRADED FUND
87168.0,IGLD,INTERNET GOLD GOLDEN LINES LTD
88927.0,IGM,ISHARES TRUST
18955.0,IGMS,I G M BIOSCIENCES INC
89062.0,IGN,ISHARES TRUST
20815.0,IGNY,IGNYTE ACQUISITION CORP
92876.0,IGOV,ISHARES TRUST
90766.0,IGPT,INVESCO E T F TRUST
90042.0,IGR,CBRE CLARION GLOB RL EST INC FD
90042.0,IGR,CBRE GLOBAL REAL ESTATE INC FD
17491.0,IGRO,ISHARES TRUST
12632.0,IGS,PROSHARES TRUST
91703.0,IGSB,ISHARES TRUST
15331.0,IGT,INTERNATIONAL GAME TECH PLC
23554.0,IGTR,INNOVATOR E T F S TRUST
12674.0,IGU,PROSHARES TRUST
89060.0,IGV,ISHARES TRUST
17409.0,IGVT,D B X ETF TRUST
19899.0,IH,IHUMAN INC
18749.0,IHAK,ISHARES TRUST
43837.0,IHC,INDEPENDENCE HOLDING CO NEW
12662.0,IHD,VOYA EMERG MKTS HI INC DIV EQ FD
14639.0,IHDG,WISDOMTREE TRUST
91227.0,IHE,ISHARES TRUST
91226.0,IHF,ISHARES TRUST
89704.0,IHG,INTERCONTINENTAL HOTELS GRP PLC
91225.0,IHI,ISHARES TRUST
18845.0,IHRT,IHEARTMEDIA INC
22169.0,IHS,I H S HOLDING LTD
90992.0,IHS,I H S INC
55984.0,IHT,INNSUITES HOSPITALITY TRUST
17082.0,IHTA,INVESCO HIGH INCOME 2024 TT FUND
13345.0,IHY,MARKET VECTORS E T F TRUST
13345.0,IHY,VANECK VECTORS E T F TRUST
13345.0,IHY,VANECK E T F TRUST
17999.0,IHYD,INVESCO ET SELF INDEX FD TR
20296.0,IHYF,INVESCO ACTIVELY MANAGED ETF TR
18000.0,IHYV,INVESCO ET SELF INDEX FD TR
92272.0,IID,VOYA INTL HIGH DIV EQT INC FD
80206.0,IIF,MORGAN STANLEY INDIA INV FD INC
18001.0,IIGD,INVESCO ET SELF INDEX FD TR
18002.0,IIGV,INVESCO ET SELF INDEX FD TR
91754.0,III,INFORMATION SERVICES GROUP INC
87725.0,IIIN,INSTEEL INDUSTRIES INC
17887.0,IIIV,I3 VERTICALS INC
87199.0,IIJI,INTERNET INITIATIVE JAPAN INC
92772.0,IILG,INTERVAL LEISURE GROUP INC
17214.0,IIM,INVESCO VALUE MUNI INCOME TR
41574.0,IIN,INTRICON CORP
21730.0,IINN,INSPIRA TECHNOLOGIES OXY BHN LTD
16515.0,IIPR,INNOVATIVE INDUSTRIAL PPTYS INC
11752.0,IIVI,II VI INC
19155.0,IJAN,INNOVATOR E T F S TRUST
88218.0,IJH,ISHARES TRUST
88404.0,IJJ,ISHARES TRUST
88398.0,IJK,ISHARES TRUST
14519.0,IJNK,SPDR SERIES TRUST
88229.0,IJR,ISHARES TRUST
88406.0,IJS,ISHARES TRUST
88407.0,IJT,ISHARES TRUST
18805.0,IJUL,INNOVATOR E T F S TRUST
25177.0,IJUN,INNOVATOR E T F S TRUST
12018.0,IKGH,IAO KUN GROUP HOLDING CO LTD
20816.0,IKNA,IKENA ONCOLOGY INC
87759.0,IKNX,IKONICS CORP
20297.0,IKT,INHIBIKASE THERAPEUTICS INC
12051.0,IL,INTRALINKS HOLDINGS INC
23231.0,ILAG,INTELLIGENT LIVING APP GROUP INC
13392.0,ILB,PIMCO E T F TRUST
90257.0,ILCB,ISHARES TRUST
90256.0,ILCG,ISHARES TRUST
90258.0,ILCV,ISHARES TRUST
21213.0,ILDR,FIRST TRUST E T F VIII
89190.0,ILF,ISHARES TRUST
92772.0,ILG,I L G INC
24015.0,ILIT,ISHARES TRUST
88446.0,ILMN,ILLUMINA INC
25248.0,ILOW,A B ACTIVE ETFS INC
17222.0,ILPT,INDUSTRIAL LOGISTICS PPTYS TR
93171.0,ILTB,ISHARES TRUST
84168.0,IM,INGRAM MICRO INC
19193.0,IMAB,I MAB
18405.0,IMAC,I M A C HOLDINGS INC
24892.0,IMAR,INNOVATOR E T F S TRUST
80635.0,IMAX,IMAX CORP
25091.0,IMAY,INNOVATOR E T F S TRUST
77007.0,IMBI,IMEDIA BRANDS INC
90259.0,IMCB,ISHARES TRUST
20817.0,IMCC,IM CANNABIS CORP
90260.0,IMCG,ISHARES TRUST
20604.0,IMCR,IMMUNOCORE HOLDINGS PLC
90261.0,IMCV,ISHARES TRUST
14805.0,IMDZ,IMMUNE DESIGN CORP
16259.0,IMED,E T F MANAGERS TRUST
18003.0,IMFC,INVESCO ET SELF INDEX FD TR
18289.0,IMFD,INVESCO ET SELF INDEX FD TR
18288.0,IMFI,INVESCO ET SELF INDEX FD TR
20541.0,IMFL,INVESCO ET SELF INDEX FD TR
18004.0,IMFP,INVESCO ET SELF INDEX FD TR
75860.0,IMGN,IMMUNOGEN INC
21731.0,IMGO,IMAGO BIOSCIENCES INC
82639.0,IMH,IMPAC MORTGAGE HOLDINGS INC
13109.0,IMI,INTERMOLECULAR INC
11701.0,IMKTA,INGLES MARKETS INC
13376.0,IMMP,IMMUTEP LTD
87394.0,IMMR,IMMERSION CORP
43757.0,IMMU,IMMUNOMEDICS INC
22562.0,IMMX,IMMIX BIOPHARMA INC
13796.0,IMMY,IMPRIMIS PHARMACEUTICALS INC
83602.0,IMN,IMATION CORP
19969.0,IMNM,IMMUNOME INC
88208.0,IMNN,IMUNON INC
91078.0,IMNP,IMMUNE PHARMACEUTICALS INC
33099.0,IMO,IMPERIAL OIL LTD
17391.0,IMOM,ALPHA ARCHITECT ETF TRUST
17391.0,IMOM,E A SERIES TRUST
16348.0,IMOS,CHIPMOS TECHNOLOGIES INC
89025.0,IMOS,CHIPMOS TECHNOLOGIES BERMUDA LTD
21065.0,IMPL,IMPEL NEUROPHARMA INC
21065.0,IMPL,IMPEL PHARMACEUTICALS INC
22311.0,IMPP,IMPERIAL PETROLEUM INC
14723.0,IMPR,IMPRIVATA INC
13080.0,IMPV,IMPERVA INC
20113.0,IMPX,A E A BRIDGES IMPACT CORP
19313.0,IMRA,IMARA INC
16787.0,IMRN,IMMURON LTD
21732.0,IMRX,IMMUNEERING CORP
14570.0,IMS,I M S HEALTH HOLDINGS INC
23583.0,IMSI,INVESCO ACTIVELY MANAGED ETF TR
16486.0,IMTB,ISHARES TRUST
15161.0,IMTM,ISHARES TRUST
19558.0,IMTX,IMMATICS N V
13385.0,IMUC,IMMUNOCELLULAR THERAPEUTICS LTD
14615.0,IMUX,IMMUNIC INC
17888.0,IMV,I M V INC
18776.0,IMVT,IMMUNOVANT INC
16630.0,IMXI,INTERNATIONAL MONEY EXPRESS INC
21735.0,INAB,IN8BIO INC
87236.0,INAP,INTERNAP CORP
22127.0,INAQ,INSIGHT ACQUISITION CORP
92171.0,INB,COHEN & STEERS GLBL INC BLDR INC
13797.0,INBK,FIRST INTERNET BANCORP
20294.0,INBS,INTELLIGENT BIO SOLUTIONS INC
19639.0,INBX,INHIBRX INC
25044.0,INBX,INHIBRX BIOSCIENCES INC
17470.0,INC,ISHARES U S ETF TRUST
23567.0,INC,VANECK E T F TRUST
16326.0,INCE,FRANKLIN TEMPLETON E T F TRUST
23963.0,INCM,FRANKLIN TEMPLETON E T F TRUST
12948.0,INCO,E G A EMERGING GLOBAL SHARES TR
12948.0,INCO,COLUMBIA E T F TRUST II
15071.0,INCR,INC RESEARCH HOLDINGS INC
21935.0,INCR,INTERCURE LTD
79906.0,INCY,INCYTE CORP
10252.0,INDB,INDEPENDENT BANK CORP MA
24227.0,INDE,MATTHEWS INTERNATIONAL FUNDS
17493.0,INDF,ISHARES TRUST
19885.0,INDF,EXCHANGE TRADED CONCEPTS TR
25135.0,INDH,WISDOMTREE TRUST
21556.0,INDI,INDIE SEMICONDUCTOR INC
93282.0,INDL,DIREXION SHARES E T F TRUST
19128.0,INDO,INDONESIA ENERGY CORP LTD
15642.0,INDP,INDAPTUS THERAPEUTICS INC
17834.0,INDS,PACER FUNDS TRUST
85982.0,INDT,INDUS REALTY TRUST INC
16895.0,INDU,INDUSTREA ACQUISITION CORP
24016.0,INDV,INDIVIOR PLC
93137.0,INDY,ISHARES TRUST
16122.0,INEQ,COLUMBIA E T F TRUST I
12946.0,INF,BROOKFIELD GLBL LIST INFR INC FD
22087.0,INFA,INFORMATICA INC
88434.0,INFI,INFINITY PHARMACEUTICALS INC
20379.0,INFL,LISTED FUNDS TRUST
92095.0,INFN,INFINERA CORP
14704.0,INFO,I H S MARKIT LTD
25683.0,INFO,HARBOR E T F TRUST
16526.0,INFR,LEGG MASON ETF INVESTMENT TR
23621.0,INFR,FRANKLIN TEMPLETON E T F TRUST
12452.0,INFU,INFUSYSTEM HOLDINGS INC
86776.0,INFY,INFOSYS LTD
85081.0,ING,I N G GROEP N V
25687.0,INGM,INGRAM MICRO HOLDING CORP
14459.0,INGN,INOGEN INC
85645.0,INGR,INGREDION INC
24656.0,INHD,INNO HOLDINGS INC
87264.0,ININ,INTERACTIVE INTELLIGENCE GRP INC
13361.0,INKM,SSGA ACTIVE TRUST
22210.0,INKT,MINK THERAPEUTICS INC
23372.0,INLX,INTELLINETICS INC
20149.0,INM,INMED PHARMACEUTICALS INC
18406.0,INMB,INMUNE BIO INC
18896.0,INMD,INMODE LTD
20673.0,INMU,BLACKROCK E T F TRUST II
12566.0,INN,SUMMIT HOTEL PROPERTIES INC
14806.0,INNL,INNOCOLL HOLDINGS PLC
19664.0,INNL,INNOCOLL A G
22468.0,INNO,HARBOR E T F TRUST
16178.0,INNT,INNOVATE BIOPHARMACEUTICALS INC
20647.0,INNV,INNOVAGE HOLDING CORP
86444.0,INO,INOVIO PHARMACEUTICALS INC
79499.0,INOD,INNODATA INC
15220.0,INOV,INOVALON HOLDINGS INC
24518.0,INOV,INNOVATOR E T F S TRUST
14610.0,INPX,INPIXON
22987.0,INQQ,EXCHANGE TRADED CONCEPTS TR
24945.0,INRO,BLACKROCK E T F TRUST
72119.0,INS,INTELLIGENT SYSTEMS CORP NEW
15129.0,INSE,INSPIRED ENTERTAINMENT INC
88807.0,INSG,INSEEGO CORP
54228.0,INSI,INSIGHT SELECT INCOME FD
88351.0,INSM,INSMED INC
17799.0,INSP,INSPIRE MEDICAL SYSTEMS INC
15824.0,INST,INSTRUCTURE INC
21648.0,INST,INSTRUCTURE HOLDINGS INC
18659.0,INSU,INSURANCE ACQUISITION CORP
16454.0,INSW,INTERNATIONAL SEAWAYS INC
82831.0,INSY,INSYS THERAPEUTICS INC
75070.0,INT,WORLD FUEL SERVICES CORP
21559.0,INTA,INTAPP INC
59328.0,INTC,INTEL CORP
15319.0,INTF,ISHARES TRUST
55678.0,INTG,INTERGROUP CORP
24946.0,INTJ,INTELLIGENT GROUP LTD
23591.0,INTL,NORTHERN LIGHTS FUND TR IV
81254.0,INTL,INTL FCSTONE INC
23186.0,INTR,INTER & CO INC
24017.0,INTS,INTENSITY THERAPEUTICS INC
85013.0,INTT,INTEST CORP
78975.0,INTU,INTUIT INC
90129.0,INTX,INTERSECTIONS INC
77624.0,INTZ,INTRUSION INC
90608.0,INUV,INUVO INC
25730.0,INV,INNVENTURE INC
90423.0,INVA,THERAVANCE INC
85502.0,INVE,IDETIVE INC
16581.0,INVH,INVITATION HOMES INC
13081.0,INVN,INVENSENSE INC
87604.0,INVT,INVENTERGY GLOBAL INC
85424.0,INVX,INNOVEX INTERNATIONAL INC
21066.0,INVZ,INNOVIZ TECHNOLOGIES LTD
91432.0,INWK,INNERWORKINGS INC
12541.0,INXN,INTERXION HOLDING N V
12047.0,INXX,E G A EMERGING GLOBAL SHARES TR
12047.0,INXX,COLUMBIA E T F TRUST II
92358.0,INY,SPDR SERIES TRUST
19559.0,INZY,INOZYME PHARMA INC
76613.0,IO,ION GEOPHYSICAL CORP
22662.0,IOAC,INNOVATIVE INTL ACQ CORP
22312.0,IOBT,IO BIOTECH INC
90339.0,IOC,INTEROIL CORP
22122.0,IOCT,INNOVATOR E T F S TRUST
12738.0,IOIL,INDEXIQ E T F TRUST
23597.0,ION,PROSHARES TRUST
21938.0,IONM,ASSURE HOLDINGS CORP
20357.0,IONQ,IONQ INC
23187.0,IONR,IONEER LTD
76661.0,IONS,IONIS PHARMACEUTICALS INC
88854.0,IOO,ISHARES TRUST
24916.0,IOPP,SIMPLIFY EXCHANGE TRADED FUNDS
75069.0,IOR,INCOME OPPORTUNITY RLTY INVS INC
86026.0,IOSP,INNOSPEC INC
22425.0,IOT,SAMSARA INC
75069.0,IOT,INCOME OPPORTUNITY RLTY INVS INC
15786.0,IOTS,ADESTO TECHNOLOGIES CORP
15222.0,IOVA,IOVANCE BIOTHERAPEUTICS INC
21573.0,IP,INTERNATIONAL PAPER CO
20301.0,IPA,IMMUNOPRECISE ANTIBODIES LTD
14726.0,IPAC,ISHARES TRUST
11884.0,IPAR,INTERMEDIATE PARFUMS INC
11884.0,IPAR,INTERPARFUMS INC
89796.0,IPAS,IPASS INC
25369.0,IPAV,GLOBAL X FUNDS
22313.0,IPAX,INFLECTION POINT ACQ CORP
15556.0,IPAY,FACTORSHARES TRUST
15556.0,IPAY,E T F MANAGERS TRUST
24738.0,IPAY,AMPLIFY ETF TRUST
89681.0,IPCC,INFINITY PROPERTY & CASUALTY COR
93082.0,IPCI,INTELLIPHARMACEUTICS INTL INC
92746.0,IPD,SPDR INDEX SHARES FUNDS
13828.0,IPDN,PROFESSIONAL DIVERSITY NETWK INC
22950.0,IPDP,LISTED FUNDS TRUST
92024.0,IPE,SPDR SERIES TRUST
92742.0,IPF,SPDR INDEX SHARES FUNDS
13082.0,IPFF,ISHARES TRUST
53065.0,IPG,INTERPUBLIC GROUP COS INC
91668.0,IPGP,I P G PHOTONICS CORP
19014.0,IPHA,INNATE PHARMA S A
12374.0,IPHI,INPHI CORP
91614.0,IPHS,INNOPHOS HOLDINGS INC
92621.0,IPI,INTREPID POTASH INC
17322.0,IPIC,IPIC ENTERTAINMENT INC
92738.0,IPK,SPDR INDEX SHARES FUNDS
14460.0,IPKW,POWERSHARES E T F TRUST II
14460.0,IPKW,INVESCO E T F TRUST II
92740.0,IPN,SPDR INDEX SHARES FUNDS
14222.0,IPO,RENAISSANCE CAPITAL GREENWICH FD
16964.0,IPOA,SOCIAL CAP HEDO HLDGS CORP
20069.0,IPOD,SOCIAL CAP HEDO HLDGS CORP IV
20067.0,IPOE,SOCIAL CAP HEDO HLDGS CORP V
20068.0,IPOF,SOCIAL CAP HEDO HLDGS CORP VI
14979.0,IPOS,RENAISSANCE CAPITAL GREENWICH FD
22951.0,IPPP,LISTED FUNDS TRUST
92745.0,IPS,SPDR INDEX SHARES FUNDS
21560.0,IPSC,CENTURY THERAPEUTICS INC
92736.0,IPU,SPDR INDEX SHARES FUNDS
19224.0,IPV,INTERPRIVATE ACQUISITION CORP
20945.0,IPVA,INTERPRIVATE II ACQUISITION CORP
21308.0,IPW,IPOWER INC
92744.0,IPW,SPDR INDEX SHARES FUNDS
14313.0,IPWR,IDEAL POWER INC
23188.0,IPX,IPERIONX LTD
82702.0,IPXL,IMPAX LABORATORIES INC
17362.0,IQ,IQIYI INC
13838.0,IQDE,FLEXSHARES TRUST
13840.0,IQDF,FLEXSHARES TRUST
17626.0,IQDG,WISDOMTREE TRUST
13839.0,IQDY,FLEXSHARES TRUST
23482.0,IQHI,INDEXIQ ACTIVE E T F TRUST
23482.0,IQHI,NEW YORK LIFE INV ACTIVE ETF TR
17213.0,IQI,INVESCO QUALITY MUNI INCOME TR
18285.0,IQIN,INDEXIQ E T F TRUST
15162.0,IQLT,ISHARES TRUST
19217.0,IQM,FRANKLIN TEMPLETON E T F TRUST
92454.0,IQNT,INTELIQUENT INC
24947.0,IQQQ,PROSHARES TRUST
23904.0,IQRA,INDEXIQ ACTIVE E T F TRUST
23904.0,IQRA,NEW YORK LIFE INV ACTIVE ETF TR
19099.0,IQSI,INDEXIQ E T F TRUST
19099.0,IQSI,NEW YORK LIFE INVESTMENTS ETF TR
23479.0,IQSM,INDEXIQ E T F TRUST
23479.0,IQSM,NEW YORK LIFE INVESTMENTS ETF TR
19100.0,IQSU,INDEXIQ E T F TRUST
19100.0,IQSU,NEW YORK LIFE INVESTMENTS ETF TR
13911.0,IQV,IQVIA HOLDINGS INC
12431.0,IR,INGERSOLL RAND PLC
16692.0,IR,INGERSOLL RAND INC
22856.0,IRBA,LITMAN GREGORY FUNDS TRUST
17931.0,IRBO,ISHARES TRUST
90971.0,IRBT,IROBOT CORP
90208.0,IRC,INLAND REAL ESTATE CORP
88788.0,IRCP,IRSA PROPIEDADES COMERCIALES S A
92665.0,IRD,OPUS GENETICS INC
92596.0,IRDM,IRIDIUM COMMUNICATIONS INC
22316.0,IREN,IRIS ENERGY LTD
24921.0,IRET,TIDAL TRUST II
85472.0,IRET,INVESTORS REAL ESTATE TRUST
13408.0,IRG,IGNITE RESTAURANT GROUP INC
83145.0,IRIX,IRIDEX CORP
76118.0,IRL,NEW IRELAND FUND INC
83143.0,IRM,IRON MOUNTAIN INC NEW
14807.0,IRMD,IRADIMED CORP
19295.0,IRNT,IRONNET INC
19628.0,IRON,DISC MEDICINE INC
12920.0,IROQ,I F BANCORP INC
91525.0,IRR,VOYA RISK MANAGED NATURAL RES FD
81127.0,IRS,I R S A INVERSIONES Y REP S A
14071.0,IRT,INDEPENDENCE REALTY TRUST INC
16386.0,IRTC,IRHYTHM TECHNOLOGIES INC
24420.0,IRTR,ISHARES TRUST
92739.0,IRV,SPDR INDEX SHARES FUNDS
23208.0,IRVH,GLOBAL X FUNDS
93264.0,IRWD,IRONWOOD PHARMACEUTICALS INC
92741.0,IRY,SPDR INDEX SHARES FUNDS
21431.0,IS,IRONSOURCE LTD
90952.0,ISBC,INVESTORS BANCORP INC NEW
84226.0,ISCA,INTERNATIONAL SPEEDWAY CORP
90263.0,ISCB,ISHARES TRUST
15316.0,ISCF,ISHARES TRUST
90264.0,ISCG,ISHARES TRUST
90265.0,ISCV,ISHARES TRUST
13357.0,ISD,PRUDENTIAL SHORT DUR HIGH YLD FD
13357.0,ISD,P G I M HIGH YIELD BOND FUND INC
23582.0,ISDB,INVESCO ACTIVELY MANAGED ETF TR
75754.0,ISDR,ISSUER DIRECT CORP
18117.0,ISDS,INVESCO ET SELF INDEX FD TR
18118.0,ISDX,INVESCO ET SELF INDEX FD TR
14167.0,ISEE,IVERIC BIO INC
18119.0,ISEM,INVESCO ET SELF INDEX FD TR
24203.0,ISEP,INNOVATOR E T F S TRUST
92877.0,ISHG,ISHARES TRUST
16291.0,ISHP,FIRST TRUST E T F VI
76934.0,ISIG,INSIGNIA SYSTEMS INC
87612.0,ISIL,INTERSIL CORP
78012.0,ISL,ABERDEEN ISRAEL FUND INC
77897.0,ISLE,ISLE OF CAPRI CASINOS INC
16583.0,ISMD,NORTHERN LIGHTS FUND TR IV
81624.0,ISNS,IMAGE SENSING SYSTEMS INC
22211.0,ISO,ISOPLEXIS CORP
20998.0,ISOS,ISOS ACQUISITION CORP
21562.0,ISPC,ISPECIMEN INC
20636.0,ISPO,INSPIRATO INC
23860.0,ISPR,ISPIRE TECHNOLOGY INC
24623.0,ISPY,PROSHARES TRUST
22323.0,ISR,ISORAY INC
14000.0,ISRA,MARKET VECTORS E T F TRUST
14000.0,ISRA,VANECK VECTORS E T F TRUST
14000.0,ISRA,VANECK E T F TRUST
88352.0,ISRG,INTUITIVE SURGICAL INC
46042.0,ISRL,ISRAMCO INC
88534.0,ISSC,INNOVATIVE SOLUTIONS & SUPRT INC
92737.0,IST,SPDR INDEX SHARES FUNDS
14810.0,ISTR,INVESTAR HOLDING CORP
16012.0,ISUN,ISUN INC
20703.0,ISVL,ISHARES TRUST
20353.0,ISWN,AMPLIFY ETF TRUST
15462.0,ISZE,ISHARES TRUST
79698.0,IT,GARTNER INC
91221.0,ITA,ISHARES TRUST
21364.0,ITAN,ALPHA ARCHITECT ETF TRUST
21364.0,ITAN,E A SERIES TRUST
91220.0,ITB,ISHARES TRUST
90786.0,ITC,I T C HOLDINGS CORP
90432.0,ITCB,ITAU CORPBANCA
14432.0,ITCI,INTRA CELLULAR THERAPIES INC
24419.0,ITDA,ISHARES TRUST
24418.0,ITDB,ISHARES TRUST
24415.0,ITDC,ISHARES TRUST
24414.0,ITDD,ISHARES TRUST
24413.0,ITDE,ISHARES TRUST
24412.0,ITDF,ISHARES TRUST
24411.0,ITDG,ISHARES TRUST
24410.0,ITDH,ISHARES TRUST
24407.0,ITDI,ISHARES TRUST
25813.0,ITDJ,ISHARES TRUST
92026.0,ITE,SPDR SERIES TRUST
15221.0,ITEK,INOTEK PHARMACEUTICALS CORP
15845.0,ITEQ,FACTORSHARES TRUST
15845.0,ITEQ,E T F MANAGERS TRUST
24733.0,ITEQ,AMPLIFY ETF TRUST
89189.0,ITF,ISHARES TRUST
46392.0,ITG,INVESTMENT TECHNOLOGY GP INC NEW
88615.0,ITGR,INTEGER HOLDINGS CORP
20820.0,ITHX,ITHAX ACQUISITION CORP
67029.0,ITI,ITERIS INC
10901.0,ITIC,INVESTORS TITLE CO
12739.0,ITIP,ISHARES TRUST
92496.0,ITM,MARKET VECTORS E T F TRUST
92496.0,ITM,VANECK VECTORS E T F TRUST
92496.0,ITM,VANECK E T F TRUST
18407.0,ITMR,ITAMAR MEDICAL LTD
19560.0,ITOS,ITEOS THERAPEUTICS INC
89988.0,ITOT,ISHARES TRUST
93177.0,ITP,I T TECH PACKAGING INC
92892.0,ITR,SPDR SERIES TRUST
79839.0,ITRI,ITRON INC
17816.0,ITRM,ITERUM THERAPEUTICS PLC
90902.0,ITRN,ITURAN LOCATION & CONTROL LTD
12570.0,ITT,I T T CORP
12570.0,ITT,I T T INC
27167.0,ITUS,ITUS CORP
56573.0,ITW,ILLINOIS TOOL WORKS INC
25492.0,ITWO,PROSHARES TRUST
18122.0,IUS,INVESCO ET SELF INDEX FD TR
22727.0,IUSA,NORTHERN LIGHTS FUND TR II
14724.0,IUSB,ISHARES TRUST
88403.0,IUSG,ISHARES TRUST
18123.0,IUSS,INVESCO ET SELF INDEX FD TR
88402.0,IUSV,ISHARES TRUST
19563.0,IVA,INVENTIVA S A
82587.0,IVAC,INTEVAC INC
17390.0,IVAL,ALPHA ARCHITECT ETF TRUST
17390.0,IVAL,E A SERIES TRUST
20751.0,IVAN,IVANHOE CAPITAL ACQ CORP
45728.0,IVC,INVACARE CORP
22778.0,IVCP,SWIFTMERGE ACQUISITION CORP
23033.0,IVDA,IVEDA SOLUTIONS INC
20226.0,IVDG,INVESCO ACTIVELY MANAGED ETF TR
88217.0,IVE,ISHARES TRUST
23036.0,IVEG,ISHARES TRUST
15984.0,IVES,E T F MANAGERS TRUST
13905.0,IVH,IVY HIGH INCOME OPPORTUNITIES FD
13905.0,IVH,DELAWARE IVY HIGH INC OPP FUND
20227.0,IVLC,INVESCO ACTIVELY MANAGED ETF TR
15461.0,IVLU,ISHARES TRUST
12303.0,IVOG,VANGUARD ADMIRAL FUNDS INC
18707.0,IVOL,KRANESHARES TRUST
12304.0,IVOO,VANGUARD ADMIRAL FUNDS INC
12302.0,IVOV,VANGUARD ADMIRAL FUNDS INC
24114.0,IVP,INSPIRE VETERINARY PARTNERS INC
92951.0,IVR,INVESCO MORTGAGE CAPITAL INC
20225.0,IVRA,INVESCO ACTIVELY MANAGED ETF TR
23697.0,IVRS,ISHARES TRUST
20224.0,IVSG,INVESCO ACTIVELY MANAGED ETF TR
22128.0,IVT,INVENTRUST PROPERTIES CORP
15428.0,IVTY,INVUITY INC
88215.0,IVV,ISHARES TRUST
23953.0,IVVB,BLACKROCK E T F TRUST II
21790.0,IVVD,INVIVYD INC
23952.0,IVVM,BLACKROCK E T F TRUST II
24895.0,IVVW,ISHARES TRUST
88216.0,IVW,ISHARES TRUST
19583.0,IVZ,INVESCO LTD
88221.0,IWB,ISHARES TRUST
90834.0,IWC,ISHARES TRUST
88219.0,IWD,ISHARES TRUST
88220.0,IWF,ISHARES TRUST
23141.0,IWFG,INDEXIQ ACTIVE E T F TRUST
23141.0,IWFG,NEW YORK LIFE INV ACTIVE ETF TR
19905.0,IWFH,ISHARES TRUST
22807.0,IWIN,AMPLIFY ETF TRUST
93024.0,IWL,ISHARES TRUST
23142.0,IWLG,INDEXIQ ACTIVE E T F TRUST
23142.0,IWLG,NEW YORK LIFE INV ACTIVE ETF TR
88222.0,IWM,ISHARES TRUST
25194.0,IWMI,NEOS ETF TRUST
24894.0,IWMW,ISHARES TRUST
24450.0,IWMY,TIDAL TRUST II
88399.0,IWN,ISHARES TRUST
88401.0,IWO,ISHARES TRUST
89058.0,IWP,ISHARES TRUST
89059.0,IWR,ISHARES TRUST
89057.0,IWS,ISHARES TRUST
23414.0,IWTR,ISHARES TRUST
88223.0,IWV,ISHARES TRUST
93022.0,IWX,ISHARES TRUST
93023.0,IWY,ISHARES TRUST
86349.0,IX,O R I X CORP
89235.0,IXC,ISHARES TRUST
89234.0,IXG,ISHARES TRUST
22780.0,IXHL,INCANNEX HEALTHCARE LTD
24591.0,IXHL,INCANNEX HEALTHCARE INC
89233.0,IXJ,ISHARES TRUST
89232.0,IXN,ISHARES TRUST
89231.0,IXP,ISHARES TRUST
18541.0,IXSE,WISDOMTREE TRUST
86362.0,IXYS,I X Y S CORP DEL
88291.0,IYC,ISHARES TRUST
88298.0,IYE,ISHARES TRUST
88228.0,IYF,ISHARES TRUST
88297.0,IYG,ISHARES TRUST
88296.0,IYH,ISHARES TRUST
88295.0,IYJ,ISHARES TRUST
88299.0,IYK,ISHARES TRUST
88301.0,IYM,ISHARES TRUST
88294.0,IYR,ISHARES TRUST
89880.0,IYT,ISHARES TRUST
88225.0,IYW,ISHARES TRUST
88302.0,IYY,ISHARES TRUST
88224.0,IYZ,ISHARES TRUST
15943.0,IZEA,I Z E A INC
15943.0,IZEA,I Z E A WORLDWIDE INC
23792.0,IZM,ICZOOM GROUP INC
17385.0,IZRL,ARK E T F TRUST
25816.0,IZTC,INVIZYNE TECHNOLOGIES INC
52329.0,J,JACOBS ENGINEERING GROUP INC
52329.0,J,JACOBS SOLUTIONS INC
19906.0,JAAA,JANUS DETROIT STREET TRUST
77453.0,JACK,JACK IN THE BOX INC
25096.0,JADE,J P MORGAN E T F TRUST
16553.0,JAG,JAGGED PEAK ENERGY INC
18291.0,JAGG,J P MORGAN E T F TRUST
15375.0,JAGX,JAGUAR ANIMAL HEALTH INC
15375.0,JAGX,JAGUAR HEALTH INC
78977.0,JAH,JARDEN CORP
25298.0,JAJL,INNOVATOR E T F S TRUST
83520.0,JAKK,JAKKS PACIFIC INC
17635.0,JAMF,WISDOMTREE TRUST
19505.0,JAMF,JAMF HOLDING CORP
77202.0,JAN,JANONE INC
24772.0,JAND,INNOVATOR E T F S TRUST
24777.0,JANH,INNOVATOR E T F S TRUST
24770.0,JANJ,INNOVATOR E T F S TRUST
24786.0,JANP,P G I M ROCK ETF TRUST
24776.0,JANQ,INNOVATOR E T F S TRUST
20348.0,JANT,A I M E T F PRODUCTS TRUST
20349.0,JANW,A I M E T F PRODUCTS TRUST
21563.0,JANX,JANUX THERAPEUTICS INC
20380.0,JANZ,LISTED FUNDS TRUST
14173.0,JASN,JASON INDUSTRIES INC
91819.0,JASO,J A SOLAR HOLDINGS CO LTD
22071.0,JATT,J A T T ACQUISITION CORP
22131.0,JAVA,J P MORGAN E T F TRUST
15648.0,JAX,J ALEXANDERS HOLDINGS INC
92096.0,JAZZ,JAZZ PHARMACEUTICALS PLC
22724.0,JBBB,JANUS DETROIT STREET TRUST
16809.0,JBGS,J B G SMITH PROPERTIES
42877.0,JBHT,HUNT J B TRANSPORT SERVICES INC
21409.0,JBI,JANUS INTERNATIONAL GROUP INC
79094.0,JBL,JABIL CIRCUIT INC
79094.0,JBL,JABIL INC
89353.0,JBLU,JETBLUE AIRWAYS CORP
24421.0,JBND,J P MORGAN E T F TRUST
17441.0,JBRI,EXCHANGE LISTED FUNDS TRUST
77165.0,JBSS,SANFILIPPO JOHN B & SON
92729.0,JBT,JOHN BEAN TECHNOLOGIES CORP
15259.0,JCAP,JERNIGAN CAPITAL INC
91875.0,JCE,NUVEEN CORE EQUITY ALPHA FUND
23764.0,JCHI,J P MORGAN E T F TRUST
42534.0,JCI,JOHNSON CONTROLS INC
45356.0,JCI,JOHNSON CONTROLS INTL PLC
20822.0,JCIC,JACK CREEK INVESTMENT CORP
87075.0,JCOM,J2 GLOBAL INC
18403.0,JCP,PENNEY J C CO INC
18348.0,JCPB,J P MORGAN E T F TRUST
22994.0,JCPI,J P MORGAN E T F TRUST
25452.0,JCS,COMMUNICATIONS SYSTEMS INC
23037.0,JCSE,J E CLEANTECH HOLDINGS LTD
83387.0,JCTCF,JEWETT CAMERON TRADING CO LTD
20228.0,JCTR,J P MORGAN E T F TRUST
14655.0,JD,J D COM INC
89852.0,JDD,NUVEEN DIVERSIFIED DIV & INC FD
15360.0,JDG,WISDOMTREE TRUST
17087.0,JDIV,J P MORGAN E T F TRUST
25480.0,JDIV,J P MORGAN E T F TRUST
24498.0,JDOC,J P MORGAN E T F TRUST
14191.0,JDST,DIREXION SHARES E T F TRUST
79879.0,JDSU,J D S UNIPHASE CORP
24613.0,JDVI,JOHN HANCOCK E T F TRUST
25060.0,JDZG,JIADE LTD
13185.0,JE,JUST ENERGY GROUP INC
52329.0,JEC,JACOBS ENGINEERING GROUP INC
20415.0,JEF,JEFFERIES FINANCIAL GROUP INC
16554.0,JELD,JELD WEN HOLDING INC
20704.0,JEMA,J P MORGAN E T F TRUST
25380.0,JEMB,JANUS DETROIT STREET TRUST
19387.0,JEPI,J P MORGAN E T F TRUST
23111.0,JEPQ,J P MORGAN E T F TRUST
24244.0,JEPY,TIDAL TRUST II
77860.0,JEQ,ABERDEEN JAPAN EQUITY FUND INC
77860.0,JEQ,ABRDN JAPAN EQUITY FUND INC
15312.0,JETS,E T F SERIES SOLUTIONS
23622.0,JEWL,ADAMAS ONE CORP
23319.0,JFBR,JEFFS BRANDS LTD
77817.0,JFC,JPMORGAN CHINA REGION FUND INC
18660.0,JFIN,JIAYIN GROUP INC
18661.0,JFK,8I ENTERPRISES ACQUISITION CORP
90073.0,JFR,NUVEEN FLOATING RATE INCOME FUND
18897.0,JFU,9F INC
21659.0,JFWD,JACOB FUNDS INC
17967.0,JG,AURORA MOBILE LTD
14350.0,JGBB,WISDOMTREE TRUST
15047.0,JGH,NUVEEN GLOBAL HIGH INCOME FUND
20206.0,JGLD,AMPLIFY ETF TRUST
24267.0,JGLO,J P MORGAN E T F TRUST
23291.0,JGRO,J P MORGAN E T F TRUST
25390.0,JGRW,TRUST FOR PROFESSIONAL MANAGERS
91383.0,JGV,NUVEEN GLOBAL EQUITY INCOME FD
14288.0,JGW,J G WENTWORTH CO
24524.0,JHAC,JOHN HANCOCK E T F TRUST
16275.0,JHB,NUVEEN HIGH INCOME NOVEMBER 2021
16275.0,JHB,NUVEEN CORP INCOME NOVEMBER 2021
20708.0,JHCB,JOHN HANCOCK E T F TRUST
25931.0,JHCP,JOHN HANCOCK E T F TRUST
25932.0,JHCR,JOHN HANCOCK E T F TRUST
18445.0,JHCS,JOHN HANCOCK E T F TRUST
16081.0,JHD,NUVEEN HI INC DEC2019 TGT TM FD
15330.0,JHDG,WISDOMTREE TRUST
23374.0,JHDV,JOHN HANCOCK E T F TRUST
18082.0,JHEM,JOHN HANCOCK E T F TRUST
16693.0,JHG,JANUS HENDERSON GROUP PLC
25097.0,JHHY,JOHN HANCOCK E T F TRUST
52679.0,JHI,HANCOCK JOHN INVS TR
23586.0,JHID,JOHN HANCOCK E T F TRUST
15988.0,JHMA,JOHN HANCOCK E T F TRUST
21808.0,JHMB,JOHN HANCOCK E T F TRUST
15688.0,JHMC,JOHN HANCOCK E T F TRUST
16516.0,JHMD,JOHN HANCOCK E T F TRUST
15987.0,JHME,JOHN HANCOCK E T F TRUST
15689.0,JHMF,JOHN HANCOCK E T F TRUST
15690.0,JHMH,JOHN HANCOCK E T F TRUST
15993.0,JHMI,JOHN HANCOCK E T F TRUST
15686.0,JHML,JOHN HANCOCK E T F TRUST
15687.0,JHMM,JOHN HANCOCK E T F TRUST
15992.0,JHMS,JOHN HANCOCK E T F TRUST
15693.0,JHMT,JOHN HANCOCK E T F TRUST
15989.0,JHMU,JOHN HANCOCK E T F TRUST
24525.0,JHMU,JOHN HANCOCK E T F TRUST
89634.0,JHP,NUVEEN QUALITY PFD INCOME FD 3
22473.0,JHPI,JOHN HANCOCK E T F TRUST
56936.0,JHS,HANCOCK JOHN INCOME SECS TR
17089.0,JHSC,JOHN HANCOCK E T F TRUST
89191.0,JHX,JAMES HARDIE INDUSTRIES PLC
22028.0,JIB,JANUS DETROIT STREET TRUST
21657.0,JIDA,J P MORGAN E T F TRUST
19384.0,JIG,J P MORGAN E T F TRUST
18290.0,JIGB,J P MORGAN E T F TRUST
19106.0,JIH,JUNIPER INDUSTRIAL HOLDINGS INC
25812.0,JIII,JANUS DETROIT STREET TRUST
16611.0,JILL,J JILL INC
23148.0,JIRE,J P MORGAN E T F TRUST
13160.0,JIVE,JIVE SOFTWARE INC
24268.0,JIVE,J P MORGAN E T F TRUST
10026.0,JJSF,J & J SNACK FOODS CORP
90257.0,JKD,ISHARES TRUST
90256.0,JKE,ISHARES TRUST
90258.0,JKF,ISHARES TRUST
90259.0,JKG,ISHARES TRUST
90260.0,JKH,ISHARES TRUST
88664.0,JKHY,HENRY JACK & ASSOC INC
90261.0,JKI,ISHARES TRUST
90263.0,JKJ,ISHARES TRUST
90264.0,JKK,ISHARES TRUST
90265.0,JKL,ISHARES TRUST
93380.0,JKS,JINKOSOLAR HOLDING CO LTD
24703.0,JL,J LONG GROUP LTD
85246.0,JLL,JONES LANG LASALLE INC
22029.0,JLQD,JANUS DETROIT STREET TRUST
93104.0,JLS,NUVEEN MORTGAGE OPP TERM FD
22318.0,JMAC,MAXPRO CAPITAL ACQUISITION CORP
90795.0,JMBA,JAMBA INC
18081.0,JMBS,JANUS DETROIT STREET TRUST
23082.0,JMEE,J P MORGAN E T F TRUST
14630.0,JMEI,JUMEI INTERNATIONAL HOLDINGS LTD
12560.0,JMF,NUVEEN ENERGY M L P TOTAL RET FD
15228.0,JMG,JOURNAL MEDIA GROUP INC
24040.0,JMHI,J P MORGAN E T F TRUST
13614.0,JMI,JAVELIN MORTGAGE INVESTMENT CORP
18529.0,JMIA,JUMIA TECHNOLOGIES A G
25569.0,JMID,JANUS DETROIT STREET TRUST
17086.0,JMIN,J P MORGAN E T F TRUST
14514.0,JMLP,NUVEEN ALL CAP ENERGY MLP OPP FD
75415.0,JMM,NUVEEN MULTI MARKET INC FD INC
17085.0,JMOM,J P MORGAN E T F TRUST
92010.0,JMP,J M P GROUP LLC
23039.0,JMSB,JOHN MARSHALL BANCORP INC
24041.0,JMSI,J P MORGAN E T F TRUST
18176.0,JMST,J P MORGAN E T F TRUST
93249.0,JMT,NUVEEN MORTGAGE OPP TM FD 2
15304.0,JMU,WOWO LTD
15304.0,JMU,J M U LTD
18175.0,JMUB,J P MORGAN E T F TRUST
16570.0,JNCE,JOUNCE THERAPEUTICS INC
25150.0,JNEU,A I M E T F PRODUCTS TRUST
22111.0,JNJ,JOHNSON & JOHNSON
92922.0,JNK,SPDR SERIES TRUST
12149.0,JNP,JUNIPER PHARMACEUTICALS INC
86979.0,JNPR,JUNIPER NETWORKS INC
88313.0,JNS,JANUS CAP GROUP INC
14192.0,JNUG,DIREXION SHARES E T F TRUST
24072.0,JNVR,JANOVER INC
20823.0,JOAN,JOANN INC
46834.0,JOB,GENERAL EMPLOYMENT ENTREPRS INC
46834.0,JOB,G E E GROUP INC
90361.0,JOBS,51JOB INC
20126.0,JOBY,JOBY AVIATION INC
76123.0,JOE,ST JOE CO
20151.0,JOET,VIRTUS E T F TR II
76119.0,JOF,JAPAN SMALLER CAP FUND INC
21677.0,JOJO,TIDAL E T F TRUST
14026.0,JONE,JONES ENERGY INC
11775.0,JOUT,JOHNSON OUTDOORS INC
89105.0,JOY,JOY GLOBAL INC
19101.0,JOYY,INFUSIVE U S TRUST
15577.0,JP,JUPAI HOLDINGS LTD
24226.0,JPAN,MATTHEWS INTERNATIONAL FUNDS
17441.0,JPBI,EXCHANGE LISTED FUNDS TRUST
89708.0,JPC,NUVEEN PFD INCOME OPPTY FUND
89708.0,JPC,NUVEEN PFD & INCOME OPPTYS FUND
17189.0,JPED,J P MORGAN E T F TRUST
24073.0,JPEF,J P MORGAN E T F TRUST
16041.0,JPEH,J P MORGAN E T F TRUST
15163.0,JPEM,J P MORGAN E T F TRUST
14972.0,JPEP,J P ENERGY PARTNERS LP
15885.0,JPEU,J P MORGAN E T F TRUST
17520.0,JPGB,J P MORGAN E T F TRUST
14733.0,JPGE,J P MORGAN E T F TRUST
16331.0,JPHF,J P MORGAN E T F TRUST
17521.0,JPHY,J P MORGAN E T F TRUST
17520.0,JPIB,J P MORGAN E T F TRUST
22394.0,JPIE,J P MORGAN E T F TRUST
16040.0,JPIH,J P MORGAN E T F TRUST
15039.0,JPIN,J P MORGAN E T F TRUST
24039.0,JPLD,J P MORGAN E T F TRUST
17248.0,JPLS,J P MORGAN E T F TRUST
47896.0,JPM,JPMORGAN CHASE & CO
17247.0,JPMB,J P MORGAN E T F TRUST
16080.0,JPME,J P MORGAN E T F TRUST
17186.0,JPMF,J P MORGAN E T F TRUST
24239.0,JPMO,TIDAL TRUST II
14727.0,JPMV,ISHARES TRUST
15444.0,JPN,D B X ETF TRUST
15611.0,JPNH,D B X ETF TRUST
13989.0,JPNL,DIREXION SHARES E T F TRUST
91596.0,JPP,SPDR INDEX SHARES FUNDS
23083.0,JPRE,J P MORGAN E T F TRUST
89517.0,JPS,NUVEEN QUALITY PFD INCOME FD 2
89517.0,JPS,NUVEEN PFD SECURITIES INCOME FD
89517.0,JPS,NUVEEN PFD & INC SECURITIES FD
16487.0,JPSE,J P MORGAN E T F TRUST
17519.0,JPST,J P MORGAN E T F TRUST
23762.0,JPSV,J P MORGAN E T F TRUST
16558.0,JPT,NUVEEN PFD & INCOME 2022 TERM FD
16558.0,JPT,NUVEEN PFD & INCOME FUND
15685.0,JPUS,J P MORGAN E T F TRUST
14001.0,JPW,NUVEEN FLEXIBLE INVEST INCOME FD
92957.0,JPX,PROSHARES TRUST
89189.0,JPXN,ISHARES TRUST
89773.0,JQC,NUVEEN CREDIT STRATEGIES INC FD
17084.0,JQUA,J P MORGAN E T F TRUST
21410.0,JRE,JANUS DETROIT STREET TRUST
90412.0,JRJC,CHINA FIN ONLINE CO LTD
15099.0,JRJR,JRJR33 INC
21976.0,JRNY,ALPS E T F TRUST
90269.0,JRO,NUVEEN FLOATING RATE INC OPP FD
89240.0,JRS,NUVEEN REAL ESTATE INCOME FUND
89240.0,JRS,NUVEEN REAL ESTATE INC FD
17803.0,JRSH,JERASH HOLDINGS US INC
15133.0,JRVR,JAMES RIVER GROUP HLDS LTD
91595.0,JSC,SPDR INDEX SHARES FUNDS
20705.0,JSCP,J P MORGAN E T F TRUST
12748.0,JSD,NUVEEN SHORT DUR CR OPPTYS FD
24536.0,JSI,JANUS DETROIT STREET TRUST
15945.0,JSMD,JANUS DETROIT STREET TRUST
15946.0,JSML,JANUS DETROIT STREET TRUST
19180.0,JSPR,JASPER THERAPEUTICS INC
20259.0,JSTC,TIDAL E T F TRUST
16012.0,JSYN,JENSYN ACQUISITION CORP
17088.0,JT,JIANPU TECHNOLOGY INC
89990.0,JTA,NUVEEN TAX ADV TOT RET STRAT FD
22223.0,JTAI,JET AI INC
92128.0,JTD,NUVEEN TAX ADVANTAGE DIV GRTH FD
24481.0,JTEK,J P MORGAN E T F TRUST
89435.0,JTP,NUVEEN QUALITY PFD INCOME FD
12971.0,JTPY,JETPAY CORP
23543.0,JUCY,E T F SERIES SOLUTIONS
24035.0,JULD,INNOVATOR E T F S TRUST
24036.0,JULH,INNOVATOR E T F S TRUST
24034.0,JULJ,INNOVATOR E T F S TRUST
25278.0,JULM,FIRST TRUST E T F VIII
25115.0,JULP,P G I M ROCK ETF TRUST
24033.0,JULQ,INNOVATOR E T F S TRUST
19508.0,JULT,A I M E T F PRODUCTS TRUST
25249.0,JULU,A I M E T F PRODUCTS TRUST
19509.0,JULW,A I M E T F PRODUCTS TRUST
19532.0,JULZ,LISTED FUNDS TRUST
16032.0,JUNE,ELEVATION E T F TRUST
25023.0,JUNE,JUNEE LTD
25173.0,JUNM,FIRST TRUST E T F VIII
15134.0,JUNO,JUNO THERAPEUTICS INC
25191.0,JUNP,P G I M ROCK ETF TRUST
25977.0,JUNS,JUPITER NEUROSCIENCES INC
23946.0,JUNT,A I M E T F PRODUCTS TRUST
23945.0,JUNW,A I M E T F PRODUCTS TRUST
21414.0,JUNZ,LISTED FUNDS TRUST
19973.0,JUPW,JUPITER WELLNESS INC
21658.0,JUSA,J P MORGAN E T F TRUST
17927.0,JUST,GOLDMAN SACHS E T F TRUST
90679.0,JVA,COFFEE HOLDING CO INC
17083.0,JVAL,J P MORGAN E T F TRUST
82924.0,JW,WILEY JOHN & SONS INC
82932.0,JW,WILEY JOHN & SONS INC
22663.0,JWAC,JUPITER WELLNESS ACQ CORP
20825.0,JWEL,JOWELL GLOBAL LTD
57817.0,JWN,NORDSTROM INC
19539.0,JWS,JAWS ACQUISITION CORP
20752.0,JWSM,JAWS MUSTANG ACQ CORP
13751.0,JXG,JX LUXVENTURE LTD
91448.0,JXI,ISHARES TRUST
13751.0,JXJT,JX LUXVENTURE LTD
22027.0,JXN,JACKSON FINANCIAL INC
81565.0,JXSB,JACKSONVILLE BANCORP INC MD
23861.0,JYD,JAYUD GLOBAL LOGISTICS LTD
15072.0,JYNT,JOINT CORP
23320.0,JZ,JIANZHI EDUCATION TECH GRP CO LT
22030.0,JZRO,JANUS DETROIT STREET TRUST
26825.0,K,KELLOGG CO
26825.0,K,KELLANOVA
15950.0,KA,KINETA INC
16673.0,KAAC,KAYNE ANDERSON ACQUISITION CORP
21221.0,KAHC,K K R ACQ HOLDINGS I CORP
78077.0,KAI,KADANT INC
16824.0,KALA,KALA PHARMACEUTICALS INC
16824.0,KALA,KALA BIO INC
17522.0,KALL,KRANESHARES TRUST
91403.0,KALU,KAISER ALUMINUM CORP
15285.0,KALV,KALVISTA PHARMACEUTICALS INC
47002.0,KAMN,KAMAN CORP
14600.0,KANG,IKANG HEALTHCARE GROUP INC
25481.0,KAPA,KAIROS PHARMA LTD
19340.0,KAPR,INNOVATOR E T F S TRUST
93174.0,KAR,KAR AUCTION SERVICES INC
93174.0,KAR,O P E N L A N E INC
23361.0,KARB,E T F SERIES SOLUTIONS
21069.0,KARO,KAROOOOO LTD
17249.0,KARS,KRANESHARES TRUST
49905.0,KATE,KATE SPADE & CO
25378.0,KAUG,INNOVATOR E T F S TRUST
21736.0,KAVL,KAIVAL BRANDS INNOVATIONS GP INC
89236.0,KB,K B FINANCIAL GROUP INC
47715.0,KBAL,KIMBALL INTERNATIONAL INC
25046.0,KBDC,KAYNE ANDERSON B D C INC
91005.0,KBE,SPDR SERIES TRUST
70092.0,KBH,K B HOME
16788.0,KBLM,K B L MERGER CORP IV
15104.0,KBND,KRANESHARES TRUST
19640.0,KBNT,KUBIENT INC
91579.0,KBR,K B R INC
13751.0,KBSF,KBS FASHION GROUP LTD
24851.0,KBUF,KRANESHARES TRUST
20229.0,KBUY,KRANESHARES TRUST
13092.0,KBWB,POWERSHARES E T F TRUST II
13092.0,KBWB,INVESCO E T F TRUST II
13091.0,KBWC,POWERSHARES E T F TRUST II
12461.0,KBWD,POWERSHARES E T F TRUST II
12461.0,KBWD,INVESCO E T F TRUST II
13090.0,KBWI,POWERSHARES E T F TRUST II
12457.0,KBWP,POWERSHARES E T F TRUST II
12457.0,KBWP,INVESCO E T F TRUST II
13089.0,KBWR,POWERSHARES E T F TRUST II
13089.0,KBWR,INVESCO E T F TRUST II
12462.0,KBWY,POWERSHARES E T F TRUST II
12462.0,KBWY,INVESCO E T F TRUST II
19400.0,KC,KINGSOFT CLOUD HOLDINGS LTD
25381.0,KCAI,KRANESHARES TRUST
23600.0,KCAL,SERIES PORTFOLIOS TRUST
91670.0,KCAP,K C A P FINANCIAL INC
22134.0,KCCA,KRANESHARES TRUST
17935.0,KCCB,KRANESHARES TRUST
91002.0,KCE,SPDR SERIES TRUST
13998.0,KCG,K C G HOLDINGS INC
47088.0,KCLI,KANSAS CITY LIFE INS CO
15104.0,KCNY,KRANESHARES TRUST
25308.0,KCSH,KRANESHARES TRUST
22092.0,KD,KYNDRYL HOLDINGS INC
25883.0,KDEC,INNOVATOR E T F S TRUST
19109.0,KDFI,KRANESHARES TRUST
23378.0,KDIV,KRANESHARES TRUST
25066.0,KDLY,KINDLY MD INC
16154.0,KDMN,KADMON HOLDINGS INC
15282.0,KDNY,CHINOOK THERAPEUTICS INC
17942.0,KDP,KEURIG DR PEPPER INC
22457.0,KDRN,E T F OPPORTUNITIES TRUST
14942.0,KE,KIMBALL ELECTRONICS INC
24949.0,KEAT,E A SERIES TRUST
91452.0,KED,KAYNE ANDERSON ENERGY DEVELOP CO
79907.0,KEF,KOREA EQUITY FUND INC
63079.0,KEG,KEY ENERGY SERVICES INC
20606.0,KEJI,GLOBAL X FUNDS
47379.0,KELYA,KELLY SERVICES INC
47387.0,KELYB,KELLY SERVICES INC
24147.0,KEM,KRANESHARES TRUST
78001.0,KEM,KEMET CORP
17522.0,KEMP,KRANESHARES TRUST
17015.0,KEMQ,KRANESHARES TRUST
18530.0,KEMX,KRANESHARES TRUST
15170.0,KEN,KENON HOLDINGS LTD
81040.0,KEP,KOREA ELECTRIC POWER CO
47571.0,KEQU,KEWAUNEE SCIENTIFIC CORP
17326.0,KERN,AKERNA CORP
88451.0,KERX,KERYX BIOPHARMACEUTICALS INC
19528.0,KESG,KRANESHARES TRUST
22135.0,KEUA,KRANESHARES TRUST
59045.0,KEX,KIRBY CORP
64995.0,KEY,KEYCORP NEW
14939.0,KEYS,KEYSIGHT TECHNOLOGIES INC
12356.0,KEYW,KEYW HOLDING CORP
66616.0,KF,KOREA FUND INC
90636.0,KFFB,KENTUCKY FIRST FEDERAL BANCORP
82212.0,KFRC,KFORCE INC
89063.0,KFS,KINGSWAY FINANCIAL SERVICES INC
20089.0,KFVG,KRANESHARES TRUST
86594.0,KFY,KORN FERRY INTERNATIONAL
86594.0,KFY,KORN FERRY
14028.0,KFYP,KRANESHARES TRUST
89692.0,KGC,KINROSS GOLD CORP
24482.0,KGEI,KOLIBRI GLOBAL ENERGY INC
22949.0,KGHG,KRANESHARES TRUST
88244.0,KGJI,KINGOLD JEWELRY INC
17012.0,KGRN,KRANESHARES TRUST
22133.0,KGRO,KRANESHARES TRUST
23970.0,KGS,KODIAK GAS SERVICES INC
15408.0,KHC,KRAFT HEINZ CO
75297.0,KHI,DEUTSCHE HIGH INCOME TRUST
25484.0,KHPI,MANAGED PORTFOLIO SERIES
17935.0,KHYB,KRANESHARES TRUST
16989.0,KIDS,ORTHOPEDIATRICS CORP
91004.0,KIE,SPDR SERIES TRUST
77129.0,KIM,KIMCO REALTY CORP
14352.0,KIN,KINDRED BIOSCIENCES INC
20832.0,KIND,NEXTDOOR HOLDINGS INC
14524.0,KING,KING DIGITAL ENTERTAINMENT PLC
33770.0,KINS,KINGSTONE COMPANIES INC
20607.0,KINZ,KINS TECHNOLOGY GROUP INC
14027.0,KIO,K K R INCOME OPPORTUNITIES FUND
14973.0,KIQ,KELSO TECHNOLOGIES INC
89449.0,KIRK,KIRKLANDS INC
14695.0,KITE,KITE PHARMA INC
21832.0,KITT,NAUTICUS ROBOTICS INC
19153.0,KJAN,INNOVATOR E T F S TRUST
19526.0,KJUL,INNOVATOR E T F S TRUST
25176.0,KJUN,INNOVATOR E T F S TRUST
88172.0,KKD,KRISPY KREME DOUGHNUTS INC
11990.0,KKR,K K R & CO LP
11990.0,KKR,K K R & CO INC
16865.0,KL,KIRKLAND LAKE GOLD LTD
46886.0,KLAC,K L A TENCOR CORP
46886.0,KLAC,K L A CORP
25640.0,KLC,KINDERCARE LEARNING COS INC
18755.0,KLCD,KRANESHARES TRUST
90526.0,KLD,ISHARES TRUST
18408.0,KLDO,KALEIDO BIOSCIENCES INC
15554.0,KLDW,EXCHANGE LISTED FUNDS TRUST
19855.0,KLDW,INVESTMENT MANAGERS SERIES TRUST
15723.0,KLDX,KLONDEX MINES LTD
15551.0,KLEM,EXCHANGE LISTED FUNDS TRUST
24175.0,KLG,W K KELLOGG CO
48144.0,KLIC,KULICKE & SOFFA INDS INC
23644.0,KLIP,KRANESHARES TRUST
25927.0,KLMN,INVESCO E T F TRUST II
25178.0,KLMT,INVESCO E T F TRUST II
21626.0,KLNE,DIREXION SHARES E T F TRUST
17245.0,KLR,KALEYRA INC
15970.0,KLRE,K L R ENERGY ACQUISITION CORP
23052.0,KLTO,KLOTHO NEUROSCIENCES INC
21737.0,KLTR,KALTURA INC
18048.0,KLXE,K L X ENERGY SERVICES HDGS INC
15091.0,KLXI,K L X INC
17750.0,KMB,KIMBERLY CLARK CORP
13930.0,KMDA,KAMADA LTD
18030.0,KMED,KRANESHARES TRUST
23484.0,KMET,KRANESHARES TRUST
12376.0,KMF,KAYNE ANDERSON MDSTM ENGY FD INC
12376.0,KMF,KAYNE ANDERSON NEXT EN & INF INC
85019.0,KMG,K M G CHEMICALS INC
12558.0,KMI,KINDER MORGAN INC
25706.0,KMID,VIRTUS E T F TR II
20230.0,KMLM,KRANESHARES TRUST
75443.0,KMM,DEUTSCHE MULTI MARKET INCOME TR
15294.0,KMPH,KEMPHARM INC
76136.0,KMPR,KEMPER CORP DE
44134.0,KMT,KENNAMETAL INC
89508.0,KMX,CARMAX INC
14487.0,KN,KNOWLES CORP
20899.0,KNBE,KNOWBE4 INC
90769.0,KNCT,INVESCO E T F TRUST
89207.0,KND,KINDRED HEALTHCARE INC
92589.0,KNDI,KANDI TECHNOLOGIES GROUP INC
92589.0,KNDI,KANDI TECHNOLOGIES GROUP INC NEW
23875.0,KNF,KNIFE RIVER CORP
17411.0,KNG,E T F SERIES SOLUTIONS
20695.0,KNG,FIRST TRUST E T F IV
20201.0,KNGS,ALPHA ARCHITECT ETF TRUST
20201.0,KNGS,E A SERIES TRUST
24574.0,KNGS,ROUNDHILL E T F TRUST
16797.0,KNGZ,FIRST TRUST E T F VI
84780.0,KNL,KNOLL INC
89510.0,KNM,KONAMI CORP
25302.0,KNO,INVESTMENT MANAGERS SERIES TR II
13867.0,KNOP,KNOT OFFSHORE PARTNERS LP
25780.0,KNOV,INNOVATOR E T F S TRUST
13117.0,KNOW,DIREXION SHARES E T F TRUST
24853.0,KNOW,MASON CAPITAL FUND TRUST
17817.0,KNSA,KINIKSA PHARMACEUTICALS LTD
17817.0,KNSA,KINIKSA PHARMACEUTICALS INTL PLC
16171.0,KNSL,KINSALE CAPITAL GROUP INC
20186.0,KNTE,KINNATE BIOPHARMA INC
16673.0,KNTK,KINETIK HOLDINGS INC
23375.0,KNW,KNOW LABS INC
12473.0,KNX,KNIGHT SWIFT TRANSPORT HDLGS INC
80987.0,KNX,KNIGHT TRANSPORTATION INC
11308.0,KO,COCA COLA CO
21674.0,KOCG,S H P E T F TRUST
21674.0,KOCG,NEOS ETF TRUST
18976.0,KOCT,INNOVATOR E T F S TRUST
18203.0,KOD,KODIAK SCIENCES INC
14276.0,KODK,EASTMAN KODAK CO
79644.0,KOF,COCA COLA FEMSA S A B DE C V
17238.0,KOIN,EXCHANGE TRADED CONCEPTS TR
19332.0,KOKU,D B X ETF TRUST
92538.0,KOL,MARKET VECTORS E T F TRUST
92538.0,KOL,VANECK VECTORS E T F TRUST
13031.0,KOLD,PROSHARES TRUST II
18181.0,KOMP,SPDR SERIES TRUST
90865.0,KONA,KONA GRILL INC
93396.0,KONE,KINGTONE WIRELESSINFO SLTN HLDG
21633.0,KONG,E T F OPPORTUNITIES TRUST
11394.0,KOOL,CESCA THERAPEUTICS INC
25007.0,KOOL,SPINNAKER E T F SERIES
91114.0,KOP,KOPPERS HOLDINGS INC
77515.0,KOPN,KOPIN CORP
16313.0,KOR,ADVISORSHARES TRUST
19643.0,KOR,CORVUS GOLD INC
22132.0,KORE,KORE GROUP HOLDINGS INC
17228.0,KORP,AMERICAN CENTURY E T F TRUST
13142.0,KORS,MICHAEL KORS HOLDINGS LTD
13833.0,KORU,DIREXION SHARES E T F TRUST
12788.0,KOS,KOSMOS ENERGY LTD
12788.0,KOS,KOSMOS ENERGY LTD DE
48072.0,KOSS,KOSS CORP
18124.0,KPFS,PEPPER FOOD SERVICE CO LTD
19135.0,KPLT,KATAPULT HOLDINGS INC
23367.0,KPOP,EXCHANGE TRADED CONCEPTS TR
24852.0,KPRO,KRANESHARES TRUST
15510.0,KPRX,KIORA PHARMACEUTICALS INC
14316.0,KPTI,KARYOPHARM THERAPEUTICS INC
25342.0,KQQQ,KURV ETF TRUST
16678.0,KR,KROGER CO
93175.0,KRA,KRATON PERFORMANCE POLYMERS INC
93175.0,KRA,KRATON CORP
19531.0,KRBN,KRANESHARES TRUST
19974.0,KRBP,KIROMIC BIOPHARMA INC
84392.0,KRC,KILROY REALTY CORP
91315.0,KRE,SPDR SERIES TRUST
16691.0,KREF,K K R REAL ESTATE FINANCE TR INC
90307.0,KRG,KITE REALTY GROUP TRUST
19073.0,KRKR,36KR HOLDINGS INC
16172.0,KRMA,GLOBAL X FUNDS
11275.0,KRMD,REPRO MED SYSTEMS INC
11275.0,KRMD,KORU MEDICAL SYSTEMS INC
15295.0,KRNT,KORNIT DIGITAL LTD
90600.0,KRNY,KEARNY FINANCIAL CORP NEW
89960.0,KRO,KRONOS WORLDWIDE INC
19850.0,KRON,KRONOS BIO INC
93286.0,KROO,INDEXIQ E T F TRUST
21738.0,KROP,GLOBAL X FUNDS
19349.0,KROS,KEROS THERAPEUTICS INC
16582.0,KRP,KIMBELL ROYALTY PARTNERS LP
19008.0,KRRO,KORRO BIO INC
93331.0,KRS,PROSHARES TRUST
21072.0,KRT,KARAT PACKAGING INC
18777.0,KRTX,KARUNA THERAPEUTICS INC
93332.0,KRU,PROSHARES TRUST
18898.0,KRUS,KURA SUSHI USA INC
23708.0,KRUZ,SERIES PORTFOLIOS TRUST
25887.0,KRUZ,TIDAL E T F TRUST
16928.0,KRYS,KRYSTAL BIOTECH INC
92044.0,KS,KAPSTONE PAPER & PACKAGING CORP
15680.0,KSA,ISHARES TRUST
18752.0,KSCD,KRANESHARES TRUST
22667.0,KSCP,KNIGHTSCOPE INC
24220.0,KSEA,KRANESHARES TRUST
25474.0,KSEP,INNOVATOR E T F S TRUST
22996.0,KSET,KRANESHARES TRUST
75465.0,KSM,DEUTSCHE STRATEGIC MUNI INC TR
75465.0,KSM,D W S STRATEGIC MUNI INC TR NEW
19977.0,KSMT,KISMET ACQUISITION ONE CORP
24704.0,KSPI,JOINT STOCK COMPANY KASPI KZ
10514.0,KSPN,KASPIEN HOLDINGS INC
25309.0,KSPY,KRANESHARES TRUST
77606.0,KSS,KOHLS CORP
80421.0,KST,DEUTSCHE STRATEGIC INCOME TRUST
20372.0,KSTR,KRANESHARES TRUST
12650.0,KSU,KANSAS CITY SOUTHERN
86869.0,KT,K T CORP
18578.0,KTB,KONTOOR BRANDS INC
47619.0,KTCC,KEY TRONICS CORP
21411.0,KTEC,KRANESHARES TRUST
79399.0,KTEC,KEY TECHNOLOGY INC
75401.0,KTF,DEUTSCHE MUNICIPAL INCOME TRUST
75401.0,KTF,D W S MUNICIPAL INCOME TRUST NEW
87430.0,KTOS,KRATOS DEFENSE & SECUR SOLS INC
15846.0,KTOV,KITOV PHARMACEUTICALS HLD LTD
15846.0,KTOV,KITOV PHARMA LTD
16164.0,KTRA,KINTARA THERAPEUTICS INC
21939.0,KTTA,PASITHEA THERAPEUTICS CORP
14658.0,KTWO,K 2 M GROUP HOLIDINGS
20373.0,KUKE,KUKE MUSIC HOLDING LTD
21412.0,KULR,K U L R TECHNOLOGY GROUP INC
15847.0,KURA,KURA ONCOLOGY INC
17302.0,KURE,KRANESHARES TRUST
90598.0,KUTV,KU6 MEDIA CO LTD
83390.0,KVHI,K V H INDUSTRIES INC
20090.0,KVLE,KRANESHARES TRUST
23876.0,KVUE,KENVUE INC
24171.0,KVYO,KLAVIYO INC
92502.0,KW,KENNEDY WILSON HOLDINGS INC
23623.0,KWE,KWESST MICRO SYSTEMS INC
14098.0,KWEB,KRANESHARES TRUST
64929.0,KWR,QUAKER CHEMICAL CORP
19777.0,KWT,ISHARES TRUST
92622.0,KWT,MARKET VECTORS E T F TRUST
92622.0,KWT,VANECK VECTORS E T F TRUST
91450.0,KXI,ISHARES TRUST
17109.0,KXIN,KAIXIN AUTO HOLDINGS
17109.0,KXIN,KAIXIN HOLDINGS
90761.0,KYE,KAYNE ANDERSON ENERGY TOT RET FD
19585.0,KYMR,KYMERA THERAPEUTICS INC
90340.0,KYN,KAYNE ANDERSON M L P INVEST CO
90340.0,KYN,KAYNE ANDERSON M L P MID INV CO
90340.0,KYN,KAYNE ANDERSON ENERGY INFR FD IN
61778.0,KYO,KYOCERA CORP
24822.0,KYTX,KYVERNA THERAPEUTICS INC
90282.0,KZ,KONGZHONG CORP
86581.0,KZIA,KAZIA THERAPEUTICS LTD
17889.0,KZR,KEZAR LIFE SCIENCES INC
26710.0,L,LOEWS CORP
21739.0,LAAA,LAKESHORE ACQUISITION I CORP
17250.0,LAAC,LITHIUM AMERICAS ARGENTINA CORP
12577.0,LAB,STANDARD BIOTOOLS INC
15347.0,LABD,DIREXION SHARES E T F TRUST
11638.0,LABL,MULTI COLOR CORP
20608.0,LABP,LANDOS BIOPHARMA INC
15883.0,LABS,DIREXION SHARES E T F TRUST
15348.0,LABU,DIREXION SHARES E T F TRUST
17250.0,LAC,LITHIUM AMERICAS CORP
24422.0,LAC,LITHIUM AMERICAS CORP NEW
18225.0,LACK,DIREXION SHARES E T F TRUST
84319.0,LAD,LITHIA MOTORS INC
14489.0,LADR,LADDER CAPITAL CORP
23936.0,LAES,SEALSQ CORP
18085.0,LAIX,LAIX INC
10645.0,LAKE,LAKELAND INDUSTRIES INC
14659.0,LALT,POWERSHARES ACTIVELY MANGD ETF T
14659.0,LALT,INVESCO ACTIVELY MANAGED ETF TR
23690.0,LALT,FIRST TRUST E T F VIII
83879.0,LAMR,LAMAR ADVERTISING CO NEW
48523.0,LANC,LANCASTER COLONY CORP
13756.0,LAND,GLADSTONE LAND CORP
23610.0,LANV,LANVIN GROUP HOLDINGS LTD
24991.0,LAPR,INNOVATOR E T F S TRUST
76244.0,LAQ,ABERDEEN LATIN AMERICA EQUITY FD
15884.0,LARE,FACTORSHARES TRUST
15884.0,LARE,E T F MANAGERS TRUST
80336.0,LARK,LANDMARK BANCORP INC
23415.0,LASE,LASER PHOTONICS CORP
17691.0,LASR,NLIGHT INC
19138.0,LATN,UNION ACQUISITION CORP II
16591.0,LAUR,LAUREATE EDUCATION INC
21601.0,LAW,C S DISCO INC
48961.0,LAWS,LAWSON PRODUCTS INC
22565.0,LAX,8I ACQUISITION 2 CORP
77862.0,LAYN,LAYNE CHRISTENSEN CO
90701.0,LAZ,LAZARD LTD
90701.0,LAZ,LAZARD INC
18453.0,LAZR,LUMINAR TECHNOLOGIES INC
17365.0,LAZY,LAZYDAYS HOLDINGS INC
25181.0,LB,LANDBRIDGE COMPANY LLC
64282.0,LB,L BRANDS INC
87614.0,LBAI,LAKELAND BANCORP INC
20111.0,LBAY,TIDAL E T F TRUST
23040.0,LBBB,LAKESHORE ACQUISITION II CORP
17148.0,LBC,LUTHER BURBANK CORP
77804.0,LBF,DEUTSCHE GLOBAL HIGH INC FD INC
15222.0,LBIO,LION BIOTECHNOLOGIES INC
79474.0,LBIX,LEADING BRANDS INC
93155.0,LBJ,DIREXION SHARES E T F TRUST
14289.0,LBMH,LIBERATOR MEDICAL HOLDINGS INC
24588.0,LBO,E A SERIES TRUST
20834.0,LBPH,LONGBOARD PHARMACEUTICALS INC
20835.0,LBPS,4D PHARMA PLC
14944.0,LBRDA,LIBERTY BROADBAND CORP
14988.0,LBRDK,LIBERTY BROADBAND CORP
17221.0,LBRT,LIBERTY OILFIELD SERVICES INC
17221.0,LBRT,LIBERTY ENERGY INC
90227.0,LBTYA,LIBERTY GLOBAL PLC
90227.0,LBTYA,LIBERTY GLOBAL LTD
90228.0,LBTYB,LIBERTY GLOBAL PLC
90228.0,LBTYB,LIBERTY GLOBAL LTD
90866.0,LBTYK,LIBERTY GLOBAL PLC
90866.0,LBTYK,LIBERTY GLOBAL LTD
79336.0,LBY,LIBBEY INC
15092.0,LC,LENDINGCLUB CORP
16173.0,LCA,LANDCADIA HOLDINGS INC
18778.0,LCA,LANDCADIA HOLDINGS II INC
21314.0,LCAA,L CATTERTON ASIA ACQ CORP
19978.0,LCAP,LIONHEART ACQUISITION CORP II
25408.0,LCDS,J P MORGAN E T F TRUST
23222.0,LCF,TOUCHSTONE ETF TRUST
22906.0,LCFY,LOCAFY LTD
19603.0,LCG,NORTHERN LIGHTS FUND TR IV
89369.0,LCI,LANNETT CO INC
19751.0,LCID,LUCID GROUP INC
87426.0,LCII,L C I INDUSTRIES
23275.0,LCLG,ADVISORS SERIES TRUST
90518.0,LCM,ADVENT CLAYMORE ENH GR & INC FD
13007.0,LCNB,L C N B CORP
19161.0,LCR,LEUTHOLD FUNDS INC
20912.0,LCTD,BLACKROCK E T F TRUST
20911.0,LCTU,BLACKROCK E T F TRUST
77393.0,LCTX,LINEAGE CELL THERAPEUTICS INC
76686.0,LCUT,LIFETIME BRANDS INC
22420.0,LCW,LEARN C W INVESTMENT CORP
20153.0,LCY,LANDCADIA HOLDINGS III INC
19281.0,LDEM,ISHARES TRUST
77691.0,LDF,LATIN AMERICAN DISCOVERY FD INC
20545.0,LDI,LOANDEPOT INC
59774.0,LDL,LYDALL INC
91547.0,LDOS,LEIDOS HOLDINGS INC
37217.0,LDR,LANDAUER INC
25796.0,LDRC,ISHARES TRUST
14256.0,LDRH,L D R HOLDING CORP
25797.0,LDRH,ISHARES TRUST
14931.0,LDRI,POWERSHARES E T F TRUST II
14931.0,LDRI,INVESCO E T F TRUST II
25792.0,LDRI,ISHARES TRUST
17185.0,LDRS,INNOVATOR E T F S TRUST
25795.0,LDRT,ISHARES TRUST
18362.0,LDSF,FIRST TRUST E T F VIII
20863.0,LDTC,LEDDARTECH HOLDINGS INC
14404.0,LDUR,PIMCO E T F TRUST
76934.0,LDWY,LENDWAY INC
14544.0,LE,LANDS END INC
93101.0,LEA,LEAR CORP
17602.0,LEAD,REALITY SHARES E T F TR
20104.0,LEAD,SIREN E T F TRUST
12521.0,LEAF,LEAF GROUP LTD
81678.0,LECO,LINCOLN ELECTRIC HOLDINGS INC
12488.0,LEDS,SEMILEDS CORP
50286.0,LEE,LEE ENTERPRISES INC
60943.0,LEG,LEGGETT & PLATT INC
18311.0,LEGH,LEGACY HOUSING CORP
19478.0,LEGN,LEGEND BIOTECH CORP
17265.0,LEGR,FIRST TRUST E T F VI
92571.0,LEI,LUCAS ENERGY INC
14572.0,LEJU,LEJU HOLDINGS LTD
13023.0,LEMB,ISHARES INC
52708.0,LEN,LENNAR CORP
89731.0,LEN,LENNAR CORP
18683.0,LEND,AMPLIFY ETF TRUST
15181.0,LENS,PRESBIA PLC
21547.0,LENZ,LENZ THERAPEUTICS INC
75157.0,LEO,DREYFUS STRATEGIC MUNICIPALS INC
75157.0,LEO,B N Y MELLON STRATEGIC MUNI INC
19937.0,LESL,LESLIES INC
22806.0,LETB,ADVISORSHARES TRUST
86233.0,LEU,CENTRUS ENERGY CORP
21222.0,LEV,LION ELECTRIC CO
18424.0,LEVI,LEVI STRAUSS & CO
17692.0,LEVL,LEVEL ONE BANCORP INC
16429.0,LEXEA,LIBERTY EXPEDIA HOLDINGS INC
16493.0,LEXEB,LIBERTY EXPEDIA HOLDINGS INC
21660.0,LEXI,LISTED FUNDS TRUST
89471.0,LF,LEAPFROG ENTERPRISES INC
17890.0,LFAC,L F CAPITAL ACQ CORP
25520.0,LFAE,STONE RIDGE TRUST
25519.0,LFAF,STONE RIDGE TRUST
25518.0,LFAI,STONE RIDGE TRUST
25517.0,LFAJ,STONE RIDGE TRUST
25516.0,LFAK,STONE RIDGE TRUST
25514.0,LFAL,STONE RIDGE TRUST
25513.0,LFAN,STONE RIDGE TRUST
25512.0,LFAO,STONE RIDGE TRUST
25511.0,LFAQ,STONE RIDGE TRUST
25510.0,LFAR,STONE RIDGE TRUST
25509.0,LFAU,STONE RIDGE TRUST
25506.0,LFAV,STONE RIDGE TRUST
25505.0,LFAW,STONE RIDGE TRUST
25504.0,LFAX,STONE RIDGE TRUST
25503.0,LFAZ,STONE RIDGE TRUST
25502.0,LFBB,STONE RIDGE TRUST
89949.0,LFC,CHINA LIFE INSURANCE CO LTD
83148.0,LFCR,LIFECORE BIOMEDICAL INC
25965.0,LFDR,STONE RIDGE TRUST
17030.0,LFEQ,VANECK VECTORS E T F TRUST
17030.0,LFEQ,VANECK E T F TRUST
20246.0,LFG,ARCHAEA ENERGY INC
12521.0,LFGR,LEAF GROUP LTD
17149.0,LFIN,LONGFIN CORP
85616.0,LFL,LATAM AIRLINES GROUP S A
19140.0,LFLY,LEAFLY HOLDINGS INC
20287.0,LFMD,LIFEMD INC
25732.0,LFSC,R B B FUND INC
21348.0,LFST,LIFESTANCE HEALTH GROUP INC
13809.0,LFT,LUMENT FINANCE TRUST INC
77918.0,LFUS,LITTELFUSE INC
13599.0,LFVN,LIFEVANTAGE CORP
14936.0,LFWD,LIFEWARD LTD
12781.0,LG,LACLEDE GROUP INC
21317.0,LGBT,PROCURE ETF TRUST I
17090.0,LGC,LEGACY ACQUISITION CORP
24657.0,LGCB,LINKAGE GLOBAL INC
24952.0,LGCL,LUCAS GC LTD
91739.0,LGCY,LEGACY RESERVES L P
91739.0,LGCY,LEGACY RESERVES INC
16495.0,LGF,LIONS GATE ENTERTAINMENT CORP
86408.0,LGF,LIONS GATE ENTERTAINMENT CORP
18986.0,LGH,NORTHERN LIGHTS FUND TR III
18781.0,LGHL,LION GROUP HOLDING LTD
24796.0,LGHT,SPINNAKER E T F SERIES
90114.0,LGI,LAZARD GLOB TOT RET & INC FD INC
14317.0,LGIH,L G I HOMES INC
33849.0,LGL,L G L GROUP INC
24242.0,LGLZ,TIDAL E T F TRUST
14934.0,LGMK,LOGICMARK INC
78081.0,LGND,LIGAND PHARMACEUTICALS INC
21074.0,LGO,LARGO INC
18343.0,LGOV,FIRST TRUST E T F IV
24113.0,LGRO,ALPS E T F TRUST
22669.0,LGST,SEMPER PARATUS ACQ CORP
22566.0,LGTO,LEGATO MERGER CORP II
20609.0,LGVN,LONGEVERON INC
12062.0,LH,LABORATORY CORP AMERICA HLDGS
12062.0,LH,LABCORP HOLDINGS INC
17781.0,LHC,LEO HOLDINGS CORP
90734.0,LHCG,L H C GROUP
20610.0,LHDX,LUCIRA HEALTH INC
85947.0,LHO,LASALLE HOTEL PROPERTIES
25582.0,LHX,L3HARRIS TECHNOLOGIES INC
19564.0,LI,LI AUTO INC
25539.0,LIAB,STONE RIDGE TRUST
25538.0,LIAC,STONE RIDGE TRUST
25537.0,LIAE,STONE RIDGE TRUST
25536.0,LIAF,STONE RIDGE TRUST
25535.0,LIAG,STONE RIDGE TRUST
25534.0,LIAJ,STONE RIDGE TRUST
25533.0,LIAK,STONE RIDGE TRUST
25532.0,LIAM,STONE RIDGE TRUST
22319.0,LIAN,LIANBIO
25530.0,LIAO,STONE RIDGE TRUST
25529.0,LIAP,STONE RIDGE TRUST
25528.0,LIAQ,STONE RIDGE TRUST
25527.0,LIAT,STONE RIDGE TRUST
25526.0,LIAU,STONE RIDGE TRUST
25525.0,LIAV,STONE RIDGE TRUST
25522.0,LIAW,STONE RIDGE TRUST
25521.0,LIAX,STONE RIDGE TRUST
23727.0,LICN,LICHEN CHINA LTD
21809.0,LICY,LI CYCLE HOLDINGS CORP
20419.0,LIDR,AEYE INC
22799.0,LIEN,CHICAGO ATLANTIC B D C INC
25228.0,LIF,LIFE360 INC
15378.0,LIFE,ATYR PHARMA INC
19978.0,LIFW,M S P RECOVERY INC
87034.0,LII,LENNOX INTERNATIONAL INC
15403.0,LILA,LIBERTY GLOBAL PLC
17131.0,LILA,LIBERTY LATIN AMERICA LTD
15402.0,LILAK,LIBERTY GLOBAL PLC
17130.0,LILAK,LIBERTY LATIN AMERICA LTD
21940.0,LILM,LILIUM N V
88850.0,LIME,LIME ENERGY CO
25542.0,LIMI,THEMES E T F TRUST
18143.0,LIN,LINDE PLC
18143.0,LIN,LINDE PLC NEW
90735.0,LINC,LINCOLN EDUCATIONAL SVCS CORP
14045.0,LIND,LINDBLAD EXPEDITIONS HLDS INC
25244.0,LINE,LINEAGE INC
91081.0,LINE,LINN ENERGY LLC
79280.0,LINK,INTERLINK ELECTRONICS INC
18756.0,LINX,LINX S A
80990.0,LION,FIDELITY SOUTHERN CORP NEW
87172.0,LIOX,LIONBRIDGE TECHNOLOGIES
23625.0,LIPO,LIPELLA PHARMACEUTICALS INC
14339.0,LIQT,LIQTECH INTERNATIONAL INC
11407.0,LIT,GLOBAL X FUNDS
13999.0,LITB,LIGHTINTHEBOX HOLDING CO LTD
15490.0,LITE,LUMENTUM HOLDINGS INC
22320.0,LITM,SNOW LAKE RESOURCES LTD
23728.0,LITP,SPROTT FUNDS TRUST
19881.0,LIV,EMLES TRUST
92557.0,LIVE,LIVEDEAL INC
92557.0,LIVE,LIVE VENTURES INC
19194.0,LIVK,L I V CAPITAL ACQ CORP
15702.0,LIVN,LIVANOVA PLC
25570.0,LIVR,E A SERIES TRUST
17323.0,LIVX,LIVEXLIVE MEDIA INC
20154.0,LIXT,LIXTE BIOTECHNOLOGY HOLDINGS INC
19195.0,LIZI,LIZHI INC
24769.0,LJAN,INNOVATOR E T F S TRUST
20839.0,LJAQ,LIGHTJUMP ACQUISITION CORP
80640.0,LJPC,LA JOLLA PHARMACEUTICAL CO
25293.0,LJUL,INNOVATOR E T F S TRUST
18662.0,LK,LUCKIN COFFEE INC
18363.0,LKCO,LUOKUNG TECHNOLOGY CORP
85299.0,LKFN,LAKELAND FINANCIAL CORP
15655.0,LKOR,FLEXSHARES TRUST
89866.0,LKQ,L K Q CORP
16278.0,LKSD,L S C COMMUNICATIONS INC
92400.0,LL,LUMBER LIQUIDATORS HOLDINGS INC
92400.0,LL,L L FLOORING HOLDINGS INC
21002.0,LLAP,TERRAN ORBITAL CORP
15148.0,LLDM,DIREXION SHARES E T F TRUST
25463.0,LLDR,GLOBAL X FUNDS
15150.0,LLEM,DIREXION SHARES E T F TRUST
13113.0,LLEX,LILIS ENERGY INC
93350.0,LLIT,LIANLUO SMART LTD
13751.0,LLL,JX LUXVENTURE LTD
86021.0,LLL,L 3 COMMUNICATIONS HLDGS INC
86021.0,LLL,L 3 TECHNOLOGIES INC
92097.0,LLNW,LIMELIGHT NETWORKS INC
17481.0,LLQD,ISHARES TRUST
15147.0,LLSC,DIREXION SHARES E T F TRUST
15146.0,LLSP,DIREXION SHARES E T F TRUST
10299.0,LLTC,LINEAR TECHNOLOGY CORP
50876.0,LLY,LILLY ELI & CO
24084.0,LLYVA,LIBERTY MEDIA CORP 3RD NEW
24085.0,LLYVK,LIBERTY MEDIA CORP 3RD NEW
25386.0,LLYX,TIDAL TRUST II
65330.0,LM,LEGG MASON INC
20841.0,LMAO,L M F ACQUISITION OPP INC
91503.0,LMAT,LEMAITRE VASCULAR INC
14877.0,LMB,LIMBACH HOLDINGS INC
25265.0,LMBO,DIREXION SHARES E T F TRUST
15073.0,LMBS,FIRST TRUST E T F IV
13757.0,LMCA,LIBERTY MEDIA CORP 3RD NEW
13758.0,LMCB,LIBERTY MEDIA CORP 3RD NEW
14811.0,LMCK,LIBERTY MEDIA CORP 3RD NEW
21941.0,LMDX,LUMIRADX LTD
15902.0,LMFA,L M FUNDING AMERICA INC
86178.0,LMIA,L M I AEROSPACE INC
19497.0,LMND,LEMONADE INC
19074.0,LMNL,LIMINAL BIOSCIENCES INC
93397.0,LMNR,LIMONEIRA CO
87789.0,LMNX,LUMINEX CORP
13041.0,LMOS,LUMOS NETWORKS CORP
19139.0,LMPX,LMP AUTOMOTIVE HOLDINGS INC
15140.0,LMRK,LANDMARK INFRA PARTNERS LP
91472.0,LMST,LIMESTONE BANCORP INC
21178.0,LMT,LOCKHEED MARTIN CORP
16155.0,LN,LINE CORP
49015.0,LNC,LINCOLN NATIONAL CORP
48531.0,LNCE,SNYDERS LANCE INC
13647.0,LNCO,LINNCO L L C
13680.0,LND,BRASILAGRO BRAZIL AGR REAL ES CO
83148.0,LNDC,LANDEC CORP
20403.0,LNFA,L & F ACQUISITION CORP
84723.0,LNG,CHENIERE ENERGY INC
24222.0,LNGG,LISTED FUNDS TRUST
16059.0,LNGR,GLOBAL X FUNDS
24756.0,LNGZ,EXCHANGE TRADED CONCEPTS TR
23416.0,LNKB,LINKBANCORP INC
12742.0,LNKD,LINKEDIN CORP
12211.0,LNN,LINDSAY CORP
19680.0,LNSR,LENSAR INC
58819.0,LNT,ALLIANT ENERGY CORP
15429.0,LNTH,LANTHEUS HOLDINGS INC
79338.0,LNW,LIGHT & WONDER INC
21909.0,LNZA,LANZATECH GLOBAL INC
18204.0,LOAC,LONGEVITY ACQUISITION CORP
86887.0,LOAN,MANHATTAN BRIDGE CAPITAL INC
24971.0,LOAR,LOAR HOLDINGS INC
15527.0,LOB,LIVE OAK BANCSHARES INC
24953.0,LOBO,LOBO EV TECHNOLOGIES LTD
13616.0,LOCK,LIFELOCK INC
20999.0,LOCL,LOCAL BOUNTI CORP
14812.0,LOCO,EL POLLO LOCO HOLDINGS INC
24399.0,LOCT,INNOVATOR E T F S TRUST
12840.0,LODE,COMSTOCK MINING INC
12840.0,LODE,COMSTOCK INC
25914.0,LODI,E T F SERIES SOLUTIONS
18205.0,LOGC,LOGICBIO THERAPEUTICS INC
20333.0,LOGC,CONTEXTLOGIC INC
84621.0,LOGI,LOGITECH INTERNATIONAL SA
92984.0,LOGM,LOGMEIN INC
17448.0,LOGO,GLOBAL X FUNDS
89659.0,LOJN,LO JACK CORP
17092.0,LOMA,LOMA NEGRA CORP
16174.0,LONE,LONESTAR RESOURCES US INC
90415.0,LONG,ELONG INC
23154.0,LONZ,PIMCO E T F TRUST
17116.0,LOOP,LOOP INDUSTRIES INC
92852.0,LOPE,GRAND CANYON EDUCATION INC
20535.0,LOPP,GABELLI E T F S TRUST
21627.0,LOPX,DIREXION SHARES E T F TRUST
90762.0,LOR,LAZARD WORLD DIVID & INC FD INC
91024.0,LORL,LORAL SPACE & COMMUNICATIONS INC
24868.0,LOT,LOTUS TECHNOLOGY INC
18546.0,LOTZ,CARLOTZ INC
17994.0,LOUP,INNOVATOR E T F S TRUST
17100.0,LOV,SPARK NETWORKS S E
92185.0,LOV,SPARK NETWORKS INC
17891.0,LOVE,LOVESAC CO
61399.0,LOW,LOWES COMPANIES INC
15049.0,LOWC,SPDR INDEX SHARES FUNDS
23745.0,LOWV,A B ACTIVE ETFS INC
14871.0,LOXO,LOXO ONCOLOGY INC
24925.0,LPA,LOGISTIC PROPERTIES OF THE AMER
14545.0,LPCN,LIPOCINE INC
14642.0,LPG,DORIAN L P G LTD
13124.0,LPI,LAREDO PETROLEUM INC
90266.0,LPL,L G DISPLAY CO LTD
12400.0,LPLA,L P L FINANCIAL HOLDINGS INC
86899.0,LPNT,LIFEPOINT HEALTH INC
17367.0,LPRO,OPEN LENDING CORP
92308.0,LPSB,LAPORTE BANCORP INC MD
88174.0,LPSN,LIVEPERSON INC
80691.0,LPT,LIBERTY PROPERTY TRUST
83149.0,LPTH,LIGHTPATH TECHNOLOGIES INC
13648.0,LPTN,LPATH INC
23380.0,LPTV,LOOP MEDIA INC
16542.0,LPTX,LEAP THERAPEUTICS INC
56223.0,LPX,LOUISIANA PACIFIC CORP
14573.0,LQ,LA QUINTA HOLDINGS INC
24529.0,LQAI,EXCHANGE LISTED FUNDS TRUST
89467.0,LQD,ISHARES TRUST
17968.0,LQDA,LIQUIDIA TECHNOLOGIES INC
17968.0,LQDA,LIQUIDIA CORP
21220.0,LQDB,ISHARES TRUST
14627.0,LQDH,ISHARES U S ETF TRUST
17851.0,LQDI,ISHARES U S ETF TRUST
91095.0,LQDT,LIQUIDITY SERVICES INC
23285.0,LQDW,ISHARES TRUST
23091.0,LQIG,SPDR SERIES TRUST
24095.0,LQR,LQR HOUSE INC
87053.0,LRAD,L R A D CORP
48486.0,LRCX,LAM RESH CORP
24270.0,LRE,LEAD REAL ESTATE CO LTD
14151.0,LRFC,LOGAN RIDGE FINANCE CORP
24178.0,LRGC,A B ACTIVE ETFS INC
16706.0,LRGE,LEGG MASON ETF INVESTMENT TR
15320.0,LRGF,ISHARES TRUST
25098.0,LRGG,MACQUARIE E T F TRUST
24484.0,LRHC,LA ROSA HOLDINGS CORP
14711.0,LRMR,LARIMAR THERAPEUTICS INC
92493.0,LRN,K12 INC
92493.0,LRN,STRIDE INC
22852.0,LRND,INDEXIQ E T F TRUST
22852.0,LRND,NEW YORK LIFE INVESTMENTS ETF TR
19299.0,LRNZ,LISTED FUNDS TRUST
19401.0,LSAC,LIFESCI ACQUISITION CORP
18186.0,LSAF,TWO ROADS SHARED TRUST
90875.0,LSAK,LESAKA TECHNOLOGIES INC
19923.0,LSAT,TWO ROADS SHARED TRUST
10297.0,LSBG,LAKE SUNAPEE BANK GROUP
91176.0,LSBK,LAKE SHORE BANCORP INC
75854.0,LSCC,LATTICE SEMICONDUCTOR CORP
23729.0,LSDI,LUCY SCIENTIFIC DISCOVERY INC
17890.0,LSEA,LANDSEA HOMES CORP
24610.0,LSEQ,HARBOR E T F TRUST
19778.0,LSF,LAIRD SUPERFOOD INC
12952.0,LSG,LAKE SHORE GOLD CORP
23972.0,LSGR,NATIXIS E T F TRUST II
25229.0,LSH,LAKESIDE HOLDING LTD
81675.0,LSI,LIFE STORAGE INC
19088.0,LSLT,E T F SERIES SOLUTIONS
19913.0,LSLT,PACER FUNDS TRUST
19779.0,LSPD,LIGHTSPEED POS INC
19779.0,LSPD,LIGHTSPEED COMMERCE INC
17190.0,LSST,NATIXIS E T F TRUST
34666.0,LSTA,LISATA THERAPEUTICS INC
78981.0,LSTR,LANDSTAR SYSTEM INC
25892.0,LSVD,ADVISORS INNER CIRCLE FUND
15998.0,LSXMA,LIBERTY MEDIA CORP 3RD NEW
15999.0,LSXMB,LIBERTY MEDIA CORP 3RD NEW
16000.0,LSXMK,LIBERTY MEDIA CORP 3RD NEW
93083.0,LTBR,LIGHTBRIDGE CORP
77878.0,LTC,L T C PROPERTIES INC
20330.0,LTCH,LATCH INC
16175.0,LTEA,LONG ISLAND ICED TEA CORP
22079.0,LTH,LIFE TIME GROUP HOLDINGS INC
18138.0,LTHM,LIVENT CORP
92606.0,LTL,PROSHARES TRUST
25310.0,LTM,LATAM AIRLINES GROUP S A
85616.0,LTM,LATAM AIRLINES GROUP S A
17381.0,LTN,UNION ACQUISITION CORP
93027.0,LTPZ,PIMCO E T F TRUST
19479.0,LTRN,LANTERN PHARMA INC
14872.0,LTRPA,LIBERTY TRIPADVISOR HOLDINGS INC
14873.0,LTRPB,LIBERTY TRIPADVISOR HOLDINGS INC
88542.0,LTRX,LANTRONIX INC
17901.0,LTRY,LOTTERY COM INC
87837.0,LTS,LADENBURG THALMANN FIN SVCS INC
91514.0,LTXB,LEGACYTEXAS FINANCIAL GROUP INC
19910.0,LU,LUFAX HOLDING LTD
64020.0,LUB,LUBYS INC
22213.0,LUCD,LUCID DIAGNOSTICS INC
23258.0,LUCY,INNOVATIVE EYEWEAR INC
20415.0,LUK,LEUCADIA NATIONAL CORP
92203.0,LULU,LULULEMON ATHLETICA INC
60599.0,LUMN,CENTURYLINK INC
60599.0,LUMN,LUMEN TECHOLOGIES INC
13111.0,LUMO,LUMOS PHARMA INC
91359.0,LUNA,LUNA INNOVATIONS INC
19979.0,LUNG,PULMONX CORP
22313.0,LUNR,INTUITIVE MACHINES INC
58683.0,LUV,SOUTHWEST AIRLINES CO
23914.0,LUX,TEMA E T F TRUST
75937.0,LUX,LUXOTTICA GROUP S P A
20077.0,LUXE,EMLES TRUST
23255.0,LUXH,LUXURBAN HOTELS INC
24145.0,LUXX,LISTED FUNDS TRUST
18790.0,LVGO,LIVONGO HEALTH INC
17422.0,LVHB,ELKHORN E T F TRUST
17422.0,LVHB,INNOVATOR ETF TRUST II
15903.0,LVHD,LEGG MASON ETF EQUITY TR
15903.0,LVHD,LEGG MASON ETF INVESTMENT TR
17527.0,LVHE,LEGG MASON ETF EQUITY TR
17527.0,LVHE,LEGG MASON ETF INVESTMENT TR
17526.0,LVHI,LEGG MASON ETF EQUITY TR
17526.0,LVHI,LEGG MASON ETF INVESTMENT TR
17524.0,LVIN,LATTICE STRATEGIES TRUST
17717.0,LVL,INVESCO E T F TRUST II
92115.0,LVL,CLAYMORE E T F TRUST
85991.0,LVLT,LEVEL 3 COMMUNICATIONS INC
22321.0,LVLU,LULUS FASHION LOUNGE HLDGS INC
13553.0,LVNTA,LIBERTY INTERACTIVE CORP
13554.0,LVNTB,LIBERTY INTERACTIVE CORP
17323.0,LVO,LIVEONE INC
20352.0,LVOL,AMERICAN CENTURY E T F TRUST
18549.0,LVOX,LIVEVOX HOLDING INC
23793.0,LVRO,LAVORO LTD
90505.0,LVS,LAS VEGAS SANDS CORP
20842.0,LVTX,L A V A THERAPEUTICS N V
17525.0,LVUS,LATTICE STRATEGIES TRUST
23379.0,LVWR,LIVEWIRE GROUP INC
16431.0,LW,LAMB WESTON HOLDINGS INC
12209.0,LWAY,LIFEWAY FOODS INC
92900.0,LWC,SPDR SERIES TRUST
21942.0,LWLG,LIGHTWAVE LOGIC INC
17150.0,LX,LEXINFINTECH HOLDINGS LTD
19980.0,LXEH,LIXIANG EDUCATION HLDG CO LTD
24508.0,LXEO,LEXEO THERAPEUTICS INC
13617.0,LXFR,LUXFER HOLDINGS PLC
17200.0,LXFR,LUXFER HOLDINGS PLC
14010.0,LXFT,LUXOFT HOLDING INC
82643.0,LXK,LEXMARK INTERNATIONAL INC NEW
79770.0,LXP,LEXINGTON REALTY TRUST
79770.0,LXP,L X P INDUSTRIAL TRUST
88173.0,LXRX,LEXICON PHARMACEUTICALS INC
49488.0,LXU,L S B INDUSTRIES INC
12345.0,LYB,LYONDELLBASELL INDUSTRIES N V
21351.0,LYEL,LYELL IMMUNOPHARMA INC
20102.0,LYFE,2ND VOTE FUNDS
18452.0,LYFT,LYFT INC
89238.0,LYG,LLOYDS BANKING GROUP PLC
16990.0,LYL,DRAGON VICTORY INTERNATIONAL LTD
25258.0,LYLD,CAMBRIA E T F TRUST
22214.0,LYLT,LOYALTY VENTURES INC
19402.0,LYRA,LYRA THERAPEUTICS INC
23191.0,LYT,LYTUS TECHNOLOGIES HLDGS PTV LTD
89456.0,LYTS,L S I INDUSTRIES INC
91041.0,LYV,LIVE NATION ENTERTAINMENT INC
21564.0,LZ,LEGALZOOM COM INC
48347.0,LZB,LA Z BOY INC
24060.0,LZM,LIFEZONE METALS LTD
77462.0,M,MACYS INC
91233.0,MA,MASTERCARD INC
80183.0,MAA,MID AMERICA APT COMMUNITIES INC
20304.0,MAAC,MONTES ARCHIMEDES ACQ CORP
18720.0,MAAX,VANECK VECTORS E T F TRUST
18720.0,MAAX,VANECK E T F TRUST
89590.0,MAB,EATON VANCE MA MUNICIPAL BD FD
80399.0,MAC,MACERICH CO
21075.0,MACA,MORINGA ACQUISITION CORP
13325.0,MACK,MERRIMACK PHARMACEUTICALS INC
16465.0,MACQ,M I ACQUISITIONS INC
25306.0,MADE,ISHARES TRUST
92181.0,MAG,M A G SILVER CORP
17412.0,MAGA,E T F SERIES SOLUTIONS
24154.0,MAGG,MADISON E T F S TRUST
23855.0,MAGS,LISTED FUNDS TRUST
78985.0,MAGS,MAGAL SECURITY SYSTEMS LTD
24872.0,MAGX,ROUNDHILL E T F TRUST
23216.0,MAIA,MAIA BIOTECHNOLOGY INC
92309.0,MAIN,MAIN STREET CAPITAL CORP
22050.0,MAKX,PROSHARES TRUST
21744.0,MAMA,MAMAS CREATIONS INC
20720.0,MAMB,NORTHERN LIGHTS FUND TR IV
25024.0,MAMO,MASSIMO GROUP
13931.0,MAMS,M A M SOFTWARE GROUP INC
75285.0,MAN,MANPOWERGROUP
85992.0,MANH,MANHATTAN ASSOCIATES INC
89307.0,MANT,MANTECH INTERNATIONAL CORP
13547.0,MANU,MANCHESTER UNITED PLC
24202.0,MAPP,HARBOR E T F TRUST
19025.0,MAPS,W M TECHNOLOGY INC
85913.0,MAR,MARRIOTT INTERNATIONAL INC NEW
14813.0,MARA,MARATHON PATENT GROUP INC
14813.0,MARA,MARATHON DIGITAL HOLDINGS INC
14813.0,MARA,MARA HOLDINGS INC
19216.0,MARB,FIRST TRUST E T F III
89756.0,MARK,REMARK MEDIA INC
89756.0,MARK,REMARK HOLDINGS INC
24887.0,MARM,FIRST TRUST E T F VIII
25969.0,MARO,TIDAL TRUST II
51530.0,MARPS,MARINE PETROLEUM TRUST
23751.0,MART,A I M E T F PRODUCTS TRUST
23750.0,MARW,A I M E T F PRODUCTS TRUST
20711.0,MARZ,LISTED FUNDS TRUST
34032.0,MAS,MASCO CORP
92220.0,MASI,MASIMO CORP
20305.0,MASS,908 DEVICES INC
39538.0,MAT,MATTEL INC
17497.0,MATF,ISHARES TRUST
12831.0,MATH,ADVISORSHARES TRUST
16990.0,MATH,METALPHA TECHNOLOGY HOLDING LTD
87602.0,MATR,MATTERSIGHT CORP
82649.0,MATV,MATIV HOLDINGS INC
80759.0,MATW,MATTHEWS INTERNATIONAL CORP
11691.0,MATX,MATSON INC
14819.0,MAUI,ADVISORSHARES TRUST
89882.0,MAV,PIONEER MUNICIPAL HIGH INC ADVNT
89882.0,MAV,PIONEER MUNI HIGH INC ADV FD INC
19859.0,MAX,MEDIAALPHA INC
23417.0,MAXI,SIMPLIFY EXCHANGE TRADED FUNDS
25307.0,MAXJ,ISHARES TRUST
19584.0,MAXN,MAXEON SOLAR TECHNOLOGIES LTD
16939.0,MAXR,MAXAR TECHNOLOGIES LTD
16939.0,MAXR,MAXAR TECHNOLOGIES INC
25117.0,MAYP,P G I M ROCK ETF TRUST
27617.0,MAYS,MAYS J W INC
23891.0,MAYT,A I M E T F PRODUCTS TRUST
25068.0,MAYU,A I M E T F PRODUCTS TRUST
23890.0,MAYW,A I M E T F PRODUCTS TRUST
21225.0,MAYZ,LISTED FUNDS TRUST
15430.0,MB,MINDBODY INC
91873.0,MBB,ISHARES TRUST
20265.0,MBBB,VANECK VECTORS E T F TRUST
20265.0,MBBB,VANECK E T F TRUST
23568.0,MBC,MASTERBRAND INC
20719.0,MBCC,NORTHERN LIGHTS FUND TR IV
14932.0,MBCN,MIDDLEFIELD BANC CORP
81541.0,MBFI,M B FINANCIAL INC NEW
92886.0,MBG,SPDR SERIES TRUST
75175.0,MBI,M B I A INC
14099.0,MBII,MARRONE BIO INNOVATIONS INC
16991.0,MBIN,MERCHANTS BANCORP
16903.0,MBIO,MUSTANG BIO INC
91615.0,MBLX,METABOLIX INC
14856.0,MBLY,MOBILEYE N V
23439.0,MBLY,MOBILEYE GLOBAL INC
20551.0,MBND,SSGA ACTIVE TRUST
23005.0,MBNE,SSGA ACTIVE TRUST
77437.0,MBOT,MICROBOT MEDICAL INC
21196.0,MBOX,ALPHA ARCHITECT ETF TRUST
21196.0,MBOX,E A SERIES TRUST
88635.0,MBRG,MIDDLEBURG FINANCIAL CORP
16099.0,MBRX,MOLECULIN BIOTECH INC
24836.0,MBS,ANGEL OAK FUNDS TRUST
22480.0,MBSC,M3 BRIGADE ACQUISITION III CORP
14933.0,MBSD,FLEXSHARES TRUST
24861.0,MBSF,VALUED ADVISERS TRUST
88309.0,MBT,MOBILE TELESYSTEMS PJSC
88309.0,MBT,MOBILE TELESYSTEMS PUB JO ST CO
89738.0,MBTF,M B T FINANCIAL CORP
14434.0,MBUU,MALIBU BOATS INC
90086.0,MBVT,MERCHANTS BANCSHARES INC
88572.0,MBVX,MABVAX THERAPEUTICS HOLDINGS INC
87114.0,MBWM,MERCANTILE BANK CORP
25628.0,MBX,MBX BIOSCIENCES INC
14574.0,MC,MOELIS & CO
78056.0,MCA,BLACKROCK MUNIYLD CA QLTY FD INC
23232.0,MCAC,MONTEREY CAPITAL ACQ CORP
17093.0,MCB,METROPOLITAN BANK HOLDING CORP
87501.0,MCBC,MACATAWA BANK CORP
19015.0,MCBS,METROCITY BANKSHARES INC
12528.0,MCC,MEDLEY CAPITAL CORP
43449.0,MCD,MCDONALDS CORP
25409.0,MCDS,J P MORGAN E T F TRUST
16302.0,MCEF,FIRST TRUST E T F VIII
13162.0,MCEP,MID CON ENERGY PARTNERS L P
88871.0,MCF,CONTANGO OIL AND GAS CO
19857.0,MCFE,MCAFEE CORP
15530.0,MCFT,M C B C HOLDINGS INC
15530.0,MCFT,MASTERCRAFT BOAT HOLDINGS INC
21663.0,MCG,MEMBERSHIP COLLECTIVE GROUP INC
23219.0,MCH,MATTHEWS INTERNATIONAL FUNDS
12628.0,MCHI,ISHARES TRUST
78987.0,MCHP,MICROCHIP TECHNOLOGY INC
24705.0,MCHS,MATTHEWS INTERNATIONAL FUNDS
90088.0,MCHX,MARCHEX INC
56565.0,MCI,BABSON CAPITAL CORPORATE INVS
56565.0,MCI,BARINGS CORPORATE INVESTORS
81061.0,MCK,MCKESSON H B O C INC
19140.0,MCMJ,MERIDA MERGER CORP
90267.0,MCN,MADISON COVERED CALL & EQ STR FD
90267.0,MCN,X A I MADISON EQ PREM INCOME FD
48506.0,MCO,MOODYS CORP
75642.0,MCR,M F S CHARTER INCOME TRUST
15431.0,MCRB,SERES THERAPEUTICS INC
79507.0,MCRI,MONARCH CASINO & RESORT INC
15466.0,MCRN,MILACRON HOLDINGS CORP
92950.0,MCRO,INDEXIQ E T F TRUST
51423.0,MCS,MARCUS CORP
23440.0,MCSE,FRANKLIN TEMPLETON E T F TRUST
14814.0,MCUR,MACROCURE LTD
23260.0,MCVT,MILL CITY VENTURES III LTD
21359.0,MCW,MISTER CAR WASH INC
52936.0,MCY,MERCURY GENERAL CORP NEW
87209.0,MCZ,MAD CATZ INTERACTIVE INC
82272.0,MD,MEDNAX INC
82272.0,MD,PEDIATRIX MEDICAL GROUP INC
20867.0,MDAI,SPECTRAL AI INC
16968.0,MDB,MONGODB INC
24271.0,MDBH,MDB CAPITAL HOLDINGS LLC
66245.0,MDC,M D C HOLDINGS INC
81527.0,MDCA,M D C PARTNERS INC
88545.0,MDCO,MEDICINES CO
22215.0,MDCP,VICTORY PORTFOLIOS II
25820.0,MDCX,MEDICUS PHARMA LTD
92668.0,MDD,SPDR INDEX SHARES FUNDS
21395.0,MDEV,FIRST TRUST E T F VI
91832.0,MDGL,MADRIGAL PHARMACEUTICALS INC
12667.0,MDGN,MEDGENICS INC
15379.0,MDGS,MEDIGUS LTD
19129.0,MDIA,MEDIACO HOLDING INC
13555.0,MDIV,FIRST TRUST E T F VI
18364.0,MDJH,M D J M LTD
18787.0,MDLA,MEDALLIA INC
23817.0,MDLV,E A SERIES TRUST
14908.0,MDLY,MEDLEY MANAGEMENT INC
89006.0,MDLZ,MONDELEZ INTERNATIONAL INC
83532.0,MDM,MOUNTAIN PROVINCE DIAMONDS INC
19645.0,MDNA,MEDICENNA THERAPEUTICS CORP
42796.0,MDP,MEREDITH CORP
24909.0,MDPL,NORTHERN LIGHTS FUND TR IV
64629.0,MDR,MCDERMOTT INTERNATIONAL INC
18259.0,MDRR,MEDALIST DIVERSIFIED REIT INC
87078.0,MDRX,ALLSCRIPTS HEALTHCARE SOLNS INC
92940.0,MDSO,MEDIDATA SOLUTIONS INC
25010.0,MDST,ULTIMUS MANAGERS TRUST
84415.0,MDSY,MODSYS INTERNATIONAL LTD
60097.0,MDT,MEDTRONIC PLC
23835.0,MDU,M D U RESOURCES GROUP INC
22857.0,MDV,MODIV INC
22857.0,MDV,MODIV INDUSTRIAL INC
14820.0,MDVL,MEDAVAIL HOLDINGS INC
91141.0,MDVN,MEDIVATION INC
15223.0,MDVX,MEDOVEX CORP
14546.0,MDWD,MEDIWOUND LTD
13878.0,MDXG,MIMEDX GROUP INC
22325.0,MDXH,MDXHEALTH S A
24590.0,MDXH,MDXHEALTH S A
81659.0,MDY,SPDR S & P MIDCAP 400 ETF TRUST
91007.0,MDYG,SPDR SERIES TRUST
91008.0,MDYV,SPDR SERIES TRUST
20134.0,ME,23ANDME HOLDING CO
17469.0,MEAR,ISHARES U S ETF TRUST
18709.0,MEC,MAYVILLE ENGINEERING CO INC
80054.0,MED,MEDIFAST INC
23551.0,MEDI,HARBOR E T F TRUST
16260.0,MEDP,MEDPACE HOLDINGS INC
19249.0,MEDS,TRXADE GROUP INC
19249.0,MEDS,TRXADE HEALTH INC
23672.0,MEDX,LISTED FUNDS TRUST
86989.0,MEET,MEETME INC
86989.0,MEET,MEET GROUP INC
19534.0,MEG,MONTROSE ENVIRONMENTAL GROUP INC
50972.0,MEG,MEDIA GENERAL INC NEW
23321.0,MEGL,MAGIC EMPIRE GLOBAL LTD
53197.0,MEI,METHODE ELECTRONICS INC
89935.0,MEIP,M E I PHARMA INC
90955.0,MELA,MELA SCIENCES INC
92221.0,MELI,MERCADOLIBRE INC
15011.0,MELR,MELROSE BANCORP INC
23217.0,MEM,MATTHEWS INTERNATIONAL FUNDS
22479.0,MEME,LISTED FUNDS TRUST
13163.0,MEMP,MEMORIAL PRODUCTION PARTNERS L P
24706.0,MEMS,MATTHEWS INTERNATIONAL FUNDS
23645.0,MEMX,MATTHEWS INTERNATIONAL FUNDS
75459.0,MEN,BLACKROCK MUNIENHANCED FUND INC
52813.0,MENT,MENTOR GRAPHICS CORP
16489.0,MENU,U S C F ETF TRUST
12832.0,MENV,ADVISORSHARES TRUST
77735.0,MEOH,METHANEX CORP
14291.0,MEP,MIDCOAST ENERGY PARTNERS LP
75578.0,MERC,MERCER INTERNATIONAL INC
92732.0,MES,MARKET VECTORS E T F TRUST
18051.0,MESA,MESA AIR GROUP INC NEV
13636.0,MESG,XURA INC
15848.0,MESO,MESOBLAST LTD
87842.0,MET,METLIFE INC
13407.0,META,META PLATFORMS INC
21413.0,META,LISTED FUNDS TRUST
16592.0,METC,RAMACO RESOURCES INC
23940.0,METCB,RAMACO RESOURCES INC
25230.0,METD,DIREXION SHARES E T F TRUST
80808.0,METR,METRO BANCORP INC
25231.0,METU,DIREXION SHARES E T F TRUST
21413.0,METV,LISTED FUNDS TRUST
19314.0,METX,METEN EDTECHX EDUCATION GRP LTD
19314.0,METX,METEN HOLDING GROUP LTD
16745.0,MEXX,DIREXION SHARES E T F TRUST
21569.0,MF,MISSFRESH LTD
85935.0,MFA,M F A FINANCIAL INC
18086.0,MFAC,MEGALITH FINANCIAL ACQ CORP
87212.0,MFC,MANULIFE FINANCIAL CORP
84820.0,MFCB,M F C BANCORP LTD
90068.0,MFD,MACQUARIE FIRST TR GLOB INFRASTR
16959.0,MFDX,PIMCO EQUITY SERIES
16960.0,MFEM,PIMCO EQUITY SERIES
91582.0,MFG,MIZUHO FINANCIAL GROUP INC
16850.0,MFGP,MICRO FOCUS INTERNATIONAL PLC
15304.0,MFH,MERCURITY FINTECH HOLDING INC
23737.0,MFH,MERCURITY FINTECH HOLDING INC
25025.0,MFI,MF INTERNATIONAL LTD
90121.0,MFIC,MIDCAP FINANCIAL INVESTMENT CORP
83565.0,MFIN,MEDALLION FINANCIAL CORP
85340.0,MFL,BLACKROCK MUNIHLDGS INV QLTY FD
16302.0,MFLX,FIRST TRUST E T F VIII
90232.0,MFLX,MULTI FINELINE ELECTRONIX INC
70826.0,MFM,M F S MUNICIPAL INCOME TRUST
18178.0,MFMS,R B B FUND INC
89109.0,MFNC,MACKINAC FINANCIAL CORP
76052.0,MFRI,M F R I INC
13110.0,MFRM,MATTRESS FIRM HOLDING CORP
15921.0,MFS,MANITOWOC FOODSERVICE INC
25935.0,MFSB,M F S ACTIVE ETF TRUST
87525.0,MFSF,MUTUALFIRST FINL INC
25936.0,MFSG,M F S ACTIVE ETF TRUST
25940.0,MFSI,M F S ACTIVE ETF TRUST
25939.0,MFSM,M F S ACTIVE ETF TRUST
25941.0,MFSV,M F S ACTIVE ETF TRUST
78057.0,MFT,BLACKROCK MUNIYLD INVT QLTY FD
22367.0,MFUL,COLLABORATIVE INV SERIES TRUST
16958.0,MFUS,PIMCO EQUITY SERIES
25124.0,MFUT,TIDAL TRUST II
75840.0,MFV,M F S SPECIAL VALUE TRUST
93065.0,MG,MISTRAS GROUP INC
78045.0,MGA,MAGNA INTERNATIONAL INC
23233.0,MGAM,MOBILE GLOBAL ESPORTS INC
92514.0,MGC,VANGUARD WORLD FUND
89609.0,MGCD,M G C DIAGNOSTICS CORP
50789.0,MGEE,M G E ENERGY INC
14708.0,MGEN,MIRAGEN THERAPEUTICS INC
75075.0,MGF,M F S GOVERNMENT MARKETS INC TR
90995.0,MGH,MINCO GOLD CORP
90213.0,MGI,MONEYGRAM INTERNATIONAL INC
76948.0,MGIC,MAGIC SOFTWARE ENTERPRISES LTD
23863.0,MGIH,MILLENNIUM GROUP INTL HLDGS LTD
92512.0,MGK,VANGUARD WORLD FUND
22952.0,MGLD,MARYGOLD COMPANIES INC
90011.0,MGLN,MAGELLAN HEALTH INC
11891.0,MGM,M G M RESORTS INTERNATIONAL
20262.0,MGMT,UNIFIED SERIES TRUST
90069.0,MGN,MINES MANAGEMENT INC
14580.0,MGNI,MAGNITE INC
24835.0,MGNR,AMERICAN BEACON SELECT FUNDS
14257.0,MGNX,MACROGENICS INC
23673.0,MGOL,M G O GLOBAL INC
24149.0,MGOV,FIRST TRUST E T F IV
16042.0,MGP,M G M GROWTH PROPERTIES LLC
12226.0,MGPI,M G P INGREDIENTS INC
89915.0,MGRC,MCGRATH RENTCORP
23880.0,MGRM,MONOGRAM ORTHOPAEDICS INC
23880.0,MGRM,MONOGRAM TECHNOLOGIES INC
24923.0,MGRO,VANECK E T F TRUST
23795.0,MGRX,MANGOCEUTICALS INC
91050.0,MGT,M G T CAPITAL INVESTMENTS INC
17892.0,MGTA,MAGENTA THERAPEUTICS INC
17893.0,MGTX,MEIRAGTX HOLDINGS PLC
90839.0,MGU,MACQUARIE GLOBAL INFR TOT RET FD
92513.0,MGV,VANGUARD WORLD FUND
24823.0,MGX,METAGENOMI INC
16771.0,MGY,MAGNOLIA OIL & GAS CORP
91083.0,MGYR,MAGYAR BANCORP INC
84781.0,MHD,BLACKROCK MUNIHOLDINGS FUND INC
79457.0,MHE,BLACKROCK MA TAX EXEMPT TRUST
75411.0,MHF,WESTERN ASSET MUNI HIGH INC FUND
17478.0,MHFI,MCGRAW HILL FINANCIAL INC
14394.0,MHG,MARINE HARVEST A S A
91096.0,MHGC,MORGANS HOTEL GROUP CO
92797.0,MHH,MASTECH HOLDINGS INC
92797.0,MHH,MASTECH DIGITAL INC
89786.0,MHI,PIONEER MUNICIPAL HIGH INC TRUST
89786.0,MHI,PIONEER MUNI HIGH INCOME FD INC
77496.0,MHK,MOHAWK INDUSTRIES INC
92684.0,MHLD,MAIDEN HOLDINGS LTD
85339.0,MHN,BLACKROCK MUNIHLDGS NY QLTY FD
79909.0,MHO,M I HOMES INC
22782.0,MHUA,MEIHUA INTL MED TECH CO LTD
79138.0,MHY,WESTERN ASSET MANAGED HI INC FD
24247.0,MI,N F T LTD
90507.0,MIC,MACQUARIE INFRASTRUCTURE CORP
90507.0,MIC,MACQUARIE INFRAST HLDGS LLC
76544.0,MICR,MICRON SOLUTIONS INC
88937.0,MICS,SINGING MACHINE CO INC
13879.0,MICT,MICRONET ENERTEC TECH INC
13879.0,MICT,M I C T INC
19513.0,MID,AMERICAN CENTURY E T F TRUST
75470.0,MIDD,MIDDLEBY CORP
20527.0,MIDE,D B X ETF TRUST
18750.0,MIDF,ISHARES TRUST
92881.0,MIDU,DIREXION SHARES E T F TRUST
92880.0,MIDZ,DIREXION SHARES E T F TRUST
88807.0,MIFI,NOVATEL WIRELESS INC
20266.0,MIG,VANECK VECTORS E T F TRUST
20266.0,MIG,VANECK E T F TRUST
21947.0,MIGI,MAWSON INFRASTRUCTURE GROUP INC
16261.0,MIII,M III ACQUISITION CORP
14696.0,MIK,MICHAELS COMPANIES INC
84820.0,MIL,M F C INDUSTRIAL LTD
19970.0,MILE,METROMILE INC
25950.0,MILK,PACER FUNDS TRUST
93398.0,MILL,MILLER ENERGY RESOURCES INC
16060.0,MILN,GLOBAL X FUNDS
15849.0,MIME,MIMECAST LTD
20097.0,MIMO,AIRSPAN NETWORKS HOLDINGS INC
75260.0,MIN,M F S INTERMEDIATE INCOME TRUST
13801.0,MINC,ADVISORSHARES TRUST
81165.0,MIND,MITCHAM INDUSTRIES INC
81165.0,MIND,MIND TECHNOLOGY INC
80254.0,MINI,MOBILE MINI INC
21743.0,MINM,MINIM INC
20732.0,MINN,TRUST FOR PROFESSIONAL MANAGERS
22048.0,MINO,PIMCO E T F TRUST
93108.0,MINT,PIMCO E T F TRUST
23218.0,MINV,MATTHEWS INTERNATIONAL FUNDS
19593.0,MIR,MIRION TECHNOLOGIES INC
24094.0,MIRA,MIRA PHARMACEUTICALS INC
18846.0,MIRM,MIRUM PHARMACEUTICALS INC
15787.0,MIRN,MIRNA THERAPEUTICS INC
21570.0,MIRO,MIROMATRIX MEDICAL INC
23470.0,MISL,FIRST TRUST EXCHANGE TRADED FUND
18663.0,MIST,MILESTONE PHARMACEUTICALS INC
21859.0,MITA,COLISEUM ACQUISITION CORP
20846.0,MITC,MEATECH 3D LTD
11803.0,MITK,MITEK SYSTEMS INC
93354.0,MITL,MITEL NETWORKS CORP
18409.0,MITO,STEALTH BIOTHERAPEUTICS CORP
21664.0,MITQ,MOVING IMAGE TECHNOLOGIES INC
12828.0,MITT,A G MORTGAGE INVESTMENT TR INC
89592.0,MIW,EATON VANCE MI MUNICIPAL BD FD
14075.0,MIXT,MIX TELEMATICS LTD
78059.0,MIY,BLACKROCK MUNIYLD MI QLTY FD INC
15884.0,MJ,E T F MANAGERS TRUST
24736.0,MJ,AMPLIFY ETF TRUST
15394.0,MJCO,MAJESCO
22104.0,MJIN,E T F MANAGERS TRUST
92890.0,MJN,MEAD JOHNSON NUTRITION CO
21205.0,MJUS,E T F MANAGERS TRUST
24735.0,MJUS,AMPLIFY ETF TRUST
15884.0,MJX,E T F MANAGERS TRUST
21634.0,MJXL,E T F MANAGERS TRUST
23864.0,MKAM,E A SERIES TRUST
52090.0,MKC,MCCORMICK & CO INC
89155.0,MKC,MCCORMICK & CO INC
19141.0,MKD,MOLECULAR DATA INC
19935.0,MKFG,MARKFORGED HOLDING CORP
17324.0,MKGI,MONAKER GROUP INC
10933.0,MKL,MARKEL CORP
10933.0,MKL,MARKEL GROUP INC
24042.0,MKOR,MATTHEWS INTERNATIONAL FUNDS
86778.0,MKSI,M K S INSTRUMENTS INC
13932.0,MKTO,MARKETO INC
19797.0,MKTW,MARKETWISE INC
90454.0,MKTX,MARKETAXESS HLDGS INC
19592.0,ML,MONEYLION INC
53074.0,MLAB,MESA LABORATORIES INC
19646.0,MLAC,MALACCA STRAITS ACQ CO LTD
91673.0,MLCO,MELCO RESORT & ENTERTAINMENT LTD
25464.0,MLDR,GLOBAL X FUNDS
23674.0,MLEC,MOOLEC SCIENCE S A
21114.0,MLGO,MICROALGO INC
54114.0,MLHR,MILLER HERMAN INC
76573.0,MLI,MUELLER INDUSTRIES INC
54114.0,MLKN,MILLERKNOLL INC
80204.0,MLM,MARTIN MARIETTA MATERIALS INC
92539.0,MLN,MARKET VECTORS E T F TRUST
92539.0,MLN,VANECK VECTORS E T F TRUST
92539.0,MLN,VANECK E T F TRUST
13883.0,MLND,MILLENDO THERAPEUTICS INC
21613.0,MLNK,MERIDIANLINK INC
80114.0,MLNK,MODUSLINK GLOBAL SOLUTIONS INC
13263.0,MLNT,MELINTA THERAPEUTICS INC
91821.0,MLNX,MELLANOX TECHNOLOGIES LTD
51925.0,MLP,MAUI LAND & PINEAPPLE CO INC
13341.0,MLPA,GLOBAL X FUNDS
25088.0,MLPD,GLOBAL X FUNDS
13745.0,MLPJ,GLOBAL X FUNDS
14069.0,MLPX,GLOBAL X FUNDS
17482.0,MLQD,ISHARES TRUST
80828.0,MLR,MILLER INDUSTRIES INC TENN
82621.0,MLSS,MILESTONE SCIENTIFIC INC
19966.0,MLTX,MOONLAKE IMMUNOTHERAPEUTICS
92685.0,MLVF,MALVERN BANCORP INC
23730.0,MLYS,MINERALYS THERAPEUTICS INC
24931.0,MMA,ALTA GLOBAL GROUP LIMTED
83827.0,MMAC,MMA CAPITAL MANAGEMENT LLC
83827.0,MMAC,M M A CAPITAL HOLDINGS INC
14358.0,MMAT,META MATERIALS INC
45751.0,MMC,MARSH & MCLENNAN COS INC
22469.0,MMCA,INDEXIQ ACTIVE E T F TRUST
22469.0,MMCA,NEW YORK LIFE INV ACTIVE ETF TR
16789.0,MMDM,MODERN MEDIA ACQUISITION CORP
14213.0,MMI,MARCUS & MILLICHAP INC
17011.0,MMIN,INDEXIQ ACTIVE E T F TRUST
17011.0,MMIN,NEW YORK LIFE INV ACTIVE ETF TR
17010.0,MMIT,INDEXIQ ACTIVE E T F TRUST
17010.0,MMIT,NEW YORK LIFE INV ACTIVE ETF TR
25540.0,MMKT,TEXAS CAPITAL FUNDS TRUST
19517.0,MMLG,FIRST TRUST E T F VIII
89570.0,MMLP,MARTIN MIDSTREAM PARTNERS LP
22592.0,MMM,3M CO
21744.0,MMMB,MAMAMANCINIS HOLDINGS INC
88901.0,MMP,MAGELLAN MIDSTREAM PTNRS L P
85067.0,MMS,MAXIMUS INC
23213.0,MMSB,INDEXIQ ACTIVE E T F TRUST
22114.0,MMSC,FIRST TRUST E T F VIII
76392.0,MMSI,MERIT MEDICAL SYSTEMS INC
72231.0,MMT,M F S MULTIMARKET INCOME TRUST
77818.0,MMU,WESTERN ASSET MANAGED MUNIS FUND
21575.0,MMV,MULTIMETAVERSE HOLDINGS LTD
86551.0,MMV,EATON VANCE MASS MUN INC TR
18763.0,MMX,MAVERIX METALS INC
12082.0,MMYT,MAKEMYTRIP LTD
13084.0,MN,MANNING & NAPIER INC
93099.0,MNA,INDEXIQ E T F TRUST
93099.0,MNA,NEW YORK LIFE INVESTMENTS ETF TR
23066.0,MNBD,ALPS E T F TRUST
18410.0,MNCL,MONOCLE ACQUISITION CORP
88546.0,MNDO,MIND C T I LTD
25026.0,MNDR,MOBILE HEALTH NETWORK SOLUTIONS
14159.0,MNDT,MANDIANT INC
21571.0,MNDY,MONDAY COM LTD
89782.0,MNE,BLACKROCK MUNI NY INTER DUR FUND
13556.0,MNGA,MAGNEGAS CORP
13556.0,MNGA,MAGNEGAS APPLIED TECH SOLNS INC
75261.0,MNI,MCCLATCHY CO
14011.0,MNK,MALLINCKRODT PLC
23497.0,MNK,MALLINCKRODT PLC
90285.0,MNKD,MANNKIND CORP
17266.0,MNLO,MENLO THERAPEUTICS INC
22449.0,MNM,DIREXION SHARES E T F TRUST
21077.0,MNMD,MIND MEDICINE MINDMED INC
91672.0,MNOV,MEDICINOVA INC
78854.0,MNP,WESTERN ASSET MUNI PARTNERS FUND
19142.0,MNPR,MONOPAR THERAPEUTICS INC
24423.0,MNR,MACH NATURAL RESOURCES L P
55029.0,MNR,MONMOUTH REAL ESTATE INVT CORP
89799.0,MNRK,MONARCH FINANCIAL HOLDINGS INC
18515.0,MNRL,BRIGHAM MINERALS INC
76750.0,MNRO,MONRO MUFFLER BRAKE INC
76750.0,MNRO,MONRO INC
18560.0,MNSB,MAINSTREET BANCSHARES INC
19912.0,MNSO,M I N I S O GROUP HOLDING LTD
88031.0,MNST,MONSTER BEVERAGE CORP NEW
90233.0,MNTA,MOMENTA PHARMACEUTICALS INC
20438.0,MNTK,MONTAUK RENEWABLES INC
24709.0,MNTL,TEMA E T F TRUST
19146.0,MNTS,MOMENTUS INC
18097.0,MNTV,MOMENTIVE GLOBAL INC
90568.0,MNTX,MANITEX INTERNATIONAL INC
13901.0,MO,ALTRIA GROUP INC
13344.0,MOAT,MARKET VECTORS E T F TRUST
13344.0,MOAT,VANECK VECTORS E T F TRUST
13344.0,MOAT,VANECK E T F TRUST
23322.0,MOB,MOBILICOM LTD
12489.0,MOBI,SKY MOBI LTD
14697.0,MOBL,MOBILEIRON INC
22578.0,MOBQ,MOBIQUITY TECHNOLOGIES INC
23418.0,MOBV,MOBIV ACQUISITION CORP
21833.0,MOBX,MOBIX LABS INC
76330.0,MOC,COMMAND SECURITY CORP
54675.0,MOCO,M O C O N INC
54704.0,MOD,MODINE MANUFACTURING CO
22783.0,MODD,MODULAR MEDICAL INC
77366.0,MODG,TOPGOLF CALLAWAY BRANDS CORP
23441.0,MODL,VICTORY PORTFOLIOS II
13816.0,MODN,MODEL N INC
89824.0,MODV,MODIVCARE INC
92593.0,MOFG,MIDWESTONE FINANCIAL GRP INC NEW
61807.0,MOG,MOOG INC
42614.0,MOGB,MOOG INC
17693.0,MOGO,MOGO FINANCE TECHNOLOGY INC
17693.0,MOGO,MOGO INC
18292.0,MOGU,MOGU INC
89781.0,MOH,MOLINA HEALTHCARE INC
19075.0,MOHO,ECMOHO LTD
22368.0,MOHR,COLLABORATIVE INV SERIES TRUST
14698.0,MOKO,MOKO SOCIAL MEDIA LTD
15013.0,MOLG,MOL GLOBAL INC
21572.0,MOLN,MOLECULAR PARTNERS A G
12983.0,MOM,F Q F TRUST
12983.0,MOM,A G F INVESTMENTS TRUST
15135.0,MOMO,MOMO INC
15135.0,MOMO,HELLO GROUP INC
88668.0,MON,MONSANTO CO NEW
20820.0,MOND,MONDEE HOLDINGS INC
92274.0,MOO,MARKET VECTORS E T F TRUST
92274.0,MOO,VANECK VECTORS E T F TRUST
92274.0,MOO,VANECK E T F TRUST
23067.0,MOOD,E A SERIES TRUST
20075.0,MOON,DIREXION SHARES E T F TRUST
17694.0,MOR,MORPHOSYS A G
15044.0,MORE,MONOGRAM RESIDENTIAL TRUST INC
18779.0,MORF,MORPHIC HOLDING INC
90708.0,MORN,MORNINGSTAR INC
12953.0,MORT,MARKET VECTORS E T F TRUST
12953.0,MORT,VANECK VECTORS E T F TRUST
12953.0,MORT,VANECK E T F TRUST
90386.0,MOS,MOSAIC CO NEW
17201.0,MOSC,MOSAIC ACQUISITION CORP
17201.0,MOSC,MOSAIC ACQUISITION CORP DE
89029.0,MOSY,MOSYS INC
22164.0,MOTE,VANECK E T F TRUST
18188.0,MOTG,VANECK E T F TRUST
15578.0,MOTI,MARKET VECTORS E T F TRUST
15578.0,MOTI,VANECK VECTORS E T F TRUST
15578.0,MOTI,VANECK E T F TRUST
20307.0,MOTN,MOTION ACQUISITION CORP
19050.0,MOTO,GUINNESS ATKINSON FUNDS
17325.0,MOTS,MOTUS GI HOLDINGS INC
79611.0,MOV,MOVADO GROUP INC
20848.0,MOVE,MOVANO INC
16466.0,MOXC,MOXIAN INC
16466.0,MOXC,MOXIAN BVI INC
19433.0,MP,M P MATERIALS CORP
78061.0,MPA,BLACKROCK MUNIYIELD PENN QLTY FD
80341.0,MPAA,MOTORCAR PARTS OF AMERICA INC
16674.0,MPAC,MATLIN & PARTNERS ACQ CORP
21575.0,MPAC,MODEL PERFORMANCE ACQ CORP
23076.0,MPAY,EXCHANGE LISTED FUNDS TRUST
85656.0,MPB,MID PENN BANCORP INC
12872.0,MPC,MARATHON PETROLEUM CORP
16015.0,MPCT,ISHARES TRUST
91673.0,MPEL,MELCO CROWN ENTERTAINMENT LTD
89790.0,MPET,MAGELLAN PETROLEUM CORP
15105.0,MPG,METALDYNE PERFORMANCE GROUP INC
19331.0,MPLN,MULTIPLAN CORP
13618.0,MPLX,M P L X L P
13349.0,MPO,MIDSTATES PETROLEUM CO INC
16442.0,MPO,MIDSTATES PETROLEUM CO INC
20718.0,MPRO,NORTHERN LIGHTS FUND TR IV
15734.0,MPSX,MULTI PACKAGING SOL INTL LTD
23381.0,MPTI,M TRON INDUSTRIES INC
85757.0,MPU,MEGA MATRIX CORP
85757.0,MPU,MEGA MATRIX INC
75405.0,MPV,BABSON CAP PARTICIPATION INVS
75405.0,MPV,BARINGS PARTICIPATION INVESTORS
83532.0,MPVD,MOUNTAIN PROVINCE DIAMONDS INC
90790.0,MPW,MEDICAL PROPERTIES TRUST INC
90455.0,MPWR,MONOLITHIC PWR SYS INC
88895.0,MPX,MARINE PRODUCTS CORP
21345.0,MQ,MARQETA INC
25576.0,MQQQ,INVESTMENT MANAGERS SERIES TR II
77925.0,MQT,BLACKROCK MUNIYIELD QLTY FUND II
77806.0,MQY,BLACKROCK MUNIYIELD QUALITY FUND
14719.0,MR,MONTAGE RESOURCES CORP
20223.0,MRAD,GUINNESS ATKINSON FUNDS
22217.0,MRAI,MARPAI INC
16392.0,MRAM,EVERSPIN TECHNOLOGIES INC
17117.0,MRBK,MERIDIAN BANK
17117.0,MRBK,MERIDIAN CORP
13343.0,MRC,M R C GLOBAL INC
13650.0,MRCC,MONROE CAPITAL CORP
24911.0,MRCP,P G I M ROCK ETF TRUST
85738.0,MRCY,MERCURY SYSTEMS INC
14703.0,MRD,MEMORIAL RESOURCE DEVELOPMENT CO
82476.0,MRDN,MERIDIAN WASTE SOLUTIONS INC
18483.0,MREO,MEREO BIOPHARMA GROUP PLC
17600.0,MRGR,PROSHARES TRUST
18806.0,MRIC,M R I INTERVENTIONS INC
13812.0,MRIN,MARIN SOFTWARE INC
22752.0,MRK,MERCK & CO INC NEW
16472.0,MRKR,MARKER THERAPEUTICS INC
14704.0,MRKT,MARKIT LTD
89913.0,MRLN,MARLIN BUSINESS SVCS CORP
20308.0,MRM,MEDIROM HEALTHCARE TECHNOL INC
18312.0,MRNA,MODERNA INC
22853.0,MRND,INDEXIQ E T F TRUST
24954.0,MRNO,MURANO GLOBAL INVESTMENTS PLC
14815.0,MRNS,MARINUS PHARMACEUTICALS INC
24448.0,MRNY,TIDAL TRUST II
15069.0,MRO,MARATHON OIL CORP
19445.0,MRSK,NORTHERN LIGHTS FUND TRUST
16792.0,MRSN,MERSANA THERAPEUTICS INC
16332.0,MRT,MEDEQUITIES REALTY TRUST INC
21823.0,MRT,MARTI TECHNOLOGIES INC
75517.0,MRTN,MARTEN TRANSPORT LTD
14054.0,MRTX,MIRATI THERAPEUTICS INC
16062.0,MRUS,MERUS N V
78179.0,MRVC,M R V COMMUNICATIONS INC
20059.0,MRVI,MARAVAI LIFESCIENCES HLDGS INC
88360.0,MRVL,MARVELL TECHNOLOGY GROUP LTD
88360.0,MRVL,MARVELL TECHNOLOGY INC
25027.0,MRX,MAREX GROUP PLC
69032.0,MS,MORGAN STANLEY DEAN WITTER & CO
54253.0,MSA,M S A SAFETY INC
22341.0,MSAI,INFRARED CAMERAS HOLDINGS INC
22341.0,MSAI,MULTISENSOR AI HOLDINGS INC
27975.0,MSB,MESABI TRUST
91741.0,MSBF,M S B FINANCIAL CORP NEW
16063.0,MSBI,MIDLAND STATES BANCORP INC
18185.0,MSC,STUDIO CITY INTL HOLDINGS
53640.0,MSCC,MICROSEMI CORP
92402.0,MSCI,M S C I INC
79447.0,MSD,MORGAN STANLEY EMRG MKTS FD INC
16178.0,MSDI,MONSTER DIGITAL INC
24780.0,MSDL,MORGAN STANLEY DIRECT LENDING FD
53859.0,MSEX,MIDDLESEX WATER CO
77066.0,MSF,MORGAN STANLEY EMG MKS FD INC N
23419.0,MSFD,DIREXION SHARES E T F TRUST
77256.0,MSFG,MAINSOURCE FINANCIAL GROUP INC
24955.0,MSFL,GRANITESHARES E T F TRUST
24135.0,MSFO,TIDAL TRUST II
10107.0,MSFT,MICROSOFT CORP
23420.0,MSFU,DIREXION SHARES E T F TRUST
24752.0,MSFX,E T F OPPORTUNITIES TRUST
24446.0,MSFY,NEOS ETF TRUST
25845.0,MSFY,KURV ETF TRUST
15649.0,MSG,MADISON SQUARE GARDEN CO NEW
93233.0,MSG,MADISON SQUARE GARDEN CO
19316.0,MSGE,MADISON SQUARE GARDEN ENTMT CORP
23816.0,MSGE,MADISON SQUARE GARDEN E CORP NEW
20439.0,MSGM,MOTORSPORT GAMES INC
93233.0,MSGN,M S G NETWORKS INC
22448.0,MSGR,DIREXION SHARES E T F TRUST
15649.0,MSGS,MADISON SQUARE GARD SPORTS CORP
22779.0,MSI,MOTOROLA SOLUTIONS INC
79131.0,MSL,MIDSOUTH BANCORP INC
25943.0,MSLC,MORGAN STANLEY PATHWAY FUNDS
88336.0,MSLI,MERUS LABS INTERNATIONAL INC
82777.0,MSM,M S C INDUSTRIAL DIRECT INC
22379.0,MSMR,E T F SERIES SOLUTIONS
81124.0,MSN,EMERSON RADIO CORP
77282.0,MSON,MISONIX INC
19745.0,MSOS,ADVISORSHARES TRUST
23274.0,MSOX,ADVISORSHARES TRUST
19856.0,MSP,DATTO HOLDING CORP
90651.0,MSP,MADISON STRATEGIC SECTOR PREM FD
19978.0,MSPR,M S P RECOVERY INC
24486.0,MSS,MAISON SOLUTIONS INC
25942.0,MSSM,MORGAN STANLEY PATHWAY FUNDS
24908.0,MSSS,NORTHERN LIGHTS FUND TR IV
19753.0,MSTB,E T F SERIES SOLUTIONS
24223.0,MSTI,MADISON E T F S TRUST
22933.0,MSTQ,E T F SERIES SOLUTIONS
86211.0,MSTR,MICROSTRATEGY INC
25455.0,MSTU,E T F OPPORTUNITIES TRUST
25411.0,MSTX,TIDAL TRUST II
90101.0,MSTX,MAST THERAPEUTICS INC
24859.0,MSTY,TIDAL TRUST II
25454.0,MSTZ,E T F OPPORTUNITIES TRUST
17410.0,MSUS,E T F SERIES SOLUTIONS
17969.0,MSVB,MID SOUTHERN BANCORP INC
19365.0,MSVX,E T F SERIES SOLUTIONS
85261.0,MT,ARCELORMITTAL S A LUXEMBOURG
19162.0,MTA,METALLA ROYALTY & STREAMING LTD
20612.0,MTAC,MEDTECH ACQUISITION CORP
22072.0,MTAL,METALS ACQUISITION CORP
23995.0,MTAL,METALS ACQUISITION LTD
23995.0,MTAL,M A C COPPER LTD
35554.0,MTB,M & T BANK CORP
24530.0,MTBA,SIMPLIFY EXCHANGE TRADED FUNDS
14818.0,MTBC,MEDICAL TRANSCRIPTION BILL CORP
14818.0,MTBC,M T B C INC
14818.0,MTBC,CARECLOUD INC
12759.0,MTBL,MOATABLE INC
18365.0,MTC,MMTEC INC
15850.0,MTCH,MATCH GROUP INC NEW
15850.0,MTCH,MATCH GROUP INC
19837.0,MTCR,METACRINE INC
85621.0,MTD,METTLER TOLEDO INTERNATIONAL INC
13244.0,MTDR,MATADOR RESOURCES CO
17326.0,MTEC,M TECH ACQUISITION CORP
22784.0,MTEK,MARIS TECH LTD
90604.0,MTEM,MOLECULAR TEMPLATES INC
25028.0,MTEN,MINGTENG INTERNATIONAL CORP INC
86728.0,MTEX,MANNATECH INC
16469.0,MTFB,MOTIF BIO PLC
76804.0,MTG,M G I C INVESTMENT CORP WIS
12965.0,MTGE,AMERICAN CAPITAL MTG INVT CORP
12965.0,MTGE,M T G E INVESTMENT CORP
19060.0,MTGP,WISDOMTREE TRUST
75342.0,MTH,MERITAGE HOMES CORP
88610.0,MTK,SPDR SERIES TRUST
90384.0,MTL,MECHEL O A O
90384.0,MTL,MECHEL P A O
14705.0,MTLS,MATERIALISE NV
85757.0,MTMT,MEGA MATRIX CORP
84588.0,MTN,VAIL RESORTS INC
16613.0,MTNB,MATINAS BIOPHARMA HOLDINGS INC
85349.0,MTOR,MERITOR INC
15904.0,MTP,MIDATECH PHARMA PLC
62922.0,MTR,MESA ROYALTY TRUST
55597.0,MTRN,MATERION CORP
76279.0,MTRX,MATRIX SERVICE CO
50623.0,MTSC,M T S SYSTEMS CORP
13326.0,MTSI,M A COM TECHNOLOGY SOLS HLDS INC
13326.0,MTSI,MACOM TECHNOLOGY SOLS HLDS INC
84819.0,MTSL,M E R TELEMANAGEMENT SOLTNS LTD
80943.0,MTSN,MATTSON TECHNOLOGY INC
92901.0,MTT,WESTERN ASSET MUN DEF OPP TR INC
20601.0,MTTR,MATTERPORT INC
75811.0,MTU,MITSUBISHI UFJ FINANCIAL GP INC
13851.0,MTUM,ISHARES TRUST
14684.0,MTUS,METALLUS INC
16255.0,MTVA,METAVIA INC
22105.0,MTVR,EXCHANGE TRADED CONCEPTS TR
51263.0,MTW,MANITOWOC CO INC
78015.0,MTX,MINERALS TECHNOLOGIES INC
19880.0,MTZ,MASTEC INC
53613.0,MU,MICRON TECHNOLOGY INC
79448.0,MUA,BLACKROCK MUNIASSETS FUND INC
92273.0,MUB,ISHARES TRUST
85916.0,MUC,BLACKROCK MUNIHLDGS CA QLTY FD
25733.0,MUD,DIREXION SHARES E T F TRUST
17366.0,MUDS,MUDRICK CAPITAL ACQ CORP
86754.0,MUE,BLACKROCK MUNIHLDGS QLTY FD II
75811.0,MUFG,MITSUBISHI UFJ FINANCIAL GP INC
85917.0,MUH,BLACKROCK MUNIHOLDINGS FUND II
89783.0,MUI,BLACKROCK MUNI INTERM DUR FD INC
89783.0,MUI,BLACKROCK MUNI INCOME FUND INC
85918.0,MUJ,BLACKROCK MUNIHLDGS NJ QLTY FD
16614.0,MULE,MULESOFT INC
25811.0,MULL,GRANITESHARES E T F TRUST
12350.0,MULN,MULLEN AUTOMOTIVE INC
93180.0,MUNI,PIMCO E T F TRUST
28345.0,MUR,MURPHY OIL CORP
24495.0,MURA,MURAL ONCOLOGY PLC
22908.0,MURF,MURPHY CANYON ACQUISITION CORP
86023.0,MUS,BLACKROCK MUNIHLDGS QLTY FD INC
14076.0,MUSA,MURPHY USA INC
25827.0,MUSE,T C W ETF TRUST
21621.0,MUSI,AMERICAN CENTURY E T F TRUST
24025.0,MUSQ,EXCHANGE TRADED CONCEPTS TR
18153.0,MUST,COLUMBIA E T F TRUST I
18341.0,MUTE,DIREXION SHARES E T F TRUST
25736.0,MUU,DIREXION SHARES E T F TRUST
70704.0,MUX,MCEWEN MINING INC
24922.0,MVAL,VANECK E T F TRUST
17151.0,MVBF,M V B FINANCIAL CORP
88307.0,MVC,M V C CAPITAL INC
75354.0,MVF,BLACKROCK MUNIVEST FUND INC
24907.0,MVFD,NORTHERN LIGHTS FUND TR IV
24906.0,MVFG,NORTHERN LIGHTS FUND TR IV
92181.0,MVG,M A G SILVER CORP
16443.0,MVIN,NATIXIS E T F TRUST
83885.0,MVIS,MICROVISION INC WA
20710.0,MVP,LISTED FUNDS TRUST
24722.0,MVPA,ADVISOR MANAGED PORTFOLIOS
24832.0,MVPL,ADVISOR MANAGED PORTFOLIOS
21623.0,MVPS,AMPLIFY ETF TRUST
18457.0,MVST,MICROVAST HOLDINGS INC
79139.0,MVT,BLACKROCK MUNIVEST FUND II INC
91310.0,MVV,PROSHARES TRUST
77516.0,MW,MENS WEARHOUSE INC
91234.0,MWA,MUELLER WATER PRODUCTS INC
23852.0,MWG,MULTI WAYS HOLDINGS LTD
18780.0,MWK,MOHAWK GROUP HOLDINGS INC
84342.0,MWW,MONSTER WORLDWIDE INC
12629.0,MX,MAGNACHIP SEMICONDUCTOR CORP
89857.0,MXC,MEXCO ENERGY CORP
21745.0,MXCT,MAXCYTE INC
17376.0,MXDE,E T F SERIES SOLUTIONS
16945.0,MXDU,E T F SERIES SOLUTIONS
76273.0,MXE,MEXICO EQUITY & INCOME FUND
62930.0,MXF,MEXICO FUND INC
91447.0,MXI,ISHARES TRUST
11896.0,MXIM,MAXIM INTEGRATED PRODUCTS INC
93289.0,MXL,MAXLINEAR INC
15263.0,MXPT,MAXPOINT INTERACTIVE INC
51960.0,MXWL,MAXWELL TECHNOLOGIES INC
12324.0,MY,CHINA MING YANG WIND PWR GRP LTD
77466.0,MYC,BLACKROCK MUNIYIELD CA FUND INC
14131.0,MYCC,CLUBCORP HOLDINGS INC
25577.0,MYCF,SSGA ACTIVE TRUST
25578.0,MYCG,SSGA ACTIVE TRUST
25579.0,MYCH,SSGA ACTIVE TRUST
25580.0,MYCI,SSGA ACTIVE TRUST
25581.0,MYCJ,SSGA ACTIVE TRUST
25584.0,MYCK,SSGA ACTIVE TRUST
25585.0,MYCL,SSGA ACTIVE TRUST
25586.0,MYCM,SSGA ACTIVE TRUST
25587.0,MYCN,SSGA ACTIVE TRUST
77152.0,MYD,BLACKROCK MUNIYIELD FUND INC
65365.0,MYE,MYERS INDUSTRIES INC
77467.0,MYF,BLACKROCK MUNIYIELD INVESTMNT FD
17970.0,MYFW,FIRST WESTERN FINANCIAL INC
82508.0,MYGN,MYRIAD GENETICS INC
77548.0,MYI,BLACKROCK MUNIYLD QLTY FD III
77607.0,MYJ,BLACKROCK MUNIYIELD NJ FUND INC
69550.0,MYL,MYLAN N V
24747.0,MYLD,CAMBRIA E T F TRUST
14419.0,MYMD,MYMD PHARMACEUTICALS INC
25588.0,MYMF,SSGA ACTIVE TRUST
25589.0,MYMG,SSGA ACTIVE TRUST
25592.0,MYMH,SSGA ACTIVE TRUST
25593.0,MYMI,SSGA ACTIVE TRUST
25594.0,MYMJ,SSGA ACTIVE TRUST
77469.0,MYN,BLACKROCK MUNIYLD NY QLTY FD INC
22327.0,MYNA,MYNARIC A G
16825.0,MYND,MYND ANALYTICS INC
16962.0,MYND,MYND A I INC
22328.0,MYNZ,MAINZ BIOMED B V
22328.0,MYNZ,MAINZ BIOMED N V
16765.0,MYO,MYOMO INC
15788.0,MYOK,MYOKARDIA INC
14820.0,MYOS,MYOS CORP
14820.0,MYOS,MYOS RENS TECHNOLOGY INC
16451.0,MYOV,MYOVANT SCIENCES LTD
20277.0,MYPS,PLAYSTUDIOS INC
92782.0,MYRG,M Y R GROUP INC DE
16179.0,MYSZ,MY SIZE INC
15423.0,MYT,URBAN TEA INC
20382.0,MYTE,M Y T NETHERLANDS PARENT B V
91314.0,MYY,PROSHARES TRUST
79914.0,MZA,BLACKROCK MUNIYIELD AZ FUND INC
89811.0,MZF,MANAGED DURATION INVT GRD MUN FD
13933.0,MZOR,MAZOR ROBOTICS LTD
91384.0,MZZ,PROSHARES TRUST
92497.0,N,NETSUITE INC
23234.0,NA,NANO LABS LTD
24830.0,NA,NANO LABS LTD
16998.0,NAAS,NAAS TECHNOLOGY INC
21596.0,NABL,N ABLE INC
86872.0,NAC,NUVEEN CALIFORNIA DIV ADV MUN FU
86872.0,NAC,NUVEEN CALIFORNIA QUA MUN INC FD
17993.0,NACP,IMPACT SHARES TRUST I
17993.0,NACP,TIDAL TRUST III
86870.0,NAD,NUVEEN DIVIDEND ADV MUN FUND
86870.0,NAD,NUVEEN QUALITY MUNI INCOME FUND
14417.0,NADL,NORTH ATLANTIC DRILLING LTD
11654.0,NAII,NATURAL ALTERNATIVES INTL INC
15615.0,NAIL,DIREXION SHARES E T F TRUST
90443.0,NAK,NORTHERN DYNASTY MINERALS LTD
15905.0,NAKD,NAKED BRAND GROUP INC
17854.0,NAKD,NAKED BRAND GROUP LTD
17854.0,NAKD,NAKED BRAND GROUP LTD NEW
14821.0,NAME,RIGHTSIDE GROUP LTD
26006.0,NAMI,JINXIN TECHNOLOGY HOLDING CO
23516.0,NAMS,NEWAMSTERDAM PHARMA CO NV
86871.0,NAN,NUVEEN NY DIVIDEND ADV MUNI FD
86871.0,NAN,NUVEEN NY QUALITY MUNI INCOME FD
23709.0,NANC,SERIES PORTFOLIOS TRUST
25888.0,NANC,TIDAL E T F TRUST
90377.0,NANO,NANOMETRICS INC
15888.0,NANR,SPDR INDEX SHARES FUNDS
14756.0,NAO,NORDIC AMERICAN OFFSHORE LTD
17041.0,NAOV,NANOVIBRONIX INC
15055.0,NAP,NAVIOS MARITIME MIDSTR PTNRS LP
20654.0,NAPA,DUCKHORN PORTFOLIO INC
19339.0,NAPR,INNOVATOR E T F S TRUST
19358.0,NARI,INARI MEDICAL INC
14073.0,NASH,LOCALSHARES INVESTMENT TRUST
85346.0,NAT,NORDIC AMERICAN TANKERS LTD
78900.0,NATH,NATHANS FAMOUS INC NEW
81501.0,NATI,NATIONAL INSTRUMENTS CORP
24296.0,NATL,N C R ATLEOS CORP
90540.0,NATL,NATIONAL INTERSTATE CORP
56945.0,NATR,NATURES SUNSHINE PRODUCTS INC
25377.0,NAUG,INNOVATOR E T F S TRUST
93399.0,NAUH,NATIONAL AMERICAN UNIV HLDGS INC
19620.0,NAUT,NAUTILUS BIOTECHNOLOGY INC
12503.0,NAV,NAVISTAR INTERNATIONAL CORP
78066.0,NAVB,NAVIDEA BIOPHARMACEUTICALS INC
10395.0,NAVG,NAVIGATORS GROUP INC
14601.0,NAVI,NAVIENT CORP
78107.0,NAZ,NUVEEN AZ PREM INCOME MUNI FD
78107.0,NAZ,NUVEEN AZ QUALITY MUNI INCOME FD
23796.0,NB,NIOCORP DEVELOPMENTS LTD
19352.0,NBAC,NEWBORN ACQUISITION CORP
93325.0,NBB,NUVEEN BUILD AMERICA BOND FUND
93325.0,NBB,NUVEEN TAXABLE MUNICIPAL INC FD
24658.0,NBBK,N B BANCORP INC
23002.0,NBCC,NEUBERGER BERMAN ETF TRUST
24431.0,NBCE,NEUBERGER BERMAN ETF TRUST
23485.0,NBCM,NEUBERGER BERMAN ETF TRUST
25383.0,NBCR,NEUBERGER BERMAN ETF TRUST
23000.0,NBCT,NEUBERGER BERMAN ETF TRUST
12379.0,NBD,NUVEEN BUILD AMERICA BOND OPP FD
23001.0,NBDS,NEUBERGER BERMAN ETF TRUST
23000.0,NBET,NEUBERGER BERMAN ETF TRUST
16593.0,NBEV,NEW AGE BEVERAGES CORP
16593.0,NBEV,NEWAGE INC
25182.0,NBFC,NEUBERGER BERMAN ETF TRUST
24434.0,NBGR,NEUBERGER BERMAN ETF TRUST
25944.0,NBGX,NEUBERGER BERMAN ETF TRUST
89513.0,NBH,NEUBERGER BERMAN INTER FD INC
89513.0,NBH,NEUBERGER BERMAN MUNI FD INC
13579.0,NBHC,NATIONAL BANK HOLDINGS CORP
12799.0,NBIS,NEBIUS GROUP N V
83534.0,NBIX,NEUROCRINE BIOSCIENCES INC
25485.0,NBJP,NEUBERGER BERMAN ETF TRUST
61815.0,NBL,NOBLE ENERGY INC
16333.0,NBLX,NOBLE MIDSTREAM PARTNERS LP
75556.0,NBN,NORTHEAST BANCORP
75556.0,NBN,NORTHEAST BANK
89512.0,NBO,NEUBERGER BERMAN NY INT MU FD IN
89512.0,NBO,NEUBERGER BERMAN NY MUNI FD INC
24781.0,NBOS,NEUBERGER BERMAN ETF TRUST
29102.0,NBR,NABORS INDUSTRIES LTD
15656.0,NBRV,NABRIVA THERAPEUTICS PLC
20197.0,NBRV,NABRIVA THERAPEUTICS AG
25183.0,NBSD,NEUBERGER BERMAN ETF TRUST
13965.0,NBSE,NEUBASE THERAPEUTICS INC
24904.0,NBSM,NEUBERGER BERMAN ETF TRUST
77415.0,NBTB,N B T BANCORP INC
25947.0,NBTR,NEUBERGER BERMAN ETF TRUST
20309.0,NBTX,NANOBIOTIX S A
89511.0,NBW,NEUBERGER BERMAN CA INT MU FD IN
89511.0,NBW,NEUBERGER BERMAN CA MUNI FD INC
92345.0,NBY,NOVABAY PHARMACEUTICALS INC
28118.0,NC,NACCO INDUSTRIES INC
75239.0,NCA,NUVEEN CALIFORNIA MUN VALUE FD
22580.0,NCAC,NEWCOURT ACQUISITION CORP
92908.0,NCB,NUVEEN CALIF MUNI VALUE FUND 2
15948.0,NCBS,NICOLET BANKSHARES INC
24784.0,NCDL,NUVEEN CHURCHILL DIR LEND CORP
25029.0,NCI,NEO CONCEPT INTL GRP HLDGS LTD
84103.0,NCI,NAVIGANT CONSULTING INC
90956.0,NCIT,N C I INC
24435.0,NCL,NORTHANN CORP
13760.0,NCLH,NORWEGIAN CRUISE LINE HLDGS LTD
25948.0,NCLO,NUSHARES E T F TRUST
91822.0,NCMI,NATIONAL CINEMEDIA INC
16929.0,NCNA,NUCANA PLC
24163.0,NCNC,NOCO NOCO INC
19565.0,NCNO,NCINO INC
19565.0,NCNO,NCINO INC NEW
15270.0,NCOM,NATIONAL COMMERCE CORP
24956.0,NCPB,NUSHARES E T F TRUST
23235.0,NCPL,NETCAPITAL INC
13350.0,NCQ,NOVACOPPER INC
84372.0,NCR,N C R CORP NEW
23265.0,NCRA,NOCERA INC
77501.0,NCS,N C I BUILDING SYSTEMS INC
16675.0,NCSM,N C S MULTISTAGE HOLDINGS INC
89548.0,NCT,NEWCASTLE INVESTMENT CORP
90483.0,NCTY,THE9 LTD
89707.0,NCV,ALLIANZGI CONVERT & INCOME FD
89707.0,NCV,VIRTUS ALLIANZGI CON & INC FD
89707.0,NCV,VIRTUS CONV & INCOME FUND
89784.0,NCZ,ALLIANZGI CONVERT & INC FD II
89784.0,NCZ,VIRTUS ALLIANZGI CON & INC FD II
89784.0,NCZ,VIRTUS CONV & INCOME FUND II
25738.0,NDAA,TIDAL E T F TRUST
90601.0,NDAQ,NASDAQ INC
25884.0,NDEC,INNOVATOR E T F S TRUST
24150.0,NDIA,GLOBAL X FUNDS
23277.0,NDIV,AMPLIFY ETF TRUST
22454.0,NDJI,E T F SERIES SOLUTIONS
13959.0,NDLS,NOODLES & CO
25075.0,NDOW,COLLABORATIVE INV SERIES TRUST
16793.0,NDRA,ENDRA LIFE SCIENCES INC
15074.0,NDRM,NEURODERM LTD
57809.0,NDSN,NORDSON CORP
21812.0,NDVG,NUSHARES E T F TRUST
21430.0,NE,NOBLE CORP
23344.0,NE,NOBLE CORP PLC
90537.0,NE,NOBLE CORP PLC
89603.0,NEA,NUVEEN AMT FREE MUNI INC FUND
89603.0,NEA,NUVEEN AMT FREE QLTY MUNI INC FD
17461.0,NEAR,ISHARES U S ETF TRUST
17367.0,NEBU,NEBULA ACQUISITION CORP
21746.0,NECB,NORTHEAST CMNTY BANCORP INC MD
24205.0,NEE,NEXTERA ENERGY INC
18226.0,NEED,DIREXION SHARES E T F TRUST
15045.0,NEFF,NEFF CORP
93350.0,NEGG,NEWEGG COMMERCE INC
26010.0,NEHC,NEW ERA HELIUM INC
21207.0,NEM,NEWMONT MINING CORP
21207.0,NEM,NEWMONT GOLDCORP CORP
21207.0,NEM,NEWMONT CORP
90329.0,NEN,NEW ENGLAND REALTY ASSOC L P
13704.0,NEO,NEOGENOMICS INC
75976.0,NEOG,NEOGEN CORP
68145.0,NEON,NEONODE INC
15531.0,NEOS,NEOS THERAPEUTICS INC
15075.0,NEOT,NEOTHETICS INC
23236.0,NEOV,NEOVOLTA INC
14734.0,NEP,NEXTERA ENERGY PARTNERS LP
18899.0,NEPH,NEPHROS INC
92222.0,NEPT,NEPTUNE TECH & BIORESOURCES INC
92222.0,NEPT,NEPTUNE WELLNESS SOLUTIONS INC
18760.0,NERD,LISTED FUNDS TRUST
14822.0,NERV,MINERVA NEUROSCIENCES INC
17017.0,NES,NUVERRA ENVIRONMENTAL SOLUTS INC
92395.0,NES,NUVERRA ENVIRONMENTAL SOLUTS INC
16794.0,NESR,NATIONAL ENERGY SVCS REUNIT CORP
18909.0,NET,CLOUDFLARE INC
22726.0,NETC,NABORS ENERGY TRANSITION CORP
12350.0,NETE,NET ELEMENT INC
14344.0,NETI,ENETI INC
18432.0,NETL,E T F SERIES SOLUTIONS
16669.0,NETS,NETSHOES CAYMAN LTD
22843.0,NETZ,ENGINE NO 1 ETF TRUST
22843.0,NETZ,T C W ETF TRUST
42550.0,NEU,NEWMARKET CORP
21369.0,NEUE,NEUEHEALTH INC
93026.0,NEV,NUVEEN ENHANCED MUNICIPAL VAL FD
17939.0,NEW,PUXIN LTD
16826.0,NEWA,NEWATER TECHNOLOGY INC
14490.0,NEWM,NEW MEDIA INVESTMENT GROUP INC
21228.0,NEWP,NEW PACIFIC METALS CORP
57534.0,NEWP,NEWPORT CORP
15108.0,NEWR,NEW RELIC INC
91674.0,NEWS,NEWSTAR FINANCIAL INC
58836.0,NEWT,NEWTEK BUSINESS SERVICES CORP
58836.0,NEWT,NEWTEKONE INC
25030.0,NEWZ,E A SERIES TRUST
16557.0,NEX,NEXTIER OILFIELD SOLUTIONS INC
17033.0,NEXA,NEXA RESOURCES S A
20613.0,NEXI,NEXIMMUNE INC
21587.0,NEXN,NEXXEN INTERNATIONAL LTD
15293.0,NEXT,NEXTDECADE CORP
92443.0,NFBK,NORTHFIELD BANCORP INC DE
18010.0,NFC,NEW FRONTIER CORP
18368.0,NFE,NEW FORTRESS ENERGY LLC
18368.0,NFE,NEW FORTRESS ENERGY INC
12358.0,NFEC,N F ENERGY SAVING CORP
25590.0,NFG,NATIONAL FUEL GAS CO N J
22039.0,NFGC,NEW FOUND GOLD CORP
18010.0,NFH,NEW FRONTIER HEALTH CORP
18900.0,NFIN,NETFIN ACQUISITION CORP
90563.0,NFJ,ALLIANZGI N F J DIV INT & PR STR
90563.0,NFJ,ALLIANZGI DIV INT & PREM STR FD
90563.0,NFJ,VIRTUS DIV INT & PREM STR FD
24445.0,NFLP,NEOS ETF TRUST
25846.0,NFLP,KURV ETF TRUST
15618.0,NFLT,ETFIS SERIES TRUST I
25453.0,NFLU,E T F OPPORTUNITIES TRUST
89393.0,NFLX,NETFLIX INC
24131.0,NFLY,TIDAL TRUST II
17721.0,NFO,INVESCO E T F TRUST
91442.0,NFO,CLAYMORE E T F TRUST
14210.0,NFRA,FLEXSHARES TRUST
23731.0,NFTG,NFT GAMING COMPANY INC
13219.0,NFTY,FIRST TR EXCH TRD ALPHADEX FD II
22456.0,NFTZ,E T F SERIES SOLUTIONS
79915.0,NFX,NEWFIELD EXPLORATION CO
25739.0,NFXL,DIREXION SHARES E T F TRUST
25740.0,NFXS,DIREXION SHARES E T F TRUST
89965.0,NG,NOVAGOLD RESOURCES INC
20310.0,NGAC,NEXTGEN ACQUISITION CORP
90433.0,NGD,NEW GOLD INC
13842.0,NGE,GLOBAL X FUNDS
87280.0,NGG,NATIONAL GRID PLC
14464.0,NGHC,NATIONAL GENERAL HOLDINGS CORP
12745.0,NGL,N G L ENERGY PARTNERS LP
91823.0,NGLS,TARGA RESOURCES PARTNERS LP
18561.0,NGM,N G M BIOPHARMACEUTICALS INC
20157.0,NGMS,NEOGAMES S A
14535.0,NGNE,NEUROGENE INC
89546.0,NGS,NATURAL GAS SERVICES GROUP INC
13508.0,NGVC,NATRL GROCERS BY VIT COTTAGE INC
16044.0,NGVT,INGEVITY CORP
16100.0,NH,NANTHEALTH INC
72338.0,NHC,NATIONAL HEALTHCARE CORP
91301.0,NHF,NEXPOINT CREDIT STRATEGIES FUND
91301.0,NHF,NEXPOINT STRATEGIC OPP FUND
77057.0,NHI,NATIONAL HEALTH INVESTORS INC
19838.0,NHIC,NEWHOLD INVESTMENT CORP
11441.0,NHLD,NATIONAL HOLDINGS CORP
89780.0,NHS,NEUBERGER BERMAN HG YD STRAT FD
81728.0,NHTC,NATURAL HEALTH TRENDS CORP
14051.0,NHWK,NIGHTHAWK BIOSCIENCES INC
38762.0,NI,NISOURCE INC
15948.0,NIC,NICOLET BANKSHARES INC
82830.0,NICE,NICE SYSTEMS LTD
82830.0,NICE,NICE LTD
85705.0,NICK,NICHOLAS FINANCIAL INC
13729.0,NID,NUVEEN INTER DURAT MUNI TERM FD
91757.0,NIE,ALLIANZGI EQUITY & CONV INC FD
91757.0,NIE,VIRTUS ALLIANZGI EQ & CON INC FD
19419.0,NIFE,DIREXION SHARES E T F TRUST
15532.0,NIHD,N I I HOLDINGS INC
23797.0,NIKL,SPROTT FUNDS TRUST
84302.0,NILE,BITNILE HOLDINGS INC
90187.0,NILE,BLUE NILE INC
77910.0,NIM,NUVEEN SELECT MATURITIES MUN FD
17251.0,NINE,NINE ENERGY SERVICES INC
18087.0,NIO,N I O INC
76818.0,NIO,NUVEEN MUNICIPAL OPPTY FUND INC
25344.0,NIPG,NIP GROUP INC
13774.0,NIQ,NUVEEN INTER DUR QLTY MUNI TM FD
16524.0,NISN,NISUN INTL ENT DEV GP CO LTD
16930.0,NITE,NIGHTSTAR THERAPEUTICS PLC
25165.0,NITE,CAPITOL SERIES TRUST
21335.0,NITO,N2OFF INC
18206.0,NIU,NIU TECHNOLOGIES
25031.0,NIVF,NEWGENLVF GROUP LTD
23164.0,NIWM,UNIFIED SERIES TRUST
25595.0,NIXT,E A SERIES TRUST
21577.0,NIXX,NIXXY INC
89156.0,NJ,NIDEC CORP
19152.0,NJAN,INNOVATOR E T F S TRUST
25447.0,NJNK,COLUMBIA E T F TRUST I
64450.0,NJR,NEW JERSEY RES
19525.0,NJUL,INNOVATOR E T F S TRUST
25175.0,NJUN,INNOVATOR E T F S TRUST
92909.0,NJV,NUVEEN NEW JERSEY MUNI VALUE FUN
92909.0,NJV,NUVEEN NEW JERSEY MUNI VALUE FD
15533.0,NK,NANTKWEST INC
93381.0,NKA,NISKA GAS STORAGE PARTNERS LLC
57665.0,NKE,NIKE INC
23239.0,NKEL,INVESTMENT MANAGERS SERIES TR II
23240.0,NKEQ,INVESTMENT MANAGERS SERIES TR II
89516.0,NKG,NUVEEN GA DIV ADV MUNI FD 2
89516.0,NKG,NUVEEN GA QUALITY MUNI INCOME FD
21644.0,NKGN,NKGEN BIOTECH INC
17907.0,NKLA,NIKOLA CORP
87505.0,NKSH,NATIONAL BANKSHARES INC
80539.0,NKTR,NEKTAR THERAPEUTICS
19499.0,NKTX,NKARTA INC
89600.0,NKX,NUVEEN CA AMT FREE MUNI INC FD
89600.0,NKX,NUVEEN CA AMT FREE QU MUN INC FD
12901.0,NKY,PRECIDIAN ETFS TRUST
13303.0,NL,N L INDUSTRIES INC
13111.0,NLNK,NEWLINK GENETICS CORP
75607.0,NLOK,NORTONLIFELOCK INC
24298.0,NLOP,NET LEASE OFFICE PROPERTIES
92251.0,NLR,MARKET VECTORS E T F TRUST
92251.0,NLR,VANECK VECTORS E T F TRUST
92251.0,NLR,VANECK E T F TRUST
86889.0,NLS,NAUTILUS INC
12542.0,NLSN,NIELSEN HOLDINGS PLC
20442.0,NLSP,N L S PHARMACEUTICS LTD
91616.0,NLST,NETLIST INC
14535.0,NLTX,NEOLEUKIN THERAPEUTICS INC
85414.0,NLY,ANNALY CAPITAL MANAGEMENT INC
90965.0,NM,NAVIOS MARITIME HOLDINGS INC
75884.0,NMA,NUVEEN MUNICIPAL ADVANTAGE FUND
25500.0,NMB,SIMPLIFY EXCHANGE TRADED FUNDS
14340.0,NMBL,NIMBLE STORAGE INC
18313.0,NMCI,NAVIOS MARITIME CONTAINERS L P
12747.0,NMFC,NEW MOUNTAIN FINANCE CORP
21230.0,NMG,NOUVEAU MONDE GRAPHITE INC
24957.0,NMHI,NATURES MIRACLE HOLDING INC
75306.0,NMI,NUVEEN MUNCIPAL INCOME FUND INC
14318.0,NMIH,N M I HOLDINGS INC
92426.0,NMM,NAVIOS MARITIME PARTNERS L P
76121.0,NMO,NUVEEN MUNICIPAL MKT OPP FUND
89256.0,NMR,NOMURA HOLDINGS INC
24275.0,NMRA,NEUMORA THERAPEUTICS INC
17269.0,NMRD,NEMAURA MEDICAL INC
17126.0,NMRK,NEWMARK GROUP INC
82541.0,NMRX,NUMEREX CORP NY
14975.0,NMS,NUVEEN MINNESOTA MUNI INC FUND
14975.0,NMS,NUVEEN MN QUALITY MUNI INCOME FD
79049.0,NMT,NUVEEN MA PREM INC MUN FD
79049.0,NMT,NUVEEN MA QUALITY MUNI INCOME FD
21322.0,NMTC,NEUROONE MEDICAL TECH CORP
16178.0,NMTR,9 METERS BIOPHARMA INC
79048.0,NMY,NUVEEN MARYLAND PREM INC MUN FD
79048.0,NMY,NUVEEN MD QUALITY MUNI INCOME FD
89897.0,NMZ,NUVEEN MUNICIPAL HIGH INC OP FD
22220.0,NN,NEXTNAV INC
92748.0,NNA,NAVIOS MARITIME ACQUISITION CORP
80343.0,NNBR,N N INC
79226.0,NNC,NUVEEN NC PREMIUM INCOME MUNI FD
79226.0,NNC,NUVEEN NC QUALITY MUNI INCOME FD
15971.0,NNDM,NANO DIMENSION LTD
25051.0,NNE,NANO NUCLEAR ENERGY INC
89964.0,NNI,NELNET INC
88373.0,NNN,NATIONAL RETAIL PROPERTIES INC
88373.0,NNN,N N N REIT INC
25781.0,NNOV,INNOVATOR E T F S TRUST
19647.0,NNOX,NANO X IMAGING LTD
14133.0,NNVC,NANOVIRICIDES INC
75240.0,NNY,NUVEEN NEW YORK MUN VALUE FUND
91584.0,NOA,NORTH AMERICAN ENERGY PTNRS INC
91584.0,NOA,NORTH AMERICAN CONSTRCTN GRP INC
12377.0,NOAH,NOAH HOLDINGS LTD
14217.0,NOBL,PROSHARES TRUST
24766.0,NOC,NORTHROP GRUMMAN CORP
18977.0,NOCT,INNOVATOR E T F S TRUST
16638.0,NODK,N I HOLDINGS INC
92601.0,NOG,NORTHERN OIL & GAS INC
21965.0,NOGN,NOGIN INC
87128.0,NOK,NOKIA CORP
79222.0,NOM,NUVEEN MISSOURI PREM INC MUN FD
79222.0,NOM,NUVEEN MO QUAL MUNI INC FD
15920.0,NOMD,NOMAD FOODS LTD
23389.0,NOPE,TIDAL E T F TRUST
14527.0,NORD,NORD ANGLIA EDUCATION INC
12371.0,NORW,GLOBAL X FUNDS
92993.0,NORW,GLOBAL X FUNDS
20143.0,NOTE,FISCALNOTE HOLDINGS INC
85526.0,NOTV,INOTIV INC
84032.0,NOV,NATIONAL OILWELL VARCO INC
84032.0,NOV,N O V INC
18815.0,NOVA,SUNNOVA ENERGY INTERNATIONAL INC
25859.0,NOVM,FIRST TRUST E T F VIII
16303.0,NOVN,NOVAN INC
25105.0,NOVP,P G I M ROCK ETF TRUST
19480.0,NOVS,NOVUS CAPITAL CORP
82261.0,NOVT,NOVANTA INC
20093.0,NOVZ,LISTED FUNDS TRUST
13447.0,NOW,SERVICENOW INC
90440.0,NP,NEENAH PAPER INC
90440.0,NP,NEENAH INC
19076.0,NPA,NEW PROVIDENCE ACQ CORP
56611.0,NPBC,NATIONAL PENN BANCSHARES INC
21081.0,NPCE,NEUROPACE INC
92386.0,NPD,CHINA NEPSTAR CHAIN DRUGSTORE
77154.0,NPF,NUVEEN PREMIER MUNI INC FD INC
24958.0,NPFI,NUSHARES E T F TRUST
75355.0,NPI,NUVEEN PREMIUM INC MUNI FD INC
34497.0,NPK,NATIONAL PRESTO INDS INC
34673.0,NPKI,N P K INTERNATIONAL INC
77807.0,NPM,NUVEEN PREMIUM INC MUNI FD 2 INC
92912.0,NPN,NUVEEN PENN MUNI VALUE FUND
89406.0,NPO,ENPRO INDUSTRIES INC
89406.0,NPO,ENPRO INC
75600.0,NPP,NUVEEN PERFORM PLUS MUN FD INC
78942.0,NPT,NUVEEN PREMIUM INC MUNI FD 4 INC
12559.0,NPTN,NEOPHOTONICS CORP
79052.0,NPV,NUVEEN VIRGINIA PREM INC MUNI FD
79052.0,NPV,NUVEEN VA QUALITY MUNI INCOME FD
21825.0,NPWR,N E T POWER INC
12746.0,NQ,N Q MOBILE INC
76509.0,NQI,NUVEEN QUALITY MUNI FUND INC
76220.0,NQM,NUVEEN INVT QUALITY MUNI FUND
76572.0,NQP,NUVEEN PA INVT QUALITY MUNI FUND
76572.0,NQP,NUVEEN PA QUALITY MUNI INCOME FD
76595.0,NQS,NUVEEN SELECT QLTY MUNI FUND INC
76675.0,NQU,NUVEEN QUALITY INCOME MUNI FUND
34673.0,NR,NEWPARK RESOURCES INC
16255.0,NRBO,NEUROBO PHARMACEUTICALS INC
13935.0,NRC,NATIONAL RESEARCH CORP
16864.0,NRCG,N R C GROUP HOLDINGS CORP
13935.0,NRCIA,NATIONAL RESEARCH CORP
85482.0,NRCIB,NATIONAL RESEARCH CORP
22263.0,NRDS,NERDWALLET INC
20130.0,NRDY,NERDY INC
15708.0,NRE,NORTHSTAR REALTY EUROPE CORP
19225.0,NREF,NEXPOINT REAL ESTATE FINANCE INC
24873.0,NRES,D B X ETF TRUST
90388.0,NRF,NORTHSTAR REALTY FINANCE CORP
90071.0,NRG,N R G ENERGY INC
20721.0,NRGV,ENERGY VAULT HOLDINGS INC
76529.0,NRIM,NORTHRIM BANCORP INC
19566.0,NRIX,NURIX THERAPEUTICS INC
89602.0,NRK,NUVEEN NY AMT FREE MUNI INC FD
89602.0,NRK,NUVEEN NY AMT FREE QU MUN INC FD
89881.0,NRO,NEUBERGER BERMAN REAL ESTATE SEC
89547.0,NRP,NATURAL RESOURCE PARTNERS L P
24585.0,NRSH,TIDAL E T F TRUST
22583.0,NRSN,NEUROSENSE THERAPEUTICS LTD
63706.0,NRT,NORTH EUROPEAN OIL RTY TR
14465.0,NRX,NEPHROGENEX INC
17134.0,NRXP,N R X PHARMACEUTICALS INC
24087.0,NRXS,NEURAXIS INC
13907.0,NRZ,NEW RESIDENTIAL INVESTMENT CORP
88960.0,NS,NUSTAR ENERGY L P
15323.0,NSA,NATIONAL STORAGE AFFILIATES TR
14686.0,NSAM,NORTHSTAR ASSET MANAGEMENT GROUP
76958.0,NSAT,NORSAT INTERNATIONAL INC NEW
64311.0,NSC,NORFOLK SOUTHERN CORP
17032.0,NSCO,NESCO HOLDINGS INC
24959.0,NSCR,NUSHARES E T F TRUST
21814.0,NSCS,NUSHARES E T F TRUST
56710.0,NSEC,NATIONAL SECURITY GROUP INC
25473.0,NSEP,INNOVATOR E T F S TRUST
91389.0,NSH,NUSTAR G P HOLDINGS LLC
24659.0,NSI,NORTHERN LIGHTS FUND TR IV
81220.0,NSIT,INSIGHT ENTERPRISES INC
87285.0,NSL,NUVEEN SENIOR INCOME FUND
13299.0,NSM,NATIONSTAR MORTGAGE HOLDINGS INC
84385.0,NSP,INSPERITY INC
92445.0,NSPH,NANOSPHERE INC
22455.0,NSPI,E T F SERIES SOLUTIONS
23495.0,NSPL,UNIFIED SERIES TRUST
13844.0,NSPR,INSPIREMD INC
23167.0,NSPY,UNIFIED SERIES TRUST
21810.0,NSR,NOMAD ROYALTY CO LTD
90763.0,NSR,NEUSTAR INC
55993.0,NSSC,NAPCO SECURITY TECHNOLOGIES INC
13962.0,NSTG,NANOSTRING TECHNOLOGIES INC
22671.0,NSTS,N S T S BANCORP INC
90527.0,NSU,NEVSUN RESOURCES LTD
79322.0,NSYS,NORTECH SYSTEMS INC
82598.0,NTAP,NETAPP INC
16339.0,NTB,BANK OF NT BUTTERFIELD & SON LTD
15020.0,NTBL,NOTABLE LABS LTD
79225.0,NTC,NUVEEN CT PREMIUM INCOME MUNI FD
79225.0,NTC,NUVEEN CT QUALITY MUNI INCOME FD
19163.0,NTCO,NATURA & CO HOLDING S A
87179.0,NTCT,NETSCOUT SYSTEMS INC
15642.0,NTEC,INTEC PHARMA LTD
88362.0,NTES,NETEASE INC
12015.0,NTG,TORTOISE M L P FUND INC
12015.0,NTG,TORTOISE MIDSTREAM ENERGY FD INC
17894.0,NTGN,NEON THERAPEUTICS INC
89800.0,NTGR,NETGEAR INC
13509.0,NTI,NORTHERN TIER ENERGY L P
77488.0,NTIC,NORTHERN TECHNOLOGIES INTL CORP
34936.0,NTIP,NETWORK 1 TECHNOLOGIES INC
13112.0,NTK,NORTEK INC
22452.0,NTKI,E T F SERIES SOLUTIONS
16064.0,NTLA,INTELLIA THERAPEUTICS INC
91099.0,NTLS,NTELOS HOLDINGS CORP
76963.0,NTN,N T N BUZZTIME INC
16304.0,NTNX,NUTANIX INC
76961.0,NTP,NAM TAI PROPERTY INC
75844.0,NTR,NUTRIEN LTD
15534.0,NTRA,NATERA INC
22221.0,NTRB,NUTRIBAND INC
88379.0,NTRI,NUTRISYSTEM INC
23901.0,NTRL,GLOBAL X FUNDS
16639.0,NTRP,NEUROTROPE INC
58246.0,NTRS,NORTHERN TRUST CORP
21252.0,NTSE,WISDOMTREE TRUST
21251.0,NTSI,WISDOMTREE TRUST
19601.0,NTST,NETSTREIT CORP
18039.0,NTSX,WISDOMTREE TRUST
80863.0,NTT,NIPPON TELEGRAPH & TELPHONE CORP
89036.0,NTUS,NATUS MEDICAL INC
87508.0,NTWK,NETSOL TECHNOLOGIES INC
77073.0,NTX,NUVEEN TX QLTY INCOME MUNI FD
77073.0,NTX,NUVEEN TX QUALITY MUNI INCOME FD
79213.0,NTZ,NATUZZI S P A
23192.0,NTZG,NUSHARES E T F TRUST
22391.0,NTZO,IMPACT SHARES TRUST I
22503.0,NU,NU HOLDINGS LTD
16334.0,NUAG,NUSHARES E T F TRUST
82759.0,NUAN,NUANCE COMMUNICATIONS INC
17018.0,NUBD,NUSHARES E T F TRUST
23113.0,NUBI,NUBIA BRAND INTERNATIONAL CORP
17546.0,NUDM,NUSHARES E T F TRUST
22046.0,NUDV,NUSHARES E T F TRUST
34817.0,NUE,NUCOR CORP
17547.0,NUEM,NUSHARES E T F TRUST
22045.0,NUGO,NUSHARES E T F TRUST
12443.0,NUGT,DIREXION SHARES E T F TRUST
18935.0,NUHY,NUSHARES E T F TRUST
24760.0,NUKZ,EXCHANGE TRADED CONCEPTS TR
18764.0,NULC,NUSHARES E T F TRUST
17540.0,NULG,NUSHARES E T F TRUST
17541.0,NULV,NUSHARES E T F TRUST
77069.0,NUM,NUVEEN MI QUALITY INCOME MUNI FD
77069.0,NUM,NUVEEN MI QUALITY MUNI INCOME FD
17542.0,NUMG,NUSHARES E T F TRUST
17543.0,NUMV,NUSHARES E T F TRUST
77071.0,NUO,NUVEEN OHIO QLTY INCOME MUNI FD
77071.0,NUO,NUVEEN OH QUALITY MUNI INCOME FD
17545.0,NURE,NUSHARES E T F TRUST
90288.0,NURO,NEUROMETRIX INC
84172.0,NUS,NU SKIN ENTERPRISES INC
16666.0,NUSA,NUSHARES E T F TRUST
24960.0,NUSB,NUSHARES E T F TRUST
17544.0,NUSC,NUSHARES E T F TRUST
19089.0,NUSI,E T F SERIES SOLUTIONS
25802.0,NUSI,NEOS ETF TRUST
85839.0,NUTR,NUTRACEUTICAL INTERNATIONAL CORP
23041.0,NUTX,NUTEX HEALTH INC
75082.0,NUV,NUVEEN MUNICIPAL VALUE FUND
90188.0,NUVA,NUVASIVE INC
19606.0,NUVB,NUVATION BIO INC
21747.0,NUVL,NUVALENT INC
92891.0,NUW,NUVEEN AMT FREE MUN VALUE FD
13279.0,NUWE,NUWELLIS INC
19483.0,NUZE,NUZEE INC
82779.0,NVAX,NOVAVAX INC
23530.0,NVBT,A I M E T F PRODUCTS TRUST
25776.0,NVBU,A I M E T F PRODUCTS TRUST
23527.0,NVBW,A I M E T F PRODUCTS TRUST
14660.0,NVCN,NEOVASC INC
15789.0,NVCR,NOVOCURE LTD
22785.0,NVCT,NUVECTIS PHARMA INC
24108.0,NVD,GRANITESHARES E T F TRUST
86580.0,NVDA,NVIDIA CORP
24276.0,NVDD,DIREXION SHARES E T F TRUST
26013.0,NVDG,THEMES E T F TRUST
23626.0,NVDL,GRANITESHARES E T F TRUST
13327.0,NVDQ,NOVADAQ TECHNOLOGIES INC
24389.0,NVDQ,E T F OPPORTUNITIES TRUST
23241.0,NVDS,INVESTMENT MANAGERS SERIES TR II
24277.0,NVDU,DIREXION SHARES E T F TRUST
25596.0,NVDW,INVESTMENT MANAGERS SERIES TR II
24390.0,NVDX,E T F OPPORTUNITIES TRUST
23918.0,NVDY,TIDAL TRUST II
89655.0,NVEC,N V E CORP
14166.0,NVEE,N V 5 GLOBAL INC
22222.0,NVEI,NUVEI CORP
15224.0,NVET,NEXVET BIOPHARMA PLC
14435.0,NVFY,NOVA LIFESTYLE INC
89336.0,NVG,NUVEEN DIV ADV MUNI INCOME FD
89336.0,NVG,NUVEEN EN AMT FREE MUN CRD OP FD
89336.0,NVG,NUVEEN AMT FREE MUNI CRED INC FD
86581.0,NVGN,NOVOGEN LTD
14301.0,NVGS,NAVIGATOR HOLDINGS LTD
23699.0,NVIR,LISTED FUNDS TRUST
15297.0,NVIV,INVIVO THERAPEUTICS HLDS CORP
78688.0,NVLN,NOVELION THERAPEUTICS INC
15432.0,NVLS,NIVALIS THERAPEUTICS INC
88181.0,NVMI,NOVA MEASURING INSTRUMENTS LTD
88181.0,NVMI,NOVA LTD
17270.0,NVMM,NOVUME SOLUTIONS INC
20093.0,NVMZ,LISTED FUNDS TRUST
17813.0,NVNO,ENVVENO MEDICAL CORP
63263.0,NVO,NOVO NORDISK A S
20614.0,NVOS,NOVO INTEGRATED SCIENCES INC
25967.0,NVOX,TIDAL TRUST II
20216.0,NVQ,EXCHANGE LISTED FUNDS TRUST
79785.0,NVR,N V R INC
25304.0,NVRI,ENVIRI CORP
15046.0,NVRO,NEVRO CORP
88233.0,NVS,NOVARTIS A G
18910.0,NVST,ENVISTA HOLDINGS CORP
17676.0,NVT,NVENT ELECTRIC PLC
15198.0,NVTA,INVITAE CORP
15955.0,NVTR,NUVECTRA CORP
20381.0,NVTS,NAVITAS SEMICONDUCTOR CORP
14937.0,NVUS,NOVUS THERAPEUTICS INC
19352.0,NVVE,NUVVE HOLDING CORP
22786.0,NVX,NOVONIX LTD
88929.0,NVX,NUVEEN CA DIVIDEND ADV MUNI FD 2
81095.0,NWBI,NORTHWEST BANCSHARES INC
89277.0,NWBO,NORTHWEST BIOTHERAPEUTICS INC
90458.0,NWE,NORTHWESTERN CORP
90458.0,NWE,NORTHWESTERN ENERGY GROUP INC
85883.0,NWFL,NORWOOD FINANCIAL CORP
92355.0,NWG,NATWEST GROUP PLC
24278.0,NWGL,NATURE WOOD GROUP LTD
14400.0,NWHM,NEW HOME CO INC
60986.0,NWL,NEWELL RUBBERMAID INC
60986.0,NWL,NEWELL BRANDS INC
21815.0,NWLG,NUSHARES E T F TRUST
56822.0,NWLI,NATIONAL WESTERN LIFE GROUP INC
58334.0,NWN,NORTHWEST NATURAL GAS CO
58334.0,NWN,NORTHWEST NATURAL HOLDING CO
82599.0,NWPX,NORTHWEST PIPE CO
13964.0,NWS,NEWS CORP NEW
13963.0,NWSA,NEWS CORP NEW
23515.0,NWTN,NWTN INC
90387.0,NWY,NEW YORK & CO INC
92635.0,NX,QUANEX BUILDING PRODUCTS CORP
77692.0,NXC,NUVEEN INSU CA SEL TF INC PORT
91301.0,NXDT,NEXPOINT DIVERSIFIED REAL ES TR
16749.0,NXE,NEXGEN ENERGY LTD
14881.0,NXEO,NEXEO SOLUTIONS INC
13571.0,NXG,N X G NEXTGEN INFRA INCOME FUND
22586.0,NXGL,NEXGEL INC
64961.0,NXGN,NEXTGEN HEALTHCARE INC
88930.0,NXJ,NUVEEN NJ DIVIDEND ADV MUNI FD
88930.0,NXJ,NUVEEN NJ QUALITY MUNI INCOME FD
23423.0,NXL,NEXALIN TECHNOLOGY INC
77693.0,NXN,NUVEEN INSU NY SELE TF INC PORT
77470.0,NXP,NUVEEN SELECT TAX FREE INC PORT
12084.0,NXPI,N X P SEMICONDUCTORS N V
21323.0,NXPL,NEXTPLAT CORP
77609.0,NXQ,NUVEEN SELECT TAX FREE INC PORT2
77808.0,NXR,NUVEEN SEL TAX FREE INC PORT 3
15231.0,NXRT,NEXPOINT RESIDENTIAL TRUST INC
89916.0,NXST,NEXSTAR BROADCASTING GROUP INC
89916.0,NXST,NEXSTAR MEDIA GROUP INC
23681.0,NXT,NEXTRACKER INC
18664.0,NXTC,NEXTCURE INC
14934.0,NXTD,NXT ID INC
23373.0,NXTE,INVESTMENT MANAGERS SERIES TR II
12578.0,NXTG,FIRST TRUST E T F II
25001.0,NXTI,SIMPLIFY EXCHANGE TRADED FUNDS
90957.0,NXTM,NXSTAGE MEDICAL INC
17324.0,NXTP,NEXTPLAY TECHNOLOGIES INC
23252.0,NXTT,NEXT TECHNOLOGY HOLDING INC
25000.0,NXTV,SIMPLIFY EXCHANGE TRADED FUNDS
20721.0,NXU,NOVUS CAPITAL CORP II
23397.0,NXU,N X U INC
88934.0,NXZ,NUVEEN DIVIDEND ADV MUNI FUND 2
23424.0,NYAX,NAYAX LTD
19602.0,NYC,NEW YORK CITY REIT INC
19602.0,NYC,AMERICAN STRATEGIC INVESTMENT CO
79859.0,NYCB,NEW YORK COMMUNITY BANCORP INC
92336.0,NYF,ISHARES TRUST
89594.0,NYH,EATON VANCE NY MUNI BOND FD II
14030.0,NYLD,N R G YIELD INC
15332.0,NYLD,N R G YIELD INC
90214.0,NYMT,NEW YORK MORTGAGE TRUST INC
85706.0,NYMX,NYMOX PHARMACEUTICAL CORP
79790.0,NYNY,EMPIRE RESORTS INC
14575.0,NYRT,NEW YORK REIT INC
47466.0,NYT,NEW YORK TIMES CO
92910.0,NYV,NUVEEN NY MUNI VALUE FUND 2
21748.0,NYXH,NYXOAH S A
15049.0,NZAC,SPDR INDEX SHARES FUNDS
89162.0,NZF,NUVEEN DIVIDEND ADV MUN FD 3
89162.0,NZF,NUVEEN ENHANCED MUN CR OPP FD
89162.0,NZF,NUVEEN MUNI CREDIT INCOME FD
89163.0,NZH,NUVEEN CA DIVIDEND ADV MUNI FD 3
22675.0,NZRO,STRATEGY SHARES
23044.0,NZUS,SPDR SERIES TRUST
81045.0,O,REALTY INCOME CORP
76477.0,OA,ORBITAL A T K INC
21907.0,OABI,OMNIAB INC
18938.0,OAC,OAKTREE ACQUISITION CORP
20122.0,OACB,OAKTREE ACQUISITION CORP II
22962.0,OACP,UNIFIED SERIES TRUST
15175.0,OACQ,ORIGO ACQUISITION CORP
23391.0,OAEM,UNIFIED SERIES TRUST
23589.0,OAIA,LISTED FUNDS TRUST
23841.0,OAIB,LISTED FUNDS TRUST
23156.0,OAIE,SERIES PORTFOLIOS TRUST
23390.0,OAIM,UNIFIED SERIES TRUST
13352.0,OAK,OAKTREE CAPITAL GROUP LLC
25923.0,OAKM,HARRIS OAKMARK E T F TRUST
13809.0,OAKS,FIVE OAKS INVESTMENT CORP
22412.0,OALC,UNIFIED SERIES TRUST
15619.0,OAPH,F Q F TRUST
23565.0,OARK,TIDAL TRUST II
20161.0,OAS,OASIS PETROLEUM INC
93420.0,OAS,OASIS PETROLEUM INC
25202.0,OASC,UNIFIED SERIES TRUST
15620.0,OASI,F Q F TRUST
15790.0,OASM,OASMIA PHARMACEUTICAL A B
21749.0,OB,OUTBRAIN INC
91600.0,OB,ONEBEACON INSURANCE GROUP LTD
86839.0,OBAS,OPTIBASE LTD
72611.0,OBCI,OCEAN BIO CHEM INC
18807.0,OBDC,BLUE OWL CAPITAL CORP
91305.0,OBE,OBSIDIAN ENERGY LTD
23521.0,OBIL,R B B FUND INC
19636.0,OBIO,ORCHESTRA BIOMED HOLDINGS INC
17818.0,OBK,ORIGIN BANCORP INC
81761.0,OBLG,OBLONG INC
16393.0,OBLN,OBALON THERAPEUTICS INC
22052.0,OBND,SSGA ACTIVE TRUST
17818.0,OBNK,ORIGIN BANCORP INC
16955.0,OBOR,KRANESHARES TRUST
16573.0,OBSV,OBSEVA SA
21861.0,OBT,ORANGE COUNTY BANCORP INC
91531.0,OC,OWENS CORNING NEW
83399.0,OCC,OPTICAL CABLE CORP
20411.0,OCDX,ORTHO CLINICAL DIAGNOSTICS HLDGS
22272.0,OCEA,OCEAN BIOMEDICAL INC
22116.0,OCEN,INDEXIQ E T F TRUST
22116.0,OCEN,NEW YORK LIFE INVESTMENTS ETF TR
83774.0,OCFC,OCEANFIRST FINANCIAL CORP
25118.0,OCFS,PROFESSIONALLY MANAGED PORTFOLIO
19113.0,OCFT,ONECONNECT FINANCIAL TECH CO LTD
20311.0,OCG,ORIENTAL CULTURE HOLDING LTD
15132.0,OCGN,OCUGEN INC
16761.0,OCIO,E T F SERIES SOLUTIONS
14214.0,OCIP,O C I PARTNERS LP
90354.0,OCLR,OCLARO INC
91742.0,OCLS,OCULUS INNOVATIVE SCIENCES INC
84007.0,OCN,OCWEN FINANCIAL CORP
12698.0,OCRX,OCERA THERAPEUTICS INC
23801.0,OCS,OCULIS HOLDING AG
14050.0,OCSI,OAKTREE STRATEGIC INCOME CORP
92694.0,OCSL,OAKTREE SPECIALTY LENDING CORP
25412.0,OCTA,TIDAL TRUST II
24405.0,OCTD,INNOVATOR E T F S TRUST
24406.0,OCTH,INNOVATOR E T F S TRUST
24404.0,OCTJ,INNOVATOR E T F S TRUST
25678.0,OCTM,FIRST TRUST E T F VIII
23127.0,OCTO,EIGHTCO HOLDINGS INC
25106.0,OCTP,P G I M ROCK ETF TRUST
24403.0,OCTQ,INNOVATOR E T F S TRUST
19864.0,OCTT,A I M E T F PRODUCTS TRUST
25648.0,OCTU,A I M E T F PRODUCTS TRUST
19863.0,OCTW,A I M E T F PRODUCTS TRUST
19907.0,OCTZ,LISTED FUNDS TRUST
14823.0,OCUL,OCULAR THERAPEUTIX INC
92665.0,OCUP,OCUPHIRE PHARMA INC
15863.0,OCX,ONCOCYTE CORP
59185.0,ODC,OIL DRI CORP OF AMERICA
24074.0,ODD,ODDITY TECH LTD
23045.0,ODDS,PACER FUNDS TRUST
77037.0,ODFL,OLD DOMINION FREIGHT LINE INC
75573.0,ODP,OFFICE DEPOT INC
75573.0,ODP,O D P CORP
17154.0,ODT,ODONATE THERAPEUTICS INC
23088.0,ODV,OSISKO DEVELOPMENT CORP
14786.0,OEC,ORION ENGINEERED CARBONS SA
14786.0,OEC,ORION S A
92795.0,OEF,ISHARES TRUST
13265.0,OEG,ORBITAL ENERGY GROUP INC
92466.0,OESX,ORION ENERGY SYSTEMS INC
15621.0,OEUH,F Q F TRUST
15622.0,OEUR,F Q F TRUST
17862.0,OEUR,O S I ETF TRUST
23133.0,OEUR,ALPS E T F TRUST
16137.0,OEW,RYDEX E T F TRUST
17752.0,OEW,INVESCO E T F TRUST
77239.0,OFC,CORPORATE OFFICE PROPERTIES TR
12502.0,OFED,OCONEE FEDERAL FINANCIAL CORP
11208.0,OFG,O F G BANCORP
78756.0,OFIX,ORTHOFIX INTERNATIONAL N V
78756.0,OFIX,ORTHOFIX MEDICAL INC
90868.0,OFLX,OMEGA FLEX INC
24755.0,OFOS,EXCHANGE TRADED CONCEPTS TR
13698.0,OFS,O F S CAPITAL CORP
21233.0,OG,ONION GLOBAL LTD
14194.0,OGCP,EMPIRE STATE REALTY OP LP
24440.0,OGE,O G E ENERGY CORP
90170.0,OGEN,ORAGENICS INC
18667.0,OGI,ORGANIGRAM HOLDINGS INC
17936.0,OGIG,O S I ETF TRUST
23132.0,OGIG,ALPS E T F TRUST
21124.0,OGN,ORGANON & CO
14401.0,OGS,ONE GAS INC
25003.0,OGSP,SPINNAKER E T F SERIES
82526.0,OGXI,ONCOGENEX PHARMACEUTICALS INC
90456.0,OHAI,O H A INVESTMENT CORP
27204.0,OHGI,ONE HORIZON GROUP INC
77857.0,OHI,OMEGA HEALTHCARE INVESTORS INC
13965.0,OHRP,OHR PHARMACEUTICAL INC
77157.0,OI,OWENS ILL INC
77157.0,OI,O I GLASS INC
17205.0,OIA,INVESCO MUNICIPAL INCOME OPP TR
93093.0,OIBR,OI S A
13265.0,OIG,ORBITAL INFRASTRUCTURE GROUP INC
13129.0,OIH,MARKET VECTORS E T F TRUST
13129.0,OIH,VANECK VECTORS E T F TRUST
13129.0,OIH,VANECK E T F TRUST
58975.0,OII,OCEANEERING INTERNATIONAL INC
90973.0,OIIM,O2MICRO INTERNATIONAL LTD
16618.0,OILD,PROSHARES TRUST II
17591.0,OILK,PROSHARES TRUST
24630.0,OILT,TEXAS CAPITAL FUNDS TRUST
16621.0,OILU,PROSHARES TRUST II
88897.0,OIS,OIL STATES INTERNATIONAL INC
25232.0,OKE,ONEOK INC NEW
21619.0,OKLO,OKLO INC
79660.0,OKS,ONEOK PARTNERS L P
80007.0,OKSB,SOUTHWEST BANCORP INC OKLA
16649.0,OKTA,OKTA INC
21091.0,OKUR,ONKURE THERAPEUTICS INC
23116.0,OKYO,OKYO PHARMA LTD
23943.0,OKYO,OKYO PHARMA LTD NEW
89938.0,OLBK,OLD LINE BANCSHARES
16103.0,OLD,JANUS DETROIT STREET TRUST
77610.0,OLED,UNIVERSAL DISPLAY CORP
20855.0,OLK,OLINK HOLDING A B
15535.0,OLLI,OLLIES BARGAIN OUTLET HLD INC
20058.0,OLMA,OLEMA PHARMACEUTICALS INC
13610.0,OLN,OLIN CORP
20653.0,OLO,OLO INC
59628.0,OLP,ONE LIBERTY PROPERTIES INC
21949.0,OLPX,OLAPLEX HOLDINGS INC
19653.0,OM,OUTSET MEDICAL INC
91617.0,OMAB,GRUPO AEROPORTUARIO DEL CENTRO N
17309.0,OMAD,ONE MADISON CORP
14985.0,OMAM,O M ASSET MANAGEMENT PLC
30681.0,OMC,OMNICOM GROUP INC
89110.0,OMCL,OMNICELL INC
85951.0,OME,OMEGA PROTEIN CORP
14055.0,OMED,ONCOMED PHARMACEUTICALS INC
93085.0,OMER,OMEROS CORP
89898.0,OMEX,ODYSSEY MARINE EXPLORATION INC
14229.0,OMF,ONEMAIN HOLDINGS INC
17555.0,OMFL,OPPENHEIMER E T F TR
18700.0,OMFL,INVESCO ET SELF INDEX FD TR
17548.0,OMFS,OPPENHEIMER E T F TR
18699.0,OMFS,INVESCO ET SELF INDEX FD TR
21750.0,OMGA,OMEGA THERAPEUTICS INC
23802.0,OMH,OHMYHOME LTD
60186.0,OMI,OWENS & MINOR INC NEW
21263.0,OMIC,SINGULAR GENOMICS SYSTEMS INC
87214.0,OMN,OMNOVA SOLUTIONS INC
17552.0,OMOM,OPPENHEIMER E T F TR
18694.0,OMOM,INVESCO E T F TRUST II
16957.0,OMP,OASIS MIDSTREAM PARTNERS LP
21950.0,OMQS,OMNIQ CORP
88182.0,ON,ON SEMICONDUCTOR CORP
12068.0,ONB,OLD NATIONAL BANCORP
15183.0,ONCE,SPARK THERAPEUTICS INC
22767.0,ONCO,ONCONETIX INC
19981.0,ONCR,ONCORUS INC
15380.0,ONCS,ONCOSEC MEDICAL INC
90031.0,ONCT,ONCTERNAL THERAPEUTICS INC
89175.0,ONCY,ONCOLYTICS BIOTECH INC
22153.0,OND,PROSHARES TRUST
15110.0,ONDK,ON DECK CAPITAL INC
20312.0,ONDS,ONDAS HOLDINGS INC
17379.0,ONE,ONESMART INTL EDU GROUP LTD
93418.0,ONE,HIGHER ONE HOLDINGS INC
91010.0,ONEK,SPDR SERIES TRUST
19177.0,ONEM,1LIFE HEALTHCARE INC
15890.0,ONEO,SPDR SERIES TRUST
89869.0,ONEQ,FIDELITY COMMONWEALTH TRUST
15889.0,ONEV,SPDR SERIES TRUST
19250.0,ONEW,ONEWATER MARINE INC
15891.0,ONEY,SPDR SERIES TRUST
23268.0,ONFO,ONFOLIO HOLDINGS INC
22711.0,ONG,DIREXION SHARES E T F TRUST
84007.0,ONIT,ONITY GROUP INC
22264.0,ONL,ORION OFFICE REIT INC
18007.0,ONLN,PROSHARES TRUST
21532.0,ONMD,ONEMEDNET CORP
20367.0,ONOF,GLOBAL X FUNDS
22077.0,ONON,ON HOLDING AG
93177.0,ONP,ORIENT PAPER INC
16104.0,ONS,ONCOBIOLOGICS INC
20465.0,ONTF,ON24 INC
90377.0,ONTO,ONTO INNOVATION INC
14056.0,ONTX,ONCONOVA THERAPEUTICS INC
77205.0,ONTY,ONCOTHYREON INC
87797.0,ONVI,ONVIA INC
14033.0,ONVO,ORGANOVO HOLDINGS INC
15582.0,OOMA,OOMA INC
25004.0,OOSP,SPINNAKER E T F SERIES
21380.0,OOTO,DIREXION SHARES E T F TRUST
22329.0,OP,OCEANPAL INC
20253.0,OPAD,OFFERPAD SOLUTIONS INC
21265.0,OPAL,OPAL FUELS INC
14602.0,OPB,OPUS BANK
17368.0,OPBK,O P BANCORP
83883.0,OPCH,OPTION CARE HEALTH INC
16025.0,OPD,CLAYMORE E T F TRUST
19455.0,OPEN,OPENDOOR TECHNOLOGIES INC
17983.0,OPER,E T F SERIES SOLUTIONS
17369.0,OPES,OPES ACQUISITION CORP
20082.0,OPFI,OPPFI INC
15381.0,OPGN,OPGEN INC
89741.0,OPHC,OPTIMUMBANK HOLDINGS INC
14167.0,OPHT,OPHTHOTECH CORP
92948.0,OPI,OFFICE PROPERTIES INCOME TRUST
82567.0,OPK,OPKO HEALTH INC
16904.0,OPNT,OPIANT PHARMACEUTICALS INC
88183.0,OPOF,OLD POINT FINL CORP
20528.0,OPPX,EXCHANGE LISTED FUNDS TRUST
17971.0,OPRA,OPERA LTD
18958.0,OPRT,OPORTUN FINANCIAL CORP
17895.0,OPRX,OPTIMIZERX CORP
19982.0,OPT,OPTHEA LTD
16992.0,OPTN,OPTINOSE INC
91964.0,OPTT,OCEAN POWER TECHNOLOGIES INC
25032.0,OPTZ,ADVISOR MANAGED PORTFOLIOS
14578.0,OPWR,OPOWER INC
91471.0,OPXA,OPEXA THERAPEUTICS INC
23803.0,OPXS,OPTEX SYSTEMS HOLDINGS INC
78451.0,OPY,OPPENHEIMER HOLDINGS INC
17551.0,OQAL,OPPENHEIMER E T F TR
18693.0,OQAL,INVESCO E T F TRUST II
16156.0,OR,OSISKO GOLD ROYALTIES LTD
90444.0,ORA,ORMAT TECHNOLOGIES INC
85425.0,ORAN,ORANGE
91618.0,ORBC,ORBCOMM INC
78527.0,ORBK,ORBOTECH LTD
13775.0,ORC,ORCHID ISLAND CAPITAL INC
18807.0,ORCC,OWL ROCK CAPITAL CORP
10104.0,ORCL,ORACLE CORP
91965.0,OREX,OREXIGEN THERAPEUTICS INC
23099.0,ORFN,TIDAL E T F TRUST
16105.0,ORG,JANUS DETROIT STREET TRUST
19808.0,ORGN,ORIGIN MATERIALS INC
16522.0,ORGO,ORGANOGENESIS HOLDINGS INC
17370.0,ORGS,ORGENESIS INC
59396.0,ORI,OLD REPUBLIC INTERNATIONAL CORP
19353.0,ORIC,ORIC PHARMACEUTICALS INC
13013.0,ORIG,OCEAN RIG U D W INC
25741.0,ORIS,ORIENTAL RISE HOLDINGS LTD
91743.0,ORIT,ORITANI FINANCIAL CORP NEW
85293.0,ORKA,ORUKA THERAPEUTICS INC
25346.0,ORKT,ORANGEKLOUD TECHNOLOGY INC
20241.0,ORLA,ORLA MINING LTD
79103.0,ORLY,O REILLY AUTOMOTIVE INC NEW
14034.0,ORM,OWENS REALTY MORTGAGE INC
13798.0,ORMP,ORAMED PHARMACEUTICALS INC
92467.0,ORN,ORION MARINE GROUP INC
92467.0,ORN,ORION GROUP HOLDINGS INC
19839.0,ORPH,ORPHAZYME A S
14826.0,ORPN,BIO BLAST PHARMA LTD
14826.0,ORPN,BIOBLAST PHARMA LTD
92919.0,ORRF,ORRSTOWN FINANCIAL SERVICES INC
19077.0,ORSN,ORISUN ACQUISITION CORP
18208.0,ORTX,ORCHARD THERAPEUTICS PLC
25243.0,OS,ONESTREAM INC
23627.0,OSA,PROSOMNUS INC
21323.0,OSAT,ORBSAT CORP
15929.0,OSB,NORBORD INC
79851.0,OSBC,OLD SECOND BANCORP INC
20646.0,OSCR,OSCAR HEALTH INC
17982.0,OSCV,E T F SERIES SOLUTIONS
23371.0,OSEA,HARBOR E T F TRUST
15860.0,OSG,OVERSEAS SHIPHOLDING GROUP INC
14976.0,OSGB,OVERSEAS SHIPHOLDING GROUP INC
19605.0,OSH,OAK STREET HEALTH INC
90487.0,OSHC,OCEAN SHORE HOLDING CO NEW
91434.0,OSIR,OSIRIS THERAPEUTICS INC NEW
85488.0,OSIS,O S I SYSTEMS INC
17553.0,OSIZ,OPPENHEIMER E T F TR
18692.0,OSIZ,INVESCO E T F TRUST II
90756.0,OSK,OSHKOSH CORP
18209.0,OSMT,OSMOTICA PHARMACEUTICALS PLC
12492.0,OSN,OSSEN INNOVATION CO LTD
88203.0,OSPN,ONESPAN INC
16905.0,OSPR,OSPREY ENERGY ACQUISITION CORP
17327.0,OSS,ONE STOP SYSTEMS INC
23046.0,OST,OSTIN TECHNOLOGY GROUP CO LTD
89394.0,OSTK,OVERSTOCK COM INC DEL
25362.0,OSTX,O S THERAPIES INC
10860.0,OSUR,ORASURE TECHNOLOGIES INC
18423.0,OSW,ONESPAWORLD HOLDINGS LTD
13938.0,OTEL,OTELCO INC
82833.0,OTEX,OPEN TEXT CORP
14874.0,OTIC,OTONOMY INC
19286.0,OTIS,OTIS WORLDWIDE CORP
89571.0,OTIV,ON TRACK INNOVATIONS LTD
16104.0,OTLK,OUTLOOK THERAPEUTICS INC
21324.0,OTLY,OATLY GROUP A B
21862.0,OTMO,OTONOMO TECHNOLOGIES LTD
20313.0,OTRA,O T R ACQUISITION CORP
16670.0,OTRK,ONTRAK INC
60098.0,OTTR,OTTER TAIL CORP
16394.0,OTTW,OTTAWA BANCORP INC
14631.0,OUNZ,VAN ECK MERK GOLD TRUST
14631.0,OUNZ,VANECK MERK GOLD E T F
15557.0,OUSA,F Q F TRUST
17863.0,OUSA,O S I ETF TRUST
23134.0,OUSA,ALPS E T F TRUST
16517.0,OUSM,O S I ETF TRUST
23135.0,OUSM,ALPS E T F TRUST
19928.0,OUST,OUSTER INC
14503.0,OUT,OUTFRONT MEDIA INC
85173.0,OUTR,OUTERWALL INC
13883.0,OVAS,OVASCIENCE INC
18982.0,OVB,LISTED FUNDS TRUST
83155.0,OVBC,OHIO VALLEY BANC CORP
18983.0,OVF,LISTED FUNDS TRUST
16709.0,OVID,OVID THERAPEUTICS INC
18978.0,OVL,LISTED FUNDS TRUST
16072.0,OVLC,CLAYMORE E T F TRUST 2
17763.0,OVLC,INVESCO ET SELF INDEX FD TR
20377.0,OVLH,LISTED FUNDS TRUST
17549.0,OVLU,OPPENHEIMER E T F TR
18691.0,OVLU,INVESCO E T F TRUST II
92878.0,OVLY,OAK VALLEY BANCORP
18979.0,OVM,LISTED FUNDS TRUST
17550.0,OVOL,OPPENHEIMER E T F TR
18695.0,OVOL,INVESCO E T F TRUST II
18984.0,OVS,LISTED FUNDS TRUST
20376.0,OVT,LISTED FUNDS TRUST
88458.0,OVTI,OMNIVISION TECHNOLOGIES INC
89134.0,OVV,OVINTIV INC
20269.0,OWL,BLUE OWL CAPITAL INC
20101.0,OWLT,OWLET INC
21647.0,OWNS,IMPACT SHARES TRUST I
24913.0,OWNS,QUAKER INVESTMENT TRUST
22223.0,OXAC,OXBRIDGE ACQUISITION CORP
14661.0,OXBR,OXBRIDGE RE HOLDINGS LTD
14319.0,OXFD,OXFORD IMMUNOTEC GLOBAL PLC
79516.0,OXGN,OXIGENE INC
12505.0,OXLC,OXFORD LANE CAPITAL CORP
34948.0,OXM,OXFORD INDUSTRIES INC
89921.0,OXSQ,OXFORD SQUARE CAPITAL CORP
22224.0,OXUS,OXUS ACQUISITION CORP
34833.0,OXY,OCCIDENTAL PETROLEUM CORP
17554.0,OYLD,OPPENHEIMER E T F TR
18690.0,OYLD,INVESCO E T F TRUST II
19016.0,OYST,OYSTER POINT PHARMA INC
22097.0,OZ,BELPOINTE PREP LLC
25138.0,OZEM,ROUNDHILL E T F TRUST
85198.0,OZK,BANK O Z K
92405.0,OZM,OCH ZIFF CAPITAL MANGMNT GRP LLC
20162.0,OZON,OZON HOLDINGS PLC
85198.0,OZRK,BANK OF THE OZARKS INC
12873.0,P,PANDORA MEDIA INC
89858.0,PAA,PLAINS ALL AMERN PIPELINE L P
24043.0,PAAA,P G I M ETF TRUST
15791.0,PAAC,PACIFIC SPECIAL ACQUISITION CORP
19670.0,PAAC,PROFICIENT ALPHA ACQ CORP
81734.0,PAAS,PAN AMERICAN SILVER CORP
20956.0,PAB,P G I M ETF TRUST
24710.0,PABD,ISHARES TRUST
22789.0,PABU,ISHARES TRUST
91112.0,PAC,GRUPO AEROPORTUARIO DEL PAC SAB
18154.0,PACA,D B X ETF TRUST
12360.0,PACB,PACIFIC BIOSCIENCES CALIF INC
13104.0,PACD,PACIFIC DRILLING S A
18301.0,PACD,PACIFIC DRILLING S A
15792.0,PACE,PACE HOLDINGS CORP
20130.0,PACE,T P G PACE TECH OPP CORP
22731.0,PACI,PROOF ACQUISITION CORP I
17309.0,PACK,RANPAK HOLDINGS CORP
17819.0,PACQ,PURE ACQUISITION CORP
88343.0,PACW,PACWEST BANCORP DE
18202.0,PAE,P A E INC
92142.0,PAF,POWERSHARES E T F TRUST II
92142.0,PAF,INVESCO E T F TRUST II
21951.0,PAFO,PACIFICO ACQUISITION CORP
84042.0,PAG,PENSKE AUTOMOTIVE GROUP INC
92783.0,PAGG,POWERSHARES E T F TRUST II
92783.0,PAGG,INVESCO E T F TRUST II
14215.0,PAGP,PLAINS G P HOLDINGS LP
17254.0,PAGS,PAGSEGURO DIGITAL LTD
14406.0,PAH,PLATFORM SPECIALTY PRODUCTS CORP
14603.0,PAHC,PHIBRO ANIMAL HEALTH CORP
57074.0,PAI,WESTERN ASSET INCOME FUND
20163.0,PAIC,PETRA ACQUISITION INC
15314.0,PAK,GLOBAL X FUNDS
25052.0,PAL,PROFICIENT AUTO LOGISTICS INC
19451.0,PALC,PACER FUNDS TRUST
92252.0,PALI,PALISADE BIO INC
93204.0,PALL,E T F S PALLADIUM TRUST
93204.0,PALL,ABERDEEN STD PALLADIUM ETF TRUST
93204.0,PALL,ABRDN PALLADIUM ETF TRUST
21863.0,PALT,PALTALK INC
93067.0,PAM,PAMPA ENERGIA S A
19448.0,PAMC,PACER FUNDS TRUST
10649.0,PAMT,P A M T CORP
19567.0,PAND,PANDION THERAPEUTICS INC
14353.0,PANL,PANGAEA LOGISTICS SOLUTIONS LTD
13511.0,PANW,PALO ALTO NETWORKS INC
24428.0,PAPI,MORGAN STANLEY E T F TRUST
24516.0,PAPL,PINEAPPLE FINANCIAL INC
18521.0,PAPR,INNOVATOR E T F S TRUST
20858.0,PAQC,PROVIDENT ACQUISITION CORP
61146.0,PAR,PAR TECHNOLOGY CORP
76226.0,PARA,PARAMOUNT GLOBAL
75104.0,PARAA,PARAMOUNT GLOBAL
14706.0,PARN,PARNELL PHARMACEUTICALS HLDG LTD
14773.0,PARR,PAR PACIFIC HOLDINGS INC
19251.0,PASG,PASSAGE BIO INC
18230.0,PASS,DIREXION SHARES E T F TRUST
20972.0,PATH,UIPATH INC
15144.0,PATI,PATRIOT TRANSPORT HLDG INC NEW
61496.0,PATK,PATRICK INDUSTRIES INC
25597.0,PATN,PACER FUNDS TRUST
18890.0,PAUG,INNOVATOR E T F S TRUST
17450.0,PAVE,GLOBAL X FUNDS
16181.0,PAVM,PAVMED INC
19011.0,PAVS,PARANOVUS ENTERTAINMENT TECH LTD
18242.0,PAWZ,PROSHARES TRUST
20445.0,PAX,PATRIA INVESTMENTS LTD
21123.0,PAY,PAYMENTUS HOLDINGS INC
90657.0,PAY,VERIFONE SYSTEMS INC
18361.0,PAYA,PAYA HOLDINGS INC
14579.0,PAYC,PAYCOM SOFTWARE INC
21576.0,PAYO,PAYONEER GLOBAL INC
18058.0,PAYS,PAYSIGN INC
61621.0,PAYX,PAYCHEX INC
86432.0,PB,PROSPERITY BANCSHARES INC
13353.0,PBA,PEMBINA PIPELINE CORP
24997.0,PBAP,P G I M ROCK ETF TRUST
25112.0,PBAU,P G I M ROCK ETF TRUST
22332.0,PBAX,PHOENIX BIOTECH ACQ CORP
90417.0,PBBI,P B BANCORP INC
21753.0,PBBK,PB BANKSHARES INC
12073.0,PBCT,PEOPLES UNITED FINANCIAL INC
92135.0,PBD,POWERSHARES E T F TRUST II
92135.0,PBD,INVESCO E T F TRUST II
23383.0,PBDC,PUTNAM ETF TRUST
25107.0,PBDE,P G I M ROCK ETF TRUST
17578.0,PBDM,POWERSHARES E T F TRUST II
17578.0,PBDM,INVESCO E T F TRUST II
90773.0,PBE,POWERSHARES E T F TRUST
90773.0,PBE,INVESCO E T F TRUST
17669.0,PBEE,POWERSHARES E T F TRUST II
17669.0,PBEE,INVESCO E T F TRUST II
13730.0,PBF,P B F ENERGY INC
24858.0,PBFB,P G I M ROCK ETF TRUST
25186.0,PBFR,P G I M ROCK ETF TRUST
18847.0,PBFS,PIONEER BANCORP INC
14633.0,PBFX,P B F LOGISTICS LP
90564.0,PBH,PRESTIGE BRANDS HOLDINGS INC
90564.0,PBH,PRESTIGE CONSUMER HEALTHCARE INC
84825.0,PBHC,PATHFINDER BANCORP INC MD
24459.0,PBI,PITNEY BOWES INC
91472.0,PBIB,PORTER BANCORP INC
90637.0,PBIP,PRUDENTIAL BANCORP INC NEW
90771.0,PBJ,POWERSHARES E T F TRUST
90771.0,PBJ,INVESCO E T F TRUST
24787.0,PBJA,P G I M ROCK ETF TRUST
25114.0,PBJL,P G I M ROCK ETF TRUST
25190.0,PBJN,P G I M ROCK ETF TRUST
23592.0,PBL,P G I M ETF TRUST
19650.0,PBLA,PANBELA THERAPEUTICS INC
19650.0,PBLA,PANBELA THERAPEUTICS INC NEW
24711.0,PBM,PSYENCE BIOMEDICAL LTD
92253.0,PBM,PACIFIC BOOKER MINERALS INC
13376.0,PBMD,PRIMA BIOMED LTD
24912.0,PBMR,P G I M ROCK ETF TRUST
25116.0,PBMY,P G I M ROCK ETF TRUST
16106.0,PBNC,PARAGON COMMERCIAL CORP
17668.0,PBND,POWERSHARES E T F TRUST II
17668.0,PBND,INVESCO E T F TRUST II
25108.0,PBNV,P G I M ROCK ETF TRUST
25109.0,PBOC,P G I M ROCK ETF TRUST
92498.0,PBP,POWERSHARES E T F TRUST
92498.0,PBP,INVESCO E T F TRUST
14258.0,PBPB,POTBELLY CORP
88490.0,PBR,PETROLEO BRASILEIRO SA PETROBRAS
90770.0,PBS,POWERSHARES E T F TRUST
90770.0,PBS,INVESCO E T F TRUST
25110.0,PBSE,P G I M ROCK ETF TRUST
13014.0,PBSK,POAGE BANKSHARES INC
17579.0,PBSM,POWERSHARES E T F TRUST II
17579.0,PBSM,INVESCO E T F TRUST II
62359.0,PBT,PERMIAN BASIN RTY TR
17577.0,PBTP,POWERSHARES E T F TRUST II
17577.0,PBTP,INVESCO E T F TRUST II
18562.0,PBTS,POWERBRIDGE TECHNOLOGIES CO LTD
17580.0,PBUS,POWERSHARES E T F TRUST II
17580.0,PBUS,INVESCO E T F TRUST II
90618.0,PBW,POWERSHARES E T F TRUST
90618.0,PBW,INVESCO E T F TRUST
35238.0,PBY,PEP BOYS MANNY MOE & JACK
13621.0,PBYI,PUMA BIOTECHNOLOGY INC
60506.0,PCAR,PACCAR INC
18052.0,PCB,PACIFIC CITY FINANCIAL CORP
18052.0,PCB,P C B BANCORP
88367.0,PCBK,PACIFIC CONTINENTAL CORP
85886.0,PCCC,PC CONNECTION INC
24900.0,PCCE,LITMAN GREGORY FUNDS TRUST
22589.0,PCCT,PERCEPTION CAPITAL CORP II
93254.0,PCEF,POWERSHARES E T F TRUST II
93254.0,PCEF,INVESCO E T F TRUST II
25483.0,PCEM,LITMAN GREGORY FUNDS TRUST
75183.0,PCF,PUTNAM HIGH INCOME SECURITIES FD
75183.0,PCF,HIGH INCOME SECURITIES FUND
13688.0,PCG,P G & E CORP
24139.0,PCGG,LITMAN GREGORY FUNDS TRUST
49744.0,PCH,POTLATCH CORP NEW
49744.0,PCH,POTLATCHDELTIC CORP
13746.0,PCI,PIMCO DYNAMIC CREDIT INCOME FUND
13746.0,PCI,PIMCO DYNAMIC CR & MORT INC FD
24901.0,PCIG,LITMAN GREGORY FUNDS TRUST
89436.0,PCK,PIMCO CALIFORNIA MUNI INC FD II
75592.0,PCL,PLUM CREEK TIMBER CO INC
86783.0,PCLN,PRICELINE GROUP INC
25972.0,PCLO,VIRTUS E T F TR II
79561.0,PCM,P C M FUND INC
81566.0,PCMI,P C M INC
25976.0,PCMM,BONDBLOXX ETF TRUST
89257.0,PCN,PIMCO CORP & INCOME STRATEGY FD
86270.0,PCO,PENDRELL CORP
12582.0,PCOM,POINTS INTERNATIONAL LTD
21237.0,PCOR,PROCORE TECHNOLOGIES INC
63830.0,PCP,PRECISION CASTPARTS CORP
20549.0,PCPC,PERIPHAS CAPITAL PARTNERING CORP
19454.0,PCPL,C C NEUBERGER PRINCIPAL HLDG I
89009.0,PCQ,PIMCO CALIFORNIA MUNI INC FD
23647.0,PCRB,PUTNAM ETF TRUST
12583.0,PCRX,PACIRA PHARMACEUTICALS INC
12583.0,PCRX,PACIRA BIOSCIENCES INC
19985.0,PCSA,PROCESSA PHARMACEUTICALS INC
16676.0,PCSB,PCSB FINANCIAL CORP
19489.0,PCT,PURECYCLE TECHNOLOGIES INC
87361.0,PCTI,P C TEL INC
87361.0,PCTI,PCTEL INC
14547.0,PCTY,PAYLOCITY HOLDING CORP
19484.0,PCVX,VAXCYTE INC
92351.0,PCY,POWERSHARES E T F TRUST II
92351.0,PCY,INVESCO E T F TRUST II
12380.0,PCYG,PARK CITY GROUP INC
64742.0,PCYO,PURE CYCLE CORP
18482.0,PD,PAGERDUTY INC
23323.0,PDBA,INVESCO ACT MANAGED E T COMM FD
15076.0,PDBC,POWERSHARES E T COMMODITY FD
15076.0,PDBC,INVESCO ACT MANAGED E T COMM FD
62341.0,PDCE,P D C ENERGY INC
78034.0,PDCO,PATTERSON COMPANIES INC
17972.0,PDD,PINDUODUO INC
17972.0,PDD,PDD HOLDINGS INC
19103.0,PDEC,INNOVATOR E T F S TRUST
18848.0,PDEV,PRINCIPAL EXCHANGE TRADED FUNDS
10550.0,PDEX,PRO DEX INC COLO
89044.0,PDFS,P D F SOLUTIONS INC
13393.0,PDI,PIMCO DYNAMIC INCOME FUND
16995.0,PDLB,P D L COMMUNITY BANCORP
16995.0,PDLB,PONCE FINANCIAL GROUP INC
77292.0,PDLI,P D L BIOPHARMA INC
93251.0,PDM,PIEDMONT OFFICE REALTY TRUST INC
92280.0,PDN,POWERSHARES E T F TRUST II
92280.0,PDN,INVESCO E T F TRUST II
91876.0,PDP,POWERSHARES E T F TRUST
91876.0,PDP,INVESCO E T F TRUST
90999.0,PDS,PRECISION DRILLING CORP
15784.0,PDSB,P D S BIOTECHNOLOGY CORP
75885.0,PDT,HANCOCK JOHN PREMIUM DIVIDEND FD
15226.0,PDVW,PACIFIC DATAVISION INC
15226.0,PDVW,PDVWIRELESS INC
20726.0,PDYN,PALLADYNE AI CORP
14634.0,PE,PARSLEY ENERGY INC
67598.0,PEAK,HEALTHPEAK PROPERTIES INC
20879.0,PEAR,PEAR THERAPEUTICS INC
93178.0,PEB,PEBBLEBROOK HOTEL TRUST
90983.0,PEBK,PEOPLES BANCORP NC INC NEW
78903.0,PEBO,PEOPLES BANCORP INC
16012.0,PECK,PECK CO HOLDINGS INC
21597.0,PECO,PHILLIPS EDISON & COMPANY INC
14135.0,PED,PEDEVCO CORP
23712.0,PEG,PUBLIC SERVICE ENTERPRISE GP INC
83779.0,PEGA,PEGASYSTEMS INC
14168.0,PEGI,PATTERN ENERGY GROUP INC
25452.0,PEGY,PINEAPPLE ENERGY INC
50702.0,PEI,PENNSYLVANIA REAL ESTATE INVT TR
86165.0,PEIX,PACIFIC ETHANOL INC
90765.0,PEJ,POWERSHARES E T F TRUST
90765.0,PEJ,INVESCO E T F TRUST
12334.0,PEK,MARKET VECTORS E T F TRUST
12334.0,PEK,VANECK VECTORS E T F TRUST
23911.0,PEMX,PUTNAM ETF TRUST
15694.0,PEN,PENUMBRA INC
80563.0,PENN,PENN NATIONAL GAMING INC
80563.0,PENN,PENN ENTERTAINMENT INC
18964.0,PEO,ADAMS NATURAL RESOURCES FUND INC
13856.0,PEP,PEPSICO INC
23117.0,PEPG,PEPGEN INC
25800.0,PEPS,MORGAN STANLEY E T F TRUST
23498.0,PERF,PERFECT CORP
77186.0,PERF,PERFUMANIA HOLDINGS INC
91082.0,PERI,PERION NETWORK LTD
79195.0,PERY,ELLIS PERRY INTERNATIONAL INC
63335.0,PES,PIONEER ENERGY SERVICES CORP
78189.0,PESI,PERMA FIX ENVIRONMENTAL SVCS INC
21923.0,PET,WAG GROUP CO
79411.0,PETM,PETSMART INC
16827.0,PETQ,PETIQ INC
90012.0,PETS,PETMED EXPRESS INC
21866.0,PETV,PETVIVO HOLDINGS INC
13966.0,PETX,ARATANA THERAPEUTICS INC
16931.0,PETZ,T D H HOLDINGS INC
23193.0,PEV,PHOENIX MOTOR INC
17598.0,PEX,PROSHARES TRUST
18005.0,PEXL,PACER FUNDS TRUST
90511.0,PEY,POWERSHARES E T F TRUST
90511.0,PEY,INVESCO E T F TRUST
91544.0,PEZ,POWERSHARES E T F TRUST
91544.0,PEZ,INVESCO E T F TRUST
13818.0,PF,PINNACLE FOODS INC
90603.0,PFBC,PREFERRED BANK LOS ANGELES
83547.0,PFBI,PREMIER FINANCIAL BANCORP INC
88257.0,PFBX,PEOPLES FINANCIAL CORP MS
79382.0,PFC,PREMIER FINANCIAL CORP
76558.0,PFD,FLAHERTY & CRUMRINE PFD INC FD
21936.0,PFE,PFIZER INC
19221.0,PFEB,INNOVATOR E T F S TRUST
23242.0,PFEL,INVESTMENT MANAGERS SERIES TR II
13910.0,PFEM,POWERSHARES E T F TRUST II
23243.0,PFES,INVESTMENT MANAGERS SERIES TR II
91874.0,PFF,ISHARES TRUST
17828.0,PFFA,ETFIS SERIES TRUST I
17449.0,PFFD,GLOBAL X FUNDS
16578.0,PFFR,ETFIS SERIES TRUST I
19437.0,PFFV,GLOBAL X FUNDS
89195.0,PFG,PRINCIPAL FINANCIAL GROUP INC
15724.0,PFGC,PERFORMANCE FOOD GROUP CO
19252.0,PFHD,PROFESSIONAL HOLDING CORP
91541.0,PFI,POWERSHARES E T F TRUST
91541.0,PFI,INVESCO E T F TRUST
14548.0,PFIE,PROFIRE ENERGY INC
12996.0,PFIG,POWERSHARES E T F TRUST II
12996.0,PFIG,INVESCO E T F TRUST II
44230.0,PFIN,P & F INDUSTRIES INC
14604.0,PFIS,PEOPLES FINANCIAL SERVICES CORP
21242.0,PFIX,SIMPLIFY EXCHANGE TRADED FUNDS
89814.0,PFL,PIMCO INCOME STRATEGY FUND
19044.0,PFLD,E T F SERIES SOLUTIONS
12693.0,PFLT,PENNANTPARK FLOATING RT CAP LTD
90892.0,PFM,POWERSHARES E T F TRUST
90892.0,PFM,INVESCO E T F TRUST
13559.0,PFMT,PERFORMANT FINANCIAL CORP
90390.0,PFN,PIMCO INCOME STRATEGY FUND II
14774.0,PFNX,PFENEX INC
77309.0,PFO,FLAHERTY & CRUMRINE PFD INC OPP
13377.0,PFPT,PROOFPOINT INC
23089.0,PFRL,P G I M ETF TRUST
89653.0,PFS,PROVIDENT FINANCIAL SVCS INC
13908.0,PFSI,PENNYMAC FINANCIAL SERVICES INC
13908.0,PFSI,PENNYMAC FINANCIAL SVCS INC NEW
87510.0,PFSW,PFSWEB INC
21239.0,PFUT,PUTNAM ETF TRUST
17394.0,PFV,AMPLIFY ETF TRUST
12528.0,PFX,PHENIXFIN CORP
13505.0,PFXF,MARKET VECTORS E T F TRUST
13505.0,PFXF,VANECK VECTORS E T F TRUST
13505.0,PFXF,VANECK E T F TRUST
18163.0,PG,PROCTER & GAMBLE CO
14283.0,PGAL,GLOBAL X FUNDS
88820.0,PGC,PEAPACK GLADSTONE FINANCIAL CORP
13909.0,PGEM,PLY GEM HOLDINGS INC
14072.0,PGEN,PRECIGEN INC
91642.0,PGF,POWERSHARES E T F TRUST
91642.0,PGF,INVESCO E T F TRUST
90271.0,PGH,PENGROWTH ENERGY CORP
17565.0,PGHD,PACER FUNDS TRUST
14002.0,PGHY,POWERSHARES E T F TRUST II
14002.0,PGHY,INVESCO E T F TRUST II
90512.0,PGJ,POWERSHARES E T F TRUST
90512.0,PGJ,INVESCO E T F TRUST
15538.0,PGLC,PERSHING GOLD CORP
15357.0,PGND,PRESS GANEY HOLDINGS INC
85571.0,PGNX,PROGENICS PHARMACEUTICALS INC
18968.0,PGNY,PROGYNY INC
90689.0,PGP,PIMCO GLOBAL STOCKSPLUS & INC FD
64390.0,PGR,PROGRESSIVE CORP OH
15048.0,PGRE,PARAMOUNT GROUP INC
21241.0,PGRO,PUTNAM ETF TRUST
22973.0,PGRU,PROPERTYGURU GROUP LTD
91363.0,PGTI,P G T INC
91363.0,PGTI,P G T INNOVATIONS INC
92542.0,PGX,POWERSHARES E T F TRUST II
92542.0,PGX,INVESCO E T F TRUST II
23194.0,PGY,PAGAYA TECHNOLOGIES LTD
14003.0,PGZ,PRINCIPAL REAL ESTATE INCOME FD
41355.0,PH,PARKER HANNIFIN CORP
20314.0,PHAR,PHARMING GROUP N V
18210.0,PHAS,PHASEBIO PHARMACEUTICALS INC
19017.0,PHAT,PHANTHOM PHARMACEUTICALS INC
92408.0,PHB,POWERSHARES E T F TRUST II
92408.0,PHB,INVESCO E T F TRUST II
18314.0,PHCF,PUHUI WEALTH INVEST MGMT CO LTD
90510.0,PHD,PIONEER FLOATING RATE TRUST
90510.0,PHD,PIONEER FLOATING RATE FUND INC
13731.0,PHDG,POWERSHARES ACTIVELY MANGD ETF T
13731.0,PHDG,INVESCO ACTIVELY MANAGED ETF TR
24429.0,PHEQ,MORGAN STANLEY E T F TRUST
75429.0,PHF,PACHOLDER HIGH YIELD FUND INC
88487.0,PHG,KONINKLIJKE PHILIPS N V
18419.0,PHGE,BIOMX INC
90531.0,PHH,P H H CORP
81043.0,PHI,PHILIPPINE LONG DISTANCE TELE CO
81043.0,PHI,P L D T INC
62368.0,PHII,P H I INC
62376.0,PHIIK,P H I INC
23944.0,PHIN,PHINIA INC
14468.0,PHIO,PHIO PHARMACEUTICALS CORP
89733.0,PHK,PIMCO HIGH INCOME FD
13559.0,PHLT,PERFORMANT HEALTHCARE INC
54148.0,PHM,PULTE GROUP INC
88258.0,PHMD,PHOTOMEDEX INC
91052.0,PHO,POWERSHARES E T F TRUST
91052.0,PHO,INVESCO E T F TRUST
18808.0,PHR,PHREESIA INC
89372.0,PHT,PIONEER HIGH INCOME TRUST
89372.0,PHT,PIONEER HIGH INCOME FUND INC
16400.0,PHUN,PHUNWARE INC
20615.0,PHVS,PHARVARIS N V
77236.0,PHX,PANHANDLE OIL & GAS INC
77236.0,PHX,P H X MINERALS INC
23651.0,PHYD,PUTNAM ETF TRUST
18088.0,PHYL,P G I M ETF TRUST
12034.0,PHYS,SPROTT PHYSICAL GOLD TRUST
16182.0,PI,IMPINJ INC
20121.0,PIAI,PRIME IMPACT ACQUISITION I
18936.0,PIC,PIVOTAL INVESTMENT CORP II
93421.0,PICB,POWERSHARES E T F TRUST II
93421.0,PICB,INVESCO E T F TRUST II
13236.0,PICK,ISHARES INC
76586.0,PICO,P I C O HOLDINGS INC
90890.0,PID,POWERSHARES E T F TRUST
90890.0,PID,INVESCO E T F TRUST
92500.0,PIE,POWERSHARES E T F TRUST II
92500.0,PIE,INVESCO E T F TRUST II
25790.0,PIEQ,PRINCIPAL EXCHANGE TRADED FUNDS
19876.0,PIFI,E T F SERIES SOLUTIONS
14607.0,PIH,1347 PROPERTY INSURANCE HLDS INC
75182.0,PII,POLARIS INDUSTRIES INC
75182.0,PII,POLARIS INC
21044.0,PIII,P3 HEALTH PARTNERS INC
22333.0,PIK,KIDPIK CORP
15670.0,PILL,DIREXION SHARES E T F TRUST
17051.0,PILL,DIREXION SHARES E T F TRUST
15669.0,PILS,DIREXION SHARES E T F TRUST
75313.0,PIM,PUTNAM MASTER INTER INCOME TR
92603.0,PIN,POWERSHARES INDIA E T F TRUST
92603.0,PIN,INVESCO INDIA E T F TRUST
14169.0,PINC,PREMIER INC
19037.0,PINE,ALPINE INCOME PROPERTY TRUST INC
18912.0,PING,PING IDENTITY HOLDING CORP
22156.0,PINK,SIMPLIFY EXCHANGE TRADED FUNDS
18485.0,PINS,PINTEREST INC
92136.0,PIO,POWERSHARES E T F TRUST II
92136.0,PIO,INVESCO E T F TRUST II
90926.0,PIP,PHARMATHENE INC
89968.0,PIPR,PIPER SANDLER COMPANIES
51692.0,PIR,PIER 1 IMPORTS INC DE
15433.0,PIRS,PIERIS PHARMACEUTICALS INC
23606.0,PIT,VANECK E T F TRUST
16795.0,PIXY,SHIFTPIXY INC
92499.0,PIZ,POWERSHARES E T F TRUST II
92499.0,PIZ,INVESCO E T F TRUST II
18347.0,PJAN,INNOVATOR E T F S TRUST
24622.0,PJBF,P G I M ETF TRUST
89968.0,PJC,PIPER JAFFRAY COMPANIES
23594.0,PJFG,P G I M ETF TRUST
24618.0,PJFM,P G I M ETF TRUST
23593.0,PJFV,P G I M ETF TRUST
24621.0,PJIO,P G I M ETF TRUST
90768.0,PJP,POWERSHARES E T F TRUST
90768.0,PJP,INVESCO E T F TRUST
15650.0,PJT,P J T PARTNERS INC
18022.0,PJUL,INNOVATOR E T F S TRUST
18747.0,PJUN,INNOVATOR E T F S TRUST
16499.0,PK,PARK HOTELS & RESORTS INC
90935.0,PKB,POWERSHARES E T F TRUST
90935.0,PKB,INVESCO E T F TRUST
89573.0,PKBK,PARKE BANCORP INC
20815.0,PKBO,PEAK BIO INC
58675.0,PKD,PARKER DRILLING CO
35107.0,PKE,PARK ELECTROCHEMICAL CORP
35107.0,PKE,PARK AEROSPACE CORP
87541.0,PKG,PACKAGING CORP AMERICA
42200.0,PKI,PERKINELMER INC
92406.0,PKO,PIMCO INCOME OPPORTUNITY FUND
61269.0,PKOH,PARK OHIO HOLDINGS CORP
23829.0,PKST,PEAKSTONE REALTY TRUST
91643.0,PKW,POWERSHARES E T F TRUST
91643.0,PKW,INVESCO E T F TRUST
81044.0,PKX,POSCO
81044.0,PKX,POSCO HOLDINGS INC
12072.0,PKY,PARKWAY PROPERTIES INC
16340.0,PKY,PARKWAY INC
20919.0,PL,PLANET LABS P B C
11154.0,PLAB,PHOTRONICS INC
93012.0,PLAG,PLANET GREEN HOLDINGS CORP
18141.0,PLAN,ANAPLAN INC
18722.0,PLAT,WISDOMTREE TRUST
15014.0,PLAY,DAVE & BUSTERS ENTERTAINMENT INC
90710.0,PLBC,PLUMAS BANCORP
19644.0,PLBY,PLBY GROUP INC
18849.0,PLC,PRINCIPAL EXCHANGE TRADED FUNDS
85390.0,PLCE,CHILDRENS PLACE INC
83405.0,PLCM,POLYCOM INC
17388.0,PLCY,LISTED FUNDS TRUST
85592.0,PLD,PROLOGIS INC
21238.0,PLDR,PUTNAM ETF TRUST
92131.0,PLG,PLATINUM GROUP METALS LTD
18901.0,PLIN,CHINA XIANGTAI FOOD CO LTD
88940.0,PLKI,POPEYES LOUISIANA KITCHEN INC
17820.0,PLL,PIEDMONT LITHIUM LTD
21325.0,PLL,PIEDMONT LITHIUM INC
17820.0,PLLL,PIEDMONT LITHIUM LTD
91306.0,PLM,POLYMET MINING CORP
21326.0,PLMI,PLUM ACQUISITION CORP I
18563.0,PLMR,PALOMAR HOLDINGS INC
93102.0,PLND,MARKET VECTORS E T F TRUST
93102.0,PLND,VANECK VECTORS E T F TRUST
15627.0,PLNT,PLANET FITNESS INC
93372.0,PLOW,DOUGLAS DYNAMICS INC
89141.0,PLPC,PREFORMED LINE PRODUCTS CO
13705.0,PLPM,PLANET PAYMENT INC
21235.0,PLRG,PRINCIPAL EXCHANGE TRADED FUNDS
19485.0,PLRX,PLIANT THERAPEUTICS INC
25744.0,PLRZ,POLYRIZON LTD
16066.0,PLSE,PULSE BIOSCIENCES INC
80185.0,PLT,PLANTRONICS INC NEW
26018.0,PLTD,DIREXION SHARES E T F TRUST
20447.0,PLTK,PLAYTIKA HOLDING CORP
21234.0,PLTL,PRINCIPAL EXCHANGE TRADED FUNDS
17246.0,PLTM,GRANITESHARES PLATINUM TRUST
19788.0,PLTR,PALANTIR TECHNOLOGIES INC
26019.0,PLTU,DIREXION SHARES E T F TRUST
25702.0,PLTY,TIDAL TRUST II
87337.0,PLUG,PLUG POWER INC
92468.0,PLUR,PLURI INC
84234.0,PLUS,EPLUS INC
92350.0,PLW,POWERSHARES E T F TRUST II
92350.0,PLW,INVESCO E T F TRUST II
86080.0,PLX,PROTALIX BIOTHERAPEUTICS INC
14538.0,PLXP,P L X PHARMA INC
10032.0,PLXS,PLEXUS CORP
16641.0,PLYA,PLAYA HOTELS & RESORTS N V
16768.0,PLYM,PLYMOUTH INDUSTRIAL REIT INC
92602.0,PM,PHILIP MORRIS INTERNATIONAL INC
19293.0,PMAR,INNOVATOR E T F S TRUST
25630.0,PMAX,POWELL MAX LTD
19381.0,PMAY,INNOVATOR E T F S TRUST
88368.0,PMBC,PACIFIC MERCANTILE BANCORP
25600.0,PMBS,PIMCO E T F TRUST
92184.0,PMC,PHARMERICA CORP
21867.0,PMCB,PHARMACYTE BIOTECH INC
11043.0,PMD,PSYCHEMEDICS CORP
12961.0,PME,PINGTAN MARINE ENTERPRISE LTD
24489.0,PMEC,PRIMECH HOLDINGS LTD
89011.0,PMF,PIMCO MUNICIPAL INC FD
61787.0,PMFG,P M F G INC
21086.0,PMGM,PRIVETERRA ACQUISITION CORP
25185.0,PMIO,P G I M ETF TRUST
89437.0,PML,PIMCO MUNICIPAL INCOME FD II
75461.0,PMM,PUTNAM MANAGED MUNI INCOME TR
23244.0,PMN,PROMIS NEUROSCIENCES INC
24813.0,PMNT,PERFECT MOMENT LTD
79229.0,PMO,PUTNAM MUNICIPAL OPPTYS TR
16996.0,PMOM,PRINCIPAL EXCHANGE TRADED FUNDS
16262.0,PMPT,ETFIS SERIES TRUST I
90929.0,PMR,POWERSHARES E T F TRUST
90929.0,PMR,INVESCO E T F TRUST
92976.0,PMT,PENNYMAC MORTGAGE INV TR
15793.0,PMTS,C P I CARD GROUP INC
19682.0,PMVP,P M V PHARMACEUTICALS INC
89550.0,PMX,PIMCO MUNICIPAL INCOME FD III
15164.0,PN,PATRIOT NATIONAL INC
23247.0,PNAC,PRIME NUMBER ACQ I CORP
80837.0,PNBK,PATRIOT NATIONAL BANCORP INC
60442.0,PNC,P N C FINANCIAL SERVICES GRP INC
89012.0,PNF,PIMCO NEW YORK MUNICIPAL INC FD
89395.0,PNFP,PINNACLE FINANCIAL PARTNERS INC
89438.0,PNI,PIMCO NEW YORK MUNICIPAL FD II
16001.0,PNK,PINNACLE ENTERTAINMENT INC NEW
42140.0,PNK,PINNACLE ENTERTAINMENT INC
55511.0,PNM,P N M RESOURCES INC
91966.0,PNNT,PENNANTPARK INVESTMENT CORP
19054.0,PNOV,INNOVATOR E T F S TRUST
92725.0,PNQI,POWERSHARES E T F TRUST
92725.0,PNQI,INVESCO E T F TRUST
13586.0,PNR,PENTAIR PLC
76695.0,PNRA,PANERA BREAD CO
46923.0,PNRG,PRIMEENERGY CORP
46923.0,PNRG,PRIMEENERGY RESOURCES CORP
22923.0,PNST,PINSTRIPES HOLDINGS INC
19573.0,PNT,POINT BIOPHARMA GLOBAL INC
18913.0,PNTG,PENNANT GROUP INC
80655.0,PNTR,POINTER TELOCATION LTD
27991.0,PNW,PINNACLE WEST CAPITAL CORP
89008.0,PNX,PHOENIX COS INC
49971.0,PNY,PIEDMONT NATURAL GAS INC
15645.0,POAI,PREDICTIVE ONCOLOGY INC
77263.0,POCI,PRECISION OPTICS CORP INC
18166.0,POCT,INNOVATOR E T F S TRUST
24279.0,PODC,PODCASTONE INC
92050.0,PODD,INSULET CORP
22909.0,POET,POET TECHNOLOGIES INC
19515.0,POL,POLISHED COM INC
88597.0,POL,POLYONE CORP
16528.0,POLA,POLAR POWER INC
80185.0,POLY,PLANTRONICS INC NEW
23501.0,POM,PEPCO HOLDINGS INC
22225.0,PONO,PONO CAPITAL CORP
25862.0,PONY,PONY AI INC
82515.0,POOL,POOL CORP
77012.0,POPE,POPE RESOURCES
91204.0,POR,PORTLAND GENERAL ELECTRIC CO
20340.0,POSH,POSHMARK INC
13188.0,POST,POST HOLDINGS INC
75844.0,POT,POTASH CORP SASKATCHEWAN INC
18959.0,POTX,GLOBAL X FUNDS
17764.0,POWA,INVESCO ET SELF INDEX FD TR
85710.0,POWI,POWER INTEGRATIONS INC
63715.0,POWL,POWELL INDUSTRIES INC
77340.0,POWR,POWERSECURE INTERNATIONAL INC
85399.0,POWW,AMMO INC
88740.0,POZN,POZEN INC
23563.0,PP,TIDAL TRUST II
90936.0,PPA,POWERSHARES E T F TRUST
90936.0,PPA,INVESCO E T F TRUST
85020.0,PPBI,PACIFIC PREMIER BANCORP INC
15846.0,PPBT,PURPLE BIOTECH LTD
93179.0,PPC,PILGRIMS PRIDE CORP NEW
19199.0,PPD,P P D INC
17094.0,PPDF,P P DAI GROUP INC
17289.0,PPDM,DIREXION SHARES E T F TRUST
17290.0,PPEM,DIREXION SHARES E T F TRUST
23648.0,PPEM,PUTNAM ETF TRUST
22509.0,PPG,P P G INDUSTRIES INC
13130.0,PPH,MARKET VECTORS E T F TRUST
13130.0,PPH,VANECK VECTORS E T F TRUST
13130.0,PPH,VANECK E T F TRUST
18564.0,PPHI,POSITIVE PHYSICIANS HOLDINGS INC
12266.0,PPHM,PEREGRINE PHARMACEUTICALS INC
22471.0,PPI,INVESTMENT MANAGERS SERIES TR II
23650.0,PPIE,PUTNAM ETF TRUST
76052.0,PPIH,PERMA PIPE INTL HOLDINGS INC
22517.0,PPL,P P L CORP
15146.0,PPLC,DIREXION SHARES E T F TRUST
93203.0,PPLT,E T F S PLATINUM TRUST
93203.0,PPLT,ABERDEEN STD PLATINUM ETF TR
93203.0,PPLT,ABRDN PLATINUM ETF TRUST
17293.0,PPMC,DIREXION SHARES E T F TRUST
12954.0,PPP,PRIMERO MINING CORP
77460.0,PPR,VOYA PRIME RATE TRUST
79449.0,PPS,POST PROPERTIES INC
15147.0,PPSC,DIREXION SHARES E T F TRUST
14172.0,PPSI,PIONEER POWER SOLUTIONS INC
75268.0,PPT,PUTNAM PREMIER INCOME TRUST
20617.0,PPTA,PERPETUA RESOURCES CORP
17375.0,PPTY,E T F SERIES SOLUTIONS
78186.0,PQ,PETROQUEST ENERGY INC
19452.0,PQDI,PRINCIPAL EXCHANGE TRADED FUNDS
16961.0,PQG,P Q GROUP HOLDINGS INC
18296.0,PQIN,P G I M ETF TRUST
18177.0,PQLC,P G I M ETF TRUST
18240.0,PQSG,P G I M ETF TRUST
18241.0,PQSV,P G I M ETF TRUST
16021.0,PR,PERMIAN RESOURCES CORP
76838.0,PRA,PROASSURANCE CORP
89574.0,PRAA,P R A GROUP INC
24616.0,PRAE,NORTHERN LIGHTS FUND TR III
15079.0,PRAH,PRA HEALTH SCIENCES INC
89505.0,PRAN,PRANA BIOTECHNOLOGY LTD
19986.0,PRAX,PRAXIS PRECISION MEDICINES INC
22861.0,PRAY,S H P E T F TRUST
22861.0,PRAY,NEOS ETF TRUST
92888.0,PRB,MARKET VECTORS E T F TRUST
92888.0,PRB,VANECK VECTORS E T F TRUST
19196.0,PRCH,PORCH GROUP INC
77868.0,PRCP,PERCEPTRON INC
25951.0,PRCS,PARNASSUS INCOME FUNDS
21892.0,PRCT,PROCEPT BIOROBOTICS CORP
85724.0,PRDO,PERDOCEO EDUCATION CORP
20596.0,PRDS,PARDES BIOSCIENCES INC
23119.0,PRE,PRENETICS GLOBAL LTD
79730.0,PRE,PARTNERRE LTD
17589.0,PREF,PRINCIPAL EXCHANGE TRADED FUNDS
91053.0,PRF,POWERSHARES E T F TRUST
91053.0,PRF,INVESCO E T F TRUST
23646.0,PRFD,PIMCO E T F TRUST
87086.0,PRFT,PERFICIENT INC
19840.0,PRFX,PAINREFORM LTD
91483.0,PRFZ,POWERSHARES E T F TRUST
91483.0,PRFZ,INVESCO E T F TRUST
10517.0,PRG,PROG HOLDINGS INC
92224.0,PRGN,PARAGON SHIPPING INC
77182.0,PRGO,PERRIGO CO PLC
76752.0,PRGS,PROGRESS SOFTWARE CORP
83304.0,PRGX,P R G X GLOBAL INC
93330.0,PRI,PRIMERICA INC
17239.0,PRID,EXCHANGE LISTED FUNDS TRUST
92773.0,PRIM,PRIMORIS SERVICES CORP
76266.0,PRK,PARK NATIONAL CORP
80019.0,PRKR,PARKERVISION INC
13860.0,PRKS,UNITED PARKS & RESORTS INC
13249.0,PRLB,PROTO LABS INC
19681.0,PRLD,PRELUDE THERAPEUTICS INC
22422.0,PRM,PERIMETER SOLUTIONS S A
22422.0,PRM,PERIMETER SOLUTIONS INC
25773.0,PRMB,PRIMO BRANDS CORP
15818.0,PRME,FIRST TRUST E T F IV
23432.0,PRME,PRIME MEDICINE INC
24615.0,PRMN,NORTHERN LIGHTS FUND TR III
12402.0,PRMW,PRIMO WATER CORP
78763.0,PRMW,PRIMO WATER CORP
91539.0,PRN,POWERSHARES E T F TRUST
91539.0,PRN,INVESCO E T F TRUST
18126.0,PRNB,PRINCIPIA BIOPHARMA INC
17384.0,PRNT,ARK E T F TRUST
92143.0,PRO,P R O S HOLDINGS INC
21955.0,PROC,PROCAPS GROUP S A
19018.0,PROF,PROFOUND MEDICAL INC
19486.0,PROG,PROGENITY INC
21536.0,PROK,PROKIDNEY CORP
24660.0,PROP,PRAIRIE OPERATING CO
18810.0,PROS,PROSIGHT GLOBAL INC
83683.0,PROV,PROVIDENT FINANCIAL HOLDINGS INC
19804.0,PRPB,C C NEUBERGER PRINCIPAL HLDG II
85205.0,PRPH,PROPHASE LABS INC
15639.0,PRPL,PURPLE INNOVATION INC
88471.0,PRPO,PRECIPIO INC
14935.0,PRQR,PROQR THERAPEUTICS N V
89824.0,PRSC,PROVIDENCE SERVICE CORP
89029.0,PRSO,PERASO INC
17792.0,PRSP,PERSPECTA INC
13329.0,PRSS,CAFEPRESS INC
20645.0,PRST,PRESTO AUTOMATION INC
17836.0,PRT,PERMROCK ROYALTY TRUST
13706.0,PRTA,PROTHENA CORP PLC
20164.0,PRTC,PURETECH HEALTH PLC
20620.0,PRTG,PORTAGE BIOTECH INC
16465.0,PRTH,PRIORITY TECHNOLOGY HOLDINGS INC
91279.0,PRTK,PARATEK PHARMACEUTICALS INC
15015.0,PRTO,PROTEON THERAPEUTICS INC
91826.0,PRTS,U S AUTO PARTS NETWORK INC
91826.0,PRTS,CARPARTS COM INC
15327.0,PRTY,PARTY CITY HOLDCO INC
89258.0,PRU,PRUDENTIAL FINANCIAL INC
21087.0,PRVA,PRIVIA HEALTH GROUP INC
17973.0,PRVB,PROVENTION BIO INC
18782.0,PRVL,PREVAIL THERAPEUTICS INC
25952.0,PRVS,PARNASSUS INCOME FUNDS
24018.0,PRVT,TIDAL E T F TRUST
91364.0,PRXI,PREMIER EXHIBITIONS INC
82607.0,PRXL,PAREXEL INTERNATIONAL CORP
87074.0,PRZM,PRISM TECHNOLOGIES GROUP INC
24075.0,PRZO,PARAZERO TECHNOLOGIES LTD
17788.0,PS,PLURALSIGHT INC
64653.0,PSA,PUBLIC STORAGE
19649.0,PSAC,PROPERTY SOLUTIONS ACQ CORP
92787.0,PSAU,POWERSHARES E T F TRUST II
92787.0,PSAU,INVESCO E T F TRUST II
76602.0,PSB,P S BUSINESS PARKS INC CA
76602.0,PSB,P S BUSINESS PARKS INC MD
24788.0,PSBD,PALMER SQUARE CAPITAL B D C INC
90417.0,PSBH,PSB HOLDINGS INC
16305.0,PSC,PRINCIPAL EXCHANGE TRADED FUNDS
93364.0,PSCC,POWERSHARES E T F TRUST II
93364.0,PSCC,INVESCO E T F TRUST II
93367.0,PSCD,POWERSHARES E T F TRUST II
93367.0,PSCD,INVESCO E T F TRUST II
93360.0,PSCE,POWERSHARES E T F TRUST II
93360.0,PSCE,INVESCO E T F TRUST II
93361.0,PSCF,POWERSHARES E T F TRUST II
93361.0,PSCF,INVESCO E T F TRUST II
93366.0,PSCH,POWERSHARES E T F TRUST II
93366.0,PSCH,INVESCO E T F TRUST II
93362.0,PSCI,POWERSHARES E T F TRUST II
93362.0,PSCI,INVESCO E T F TRUST II
21670.0,PSCJ,PACER FUNDS TRUST
93359.0,PSCM,POWERSHARES E T F TRUST II
93359.0,PSCM,INVESCO E T F TRUST II
22144.0,PSCQ,PACER FUNDS TRUST
93363.0,PSCT,POWERSHARES E T F TRUST II
93363.0,PSCT,INVESCO E T F TRUST II
93365.0,PSCU,POWERSHARES E T F TRUST II
93365.0,PSCU,INVESCO E T F TRUST II
20959.0,PSCW,PACER FUNDS TRUST
20245.0,PSCX,PACER FUNDS TRUST
24044.0,PSDM,P G I M ETF TRUST
22353.0,PSDN,ADVISORSHARES TRUST
16642.0,PSDO,PRESIDIO INC
90542.0,PSDV,PSIVIDA CORP
90291.0,PSEC,PROSPECT CAPITAL CORP
85496.0,PSEM,PERICOM SEMICONDUCTOR CORP
18929.0,PSEP,INNOVATOR E T F S TRUST
15972.0,PSET,PRINCIPAL EXCHANGE TRADED FUNDS
12368.0,PSF,COHEN & STEERS SLT PFD & INC FD
20244.0,PSFD,PACER FUNDS TRUST
20754.0,PSFE,PAYSAFE LTD
20243.0,PSFF,PACER FUNDS TRUST
21668.0,PSFJ,PACER FUNDS TRUST
20957.0,PSFM,PACER FUNDS TRUST
22142.0,PSFO,PACER FUNDS TRUST
14735.0,PSG,PERFORMANCE SPORTS GROUP LTD
24617.0,PSH,P G I M ETF TRUST
12500.0,PSHG,PERFORMANCE SHIPPING INC
90767.0,PSI,POWERSHARES E T F TRUST
90767.0,PSI,INVESCO E T F TRUST
25351.0,PSIG,PS INTERNATIONAL GROUP LTD
21978.0,PSIL,ADVISORSHARES TRUST
13939.0,PSIX,POWER SOLUTIONS INTL INC
90766.0,PSJ,POWERSHARES E T F TRUST
90766.0,PSJ,INVESCO E T F TRUST
93032.0,PSK,SPDR SERIES TRUST
91543.0,PSL,POWERSHARES E T F TRUST
91543.0,PSL,INVESCO E T F TRUST
12338.0,PSLV,SPROTT PHYSICAL SILVER TRUST
18850.0,PSM,PRINCIPAL EXCHANGE TRADED FUNDS
17573.0,PSMB,POWERSHARES ACTIVELY MANGD ETF T
17573.0,PSMB,INVESCO ACTIVELY MANAGED ETF TR
17576.0,PSMC,POWERSHARES ACTIVELY MANGD ETF T
17576.0,PSMC,INVESCO ACTIVELY MANAGED ETF TR
20242.0,PSMD,PACER FUNDS TRUST
17572.0,PSMG,POWERSHARES ACTIVELY MANGD ETF T
17572.0,PSMG,INVESCO ACTIVELY MANAGED ETF TR
21669.0,PSMJ,PACER FUNDS TRUST
17575.0,PSMM,POWERSHARES ACTIVELY MANGD ETF T
17575.0,PSMM,INVESCO ACTIVELY MANAGED ETF TR
22143.0,PSMO,PACER FUNDS TRUST
20958.0,PSMR,PACER FUNDS TRUST
85394.0,PSMT,PRICESMART INC
18575.0,PSN,PARSONS CORP
18783.0,PSNL,PERSONALIS INC
23195.0,PSNY,POLESTAR AUTOMOTIVE HLDG UK PLC
23196.0,PSNYW,POLESTAR AUTOMOTIVE HLDG UK PLC
88595.0,PSO,PEARSON PLC
91533.0,PSP,POWERSHARES E T F TRUST
91533.0,PSP,INVESCO E T F TRUST
91312.0,PSQ,PROSHARES TRUST
25490.0,PSQA,PALMER SQUARE FUNDS TRUST
21625.0,PSQH,PSQ HOLDINGS INC
25489.0,PSQO,PALMER SQUARE FUNDS TRUST
92839.0,PSR,POWERSHARES ACTIVELY MANGD ETF T
92839.0,PSR,INVESCO ACTIVELY MANAGED ETF TR
92664.0,PST,PROSHARES TRUST
12088.0,PSTB,PARK STERLING BANK NEW
15729.0,PSTG,PURE STORAGE INC
19789.0,PSTH,PERSHING SQ TONTINE HLDGS LTD
92468.0,PSTI,PLURISTEM THERAPEUTICS INC
18715.0,PSTL,POSTAL REALTY TRUST INC
22938.0,PSTP,INNOVATOR E T F S TRUST
25033.0,PSTR,NORTHERN LIGHTS FUND TR II
91021.0,PSTV,PLUS THERAPEUTICS INC
19568.0,PSTX,POSEIDA THERAPEUTICS INC
78999.0,PSUN,PACIFIC SUNWEAR OF CA INC
14756.0,PSV,HERMITAGE OFFSHORE SERVICES LTD
24076.0,PSWD,D B X ETF TRUST
13356.0,PSX,PHILLIPS 66
14035.0,PSXP,PHILLIPS 66 PARTNERS LP
21204.0,PSY,E T F SERIES SOLUTIONS
22842.0,PSYK,E T F SERIES SOLUTIONS
18211.0,PT,PINTEC TECHNOLOGY HOLDINGS LTD
18988.0,PTBD,PACER FUNDS TRUST
75912.0,PTC,P T C INC
13967.0,PTCT,P T C THERAPEUTICS INC
90539.0,PTE,POLARITYTE INC
23865.0,PTEC,GLOBAL X FUNDS
79857.0,PTEN,PATTERSON U T I ENERGY INC
91537.0,PTF,POWERSHARES E T F TRUST
91537.0,PTF,INVESCO E T F TRUST
16263.0,PTGX,PROTAGONIST THERAPEUTICS INC
91538.0,PTH,POWERSHARES E T F TRUST
91538.0,PTH,INVESCO E T F TRUST
25631.0,PTHL,PHETON HOLDINGS LTD
16159.0,PTHN,PATHEON N V
23866.0,PTHR,PONO CAPITAL THREE INC
15950.0,PTI,PROTEOSTASIS THERAPEUTICS INC
88462.0,PTIE,PAIN THERAPEUTICS INC
18714.0,PTIN,PACER FUNDS TRUST
25602.0,PTIR,GRANITESHARES E T F TRUST
84321.0,PTIX,PROTAGENIC THERAPEUTICS INC
19787.0,PTK,P T K ACQUISITION CORP
24905.0,PTL,NORTHERN LIGHTS FUND TR IV
13940.0,PTLA,PORTOLA PHARMACEUTICALS INC
17561.0,PTLC,PACER FUNDS TRUST
25746.0,PTLE,P T L LTD
22085.0,PTLO,PORTILLOS INC
17562.0,PTMC,PACER FUNDS TRUST
91670.0,PTMN,PORTMAN RIDGE FINANCE CORP
79702.0,PTN,PALATIN TECHNOLOGIES INC
17563.0,PTNQ,PACER FUNDS TRUST
87339.0,PTNR,PARTNER COMMUNICATIONS CO LTD
18940.0,PTON,PELOTON INTERACTIVE INC
20135.0,PTPI,PETROS PHARMACEUTICALS INC
87844.0,PTR,PETROCHINA CO LTD
20136.0,PTRA,PROTERRA INC
22485.0,PTRB,P G I M ETF TRUST
19396.0,PTRS,PARTNERS BANCORP
10649.0,PTSI,P A M TRANSPORTATION SVCS INC
16417.0,PTVCA,PROTECTIVE INSURANCE CORP
10239.0,PTVCB,PROTECTIVE INSURANCE CORP
19659.0,PTVE,PACTIV EVERGREEN INC
23425.0,PTWO,PONO CAPITAL TWO INC
84581.0,PTX,PERNIX THERAPEUTICS HLDGS INC
15434.0,PTXP,PENNTEX MIDSTREAM PARTNERS LP
89635.0,PTY,PIMCO CORPORATE & INCOME OPP FD
15435.0,PUB,PEOPLES UTAH BANCORP
20315.0,PUBM,PUBMATIC INC
90928.0,PUI,POWERSHARES E T F TRUST
90928.0,PUI,INVESCO E T F TRUST
88310.0,PUK,PRUDENTIAL PLC
80569.0,PULB,PULASKI FINANCIAL CORP
14551.0,PULM,PULMATRIX INC
17706.0,PULS,P G I M ETF TRUST
23649.0,PULT,PUTNAM ETF TRUST
16617.0,PUMP,PROPETRO HOLDING CORP
22735.0,PUNK,SERIES PORTFOLIOS TRUST
25184.0,PUSH,P G I M ETF TRUST
24120.0,PUTD,TIDAL TRUST II
15930.0,PUTW,WISDOMTREE TRUST
15547.0,PUTX,ALPS E T F TRUST
91532.0,PUW,POWERSHARES E T F TRUST
91532.0,PUW,INVESCO E T F TRUST
18465.0,PUYI,PUYI INC
20756.0,PV,PRIMAVERA CAPITAL ACQ CORP
61955.0,PVA,PENN VIRGINIA CORP
16529.0,PVAC,PENN VIRGINIA CORP
16997.0,PVAL,PRINCIPAL EXCHANGE TRADED FUNDS
21240.0,PVAL,PUTNAM ETF TRUST
15539.0,PVBC,PROVIDENT BANCORP INC
15539.0,PVBC,PROVIDENT BANCORP INC MD
68276.0,PVCT,PROVECTUS BIOPHARMACEUTICALS INC
13191.0,PVG,PRETIUM RESOURCES INC
13936.0,PVH,P V H CORP
92407.0,PVI,POWERSHARES E T F TRUST II
92407.0,PVI,INVESCO E T F TRUST II
15433.0,PVLA,PALVELLA THERAPEUTICS INC
87020.0,PVTB,PRIVATEBANCORP INC
17673.0,PVTL,PIVOTAL SOFTWARE INC
13987.0,PW,POWER REIT
90619.0,PWB,POWERSHARES E T F TRUST
90619.0,PWB,INVESCO E T F TRUST
89748.0,PWC,POWERSHARES E T F TRUST
89748.0,PWC,INVESCO E T F TRUST
91305.0,PWE,PENN WEST PETROLEUM LTD
24582.0,PWER,MACQUARIE E T F TRUST
87016.0,PWFL,POWERFLEET INC
24077.0,PWM,PRESTIGE WEALTH INC
89211.0,PWOD,PENNS WOODS BANCORP INC
20146.0,PWP,PERELLA WEINBERG PARTNERS
85792.0,PWR,QUANTA SERVICES INC
17568.0,PWS,PACER FUNDS TRUST
21612.0,PWSC,POWERSCHOOL HOLDINGS INC
90620.0,PWV,POWERSHARES E T F TRUST
90620.0,PWV,INVESCO E T F TRUST
12248.0,PWX,PROVIDENCE & WORCESTER RR CO
92347.0,PWZ,POWERSHARES E T F TRUST II
92347.0,PWZ,INVESCO E T F TRUST II
22145.0,PX,P10 INC
77768.0,PX,PRAXAIR INC
75241.0,PXD,PIONEER NATURAL RESOURCES CO
24116.0,PXDT,PIXIE DUST TECHNOLOGIES INC
90934.0,PXE,POWERSHARES E T F TRUST
90934.0,PXE,INVESCO E T F TRUST
92140.0,PXF,POWERSHARES E T F TRUST II
92140.0,PXF,INVESCO E T F TRUST II
92279.0,PXH,POWERSHARES E T F TRUST II
92279.0,PXH,INVESCO E T F TRUST II
91542.0,PXI,POWERSHARES E T F TRUST
91542.0,PXI,INVESCO E T F TRUST
90930.0,PXJ,POWERSHARES E T F TRUST
90930.0,PXJ,INVESCO E T F TRUST
12875.0,PXLG,POWERSHARES E T F TRUST
12875.0,PXLG,INVESCO E T F TRUST
12876.0,PXLV,POWERSHARES E T F TRUST
12876.0,PXLV,INVESCO E T F TRUST
88260.0,PXLW,PIXELWORKS INC
23269.0,PXMD,PAXMEDICA INC
90621.0,PXMG,POWERSHARES E T F TRUST
90621.0,PXMG,INVESCO E T F TRUST
90624.0,PXMV,POWERSHARES E T F TRUST
90624.0,PXMV,INVESCO E T F TRUST
90769.0,PXQ,POWERSHARES E T F TRUST
90769.0,PXQ,INVESCO E T F TRUST
92804.0,PXR,POWERSHARES E T F TRUST II
92804.0,PXR,INVESCO E T F TRUST II
15796.0,PXS,PYXIS TANKERS INC
90623.0,PXSG,POWERSHARES E T F TRUST
90623.0,PXSG,INVESCO E T F TRUST
90622.0,PXSV,POWERSHARES E T F TRUST
90622.0,PXSV,INVESCO E T F TRUST
17119.0,PXUS,PRINCIPAL EXCHANGE TRADED FUNDS
21236.0,PXUS,PRINCIPAL EXCHANGE TRADED FUNDS
15973.0,PY,PRINCIPAL EXCHANGE TRADED FUNDS
21600.0,PYCR,PAYCOR HCM INC
87753.0,PYDS,PAYMENT DATA SYSTEMS INC
23977.0,PYLD,PIMCO E T F TRUST
89553.0,PYN,PIMCO NY MUNICIPAL INCOME FD III
19487.0,PYPD,POLYPID LTD
15488.0,PYPL,PAYPAL HOLDINGS INC
23248.0,PYPS,INVESTMENT MANAGERS SERIES TR II
23249.0,PYPT,INVESTMENT MANAGERS SERIES TR II
24240.0,PYPY,TIDAL TRUST II
20865.0,PYR,PYROGENESIS CANADA INC
29867.0,PYX,PYXUS INTL INC
22229.0,PYXS,PYXIS ONCOLOGY INC
91545.0,PYZ,POWERSHARES E T F TRUST
91545.0,PYZ,INVESCO E T F TRUST
92349.0,PZA,POWERSHARES E T F TRUST II
92349.0,PZA,INVESCO E T F TRUST II
89551.0,PZC,PIMCO CA MUNICIPAL INCOME FD III
91534.0,PZD,POWERSHARES E T F TRUST
91534.0,PZD,INVESCO E T F TRUST
87540.0,PZE,PETROBRAS ENERGIA S A
15278.0,PZG,PARAMOUNT GOLD NEVADA CORP
90845.0,PZI,POWERSHARES E T F TRUST
90845.0,PZI,INVESCO E T F TRUST
92354.0,PZN,PZENA INVESTMENT MANAGEMENT INC
16067.0,PZRX,PHASERX INC
92348.0,PZT,POWERSHARES E T F TRUST II
92348.0,PZT,INVESCO E T F TRUST II
79299.0,PZZA,PAPA JOHNS INTL INC
13911.0,Q,QUINTILES TRANSNATIONAL HLDGS IN
13911.0,Q,QUINTILES IMS HOLDINGS INC
92985.0,QABA,FIRST TRUST EXCHANGE TRADED FUND
12493.0,QADA,QAD INC
85314.0,QADB,QAD INC
92898.0,QAI,INDEXIQ E T F TRUST
92898.0,QAI,NEW YORK LIFE INVESTMENTS ETF TR
17702.0,QARP,D B X ETF TRUST
14662.0,QAT,ISHARES TRUST
14743.0,QAUS,SPDR INDEX SHARES FUNDS
88370.0,QBAK,QUALSTAR CORP
25263.0,QBER,ELEVATION SERIES TRUST
26020.0,QBIG,INVESCO ACTIVELY MANAGED ETF TR
23263.0,QBTS,D WAVE QUANTUM INC
25352.0,QBUF,INNOVATOR E T F S TRUST
25262.0,QBUL,ELEVATION SERIES TRUST
14742.0,QCAN,SPDR INDEX SHARES FUNDS
24989.0,QCAP,FIRST TRUST E T F VIII
90292.0,QCCO,Q C HOLDINGS INC
25277.0,QCJL,FIRST TRUST E T F VIII
91827.0,QCLN,FIRST TRUST EXCHANGE TRADED FUND
21868.0,QCLR,GLOBAL X FUNDS
25680.0,QCOC,FIRST TRUST E T F VIII
77178.0,QCOM,QUALCOMM INC
20520.0,QCON,AMERICAN CENTURY E T F TRUST
16346.0,QCP,QUALITY CARE PROPERTIES INC
79731.0,QCRH,Q C R HOLDINGS INC
17019.0,QD,QUDIAN INC
25087.0,QDCC,GLOBAL X FUNDS
20217.0,QDEC,FIRST TRUST E T F VIII
13724.0,QDEF,FLEXSHARES TRUST
76591.0,QDEL,QUIDEL CORP
76591.0,QDEL,QUIDELORTHO CORP
14740.0,QDEU,SPDR INDEX SHARES FUNDS
13728.0,QDF,FLEXSHARES TRUST
17992.0,QDIV,GLOBAL X FUNDS
21666.0,QDPL,PACER FUNDS TRUST
24915.0,QDTE,ROUNDHILL E T F TRUST
25365.0,QDVO,AMPLIFY ETF TRUST
13727.0,QDYN,FLEXSHARES TRUST
15248.0,QED,INDEXIQ E T F TRUST
14749.0,QEFA,SPDR INDEX SHARES FUNDS
13538.0,QEH,ADVISORSHARES TRUST
20165.0,QELL,QELL ACQUISITION CORP
14748.0,QEMM,SPDR INDEX SHARES FUNDS
93422.0,QEP,Q E P RESOURCES INC
17306.0,QES,QUINTANA ENERGY SERVICES INC
14739.0,QESP,SPDR INDEX SHARES FUNDS
25303.0,QETH,INVESCO GALAXY ETHEREUM ETF
18317.0,QFIN,360 FINANCE INC
18317.0,QFIN,360 DIGITECH INC
18317.0,QFIN,QIFU TECHNOLOGY INC
24778.0,QFLR,INNOVATOR E T F S TRUST
14738.0,QGBR,SPDR INDEX SHARES FUNDS
83686.0,QGEN,QIAGEN NV
18066.0,QGRO,AMERICAN CENTURY E T F TRUST
23608.0,QGRW,WISDOMTREE TRUST
15679.0,QGTA,INDEXIQ E T F TRUST
19569.0,QH,QUHUO LTD
16004.0,QHC,QUORUM HEALTH CORP
25413.0,QHDG,INNOVATOR E T F S TRUST
17629.0,QHY,WISDOMTREE TRUST
91386.0,QID,PROSHARES TRUST
17630.0,QIG,WISDOMTREE TRUST
12636.0,QIHU,QIHOO 360 TECHNOLOGY CO LTD
14549.0,QINC,FIRST TRUST E T F VI
18068.0,QINT,AMERICAN CENTURY E T F TRUST
21328.0,QIPT,QUIPT HOME MEDICAL CORP
24050.0,QIS,SIMPLIFY EXCHANGE TRADED FUNDS
13941.0,QIWI,QIWI PLC
14741.0,QJPN,SPDR INDEX SHARES FUNDS
21396.0,QJUN,FIRST TRUST E T F VIII
19080.0,QK,Q & K INTERNATIONAL GROUP LTD
93087.0,QKLS,Q K L STORES INC
14910.0,QKOR,SPDR INDEX SHARES FUNDS
15657.0,QLC,FLEXSHARES TRUST
91308.0,QLD,PROSHARES TRUST
80266.0,QLGC,QLOGIC CORP
15436.0,QLGN,QUALIGEN THERAPEUTICS INC
20449.0,QLI,QILIAN INTERNTL HLDG GROUP LTD
12026.0,QLIK,QLIK TECHNOLOGIES INC
15247.0,QLS,INDEXIQ E T F TRUST
13241.0,QLTA,ISHARES TRUST
17471.0,QLTB,ISHARES TRUST
17472.0,QLTC,ISHARES TRUST
25703.0,QLTI,2023 E T F SERIES TRUST II
78688.0,QLTI,Q L T INC
24575.0,QLTY,2023 E T F SERIES TRUST II
18801.0,QLV,FLEXSHARES TRUST
18800.0,QLVD,FLEXSHARES TRUST
18799.0,QLVE,FLEXSHARES TRUST
13600.0,QLYS,QUALYS INC
25367.0,QMAG,FIRST TRUST E T F VIII
20697.0,QMAR,FIRST TRUST E T F VIII
87043.0,QMCO,QUANTUM CORP
14911.0,QMEX,SPDR INDEX SHARES FUNDS
24712.0,QMID,WISDOMTREE TRUST
19207.0,QMJ,DIREXION SHARES E T F TRUST
25353.0,QMMM,QMMM HOLDINGS LTD
25085.0,QMMY,FIRST TRUST E T F VIII
13607.0,QMN,INDEXIQ E T F TRUST
25856.0,QMNV,FIRST TRUST E T F VIII
17392.0,QMOM,ALPHA ARCHITECT ETF TRUST
17392.0,QMOM,E A SERIES TRUST
18648.0,QNCX,QUINCE THERAPEUTICS INC
16161.0,QNRX,QUOIN PHARMACEUTICALS LTD
93266.0,QNST,QUINSTREET INC
19192.0,QNTM,QUANTUM BIOPHARMA LTD
25747.0,QNXT,ISHARES TRUST
24661.0,QOWZ,INVESCO E T F TRUST II
15271.0,QPAC,QUINPARIO ACQUISITION CORP 2
20521.0,QPFF,AMERICAN CENTURY E T F TRUST
20199.0,QPT,ADVISORSHARES TRUST
20198.0,QPX,ADVISORSHARES TRUST
25354.0,QQA,INVESCO ACTIVELY MANAGED ETF TR
20316.0,QQC,SIMPLIFY EXCHANGE TRADED FUNDS
20317.0,QQD,SIMPLIFY EXCHANGE TRADED FUNDS
91181.0,QQEW,FIRST TRUST EXCHANGE TRADED FUND
18987.0,QQH,NORTHERN LIGHTS FUND TR III
22230.0,QQJG,INVESCO E T F TRUST II
26021.0,QQLV,INVESCO E T F TRUST II
22231.0,QQMG,INVESCO E T F TRUST II
86755.0,QQQ,POWERSHARES QQQ TRUST
86755.0,QQQ,INVESCO QQQ TRUST
21329.0,QQQA,PROSHARES TRUST
93170.0,QQQC,GLOBAL X FUNDS
24884.0,QQQD,DIREXION SHARES E T F TRUST
13293.0,QQQE,DIREXION SHARES E T F TRUST
25414.0,QQQG,PACER FUNDS TRUST
24713.0,QQQI,NEOS ETF TRUST
19987.0,QQQJ,INVESCO E T F TRUST II
19988.0,QQQM,INVESCO E T F TRUST II
19841.0,QQQN,VICTORY PORTFOLIOS II
25653.0,QQQP,INVESTMENT MANAGERS SERIES TR II
23442.0,QQQS,INVESCO E T F TRUST II
25235.0,QQQT,TIDAL TRUST II
24883.0,QQQU,DIREXION SHARES E T F TRUST
25605.0,QQQW,INVESTMENT MANAGERS SERIES TR II
15136.0,QQQX,NUVEEN NASDAQ 100 DYN OVERWR FD
24282.0,QQQY,TIDAL TRUST II
91828.0,QQXT,FIRST TRUST EXCHANGE TRADED FUND
18687.0,QRFT,EXCHANGE LISTED FUNDS TRUST
14663.0,QRHC,QUEST RESOURCE HOLDING CORP
21869.0,QRMI,GLOBAL X FUNDS
91277.0,QRTEA,QURATE RETAIL INC
91278.0,QRTEB,QURATE RETAIL INC
85035.0,QRVO,QORVO INC
19599.0,QS,QUANTUMSCAPE CORP
23678.0,QSG,QUANTASING GROUP LTD
19952.0,QSI,QUANTUM SI INC
17628.0,QSIG,WISDOMTREE TRUST
64961.0,QSII,QUALITY SYSTEMS INC
25606.0,QSIX,PACER FUNDS TRUST
24714.0,QSML,WISDOMTREE TRUST
22010.0,QSPT,FIRST TRUST E T F VIII
15113.0,QSR,RESTAURANT BRANDS INTL INC
22436.0,QSWN,AMPLIFY ETF TRUST
91806.0,QSY,WISDOMTREE TRUST
20943.0,QTAP,INNOVATOR E T F S TRUST
91182.0,QTEC,FIRST TRUST EXCHANGE TRADED FUND
20869.0,QTEK,QUALTEK SERVICES INC
22384.0,QTI,QT IMAGING HOLDINGS INC
22721.0,QTJA,INNOVATOR E T F S TRUST
21652.0,QTJL,INNOVATOR E T F S TRUST
87043.0,QTM,QUANTUM CORP
16397.0,QTNA,QUANTENNA COMMUNICATIONS INC
14666.0,QTNT,QUOTIENT LTD
22120.0,QTOC,INNOVATOR E T F S TRUST
25748.0,QTOP,ISHARES TRUST
25915.0,QTPI,EXCHANGE PLACE ADVISORS TRUST
21870.0,QTR,GLOBAL X FUNDS
12891.0,QTRH,QUARTERHILL INC
17155.0,QTRX,QUANTERIX CORP
14220.0,QTS,Q T S REALTY TRUST INC
18127.0,QTT,QUTOUTIAO INC
17358.0,QTTB,Q32 BIO INC
18073.0,QTUM,E T F SERIES SOLUTIONS
14909.0,QTWN,SPDR INDEX SHARES FUNDS
14516.0,QTWO,Q 2 HOLDINGS INC
12009.0,QUAD,QUAD GRAPHICS INC
14020.0,QUAL,ISHARES TRUST
21754.0,QUBT,QUANTUM COMPUTING INC
87364.0,QUIK,QUICKLOGIC CORP
78054.0,QUMU,QUMU CORP
14320.0,QUNR,QUNAR CAYMAN ISLANDS LTD
14504.0,QUOT,QUOTIENT TECHNOLOGY INC
14466.0,QURE,UNIQURE N V
15329.0,QUS,SPDR SERIES TRUST
24398.0,QUVU,HARTFORD FUNDS E T TRUST
17389.0,QVAL,ALPHA ARCHITECT ETF TRUST
17389.0,QVAL,E A SERIES TRUST
91277.0,QVCA,LIBERTY INTERACTIVE CORP
91278.0,QVCB,LIBERTY INTERACTIVE CORP
15190.0,QVM,ARROW INVESTMENTS TRUST
21405.0,QVML,INVESCO E T F TRUST II
21404.0,QVMM,INVESCO E T F TRUST II
21403.0,QVMS,INVESCO E T F TRUST II
23604.0,QVOY,ULTIMUS MANAGERS TRUST
14747.0,QWLD,SPDR INDEX SHARES FUNDS
17539.0,QXGG,NORTHERN LIGHTS FUND TR IV
17538.0,QXMI,NORTHERN LIGHTS FUND TR IV
16680.0,QXO,Q X O INC
25236.0,QXQ,R B B FUND INC
17535.0,QXRR,NORTHERN LIGHTS FUND TR IV
17537.0,QXTR,NORTHERN LIGHTS FUND TR IV
14354.0,QYLD,RECON CAPITAL SERIES TRUST
14354.0,QYLD,HORIZONS E T F TR I
18318.0,QYLD,GLOBAL X FUNDS
23732.0,QYLE,GLOBAL X FUNDS
19842.0,QYLG,GLOBAL X FUNDS
27633.0,R,RYDER SYSTEMS INC
16494.0,RA,BROOKFIELD REAL ASST INC FD INC
20524.0,RAAS,CLOOPEN GROUP HOLDING LTD
17780.0,RAAX,VANECK VECTORS E T F TRUST
17780.0,RAAX,VANECK E T F TRUST
19573.0,RACA,THERAPEUTICS ACQUISITION CORP
15735.0,RACE,FERRARI N V
15735.0,RACE,FERRARI N V NEW
46922.0,RAD,RITE AID CORP
78569.0,RADA,RADA ELECTRONIC INDUSTRIES LTD
19989.0,RADI,RADIUS GLOBAL INFRASTRUCTURE INC
19120.0,RAFE,PIMCO EQUITY SERIES
86946.0,RAI,REYNOLDS AMERICAN INC
90672.0,RAIL,FREIGHTCAR AMERICA INC
21089.0,RAIN,RAIN THERAPEUTICS INC
21089.0,RAIN,RAIN ONCOLOGY INC
12463.0,RALS,PROSHARES TRUST
13858.0,RALY,RALLY SOFTWARE DEVELOPMENT CORP
20117.0,RAMP,LIVERAMP HOLDINGS INC
65665.0,RAND,RAND CAPITAL CORP
21756.0,RANI,RANI THERAPEUTICS HOLDINGS INC
25237.0,RAPP,RAPPORT THERAPEUTICS INC
19021.0,RAPT,R A P T THERAPEUTICS INC
14436.0,RARE,ULTRAGENYX PHARMACEUTICALS INC
16398.0,RARX,R A PHARMACEUTICALS INC
85772.0,RAS,RAIT FINANCIAL TRUST
12835.0,RATE,BANKRATE INC DE
23207.0,RATE,GLOBAL X FUNDS
79618.0,RAVE,RAVE RESTAURANT GROUP INC
13606.0,RAVI,FLEXSHARES TRUST
62033.0,RAVN,RAVEN INDUSTRIES INC
92765.0,RAX,RACKSPACE HOSTING INC
23628.0,RAYA,ERAYAK POWER SOLUTION GROUP INC
20200.0,RAYC,ADVISORS INNER CIRCLE FUND III
22435.0,RAYD,ADVISORS INNER CIRCLE FUND III
22434.0,RAYE,ADVISORS INNER CIRCLE FUND III
24973.0,RAYJ,ADVISORS INNER CIRCLE FUND III
21956.0,RAYS,GLOBAL X FUNDS
85925.0,RBA,RITCHIE BROS AUCTIONEERS INC
85925.0,RBA,R B GLOBAL INC
19936.0,RBAC,REDBALL ACQUISITION CORP
16828.0,RBB,R B B BANCORP
88264.0,RBBN,RIBBON COMMUNICATIONS INC
58771.0,RBC,REGAL BELOIT CORP
90870.0,RBC,R B C BEARINGS INC
86287.0,RBCAA,REPUBLIC BANCORP INC KY
92448.0,RBCN,RUBICON TECHNOLOGY INC
16946.0,RBIN,E T F SERIES SOLUTIONS
18369.0,RBKB,RHINEBECK BANCORP INC
93294.0,RBL,SPDR INDEX SHARES FUNDS
92803.0,RBLD,FIRST TRUST E T F II
20648.0,RBLX,ROBLOX CORP
15505.0,RBNC,RELIANT BANCORP INC
20100.0,RBND,SPDR SERIES TRUST
19803.0,RBOT,VICARIOUS SURGICAL INC
11750.0,RBPAA,ROYAL BANCSHARES PA INC
92355.0,RBS,ROYAL BANK SCOTLAND GROUP PLC
22553.0,RBT,RUBICON TECHNOLOGIES INC
25296.0,RBUF,INNOVATOR E T F S TRUST
16947.0,RBUS,E T F SERIES SOLUTIONS
90343.0,RBY,RUBICON MINERALS CORP
16980.0,RBZ,REEBONZ HOLDING LTD NEW
13787.0,RC,READY CAPITAL CORP
21090.0,RCAT,RED CAT HOLDINGS INC
17749.0,RCD,INVESCO E T F TRUST
91593.0,RCD,RYDEX E T F TRUST
19022.0,RCEL,AVITA THERAPEUTICS INC
19022.0,RCEL,AVITA MEDICAL INC
78405.0,RCI,ROGERS COMMUNICATIONS INC
81222.0,RCII,RENT A CENTER INC NEW
15221.0,RCKT,ROCKET PHARMACEUTICALS INC
78908.0,RCKY,ROCKY BRANDS INC
79145.0,RCL,ROYAL CARIBBEAN CRUISES LTD
93369.0,RCM,R1 R C M INC
93369.0,RCM,R1 R C M INC NEW
65270.0,RCMT,R C M TECHNOLOGIES INC
17424.0,RCOM,ELKHORN E T F TRUST
92986.0,RCON,RECON TECHNOLOGY LTD
19417.0,RCOR,RENOVACOR INC
21577.0,RCRT,RECRUITER COM GROUP INC
80401.0,RCS,P I M C O STRATEGIC INCOME FD IN
17374.0,RCUS,ARCUS BIOSCIENCES INC
20322.0,RDBX,REDBOX ENTERTAINMENT INC
45495.0,RDC,ROWAN COMPANIES PLC
85397.0,RDCM,RADCOM LTD
24876.0,RDDT,REDDIT INC
82699.0,RDEN,ELIZABETH ARDEN INC
19874.0,RDFI,COLLABORATIVE INV SERIES TRUST
16829.0,RDFN,REDFIN CORP
13707.0,RDHL,REDHILL BIOPHARMA LTD
87532.0,RDI,READING INTERNATIONAL INC
87533.0,RDIB,READING INTERNATIONAL INC
14223.0,RDIV,OPPENHEIMER REVENUE WGTD ETF TR
14223.0,RDIV,OPPENHEIMER E T F TR
18581.0,RDIV,INVESCO E T F TRUST II
22863.0,RDMX,SPDR INDEX SHARES FUNDS
78038.0,RDN,RADIAN GROUP INC
76672.0,RDNT,RADNET INC
92644.0,RDOG,ALPS E T F TRUST
90793.0,RDS,ROYAL DUTCH SHELL PLC
90794.0,RDS,ROYAL DUTCH SHELL PLC
25493.0,RDTE,ROUNDHILL E T F TRUST
14707.0,RDUS,RADIUS HEALTH INC
79866.0,RDUS,RADIUS RECYCLING INC
23471.0,RDVI,FIRST TRUST E T F IV
17343.0,RDVT,RED VIOLET INC
14439.0,RDVY,FIRST TRUST E T F VI
20399.0,RDW,REDWIRE CORP
87251.0,RDWR,RADWARE LTD
88957.0,RDY,DR REDDYS LABORATORIES LTD
22688.0,RDZN,ROADZEN INC
82303.0,RE,EVEREST RE GROUP LTD
24018.0,REAI,TIDAL E T F TRUST
18784.0,REAL,REALREAL INC
21578.0,REAX,REAL BROKERAGE INC
23257.0,REBN,REBORN COFFEE INC
19882.0,REC,EMLES TRUST
88841.0,RECN,RESOURCES CONNECTION INC
18923.0,RECS,COLUMBIA E T F TRUST I
88371.0,REDF,REDIFF COM INDIA LTD
16998.0,REDU,RISE EDUCATION CAYMAN LTD
18034.0,REDV,OPPENHEIMER E T F TR
18590.0,REDV,INVESCO E T F TRUST II
12057.0,REE,RARE ELEMENT RESOURCES LTD
21757.0,REE,R E E AUTOMOTIVE LTD
92449.0,REED,REEDS INC
17560.0,REEM,OPPENHEIMER E T F TR
18698.0,REEM,INVESCO E T F TRUST II
14770.0,REET,ISHARES TRUST
17556.0,REFA,OPPENHEIMER E T F TR
18696.0,REFA,INVESCO E T F TRUST II
22595.0,REFI,CHICAGO ATLANTIC REAL ES FIN INC
10463.0,REFR,RESEARCH FRONTIERS INC
79782.0,REG,REGENCY CENTERS CORP
13201.0,REGI,RENEWABLE ENERGY GROUP INC
15204.0,REGL,PROSHARES TRUST
76614.0,REGN,REGENERON PHARMACEUTICALS INC
14137.0,REI,RING ENERGY INC
85079.0,REIS,REIS INC
20622.0,REIT,ALPS E T F TRUST
93292.0,REK,PROSHARES TRUST
17270.0,REKR,REKOR SYSTEMS INC
25264.0,REKT,DIREXION SHARES E T F TRUST
20623.0,RELI,RELIANCE GLOBAL GROUP INC
66852.0,RELL,RICHARDSON ELECTRONICS LTD
79065.0,RELV,RELIV INTERNATIONAL INC
81046.0,RELX,RELX PLC
15298.0,RELY,REAL INDUSTRY INC
21957.0,RELY,REMITLY GLOBAL INC
92061.0,REM,ISHARES TRUST
22864.0,REMG,SPDR INDEX SHARES FUNDS
12333.0,REMX,MARKET VECTORS E T F TRUST
12333.0,REMX,VANECK VECTORS E T F TRUST
12333.0,REMX,VANECK E T F TRUST
93031.0,REN,RESOLUTE ENERGY CORP
18309.0,RENB,RENOVARO INC
12759.0,RENN,RENREN INC
17680.0,RENO,RENOVARE ENVIRONMENTAL INC
10853.0,RENT,RENTRAK CORP
22232.0,RENT,RENT THE RUNWAY INC
17295.0,RENW,E T F SERIES SOLUTIONS
23212.0,RENW,HARBOR E T F TRUST
81030.0,RENX,RELX N V
14550.0,REPH,RECRO PHARMA INC
17974.0,REPL,REPLIMUNE GROUP INC
87471.0,REPX,RILEY EXPLORATION PERMIAN INC
21360.0,RERE,ATRENEW INC
66683.0,RES,R P C INC
17644.0,RESD,WISDOMTREE TRUST
17631.0,RESE,WISDOMTREE TRUST
13723.0,RESI,ALTISOURCE RESIDENTIAL CORP
13723.0,RESI,FRONT YARD RESIDENTIAL CORP
22428.0,RESI,KELLY STRATEGIC ETF TRUST
14667.0,RESN,RESONANT INC
91811.0,RESP,WISDOMTREE TRUST
16068.0,RETA,REATA PHARMACEUTICALS INC
11264.0,RETL,DIREXION SHARES E T F TRUST
17120.0,RETO,RETO ECO SOLUTIONS INC
21714.0,REUN,REUNION NEUROSCIENCE INC
82859.0,REV,REVLON INC
20163.0,REVB,REVELATION BIOSCIENCES INC
16560.0,REVG,R E V GROUP INC
18924.0,REVS,COLUMBIA E T F TRUST I
91778.0,REW,PROSHARES TRUST
68830.0,REX,REX AMERICAN RESOURCES CORP
66617.0,REXI,RESOURCE AMERICA INC
92665.0,REXN,REXAHN PHARMACEUTICALS INC
14037.0,REXR,REXFORD INDUSTRIAL REALTY INC
92205.0,REXX,REX ENERGY CORP
19178.0,REYN,REYNOLDS CONSUMER PRODUCTS INC
92064.0,REZ,ISHARES TRUST
18142.0,REZI,RESIDEO TECHNOLOGIES INC
35044.0,RF,REGIONS FINANCIAL CORP NEW
16016.0,RFAP,FIRST TR EXCHANGE TRADED FD III
16115.0,RFCI,ALPS E T F TRUST
16114.0,RFDA,ALPS E T F TRUST
16017.0,RFDI,FIRST TR EXCHANGE TRADED FD III
16107.0,RFEM,FIRST TR EXCHANGE TRADED FD III
16018.0,RFEU,FIRST TR EXCHANGE TRADED FD III
16113.0,RFFC,ALPS E T F TRUST
17729.0,RFG,INVESCO E T F TRUST
91147.0,RFG,RYDEX E T F TRUST
79646.0,RFI,COHEN & STEERS TOTAL RT RL FD IN
86474.0,RFIL,R F INDUSTRIES LTD
25960.0,RFIX,SIMPLIFY EXCHANGE TRADED FUNDS
17344.0,RFL,RAFAEL HOLDINGS INC
25475.0,RFLR,INNOVATOR E T F S TRUST
12437.0,RFP,RESOLUTE FOREST PRODUCTS INC
16116.0,RFUN,ALPS E T F TRUST
17728.0,RFV,INVESCO E T F TRUST
91146.0,RFV,RYDEX E T F TRUST
79210.0,RGA,REINSURANCE GROUP OF AMERICA INC
21758.0,RGC,REGENCELL BIOSCIENCE HLDGS LTD
89409.0,RGC,REGAL ENTERTAINMENT GROUP
80294.0,RGCO,R G C RESOURCES INC
25686.0,RGEF,TIDAL TRUST III
10200.0,RGEN,REPLIGEN CORP
22334.0,RGF,REAL GOOD FOOD CO INC
17741.0,RGI,INVESCO E T F TRUST
91588.0,RGI,RYDEX E T F TRUST
17557.0,RGLB,OPPENHEIMER E T F TR
18697.0,RGLB,INVESCO E T F TRUST II
67847.0,RGLD,ROYAL GOLD INC
13652.0,RGLS,REGULUS THERAPEUTICS INC
15658.0,RGNX,REGENXBIO INC
88841.0,RGP,RESOURCES CONNECTION INC
73219.0,RGR,STURM RUGER & CO INC
15212.0,RGRO,OPPENHEIMER REVENUE WGTD ETF TR
76711.0,RGS,REGIS CORP MINN
92687.0,RGSE,REAL GOODS SOLAR INC
14224.0,RGT,ROYCE GLOBAL VALUE TRUST INC
14224.0,RGT,ROYCE GLOBAL TRUST INC
21007.0,RGTI,RIGETTI COMPUTING INC
13687.0,RH,RESTORATION HARDWARE HLDGS INC
13687.0,RH,R H
22924.0,RHCB,B N Y MELLON E T F TRUST
91627.0,RHE,REGIONAL HEALTH PROPERTIES INC
52230.0,RHI,ROBERT HALF INTERNATIONAL INC
52230.0,RHI,ROBERT HALF INC
85426.0,RHP,RYMAN HOSPITALITY PROPERTIES INC
22406.0,RHRX,STARBOARD INVESTMENT TRUST
17748.0,RHS,INVESCO E T F TRUST
91592.0,RHS,RYDEX E T F TRUST
87184.0,RHT,RED HAT INC
22404.0,RHTX,STARBOARD INVESTMENT TRUST
14355.0,RIBT,RICEBRAN TECHNOLOGIES
84648.0,RIC,RICHMONT MINES INC
14409.0,RICE,RICE ENERGY INC
20246.0,RICE,RICE ACQUISITION CORP
82518.0,RICK,RCI HOSPITALITY HOLDINGS INC
18552.0,RIDE,LORDSTOWN MOTORS CORP
18031.0,RIDV,OPPENHEIMER E T F TR
18587.0,RIDV,INVESCO E T F TRUST II
22001.0,RIET,E T F SERIES SOLUTIONS
92966.0,RIF,R M R REAL ESTATE INCOME FD NEW
79237.0,RIG,TRANSOCEAN LTD
88810.0,RIGL,RIGEL PHARMACEUTICALS INC
14789.0,RIGP,TRANSOCEAN PARTNERS LLC
14178.0,RIGS,ALPS E T F TRUST
21618.0,RIGZ,ALPHA ARCHITECT ETF TRUST
21618.0,RIGZ,E A SERIES TRUST
15540.0,RILY,B RILEY FINANCIAL INC
88937.0,RIME,ALGORHYTHM HOLDINGS INC
24138.0,RINC,INVESTMENT MANAGERS SERIES TR II
13193.0,RINF,PROSHARES TRUST
13233.0,RING,ISHARES INC
76221.0,RIO,RIO TINTO PLC
92213.0,RIOT,RIOT BLOCKCHAIN INC
92213.0,RIOT,RIOT PLATFORMS INC
15193.0,RISE,ETF MANAGERS GROUP COMMODITY TR
19535.0,RISN,NORTHERN LIGHTS FUND TR IV
22160.0,RISR,TIDAL E T F TRUST
89474.0,RIT,L M P REAL ESTATE INCOME FD INC
22451.0,RITA,E T F SERIES SOLUTIONS
13907.0,RITM,RITHM CAPITAL CORP
18053.0,RIVE,RIVERVIEW FINANCIAL CORP
22265.0,RIVN,RIVIAN AUTOMOTIVE INC
90192.0,RJET,REPUBLIC AIRWAYS HOLDINGS INC
69649.0,RJF,RAYMOND JAMES FINANCIAL INC
24764.0,RJMG,FIRST TRUST E T F VIII
15382.0,RKDA,ARCADIA BIOSCIENCES INC
20178.0,RKLB,ROCKET LAB USA INC
21826.0,RKLY,ROCKLEY PHOTONICS HOLDINGS LTD
19577.0,RKT,ROCKET COMPANIES INC
13690.0,RKUS,RUCKUS WIRELESS INC
85072.0,RL,RALPH LAUREN CORP
19501.0,RLAY,RELAY THERAPEUTICS INC
12011.0,RLD,REALD INC
13196.0,RLGT,RADIANT LOGISTICS INC
13622.0,RLGY,REALOGY HOLDINGS CORP
85939.0,RLH,RED LION HOTELS CORP
65294.0,RLI,R L I CORP
12756.0,RLJ,R L J LODGING TRUST
13655.0,RLJE,R L J ENTERTAINMENT INC
17975.0,RLM,REALM THERAPEUTICS PLC
19024.0,RLMD,RELMADA THERAPEUTICS
93400.0,RLOC,REACHLOCAL INC
91905.0,RLOG,RAND LOGISTICS INC
20389.0,RLX,R L X TECHNOLOGY INC
13360.0,RLY,SSGA ACTIVE TRUST
21759.0,RLYB,RALLYBIO CORP
14321.0,RLYP,RELYPSA INC
13302.0,RM,REGIONAL MANAGEMENT CORP
14221.0,RMAX,RE MAX HOLDINGS INC
18851.0,RMBI,RICHMOND MUTUAL BANCORP INC
16999.0,RMBL,RUMBLEON INC
84827.0,RMBS,RAMBUS INC
25374.0,RMCA,TIDAL TRUST III
10044.0,RMCF,ROCKY MOUNTAIN CHOCOLATE FAC INC
10044.0,RMCF,ROCKY MOUNTAIN CHOC FAC INC NEW
21018.0,RMCO,ROYALTY MANAGEMENT HOLDING CORP
81736.0,RMD,RESMED INC
18089.0,RMED,R A MEDICAL SYSTEMS INC
18533.0,RMG,R M G ACQUISITION CORP
13409.0,RMGN,R M G NETWORKS HOLDING CORP
18179.0,RMI,RIVERNORTH OPPORTUN MUNI INC FD
23960.0,RMIF,E T F SERIES SOLUTIONS
15525.0,RMNI,RIMINI STREET INC
25373.0,RMNY,TIDAL TRUST III
18533.0,RMO,ROMEO POWER INC
25375.0,RMOP,TIDAL TRUST III
15116.0,RMP,RICE MIDSTREAM PARTNERS LP
15853.0,RMR,R M R GROUP INC
92966.0,RMRM,R M R MORTGAGE TRUST
80008.0,RMT,ROYCE MICRO CAP TRUST INC
85744.0,RMTI,ROCKWELL MEDICAL INC
85744.0,RMTI,ROCKWELL MEDICAL INC DE
19488.0,RNA,AVIDITY BIOSCIENCES INC
16108.0,RNAC,CARTESIAN THERAPEUTICS INC
21760.0,RNAZ,TRANSCODE THERAPEUTICS INC
25082.0,RND,FIRST TRUST E T F VI
16183.0,RNDB,RANDOLPH BANCORP INC
16796.0,RNDM,FIRST TRUST E T F VI
16797.0,RNDV,FIRST TRUST E T F VI
16798.0,RNEM,FIRST TRUST E T F VI
12494.0,RNET,RIGNET INC
23443.0,RNEW,VANECK E T F TRUST
13093.0,RNF,RENTECH NITROGEN PARTNERS L P
14136.0,RNG,RINGCENTRAL INC
16866.0,RNGR,RANGER ENERGY SERVICES INC
16799.0,RNLC,FIRST TRUST E T F VI
19570.0,RNLX,RENALYTIX A I PLC
19570.0,RNLX,RENALYTIX PLC
16800.0,RNMC,FIRST TRUST E T F VI
92665.0,RNN,REXAHN PHARMACEUTICALS INC
91626.0,RNP,COHEN & STEERS REIT & PFD INC FD
91626.0,RNP,COHEN & STEERS REIT & PFD & INC
83728.0,RNR,RENAISSANCERE HOLDINGS LTD
15389.0,RNRG,GLOBAL X FUNDS
16801.0,RNSC,FIRST TRUST E T F VI
77526.0,RNST,RENASANT CORP
82530.0,RNVA,RENNOVA HEALTH INC
21874.0,RNW,RENEW ENERGY GLOBAL PLC
85576.0,RNWK,REALNETWORKS INC
23590.0,RNWZ,LISTED FUNDS TRUST
21875.0,RNXT,RENOVORX INC
17801.0,ROAD,CONSTRUCTION PARTNERS INC
15200.0,ROAM,LATTICE STRATEGIES TRUST
18246.0,ROAN,ROAN RESOURCES INC
14259.0,ROBO,EXCHANGE TRADED CONCEPTS TR
17328.0,ROBT,FIRST TRUST E T F VI
22596.0,ROC,R O C ENERGY ACQ CORP
16529.0,ROCC,RANGER OIL CORP
21876.0,ROCG,ROTH C H ACQUISITION IV CO
19489.0,ROCH,ROTH C H ACQUISITION I CO
22917.0,ROCI,E A SERIES TRUST
79862.0,ROCK,GIBRALTAR INDUSTRIES INC
22678.0,ROCL,ROTH C H ACQUISITION V CO
20869.0,ROCR,ROTH C H ACQUISITION III CO
17524.0,RODE,LATTICE STRATEGIES TRUST
15199.0,RODM,LATTICE STRATEGIES TRUST
24106.0,ROE,E A SERIES TRUST
35991.0,ROG,ROGERS CORP
15260.0,ROGS,LATTICE STRATEGIES TRUST
86916.0,ROIA,RADIO ONE INC
88372.0,ROIAK,RADIO ONE INC
92343.0,ROIC,RETAIL OPPORTUNITY INVST CORP
24896.0,ROIS,LATTICE STRATEGIES TRUST
22236.0,ROIV,ROIVANT SCIENCES LTD
84381.0,ROK,ROCKWELL AUTOMATION INC
14827.0,ROKA,ROKA BIOSCIENCE INC
18180.0,ROKT,SPDR SERIES TRUST
16932.0,ROKU,ROKU INC
36003.0,ROL,ROLLINS INC
90870.0,ROLL,R B C BEARINGS INC
25684.0,ROLR,HIGH ROLLER TECHNOLOGIES INC
91790.0,ROM,PROSHARES TRUST
24717.0,ROMA,ROMA GREEN FINANCE LTD
19059.0,ROMO,STRATEGY SHARES
21825.0,RONI,RICE ACQUISITION CORP II
12868.0,ROOF,INDEXIQ E T F TRUST
19862.0,ROOT,ROOT INC
77338.0,ROP,ROPER TECHNOLOGIES INC
25904.0,ROPE,E A SERIES TRUST
16441.0,RORE,LATTICE STRATEGIES TRUST
14914.0,RORO,SSGA ACTIVE TRUST
20110.0,RORO,TIDAL E T F TRUST
15260.0,ROSC,LATTICE STRATEGIES TRUST
15970.0,ROSE,ROSEHILL RESOURCES INC
91829.0,ROSG,ROSETTA GENOMICS LTD
91556.0,ROST,ROSS STORES INC
15201.0,ROUS,LATTICE STRATEGIES TRUST
84624.0,ROVI,ROVI CORP
20441.0,ROVR,ROVER GROUP INC
91192.0,ROX,CASTLE BRANDS INC
24119.0,ROYA,TEMA E T F TRUST
81103.0,ROYL,ROYALE ENERGY INC
13388.0,ROYT,PACIFIC COAST OIL TRUST
12089.0,RP,REALPAGE INC
13358.0,RPAI,RETAIL PROPERTIES OF AMERICA INC
19121.0,RPAR,TIDAL E T F TRUST
17976.0,RPAY,REPAY HOLDINGS CORP
15541.0,RPD,RAPID7 INC
17736.0,RPG,INVESCO E T F TRUST
91145.0,RPG,RYDEX E T F TRUST
21091.0,RPHM,RENEO PHARMACEUTICALS INC
22961.0,RPHS,TWO ROADS SHARED TRUST
21761.0,RPID,RAPID MICRO BIOSYSTEMS INC
18544.0,RPLA,REPLAY ACQUISITION CORP
65307.0,RPM,R P M INTERNATIONAL INC
19490.0,RPRX,ROYALTY PHARMA PLC
79025.0,RPRX,REPROS THERAPEUTICS INC
15196.0,RPT,RITHM PROPERTY TRUST INC
75416.0,RPT,RAMCO GERSHENSON PROPERTIES TR
75416.0,RPT,R P T REALTY
88148.0,RPTP,RAPTOR PHARMACEUTICAL CORP
19491.0,RPTX,REPARE THERAPEUTICS INC
17648.0,RPUT,WISDOMTREE TRUST
17733.0,RPV,INVESCO E T F TRUST
91144.0,RPV,RYDEX E T F TRUST
93057.0,RPX,COLUMBIA E T F TRUST
12795.0,RPXC,R P X CORP
89298.0,RQI,COHEN & STEERS QLTY INCOME RLTY
24511.0,RR,RICHTECH ROBOTICS INC
18668.0,RRBI,RED RIVER BANCSHARES INC
50017.0,RRC,RANGE RESOURCES CORP
38682.0,RRD,DONNELLEY R R & SONS CO
12911.0,RRF,WISDOMTREE TRUST
89453.0,RRGB,RED ROBIN GOURMET BURGERS INC
22094.0,RRH,ADVISORS INNER CIRCLE FUND III
91621.0,RRM,R R MEDIA LTD
13133.0,RRMS,ROSE ROCK MIDSTREAM L P
16019.0,RRR,RED ROCK RESORTS INC
93384.0,RRTS,ROADRUNNER TRANS SYSTEMS INC
58771.0,RRX,REGAL REXNORD CORP
80864.0,RS,RELIANCE STEEL & ALUMINUM CO
80864.0,RS,RELIANCE INC
25968.0,RSBA,TIDAL TRUST II
23714.0,RSBT,TIDAL TRUST II
25387.0,RSBY,TIDAL TRUST II
91009.0,RSCO,SPDR SERIES TRUST
25919.0,RSDE,FIRST TRUST E T F VIII
13134.0,RSE,ROUSE PROPERTIES INC
22707.0,RSEE,COLLABORATIVE INV SERIES TRUST
86228.0,RSG,REPUBLIC SERVICES INC
23917.0,RSHO,TEMA E T F TRUST
19333.0,RSI,RUSH STREET INTERACTIVE INC
25171.0,RSJN,FIRST TRUST E T F VIII
21693.0,RSKD,RISKIFIED LTD
16393.0,RSLS,RESHAPE LIFESCIENCES INC NEW
16393.0,RSLS,RESHAPE LIFESCIENCES INC
92433.0,RSLS,RESHAPE LIFESCIENCES INC
25685.0,RSMC,TIDAL TRUST III
91119.0,RSO,RESOURCE CAPITAL CORP
17746.0,RSP,INVESCO E T F TRUST
89734.0,RSP,RYDEX E T F TRUST
25300.0,RSPA,INVESCO ACTIVELY MANAGED ETF TR
18238.0,RSPC,INVESCO E T F TRUST
17749.0,RSPD,INVESCO E T F TRUST
22392.0,RSPE,INVESCO E T F TRUST II
17745.0,RSPF,INVESCO E T F TRUST
17747.0,RSPG,INVESCO E T F TRUST
17744.0,RSPH,INVESCO E T F TRUST
17740.0,RSPM,INVESCO E T F TRUST
17741.0,RSPN,INVESCO E T F TRUST
14408.0,RSPP,R S P PERMIAN INC
17739.0,RSPR,INVESCO E T F TRUST
17748.0,RSPS,INVESCO E T F TRUST
17738.0,RSPT,INVESCO E T F TRUST
17737.0,RSPU,INVESCO E T F TRUST
21798.0,RSPY,COLLABORATIVE INV SERIES TRUST
24593.0,RSSB,TIDAL TRUST II
25461.0,RSSE,FIRST TRUST E T F VIII
25174.0,RSSL,GLOBAL X FUNDS
19315.0,RSSS,RESEARCH SOLUTIONS INC
24243.0,RSST,TIDAL TRUST II
25125.0,RSSY,TIDAL TRUST II
92913.0,RST,ROSETTA STONE INC
83961.0,RSTI,ROFIN SINAR TECHNOLOGIES INC
20451.0,RSVR,RESERVOIR MEDIA INC
91934.0,RSX,MARKET VECTORS E T F TRUST
91934.0,RSX,VANECK VECTORS E T F TRUST
91934.0,RSX,VANECK E T F TRUST
12665.0,RSXJ,MARKET VECTORS E T F TRUST
12665.0,RSXJ,VANECK VECTORS E T F TRUST
12665.0,RSXJ,VANECK E T F TRUST
82521.0,RSYS,RADISYS CORP
55213.0,RT,RUBY TUESDAY INC
19873.0,RTAI,COLLABORATIVE INV SERIES TRUST
91664.0,RTC,BAIJIAYUN GROUP LTD
87415.0,RTEC,RUDOLPH TECHNOLOGIES INC
14551.0,RTGN,RUTHIGEN INC
13131.0,RTH,MARKET VECTORS E T F TRUST
13131.0,RTH,VANECK VECTORS E T F TRUST
13131.0,RTH,VANECK E T F TRUST
88564.0,RTIX,R T I SURGICAL INC
88564.0,RTIX,R T I SURGICAL HOLDINGS INC
76978.0,RTK,RENTECH INC
17835.0,RTL,PACER FUNDS TRUST
17952.0,RTL,NECESSITY RETAIL REIT INC
18669.0,RTLR,RATTLER MIDSTREAM LP
17740.0,RTM,INVESCO E T F TRUST
91587.0,RTM,RYDEX E T F TRUST
24942.0,RTN,RAYTHEON CO
16530.0,RTNB,ROOT9B HOLDINGS INC
23486.0,RTO,RENTOKIL INITIAL PLC
20126.0,RTP,REINVENT TECHNOLOGY PARTNERS
92849.0,RTR,OPPENHEIMER REVENUE WGTD ETF TR
25167.0,RTRE,COLLABORATIVE INV SERIES TRUST
14440.0,RTRX,RETROPHIN INC
15436.0,RTTR,RITTER PHARMACEUTICALS INC
90387.0,RTW,R T W RETAILWINDS INC
17830.0,RTX,RAYTHEON TECHNOLOGIES CORP
17830.0,RTX,R T X CORP
22741.0,RTYD,SIMPLIFY EXCHANGE TRADED FUNDS
14580.0,RUBI,RUBICON PROJECT INC
17947.0,RUBY,RUBIUS THERAPEUTICS INC
22101.0,RUFF,E T F OPPORTUNITIES TRUST
18565.0,RUHN,RUHNN HOLDING LTD
22364.0,RULE,COLLABORATIVE INV SERIES TRUST
21029.0,RUM,RUMBLE INC
15643.0,RUN,SUNRUN INC
24019.0,RUNN,STRATEGIC TRUST
89455.0,RUSHA,RUSH ENTERPRISES INC
83690.0,RUSHB,RUSH ENTERPRISES INC
12728.0,RUSL,DIREXION SHARES E T F TRUST
12727.0,RUSS,DIREXION SHARES E T F TRUST
90871.0,RUTH,RUTHS HOSPITALITY GROUP INC
16266.0,RVEN,REVEN HOUSING REIT INC
24975.0,RVER,ADVISOR MANAGED PORTFOLIOS
17860.0,RVI,RETAIL VALUE INC
18209.0,RVLP,R V L PHARMACEUTICALS PLC
80368.0,RVLT,REVOLUTION LIGHTING TECH INC
18725.0,RVLV,REVOLVE GROUP INC
19201.0,RVMD,REVOLUTION MEDICINES INC
14467.0,RVNC,REVANCE THERAPEUTICS INC
13985.0,RVNU,D B X ETF TRUST
88994.0,RVP,RETRACTABLE TECHNOLOGIES INC
18215.0,RVPH,REVIVA PHARMACEUTICALS HLDG INC
23526.0,RVRB,ADVISORS SERIES TRUST
17652.0,RVRS,E T F SERIES SOLUTIONS
79734.0,RVSB,RIVERVIEW BANCORP INC
22911.0,RVSN,RAIL VISION LTD
71079.0,RVT,ROYCE VALUE TRUST INC
71079.0,RVT,ROYCE SMALL CAP TRUST INC
42200.0,RVTY,REVVITY INC
20600.0,RVYL,RYVYL INC
22237.0,RWAY,RUNWAY GROWTH FINANCE CORP
10779.0,RWC,RELM WIRELESS CORP
18334.0,RWCD,DIREXION SHARES E T F TRUST
18333.0,RWDC,DIREXION SHARES E T F TRUST
18329.0,RWDE,DIREXION SHARES E T F TRUST
18330.0,RWED,DIREXION SHARES E T F TRUST
93058.0,RWG,COLUMBIA E T F TRUST
17255.0,RWGE,REGALWOOD GLOBAL ENERGY LTD
18337.0,RWGV,DIREXION SHARES E T F TRUST
18339.0,RWIU,DIREXION SHARES E T F TRUST
18582.0,RWJ,INVESCO E T F TRUST II
92576.0,RWJ,OPPENHEIMER REVENUE WGTD ETF TR
92576.0,RWJ,OPPENHEIMER E T F TR
18583.0,RWK,INVESCO E T F TRUST II
92574.0,RWK,OPPENHEIMER REVENUE WGTD ETF TR
92574.0,RWK,OPPENHEIMER E T F TR
18589.0,RWL,INVESCO E T F TRUST II
92573.0,RWL,OPPENHEIMER REVENUE WGTD ETF TR
92573.0,RWL,OPPENHEIMER E T F TR
14936.0,RWLK,REWALK ROBOTICS LTD
18336.0,RWLS,DIREXION SHARES E T F TRUST
91720.0,RWM,PROSHARES TRUST
92666.0,RWO,SPDR INDEX SHARES FUNDS
88961.0,RWR,SPDR SERIES TRUST
18335.0,RWSL,DIREXION SHARES E T F TRUST
82213.0,RWT,REDWOOD TRUST INC
18340.0,RWUI,DIREXION SHARES E T F TRUST
92884.0,RWV,OPPENHEIMER REVENUE WGTD ETF TR
18338.0,RWVG,DIREXION SHARES E T F TRUST
18584.0,RWW,INVESCO E T F TRUST II
92848.0,RWW,OPPENHEIMER REVENUE WGTD ETF TR
92848.0,RWW,OPPENHEIMER E T F TR
91651.0,RWX,SPDR INDEX SHARES FUNDS
91781.0,RXD,PROSHARES TRUST
14552.0,RXDX,IGNYTA INC
20870.0,RXDX,PROMETHEUS BIOSCIENCES INC
91451.0,RXI,ISHARES TRUST
14468.0,RXII,R X I PHARMACEUTICALS CORP NEW
91794.0,RXL,PROSHARES TRUST
13305.0,RXN,REXNORD CORP NEW
23433.0,RXO,R X O INC
20898.0,RXRX,RECURSION PHARMACEUTICALS INC
21762.0,RXST,RXSIGHT INC
19576.0,RXT,RACKSPACE TECHNOLOGY INC
82654.0,RY,ROYAL BANK CANADA MONTREAL QUE
84828.0,RYAAY,RYANAIR HOLDINGS PLC
14682.0,RYAM,RAYONIER ADVANCED MATERIALS INC
21605.0,RYAN,RYAN SPECIALTY GROUP HLDGS INC
21605.0,RYAN,RYAN SPECIALTY HOLDINGS INC
16962.0,RYB,R Y B EDUCATION INC
24928.0,RYDE,RYDE GROUP LTD
17747.0,RYE,INVESCO E T F TRUST
91591.0,RYE,RYDEX E T F TRUST
17745.0,RYF,INVESCO E T F TRUST
91590.0,RYF,RYDEX E T F TRUST
17744.0,RYH,INVESCO E T F TRUST
91589.0,RYH,RYDEX E T F TRUST
14855.0,RYI,RYERSON HOLDING CORP
17843.0,RYJ,INVESCO E T F TRUST
92792.0,RYJ,CLAYMORE E T F TRUST
18516.0,RYLD,GLOBAL X FUNDS
23476.0,RYLG,GLOBAL X FUNDS
80210.0,RYN,RAYONIER INC NEW
23631.0,RYSE,E T F SERIES SOLUTIONS
17738.0,RYT,INVESCO E T F TRUST
91586.0,RYT,RYDEX E T F TRUST
17000.0,RYTM,RHYTHM PHARMACEUTICALS INC
17737.0,RYU,INVESCO E T F TRUST
91585.0,RYU,RYDEX E T F TRUST
18433.0,RYZZ,E T F SERIES SOLUTIONS
17724.0,RZG,INVESCO E T F TRUST
91149.0,RZG,RYDEX E T F TRUST
20169.0,RZLT,REZOLUTE INC
25417.0,RZLV,REZOLVE AI LTD
17723.0,RZV,INVESCO E T F TRUST
91148.0,RZV,RYDEX E T F TRUST
14040.0,S,SPRINT CORP NEW
21415.0,S,SENTINELONE INC
90118.0,SA,SEABRIDGE GOLD INC
91719.0,SAA,PROSHARES TRUST
92320.0,SAAS,INCONTACT INC
75274.0,SABA,SABA CAPITAL INCOME & OPP FD II
14608.0,SABR,SABRE CORP
20576.0,SABS,SAB BIOTHERAPEUTICS INC
16585.0,SACH,SACHEM CAPITAL CORP
22397.0,SAEF,SCHWAB STRATEGIC TRUST
13330.0,SAEX,SAEXPLORATION HOLDINGS INC
16770.0,SAFE,SAFETY INCOME & GROWTH INC
16770.0,SAFE,SAFEHOLD INC
75846.0,SAFE,SAFEHOLD INC NEW
11343.0,SAFM,SANDERSON FARMS INC
89575.0,SAFT,SAFETY INSURANCE GROUP INC
25749.0,SAG,SAG HOLDINGS LTD
14828.0,SAGE,SAGE THERAPEUTICS INC
12595.0,SAGG,DIREXION SHARES E T F TRUST
22696.0,SAGP,ADVISORS INNER CIRCLE FUND III
85627.0,SAH,SONIC AUTOMOTIVE INC
21588.0,SAI,S A I TECH GLOBAL CORP
89506.0,SAIA,SAIA INC
14141.0,SAIC,SCIENCE APPLICATIONS INTL CORP
21588.0,SAIH,SAIHEAT LTD
19990.0,SAII,SOFTWARE ACQ GROUP INC II
17037.0,SAIL,SAILPOINT TECHNOLOGIES HLDGS INC
90954.0,SAJA,SAJAN INC
86312.0,SAL,SALISBURY BANCORP INC
14057.0,SALE,RETAILMENOT INC
87121.0,SALM,SALEM MEDIA GROUP INC
14344.0,SALT,SCORPIO BULKERS INC
82634.0,SAM,BOSTON BEER INC
18370.0,SAMA,SCHULTZE SPEC PUR ACQ CORP
13969.0,SAMG,SILVERCREST ASSET MNGMNT GRP INC
24974.0,SAMM,ADVISORS INNER CIRCLE FUND III
22695.0,SAMT,ADVISORS INNER CIRCLE FUND III
75152.0,SAN,BANCO SANTANDER S A
20468.0,SANA,SANA BIOTECHNOLOGY INC
13545.0,SAND,SANDSTORM GOLD LTD
23599.0,SANE,SERIES PORTFOLIOS TRUST
22598.0,SANG,SANGOMA TECHNOLOGIES CORP
79108.0,SANM,SANMINA CORP
93434.0,SANW,S & W SEED CO
89382.0,SAP,S A P SE
91858.0,SAR,SARATOGA INVESTMENT CORP
22337.0,SARK,COLLABORATIVE INV SERIES TRUST
23324.0,SARK,INVESTMENT MANAGERS SERIES TR II
25637.0,SARO,STANDARDAERO INC
16594.0,SASI,SIGMA ADDITIVE SOLUTIONS INC
83414.0,SASR,SANDY SPRING BANCORP INC
22679.0,SATL,SATELLOGIC INC
22130.0,SATO,INVESCO E T F TRUST II
92469.0,SATS,ECHOSTAR CORP
23504.0,SATX,SATIXFY COMMUNICATIONS LTD
13869.0,SAUC,DIVERSIFIED RESTAURANT HLDGS INC
24124.0,SAUG,FIRST TRUST E T F VIII
88462.0,SAVA,CASSAVA SCIENCES INC
12796.0,SAVE,SPIRIT AIRLINES INC
22042.0,SAVN,NORTHERN LIGHTS FUND TR II
25268.0,SAWG,E T F SERIES SOLUTIONS
25269.0,SAWS,E T F SERIES SOLUTIONS
92679.0,SB,SAFE BULKERS INC
86996.0,SBAC,S B A COMMUNICATIONS CORP
86996.0,SBAC,S B A COMMUNICATIONS CORP NEW
91717.0,SBB,PROSHARES TRUST
15794.0,SBBP,STRONGBRIDGE BIOPHARMA PLC
85798.0,SBBX,SUSSEX BANCORP
85798.0,SBBX,S B ONE BANCORP
23425.0,SBC,SBC MEDICAL GROUP HOLDINGS INC
69586.0,SBCF,SEACOAST BANKING CORP FLA
14829.0,SBCP,SUNSHINE BANCORP INC
18937.0,SBE,SWITCHBACK ENERGY ACQ CORP
21093.0,SBEA,SILVERBOX ENGAGED MERGER CORP I
84819.0,SBET,SHARPLINK GAMING LTD
84819.0,SBET,SHARPLINK GAMING INC
15155.0,SBEU,E T F S TRUST
89202.0,SBFG,S B FINANCIAL GROUP INC
22793.0,SBFM,SUNSHINE BIOPHARMA INC
81740.0,SBGI,SINCLAIR BROADCAST GROUP INC
81740.0,SBGI,SINCLAIR INC
13783.0,SBGL,SIBANYE GOLD LTD
91683.0,SBH,SALLY BEAUTY HOLDINGS INC
77377.0,SBI,WESTERN ASSET INTERMED MUNI FD
21103.0,SBIG,SPRINGBIG HOLDINGS INC
15098.0,SBIO,ALPS E T F TRUST
24999.0,SBIT,PROSHARES TRUST
92470.0,SBLK,STAR BULK CARRIERS CORP
93291.0,SBM,PROSHARES TRUST
21992.0,SBND,COLUMBIA E T F TRUST I
90090.0,SBNY,SIGNATURE BANK NEW YORK N Y
15854.0,SBOT,STELLAR BIOTECHNOLOGIES INC
66739.0,SBOW,SILVERBOW RESOURCES INC
16069.0,SBPH,SPRING BANK PHARMACEUTICALS INC
64805.0,SBR,SABINE ROYALTY TR
90092.0,SBRA,SABRA HEALTHCARE REIT INC
89403.0,SBS,COMPANHIA DE SANEAMENTO BASICO
87342.0,SBSA,SPANISH BROADCASTING SYSTEM INC
86091.0,SBSI,SOUTHSIDE BANCSHARES INC
13783.0,SBSW,SIBANYE STILLWATER LTD
17121.0,SBT,STERLING BANCORP INC
20318.0,SBTX,SILVERBACK THERAPEUTICS INC
15154.0,SBUS,E T F S TRUST
77702.0,SBUX,STARBUCKS CORP
80096.0,SBW,WESTERN ASSET WORLDWIDE INC FUND
13736.0,SBY,SILVER BAY REALTY TRUST CORP
14414.0,SC,SANTANDER CONSUMER USA HLDGS INC
16470.0,SCAC,SABAN CAPITAL ACQUISITION CORP
14260.0,SCAI,SURGICAL CARE AFFILIATES INC
16148.0,SCAP,ADVISORSHARES TRUST
24625.0,SCAP,SERIES PORTFOLIOS TRUST
91784.0,SCC,PROSHARES TRUST
82800.0,SCCO,SOUTHERN COPPER CORP
90050.0,SCD,L M P CAPITAL & INCOME FUND INC
25418.0,SCDS,J P MORGAN E T F TRUST
25912.0,SCDV,E T F SERIES SOLUTIONS
23085.0,SCG,SCANA CORP NEW
93115.0,SCHA,SCHWAB STRATEGIC TRUST
93112.0,SCHB,SCHWAB STRATEGIC TRUST
93221.0,SCHC,SCHWAB STRATEGIC TRUST
13033.0,SCHD,SCHWAB STRATEGIC TRUST
93219.0,SCHE,SCHWAB STRATEGIC TRUST
93116.0,SCHF,SCHWAB STRATEGIC TRUST
93182.0,SCHG,SCHWAB STRATEGIC TRUST
12536.0,SCHH,SCHWAB STRATEGIC TRUST
18992.0,SCHI,SCHWAB STRATEGIC TRUST
18993.0,SCHJ,SCHWAB STRATEGIC TRUST
17020.0,SCHK,SCHWAB STRATEGIC TRUST
77354.0,SCHL,SCHOLASTIC CORP
12535.0,SCHM,SCHWAB STRATEGIC TRUST
79866.0,SCHN,SCHNITZER STEEL INDUSTRIES INC
12064.0,SCHO,SCHWAB STRATEGIC TRUST
12065.0,SCHP,SCHWAB STRATEGIC TRUST
18991.0,SCHQ,SCHWAB STRATEGIC TRUST
12059.0,SCHR,SCHWAB STRATEGIC TRUST
93183.0,SCHV,SCHWAB STRATEGIC TRUST
75186.0,SCHW,SCHWAB CHARLES CORP NEW
93114.0,SCHX,SCHWAB STRATEGIC TRUST
20963.0,SCHY,SCHWAB STRATEGIC TRUST
12904.0,SCHZ,SCHWAB STRATEGIC TRUST
51625.0,SCI,SERVICE CORP INTERNATIONAL
15353.0,SCID,GLOBAL X FUNDS
12054.0,SCIF,MARKET VECTORS E T F TRUST
12054.0,SCIF,VANECK VECTORS E T F TRUST
15355.0,SCIJ,GLOBAL X FUNDS
11363.0,SCIN,E G A EMERGING GLOBAL SHARES TR
11363.0,SCIN,COLUMBIA E T F TRUST II
24845.0,SCIO,FIRST TRUST E T F IV
15352.0,SCIU,GLOBAL X FUNDS
15354.0,SCIX,GLOBAL X FUNDS
92488.0,SCJ,ISHARES INC
81741.0,SCKT,SOCKET MOBILE INC
36898.0,SCL,STEPAN CO
77413.0,SCLN,SCICLONE PHARMACEUTICALS INC
20884.0,SCLX,SCILEX HOLDING CO
24856.0,SCLZ,NORTHERN LIGHTS FUND TR III
13692.0,SCM,STELLUS CAPITAL INVESTMENT CORP
23487.0,SCMB,SCHWAB STRATEGIC TRUST
92226.0,SCMP,SUCAMPO PHARMACEUTICALS INV
75509.0,SCNB,SUFFOLK BANCORP
15364.0,SCNI,SCINAI IMMUNOTHERAPEUTICS LTD
19249.0,SCNX,SCIENTURE HOLDINGS INC
92843.0,SCO,PROSHARES TRUST II
88278.0,SCOK,SINOCOKING COAL & COKE CHEM IND
18352.0,SCOM,PROSHARES TRUST
79006.0,SCON,SUPERCONDUCTOR TECHNOLOGIES INC
92102.0,SCOR,COMSCORE INC
93181.0,SCPB,SPDR SERIES TRUST
18939.0,SCPE,S C HEALTH CORP
17122.0,SCPH,SCPHARMACEUTICALS INC
18573.0,SCPL,SCIPLAY CORP
20321.0,SCPS,SCOPUS BIOPHARMA INC
14051.0,SCPX,SCORPIUS HOLDINGS INC
22029.0,SCRD,JANUS DETROIT STREET TRUST
85796.0,SCS,STEELCASE INC
80362.0,SCSC,SCANSOURCE INC
86489.0,SCSS,SELECT COMFORT CORP
14550.0,SCTL,SOCIETAL CDMO INC
14967.0,SCTO,GLOBAL X FUNDS
13711.0,SCTY,SOLARCITY CORP
92405.0,SCU,SCULPTOR CAPITAL MANAGEMENT INC
25384.0,SCUS,SCHWAB STRATEGIC TRUST
79007.0,SCVL,SHOE CARNIVAL INC IN
19301.0,SCVX,S C V X CORP
83577.0,SCWO,374WATER INC
16020.0,SCWX,SECUREWORKS CORP
18438.0,SCX,STARRETT L S CO
25963.0,SCY,SIMPLIFY EXCHANGE TRADED FUNDS
24048.0,SCYB,SCHWAB STRATEGIC TRUST
14668.0,SCYX,SCYNEXIS INC
92490.0,SCZ,ISHARES TRUST
16448.0,SD,SANDRIDGE ENERGY INC
92421.0,SD,SANDRIDGE ENERGY INC
21052.0,SDA,SUNCAR TECHNOLOGY GROUP INC
18284.0,SDAG,INDEXIQ E T F TRUST
18907.0,SDC,SMILEDIRECTCLUB INC
17847.0,SDCI,U S C F ETF TRUST
24543.0,SDCP,VIRTUS E T F TR II
91718.0,SDD,PROSHARES TRUST
20257.0,SDEF,TIDAL E T F TRUST
20256.0,SDEI,TIDAL E T F TRUST
15243.0,SDEM,GLOBAL X FUNDS
25149.0,SDFI,A B ACTIVE ETFS INC
16015.0,SDG,ISHARES TRUST
18078.0,SDGA,IMPACT SHARES TRUST I
19200.0,SDGR,SCHRODINGER INC
23388.0,SDGS,TIDAL E T F TRUST
20628.0,SDH,GLOBAL INTERNET OF PEOPLE INC
24795.0,SDHC,SMITH DOUGLAS HOMES CORP
79689.0,SDI,STANDARD DIVERSIFIED INC
22238.0,SDIG,STRONGHOLD DIGITAL MINING INC
12867.0,SDIV,GLOBAL X FUNDS
13633.0,SDLP,SEADRILL PARTNERS LLC
13428.0,SDOG,ALPS E T F TRUST
19233.0,SDOT,SADOT GROUP INC
93255.0,SDOW,PROSHARES TRUST
91777.0,SDP,PROSHARES TRUST
14636.0,SDPI,SUPERIOR DRILLING PRODUCTS INC
93338.0,SDRL,SEADRILL LTD
93338.0,SDRL,SEADRILL LTD NEW
93338.0,SDRL,SEADRILL LTD 2021
91387.0,SDS,PROSHARES TRUST
23452.0,SDSI,AMERICAN CENTURY E T F TRUST
20805.0,SDST,STARDUST POWER INC
24127.0,SDVD,FIRST TRUST E T F IV
17123.0,SDVY,FIRST TRUST E T F VI
91001.0,SDY,SPDR SERIES TRUST
17023.0,SE,SEA LTD
91650.0,SE,SPECTRA ENERGY CORP
17712.0,SEA,INVESCO E T F TRUST II
22714.0,SEA,E T F SERIES SOLUTIONS
93414.0,SEA,CLAYMORE E T F TRUST 2
84255.0,SEAC,SEACHANGE INTERNATIONAL INC
20106.0,SEAH,SPORTS ENTERTAINMENT ACQ CORP
13860.0,SEAS,SEAWORLD ENTERTAINMENT INC
22239.0,SEAT,VIVID SEATS INC
36281.0,SEB,SEABOARD CORP
23602.0,SECD,TIDAL TRUST II
16933.0,SECO,SECOO HOLDING LTD
25090.0,SECR,NEW YORK LIFE INV ACTIVE ETF TR
17530.0,SECT,NORTHERN LIGHTS FUND TR IV
15272.0,SEDG,SOLAREDGE TECHNOLOGIES INC
85926.0,SEE,SEALED AIR CORP NEW
90976.0,SEED,ORIGIN AGRITECH LTD
88177.0,SEEL,SEELOS THERAPEUTICS INC
25752.0,SEEM,S E I EXCHANGE TRADED FUNDS
20187.0,SEER,SEER INC
92700.0,SEF,PROSHARES TRUST
25246.0,SEG,SEAPORT ENTERTAINMENT GROUP INC
16750.0,SEI,SOLARIS ENERGY INFRSTR INC
68196.0,SEIC,S E I INVESTMENTS CO
25753.0,SEIE,S E I EXCHANGE TRADED FUNDS
23095.0,SEIM,S E I EXCHANGE TRADED FUNDS
23092.0,SEIQ,S E I EXCHANGE TRADED FUNDS
25754.0,SEIS,S E I EXCHANGE TRADED FUNDS
23096.0,SEIV,S E I EXCHANGE TRADED FUNDS
18540.0,SEIX,VIRTUS E T F TR II
16108.0,SELB,SELECTA BIOSCIENCES INC
15912.0,SELF,GLOBAL SELF STORAGE INC
23097.0,SELV,S E I EXCHANGE TRADED FUNDS
93035.0,SEM,SELECT MEDICAL HOLDINGS CORP
12384.0,SEMG,SEMGROUP CORP
14669.0,SEMI,SUNEDISON SEMICONDUCTOR LTD
22927.0,SEMI,COLUMBIA E T F TRUST I
20727.0,SEMR,SEMRUSH HOLDINGS INC
17097.0,SEND,SENDGRID INC
82279.0,SENEA,SENECA FOODS CORP NEW
62958.0,SENEB,SENECA FOODS CORP NEW
15995.0,SENS,SENSEONICS HOLDINGS INC
20519.0,SENT,ADVISORSHARES TRUST
92144.0,SEP,SPECTRA ENERGY PARTNERS L P
25462.0,SEPM,FIRST TRUST E T F VIII
25755.0,SEPN,SEPTERNA INC
25111.0,SEPP,P G I M ROCK ETF TRUST
24180.0,SEPT,A I M E T F PRODUCTS TRUST
25439.0,SEPU,A I M E T F PRODUCTS TRUST
24179.0,SEPW,A I M E T F PRODUCTS TRUST
19783.0,SEPZ,LISTED FUNDS TRUST
18217.0,SER,SERINA THERAPEUTICS INC
21763.0,SERA,SERA PROGNOSTICS INC
14750.0,SERV,SERVICEMASTER GLOBAL HOLDINGS IN
25034.0,SERV,SERVE ROBOTICS INC
20751.0,SES,S E S A I CORP
92453.0,SES,SYNTHESIS ENERGY SYSTEMS INC
23300.0,SESG,SPROTT ESG GOLD ETF
14452.0,SESN,SESEN BIO INC
24526.0,SETH,PROSHARES TRUST
23733.0,SETM,SPROTT FUNDS TRUST
22338.0,SEV,SONO GROUP N V
75272.0,SEV,SEVCON INC
92966.0,SEVN,SEVEN HILLS REALTY TRUST
24100.0,SEZL,SEZZLE INC
72996.0,SF,STIFEL FINANCIAL CORP
13561.0,SFBC,SOUND FINANCIAL BANCORP INC
14670.0,SFBS,SERVISFIRST BANCSHARES INC
46340.0,SFE,SAFEGUARD SCIENTIFICS INC
24848.0,SFEB,FIRST TRUST E T F VIII
18054.0,SFET,SAFE T GROUP LTD
86809.0,SFG,STANCORP FINANCIAL GROUP INC
25756.0,SFHG,SAMFINE CREATION HLDGS GRP LTD
17627.0,SFHY,WISDOMTREE TRUST
17628.0,SFIG,WISDOMTREE TRUST
17038.0,SFIX,STITCH FIX INC
90219.0,SFL,SHIP FINANCE INTERNATIONAL LTD
90219.0,SFL,S F L CORP LTD
24662.0,SFLO,VICTORY PORTFOLIOS II
23555.0,SFLR,INNOVATOR E T F S TRUST
91486.0,SFLY,SHUTTERFLY INC
14102.0,SFM,SPROUTS FARMERS MARKET INC
91855.0,SFNC,SIMMONS 1ST NATIONAL CORP
14415.0,SFR,COLONY STARWOOD HOMES
14915.0,SFS,SMART & FINAL STORES INC
90358.0,SFST,SOUTHERN FIRST BANCSHARES INC
18659.0,SFT,SHIFT TECHNOLOGIES INC
19114.0,SFTW,OSPREY TECHNOLOGY ACQ CORP
12293.0,SFUN,SOUFUN HOLDINGS LTD
12293.0,SFUN,FANG HOLDINGS LTD
23804.0,SFWL,SHENGFENG DEVELOPMENT LTD
18537.0,SFY,TIDAL E T F TRUST
18716.0,SFYF,TIDAL E T F TRUST
18538.0,SFYX,TIDAL E T F TRUST
18260.0,SG,SIRIUS INTL INSURANCE GROUP LTD
22268.0,SG,SWEETGREEN INC
79033.0,SGA,SAGA COMMUNICATIONS INC
83831.0,SGB,SOUTHWEST GEORGIA FINANCIAL CORP
14671.0,SGBK,STONEGATE BANK
16802.0,SGBX,S G BLOCKS INC
16802.0,SGBX,SAFE & GREEN HOLDINGS CORP
47861.0,SGC,SUPERIOR UNIFORM GROUP INC
47861.0,SGC,SUPERIOR GROUP OF COMPANIES INC
24172.0,SGD,SAFE & GREEN DEVELOPMENT CORP
15232.0,SGDJ,ALPS E T F TRUST
18814.0,SGDJ,SPROTT E T F TRUST
14757.0,SGDM,ALPS E T F TRUST
18813.0,SGDM,SPROTT E T F TRUST
23912.0,SGE,STRONG GLOBAL ENTERTAINMENT INC
88949.0,SGEN,SEATTLE GENETICS INC
88949.0,SGEN,SEAGEN INC
76246.0,SGF,ABERDEEN SINGAPORE FUND INC
20470.0,SGFY,SIGNIFY HEALTH INC
16710.0,SGH,SMART GLOBAL HOLDINGS INC
22756.0,SGHC,SUPER GROUP SGHC LTD
21764.0,SGHT,SIGHT SCIENCES INC
90742.0,SGI,SILICON GRAPHICS INTL CORP
77302.0,SGL,STRATEGIC GLOBAL INCOME FUND INC
16594.0,SGLB,SIGMA LABS INC
23767.0,SGLC,R B B FUND INC
92688.0,SGLY,SINGULARITY FUTURE TECH LTD
14230.0,SGM,STONEGATE MORTGAGE CORP
80274.0,SGMA,SIGMATRON INTERNATIONAL INC
21959.0,SGML,SIGMA LITHIUM CORP
88195.0,SGMO,SANGAMO BIOSCIENCES INC
88195.0,SGMO,SANGAMO THERAPEUTICS INC
79338.0,SGMS,SCIENTIFIC GAMES CORP
24078.0,SGMT,SAGIMET BIOSCIENCES INC
24507.0,SGN,SIGNING DAY SPORTS INC
14708.0,SGNL,SIGNAL GENETICS INC
12695.0,SGNT,SAGENT PHARMACEUTICALS INC
12495.0,SGOC,S G O C O GROUP LTD
19383.0,SGOV,ISHARES TRUST
16531.0,SGQI,JANUS DETROIT STREET TRUST
83303.0,SGRP,S P A R GROUP INC
15795.0,SGRY,SURGERY PARTNERS INC
20323.0,SGTX,SIGILON THERAPEUTICS INC
82743.0,SGU,STAR GAS PARTNERS LP
82743.0,SGU,STAR GROUP LP
79444.0,SGY,STONE ENERGY CORP
13167.0,SGYP,SYNERGY PHARMACEUTICALS INC
91311.0,SH,PROSHARES TRUST
17645.0,SHAG,WISDOMTREE TRUST
15167.0,SHAK,SHAKE SHACK INC
88970.0,SHBI,SHORE BANCSHARES INC
20062.0,SHC,SOTERA HEALTH CO
21663.0,SHCO,SOHO HOUSE & CO INC
20145.0,SHCR,SHARECARE INC
23494.0,SHDG,TRUST FOR ADVISED PORTFOLIOS
24381.0,SHDG,ADVISOR MANAGED PORTFOLIOS
15994.0,SHE,SPDR SERIES TRUST
25694.0,SHEH,PRECIDIAN ETFS TRUST
90794.0,SHEL,SHELL PLC
88742.0,SHEN,SHENANDOAH TELECOM CO
21860.0,SHFS,SHF HOLDINGS INC
21679.0,SHFT,TIDAL E T F TRUST
89854.0,SHG,SHINHAN FINANCIAL GROUP CO LTD
79464.0,SHI,SINOPEC SHANGHAI PETRO CO LTD
24510.0,SHIM,SHIMMICK CORP
92380.0,SHIP,SEANERGY MARITIME HOLDINGS CORP
20170.0,SHLD,VICTORY PORTFOLIOS II
24200.0,SHLD,GLOBAL X FUNDS
89757.0,SHLD,SEARS HOLDINGS CORP
18539.0,SHLL,TORTOISE ACQUISITION CORP
69199.0,SHLM,SCHULMAN A INC
79307.0,SHLO,SHILOH INDUSTRIES INC
20347.0,SHLS,SHOALS TECHNOLOGIES GROUP INC
23867.0,SHLT,SHL TELEMEDICINE LTD
14980.0,SHLX,SHELL MIDSTREAM PARTNERS LP
92357.0,SHM,SPDR SERIES TRUST
16316.0,SHNY,DIREXION SHARES E T F TRUST
90394.0,SHO,SUNSTONE HOTEL INVESTORS INC NEW
23453.0,SHOC,E A SERIES TRUST
80034.0,SHOO,MADDEN STEVEN LTD
15358.0,SHOP,SHOPIFY INC
92207.0,SHOR,SHORETEL INC
13656.0,SHOS,SEARS HOMETOWN & OUTLET STRS INC
19973.0,SHOT,SAFETY SHOT INC
85888.0,SHPG,SHIRE PLC
23272.0,SHPH,SHUTTLE PHARMACEUTICALS HLDG INC
23152.0,SHPP,PACER FUNDS TRUST
19061.0,SHPW,SHAPEWAYS HOLDINGS INC
24527.0,SHRT,TIDAL E T F TRUST
16799.0,SHRY,FIRST TRUST E T F VI
14441.0,SHSP,SHARPSPRING INC
21420.0,SHUS,SYNTAX E T F TRUST
25457.0,SHUS,EXCHANGE LISTED FUNDS TRUST
91706.0,SHV,ISHARES TRUST
36468.0,SHW,SHERWIN WILLIAMS CO
89470.0,SHY,ISHARES TRUST
14399.0,SHYD,MARKET VECTORS E T F TRUST
14399.0,SHYD,VANECK VECTORS E T F TRUST
14399.0,SHYD,VANECK E T F TRUST
71985.0,SHYF,SHYFT GROUP INC
14212.0,SHYG,ISHARES TRUST
17237.0,SHYL,D B X ETF TRUST
19058.0,SI,SILVERGATE CAPITAL CORP
18212.0,SIBN,SI BONE INC
18055.0,SIC,SELECT INTERIOR CONCEPTS INC
15882.0,SICK,DIREXION SHARES E T F TRUST
85602.0,SID,COMPANHIA SIDERURGICA NACIONAL
22602.0,SIDU,SIDUS SPACE INC
53373.0,SIEB,SIEBERT FINANCIAL CORP
15016.0,SIEN,SIENTRA INC
49138.0,SIF,SIFCO INDUSTRIES INC
22020.0,SIFI,HARBOR E T F TRUST
90421.0,SIFI,S I FINANCIAL GROUP INC MD
87344.0,SIFY,SIFY TECHNOLOGIES LTD
12076.0,SIG,SIGNET JEWELERS LTD
85401.0,SIGA,S I G A TECHNOLOGIES INC
68292.0,SIGI,SELECTIVE INSURANCE GROUP INC
10259.0,SIGM,SIGMA DESIGNS INC
22019.0,SIHY,HARBOR E T F TRUST
19453.0,SII,SPROTT INC
91780.0,SIJ,PROSHARES TRUST
93318.0,SIL,GLOBAL X FUNDS
25166.0,SILA,SILA REALTY TRUST INC
80276.0,SILC,SILICOM LTD
13684.0,SILJ,FACTORSHARES TRUST
13684.0,SILJ,E T F MANAGERS TRUST
24737.0,SILJ,AMPLIFY ETF TRUST
18566.0,SILK,SILK ROAD MEDICAL INC
23426.0,SILO,SILO PHARMA INC
18036.0,SILV,SILVERCREST METALS INC
21385.0,SILX,E T F MANAGERS TRUST
79442.0,SIM,GRUPO SIMEC S A B DE C V
90744.0,SIMO,SILICON MOTION TECHNOLOGY CORP
17193.0,SIMS,SPDR SERIES TRUST
88196.0,SINA,SINA CORP
92688.0,SINO,SINO GLOBAL SHIPPING AMERICA LTD
14444.0,SINT,SINTX TECHNOLOGIES INC
21384.0,SINV,E T F MANAGERS TRUST
23221.0,SIO,TOUCHSTONE ETF TRUST
15486.0,SIOX,SIO GENE THERAPIES INC
14491.0,SIPE,SPDR SERIES TRUST
13309.0,SIR,SELECT INCOME REIT
14134.0,SIRE,SISECAM RESOURCES LP
80924.0,SIRI,SIRIUS X M HOLDINGS INC
80924.0,SIRI,SIRIUS X M HOLDINGS INC NEW
85208.0,SIRO,SIRONA DENTAL SYSTEMS INC
16310.0,SISI,SHINECO INC
78927.0,SITC,SITE CENTERS CORP
16082.0,SITE,SITEONE LANDSCAPE SUPPLY INC
19081.0,SITM,SITIME CORP
15644.0,SITO,S I T O MOBILE LTD
11786.0,SIVB,S V B FINANCIAL GROUP
92974.0,SIVR,E T F S SILVER TRUST
92974.0,SIVR,ABERDEEN STANDARD SILVER ETF TR
92974.0,SIVR,ABRDN SILVER ETF TRUST
93423.0,SIX,SIX FLAGS ENTERTAINMENT CORP
19368.0,SIXA,EXCHANGE TRADED CONCEPTS TR
25151.0,SIXD,A I M E T F PRODUCTS TRUST
24834.0,SIXF,A I M E T F PRODUCTS TRUST
18434.0,SIXG,E T F SERIES SOLUTIONS
19366.0,SIXH,EXCHANGE TRADED CONCEPTS TR
22697.0,SIXJ,A I M E T F PRODUCTS TRUST
19371.0,SIXL,EXCHANGE TRADED CONCEPTS TR
22095.0,SIXO,A I M E T F PRODUCTS TRUST
24880.0,SIXP,A I M E T F PRODUCTS TRUST
19367.0,SIXS,EXCHANGE TRADED CONCEPTS TR
25069.0,SIXZ,A I M E T F PRODUCTS TRUST
12988.0,SIZ,F Q F TRUST
13847.0,SIZE,ISHARES TRUST
18464.0,SJ,SCIENJOY HOLDING CORP
18464.0,SJ,SCIENJOY HODLING CORP
12633.0,SJB,PROSHARES TRUST
25607.0,SJCP,MANAGER DIRECTED PORTFOLIOS
26614.0,SJI,SOUTH JERSEY INDS INC
23766.0,SJIM,NORTHERN LIGHTS FUND TR IV
25608.0,SJLD,MANAGER DIRECTED PORTFOLIOS
42585.0,SJM,SMUCKER J M CO
13308.0,SJNK,SPDR SERIES TRUST
86218.0,SJR,SHAW COMMUNICATIONS INC
62391.0,SJT,SAN JUAN BASIN RTY TR
54199.0,SJW,S J W CORP
54199.0,SJW,S J W GROUP
22399.0,SKE,SKEENA RESOURCES LTD
91782.0,SKF,PROSHARES TRUST
21416.0,SKIL,SKILLSOFT CORP
20181.0,SKIN,BEAUTY HEALTH CO
15080.0,SKIS,PEAK RESORTS INC
25757.0,SKK,SKK HOLDINGS LTD
15645.0,SKLN,SKYLINE MEDICAL INC
19338.0,SKLZ,SKILLZ INC
83604.0,SKM,S K TELECOM CO LTD
15081.0,SKOR,FLEXSHARES TRUST
24718.0,SKRE,E T F OPPORTUNITIES TRUST
79238.0,SKT,TANGER FACTORY OUTLET CENTERS IN
12922.0,SKUL,SKULLCANDY INC
23679.0,SKWD,SKYWARD SPECIALTY INSUR GP INC
86949.0,SKX,SKECHERS U S A INC
38850.0,SKY,SKYLINE CORP
38850.0,SKY,SKYLINE CHAMPION CORP
25035.0,SKYE,SKYE BIOSCIENCES INC
20338.0,SKYH,SKY HARBOUR GROUP CORP
25758.0,SKYQ,SKY QUARRY INC
15082.0,SKYS,SKY SOLAR HOLDINGS LTD
21096.0,SKYT,SKYWATER TECHNOLOGY INC
20453.0,SKYU,PROSHARES TRUST
10421.0,SKYW,SKYWEST INC
22797.0,SKYX,S K Y X PLATFORMS CORP
12923.0,SKYY,FIRST TRUST E T F II
87812.0,SLAB,SILICON LABORATORIES INC
14277.0,SLB,SCHLUMBERGER LTD
13253.0,SLCA,U S SILICA HOLDINGS INC
91360.0,SLCT,SELECT BANCORP INC
13787.0,SLD,SUTHERLAND ASSET MANAGEMENT CORP
17271.0,SLDB,SOLID BIOSCIENCES INC
21281.0,SLDP,SOLID POWER INC
15549.0,SLDR,ALPS E T F TRUST
25465.0,SLDR,GLOBAL X FUNDS
18413.0,SLE,SUPER LEAGUE ENTERPRISE INC
87666.0,SLF,SUN LIFE FINANCIAL INC
85265.0,SLG,S L GREEN REALTY CORP
21030.0,SLGC,SOMALOGIC INC
18413.0,SLGG,SUPER LEAGUE GAMING INC
17330.0,SLGL,SOL GEL TECHNOLOGIES LTD
84563.0,SLGN,SILGAN HOLDINGS INC
92021.0,SLH,SOLERA HOLDINGS INC
21579.0,SLHG,SKYLIGHT HEALTH GROUP INC
21676.0,SLI,STANDARD LITHIUM LTD
41320.0,SLI,S L INDUSTRIES INC
16110.0,SLIM,JANUS DETROIT STREET TRUST
66325.0,SLM,S L M CORP
19843.0,SLN,SILENCE THERAPEUTICS PLC
23445.0,SLNA,SELINA HOSPITALITY PLC
22566.0,SLND,SOUTHLAND HOLDINGS INC
86812.0,SLNG,STABILIS SOLUTIONS INC
52231.0,SLNH,SOLUNA HOLDINGS INC
15058.0,SLNO,SOLENO THERAPEUTICS INC
25824.0,SLNZ,T C W ETF TRUST
15548.0,SLOW,ALPS E T F TRUST
85040.0,SLP,SIMULATIONS PLUS INC
14211.0,SLQD,ISHARES TRUST
19357.0,SLQT,SELECTQUOTE INC
93267.0,SLRC,SOLAR CAPITAL LTD
93267.0,SLRC,S L R INVESTMENT CORP
23874.0,SLRN,ACELYRIN INC
15177.0,SLRX,SALARIUS PHARMACEUTICALS INC
92594.0,SLS,SELLAS LIFE SCIENCES GROUP INC
25002.0,SLSR,SOLARIS RESOURCES INC
17852.0,SLT,E T F SERIES SOLUTIONS
19914.0,SLT,PACER FUNDS TRUST
87814.0,SLTC,SELECTICA INC DEL
15273.0,SLTD,SOLAR3D INC
91202.0,SLV,ISHARES TRUST
21903.0,SLVM,SYLVAMO CORP
13230.0,SLVP,ISHARES INC
90796.0,SLW,SILVER WHEATON CORP
91530.0,SLX,MARKET VECTORS E T F TRUST
91530.0,SLX,VANECK VECTORS E T F TRUST
91530.0,SLX,VANECK E T F TRUST
25422.0,SLXN,SILEXION THERAPEUTICS CORP
91006.0,SLY,SPDR SERIES TRUST
88607.0,SLYG,SPDR SERIES TRUST
88608.0,SLYV,SPDR SERIES TRUST
78170.0,SM,S M ENERGY CO
22341.0,SMAP,SPORTSMAP TECH ACQUISITION CORP
25667.0,SMAP,AMPLIFY ETF TRUST
17701.0,SMAR,SMARTSHEET INC
25649.0,SMAX,ISHARES TRUST
23900.0,SMAY,FIRST TRUST E T F VIII
92572.0,SMB,MARKET VECTORS E T F TRUST
92572.0,SMB,VANECK VECTORS E T F TRUST
92572.0,SMB,VANECK E T F TRUST
80478.0,SMBC,SOUTHERN MISSOURI BANCORP INC
15906.0,SMBK,SMARTFINANCIAL INC
25834.0,SMBS,SCHWAB STRATEGIC TRUST
13583.0,SMC,SUMMIT MIDSTREAM CORP
24663.0,SMCF,THEMES E T F TRUST
91907.0,SMCI,SUPER MICRO COMPUTER INC
26022.0,SMCL,GRANITESHARES E T F TRUST
24583.0,SMCO,TIDAL TRUST II
15299.0,SMCP,E T F SERIES SOLUTIONS
25423.0,SMCX,TIDAL TRUST II
25545.0,SMCY,TIDAL TRUST II
91009.0,SMD,SPDR SERIES TRUST
93256.0,SMDD,PROSHARES TRUST
15205.0,SMDV,PROSHARES TRUST
19170.0,SMDY,SYNTAX E T F TRUST
92935.0,SMED,SHARPS COMPLIANCE CORP
14746.0,SMEZ,SPDR INDEX SHARES FUNDS
12385.0,SMFG,SUMITOMO MITSUI FINANCIAL GP INC
22798.0,SMFL,SMART FOR LIFE INC
19956.0,SMFR,SEMA4 HOLDINGS CORP
77300.0,SMG,SCOTTS MIRACLE GRO CO
13132.0,SMH,MARKET VECTORS E T F TRUST
13132.0,SMH,VANECK VECTORS E T F TRUST
13132.0,SMH,VANECK E T F TRUST
16737.0,SMHI,SEACOR MARINE HOLDINGS INC
25424.0,SMHX,VANECK E T F TRUST
22068.0,SMI,VANECK E T F TRUST
90076.0,SMI,SEMICONDUCTOR MANUFACT INTL CORP
82745.0,SMID,SMITH MIDLAND CORP
21800.0,SMIG,E T F SERIES SOLUTIONS
21766.0,SMIH,SUMMIT HEALTHCARE ACQ CORP
81225.0,SMIT,SCHMITT INDUSTRIES INC ORE
24462.0,SMIZ,ZACKS TRUST
92963.0,SMK,PROSHARES TRUST
20526.0,SMLE,D B X ETF TRUST
15321.0,SMLF,ISHARES TRUST
14765.0,SMLL,DIREXION SHARES E T F TRUST
25370.0,SMLL,HARBOR E T F TRUST
13583.0,SMLP,SUMMIT MIDSTREAM PARTNERS LP
14469.0,SMLR,SEMLER SCIENTIFIC INC
13395.0,SMM,SALIENT MIDSTREAM & M L P FUND
18852.0,SMMC,SOUTH MOUNTAIN MERGER CORP
17485.0,SMMD,ISHARES TRUST
90544.0,SMMF,SUMMIT FINANCIAL GROUP INC
15274.0,SMMT,SUMMIT THERAPEUTICS PLC
19849.0,SMMT,SUMMIT THERAPEUTICS INC
93253.0,SMMU,PIMCO E T F TRUST
17490.0,SMMV,ISHARES TRUST
91786.0,SMN,PROSHARES TRUST
92011.0,SMOG,VANECK VECTORS E T F TRUST
92011.0,SMOG,VANECK E T F TRUST
23496.0,SMOT,VANECK E T F TRUST
39220.0,SMP,STANDARD MOTOR PRODUCTS INC
16284.0,SMPL,SIMPLY GOOD FOODS CO
20325.0,SMR,NUSCALE POWER CORP
24284.0,SMRI,E A SERIES TRUST
20599.0,SMRT,SMARTRENT INC
77530.0,SMRT,STEIN MART INC
82281.0,SMSI,SMITH MICRO SOFTWARE INC
25425.0,SMST,TIDAL TRUST II
12027.0,SMT,SMART TECHNOLOGIES INC
17791.0,SMTA,SPIRIT M T A REIT
50948.0,SMTC,SEMTECH CORP
24602.0,SMTH,ALPS E T F TRUST
76928.0,SMTI,SANARA MEDTECH INC
25067.0,SMTK,SMARTKEM INC
16844.0,SMTS,SIERRA METALS INC
88466.0,SMTX,S M T C CORP
21261.0,SMWB,SIMILARWEB LTD
23805.0,SMX,S M X SECURITY MATTERS PLC
24829.0,SMXT,SOLARMAX TECHNOLOGY INC
13139.0,SN,SANCHEZ ENERGY CORP
24063.0,SN,SHARKNINJA INC
60206.0,SNA,SNAP ON INC
84325.0,SNAK,INVENTURE FOODS INC
23513.0,SNAL,SNAIL INC
16595.0,SNAP,SNAP INC
23635.0,SNAV,COLLABORATIVE INV SERIES TRUST
18461.0,SNAX,STRYVE FOODS INC
83903.0,SNBC,SUN BANCORP INC NJ
86489.0,SNBR,SLEEP NUMBER CORP
15083.0,SNC,STATE NATIONAL COMPANIES INC
92252.0,SNCA,SENECA BIOPHARMA INC
20155.0,SNCE,SCIENCE 37 HOLDINGS INC
91366.0,SNCR,SYNCHRONOSS TECHNOLOGIES INC
20652.0,SNCY,SUN COUNTRY AIRLINES HLDGS INC
16471.0,SND,SMART SAND INC
85419.0,SNDA,SONIDA SENIOR LIVING INC
16306.0,SNDE,SUNDANCE ENERGY INC
19667.0,SNDE,SUNDANCE ENERGY AUSTRALIA LTD
82618.0,SNDK,SANDISK CORP
18902.0,SNDL,SUNDIAL GROWERS INC
18902.0,SNDL,SNDL INC
16648.0,SNDR,SCHNEIDER NATIONAL INC
15976.0,SNDX,SYNDAX PHARMACEUTICALS INC
51131.0,SNE,SONY CORP
16532.0,SNES,SENESTECH INC
81254.0,SNEX,STONEX GROUP INC
11593.0,SNFCA,SECURITY NATIONAL FINANCIAL CORP
16533.0,SNGX,SOLIGENIX INC
87289.0,SNH,SENIOR HOUSING PROPERTIES TRUST
84438.0,SNHY,SUN HYDRAULICS CORP
92709.0,SNI,SCRIPPS NETWORKS INTERACTIVE INC
21007.0,SNII,SUPERNOVA PRTNRS ACQ CO II LTD
91845.0,SNMP,SANCHEZ MIDSTREAM PARTNERS LP
91845.0,SNMP,EVOLVE TRANSITION INFRASTR LP
90238.0,SNMX,SENOMYX INC
87444.0,SNN,SMITH & NEPHEW PLC
16830.0,SNNA,SIENNA BIOPHARMACEUTICALS INC
91742.0,SNOA,SONOMA PHARMACEUTICALS INC
24558.0,SNOV,FIRST TRUST E T F VIII
14393.0,SNOW,INTRAWEST RESORTS HOLDINGS INC
19654.0,SNOW,SNOWFLAKE INC
25201.0,SNOY,TIDAL TRUST II
88660.0,SNP,CHINA PETRO & CHEMICAL CORP
23538.0,SNPD,D B X ETF TRUST
18741.0,SNPE,D B X ETF TRUST
23534.0,SNPG,D B X ETF TRUST
21767.0,SNPO,SNAP ONE HOLDINGS CORP
77357.0,SNPS,SYNOPSYS INC
23535.0,SNPV,D B X ETF TRUST
21580.0,SNPX,SYNAPTOGENIX INC
14974.0,SNR,NEW SENIOR INVESTMENT GROUP INC
25784.0,SNRE,SUNRISE COMMUNICATIONS AG
20630.0,SNSE,SENSEI BIOTHERAPEUTICS INC
16307.0,SNSR,GLOBAL X FUNDS
90907.0,SNSS,SUNESIS PHARMACEUTICALS INC
78985.0,SNT,SENSTAR TECHNOLOGIES LTD
91832.0,SNTA,SYNTA PHARMACEUTICALS CORP
21770.0,SNTG,SENTAGE HOLDINGS INC
21286.0,SNTI,SENTI BIOSCIENCES INC
19256.0,SNUG,ALPHA ARCHITECT ETF TRUST
20053.0,SNV,SYNOVUS FINANCIAL CORP
89900.0,SNX,SYNNEX CORP
89900.0,SNX,TD SYNNEX CORP
89475.0,SNY,SANOFI
25759.0,SNYR,SYNERGY CHC CORP
18411.0,SO,SOUTHERN CO
19459.0,SOAC,SUSTAINABLE OPP ACQUISITION CORP
22731.0,SOAR,VOLATO GROUP INC
25700.0,SOBO,SOUTH BOW CORP
23120.0,SOBR,SOBR SAFE INC
20930.0,SOC,SABLE OFFSHORE CORP
90331.0,SOCB,SOUTHCOAST FINANCIAL CORP
13114.0,SOCL,GLOBAL X FUNDS
12405.0,SODA,SODASTREAM INTERNATIONAL LTD
24538.0,SOF,AMPLIFY ETF TRUST
20067.0,SOFI,SOFI TECHNOLOGIES INC
85953.0,SOFO,SONIC FOUNDRY INC
24538.0,SOFR,AMPLIFY ETF TRUST
17098.0,SOGO,SOGOU INC
19195.0,SOGP,SOUND GROUP INC
21200.0,SOGU,COLLABORATIVE INV SERIES TRUST
23328.0,SOGU,INVESTMENT MANAGERS SERIES TR II
90506.0,SOHO,SOTHERLY HOTELS INC
19675.0,SOHU,SOHU COM INC
88467.0,SOHU,SOHU COM LTD
16750.0,SOI,SOLARIS OILFIELD INFRSTR INC
12732.0,SOIL,GLOBAL X FUNDS
92543.0,SOL,RENESOLA LTD
92543.0,SOL,EMEREN GROUP LTD
18056.0,SOLO,ELECTRAMECCANICA VEHICLES CORP
20084.0,SOLR,GUINNESS ATKINSON FUNDS
24877.0,SOLV,SOLVENTUM CORP
18414.0,SOLY,SOLITON INC
71176.0,SON,SONOCO PRODUCTS CO
91622.0,SONA,SOUTHERN NATIONAL BANCORP VA INC
76568.0,SONC,SONIC CORP
20801.0,SOND,SONDER HOLDINGS INC
18670.0,SONM,SONIM TECHNOLOGIES INC
13455.0,SONN,SONNET BIOTHERAPEUTICS HLDGS INC
18011.0,SONO,SONOS INC
88264.0,SONS,SONUS NETWORKS INC
22158.0,SONX,SONENDO INC
51131.0,SONY,SONY GROUP CORP
15474.0,SOP,PROSHARES TRUST
22342.0,SOPA,SOCIETY PASS INC
21771.0,SOPH,SOPHIA GENETICS S A
32548.0,SORL,S O R L AUTO PARTS INC
16656.0,SOS,S O S LTD
11153.0,SOTK,SONO TEK CORP
23054.0,SOUN,SOUNDHOUND AI INC
15922.0,SOVB,CAMBRIA E T F TRUST
24385.0,SOVF,ELEVATION SERIES TRUST
21962.0,SOVO,SOVOS BRANDS INC
25054.0,SOWG,SOW GOOD INC
93284.0,SOXL,DIREXION SHARES E T F TRUST
25609.0,SOXM,INVESTMENT MANAGERS SERIES TR II
21583.0,SOXQ,INVESCO E T F TRUST II
93283.0,SOXS,DIREXION SHARES E T F TRUST
25610.0,SOXW,INVESTMENT MANAGERS SERIES TR II
89061.0,SOXX,ISHARES TRUST
25970.0,SOXY,TIDAL TRUST II
13002.0,SOYB,TEUCRIUM COMMODITY TRUST
90194.0,SP,S P PLUS CORP
17523.0,SPA,SPARTON CORP
92023.0,SPAB,SPDR SERIES TRUST
25426.0,SPAI,SAFE PRO GROUP INC
19877.0,SPAK,E T F SERIES SOLUTIONS
24664.0,SPAM,THEMES E T F TRUST
71942.0,SPAN,SPAN AMERICA MEDICAL SYSTEMS INC
18184.0,SPAQ,SPARTAN ENERGY ACQUISITION CORP
23680.0,SPAQ,LISTED FUNDS TRUST
71985.0,SPAR,SPARTAN MOTORS INC
21422.0,SPAX,TIDAL E T F TRUST
38295.0,SPB,SPECTRUM BRANDS HOLDINGS INC NEW
93295.0,SPB,SPECTRUM BRANDS HOLDINGS INC
21333.0,SPBC,SIMPLIFY EXCHANGE TRADED FUNDS
12675.0,SPBO,SPDR SERIES TRUST
21963.0,SPC,TRUST FOR PROFESSIONAL MANAGERS
92230.0,SPCB,SUPERCOM LTD
16964.0,SPCE,VIRGIN GALACTIC HOLDINGS INC
20208.0,SPCX,COLLABORATIVE INV SERIES TRUST
23215.0,SPCZ,LISTED FUNDS TRUST
19792.0,SPD,SIMPLIFY EXCHANGE TRADED FUNDS
80001.0,SPDC,SPEED COMMERCE INC
24238.0,SPDG,SPDR SERIES TRUST
16128.0,SPDN,DIREXION SHARES E T F TRUST
17053.0,SPDV,E T F SERIES SOLUTIONS
91945.0,SPDW,SPDR INDEX SHARES FUNDS
79236.0,SPE,SPECIAL OPPORTUNITIES FD INC
22589.0,SPEC,SPECTAIRE HOLDINGS INC
91879.0,SPEM,SPDR INDEX SHARES FUNDS
89543.0,SPEU,SPDR INDEX SHARES FUNDS
18148.0,SPEX,SPHERIX INC
13503.0,SPFF,GLOBAL X FUNDS
18671.0,SPFI,SOUTH PLAINS FINANCIAL INC
80100.0,SPG,SIMON PROPERTY GROUP INC NEW
24098.0,SPGC,SACKS PARENTE GOLF INC
17478.0,SPGI,S & P GLOBAL INC
13252.0,SPGM,SPDR INDEX SHARES FUNDS
12875.0,SPGP,INVESCO E T F TRUST
82860.0,SPH,SUBURBAN PROPANE PARTNERS LP
12754.0,SPHB,POWERSHARES E T F TRUST II
12754.0,SPHB,INVESCO E T F TRUST II
13620.0,SPHD,POWERSHARES E T F TRUST II
13620.0,SPHD,INVESCO E T F TRUST II
25760.0,SPHL,SPRINGVIEW HOLDINGS LTD
91055.0,SPHQ,POWERSHARES E T F TRUST
91055.0,SPHQ,INVESCO E T F TRUST
19316.0,SPHR,SPHERE ENTERTAINMENT CO
14105.0,SPHS,SOPHIRIS BIO INC
13446.0,SPHY,SPDR SERIES TRUST
15913.0,SPI,S P I ENERGY CO LTD
19666.0,SPI,S P I ENERGY CO LTD
92892.0,SPIB,SPDR SERIES TRUST
88645.0,SPIL,SILICONWARE PRECISION INDS CO LT
25498.0,SPIN,SSGA ACTIVE TRUST
92024.0,SPIP,SPDR SERIES TRUST
20094.0,SPIR,SPIRE GLOBAL INC
14830.0,SPKE,SPARK ENERGY INC
23280.0,SPKX,CONVEXITYSHARES TRUST
23279.0,SPKY,CONVEXITYSHARES TRUST
92900.0,SPLB,SPDR SERIES TRUST
91010.0,SPLG,SPDR SERIES TRUST
13379.0,SPLK,SPLUNK INC
13366.0,SPLP,STEEL PARTNERS HOLDINGS LP
75489.0,SPLS,STAPLES INC
12753.0,SPLV,POWERSHARES E T F TRUST II
12753.0,SPLV,INVESCO E T F TRUST II
92886.0,SPMB,SPDR SERIES TRUST
91009.0,SPMD,SPDR SERIES TRUST
15725.0,SPMO,POWERSHARES E T F TRUST II
15725.0,SPMO,INVESCO E T F TRUST II
17581.0,SPMV,POWERSHARES E T F TRUST II
17581.0,SPMV,INVESCO E T F TRUST II
77763.0,SPN,SUPERIOR ENERGY SERVICES INC
77271.0,SPNC,SPECTRANETICS CORP
15407.0,SPNE,SEASPINE HOLDINGS CORP
78759.0,SPNS,SAPIENS INTERNATIONAL CORP N V
14088.0,SPNT,SIRIUSPOINT LTD
20253.0,SPNV,SUPERNOVA PRTNRS ACQ CO INC
90464.0,SPOK,SPOK HOLDINGS INC
17782.0,SPOT,SPOTIFY TECHNOLOGY S A
91845.0,SPP,SANCHEZ PRODUCTION PARTNERS LP
83950.0,SPPI,SPECTRUM PHARMACEUTICALS INC
24285.0,SPPL,SIMPPLE LTD
13737.0,SPPP,SPROTT PHYSICAL PLATN & PALLA TR
24537.0,SPQ,SIMPLIFY EXCHANGE TRADED FUNDS
19571.0,SPQQ,SIREN E T F TRUST
91594.0,SPR,SPIRIT AEROSYSTEMS HOLDINGS INC
19993.0,SPRB,SPRUCE BIOSCIENCES INC
22603.0,SPRC,SCISPARC LTD
20254.0,SPRE,TIDAL E T F TRUST
17044.0,SPRO,SPERO THERAPEUTICS INC
88468.0,SPRT,SUPPORT COM INC
18936.0,SPRU,SPRUCE POWER HOLDING CORP
21878.0,SPRX,LISTED FUNDS TRUST
20318.0,SPRY,ARS PHARMACEUTICALS INC
93181.0,SPSB,SPDR SERIES TRUST
93356.0,SPSC,S P S COMMERCE INC
19122.0,SPSK,TIDAL E T F TRUST
14038.0,SPSM,SPDR SERIES TRUST
19145.0,SPT,SPROUT SOCIAL INC
25119.0,SPTB,SPDR SERIES TRUST
24579.0,SPTE,S P FUNDS TRUST
92026.0,SPTI,SPDR SERIES TRUST
92025.0,SPTL,SPDR SERIES TRUST
88678.0,SPTM,SPDR SERIES TRUST
88568.0,SPTN,SPARTANNASH CO
93069.0,SPU,SKYPEOPLE FRUIT JUICE INC
19793.0,SPUC,SIMPLIFY EXCHANGE TRADED FUNDS
15463.0,SPUN,MARKET VECTORS E T F TRUST
15463.0,SPUN,VANECK VECTORS E T F TRUST
19124.0,SPUS,TIDAL E T F TRUST
12876.0,SPVM,INVESCO E T F TRUST
17585.0,SPVM,POWERSHARES E T F TRUST II
17585.0,SPVM,INVESCO E T F TRUST II
15726.0,SPVU,POWERSHARES E T F TRUST II
15726.0,SPVU,INVESCO E T F TRUST II
14609.0,SPWH,SPORTSMANS WAREHOUSE HLDGS INC
24629.0,SPWO,S P FUNDS TRUST
90978.0,SPWR,SUNPOWER CORP
17846.0,SPXB,PROSHARES TRUST
55212.0,SPXC,S P X CORP
55212.0,SPXC,S P X TECHNOLOGIES INC
15699.0,SPXE,PROSHARES TRUST
13974.0,SPXH,ALPS E T F TRUST
16153.0,SPXH,JANUS DETROIT STREET TRUST
92818.0,SPXL,DIREXION SHARES E T F TRUST
15698.0,SPXN,PROSHARES TRUST
92817.0,SPXS,DIREXION SHARES E T F TRUST
15696.0,SPXT,PROSHARES TRUST
92960.0,SPXU,PROSHARES TRUST
15697.0,SPXV,PROSHARES TRUST
90998.0,SPXX,NUVEEN S P 500 DYNAMIC OVERWR FD
20374.0,SPXZ,LISTED FUNDS TRUST
84398.0,SPY,SPDR S & P 500 E T F TRUST
15214.0,SPYB,SPDR SERIES TRUST
25613.0,SPYB,INVESTMENT MANAGERS SERIES TR II
19791.0,SPYC,SIMPLIFY EXCHANGE TRADED FUNDS
15731.0,SPYD,SPDR SERIES TRUST
88604.0,SPYG,SPDR SERIES TRUST
23294.0,SPYI,S H P E T F TRUST
23294.0,SPYI,NEOS ETF TRUST
25614.0,SPYM,INVESTMENT MANAGERS SERIES TR II
25656.0,SPYQ,INVESTMENT MANAGERS SERIES TR II
24920.0,SPYT,TIDAL TRUST II
88606.0,SPYV,SPDR SERIES TRUST
15892.0,SPYX,SPDR SERIES TRUST
15826.0,SQ,SQUARE INC
15826.0,SQ,BLOCK INC
14174.0,SQBG,SEQUENTIAL BRANDS GROUP INC NEW
19390.0,SQEW,TWO ROADS SHARED TRUST
19858.0,SQFT,PRESIDIO PROPERTY TRUST INC
12312.0,SQI,SCIQUEST INC NEW
21879.0,SQL,SEQLL INC
16831.0,SQLV,LEGG MASON ETF INVESTMENT TR
79663.0,SQM,SOCIEDAD QUIMICA & MINERA CHL SA
25917.0,SQMX,FIRST TRUST E T F VIII
87632.0,SQNM,SEQUENOM INC
12680.0,SQNS,SEQUANS COMMUNICATIONS S A
93268.0,SQQQ,PROSHARES TRUST
21121.0,SQSP,SQUARESPACE INC
24449.0,SQY,TIDAL TRUST II
19918.0,SQZ,S Q Z BIOTECHNOLOGIES CO
16645.0,SQZZ,STRATEGY SHARES
12781.0,SR,SPIRE INC
19146.0,SRAC,STABLE ROAD ACQUISITION CORP
21964.0,SRAD,SPORTRADAR GROUP A G
16399.0,SRAX,SOCIAL REALITY INC
16399.0,SRAX,S R A X INC
24286.0,SRBK,SR BANCORP INC
14039.0,SRC,SPIRIT REALTY CAPITAL INC NEW
36346.0,SRCE,1ST SOURCE CORP
12906.0,SRCI,S R C ENERGY INC
83906.0,SRCL,STERICYCLE INC
85889.0,SRDX,SURMODICS INC
86136.0,SRE,SEMPRA ENERGY
15275.0,SRET,GLOBAL X FUNDS
12640.0,SREV,SERVICESOURCE INTERNATIONAL INC
24051.0,SRFM,SURF AIR MOBILITY INC
15584.0,SRG,SERITAGE GROWTH PROPERTIES
88564.0,SRGA,SURGALIGN HOLDINGS INC
23467.0,SRHQ,ELEVATION SERIES TRUST
24519.0,SRHR,ELEVATION SERIES TRUST
85440.0,SRI,STONERIDGE INC
84820.0,SRL,SCULLY ROYALTY LTD
13859.0,SRLN,SSGA ACTIVE TRUST
14228.0,SRLP,SPRAGUE RESOURCES LP
14262.0,SRNE,SORRENTO THERAPEUTICS INC
23688.0,SROI,CALAMOS E T F TRUST
85002.0,SRPT,SAREPTA THERAPEUTICS INC
15507.0,SRRA,SIERRA ONCOLOGY INC
17821.0,SRRK,SCHOLAR ROCK HOLDING CORP
91776.0,SRS,PROSHARES TRUST
14989.0,SRSC,SEARS CANADA INC
85077.0,SRT,STARTEK INC
16145.0,SRTS,SENSUS HEALTHCARE INC
93257.0,SRTY,PROSHARES TRUST
16677.0,SRUN,SILVER RUN ACQUISITION CORP II
92240.0,SRV,CUSHING M L P TOTAL RETURN FUND
92240.0,SRV,CUSHING MLP & INFRA TOT RET FD
92240.0,SRV,N X G CUSHING MIDSTREAM ENRGY FD
17833.0,SRVR,PACER FUNDS TRUST
20397.0,SRZN,SURROZEN INC
84389.0,SSB,SOUTH STATE CORP
84389.0,SSB,SOUTHSTATE CORP
91408.0,SSBI,SUMMIT STATE BANK
21882.0,SSBK,SOUTHERN STATES BANCSHARES INC
13412.0,SSC,SEVEN STARS CLOUD GROUP INC
80575.0,SSD,SIMPSON MANUFACTURING CO INC
14683.0,SSE,SEVENTY SEVEN ENERGY INC
22055.0,SSFI,STRATEGY SHARES
91908.0,SSFN,STEWARDSHIP FINANCIAL CORP
91774.0,SSG,PROSHARES TRUST
13279.0,SSH,SUNSHINE HEART INC
89289.0,SSI,STAGE STORES INC
22799.0,SSIC,SILVER SPIKE INVESTMENT CORP
90955.0,SSKN,STRATA SKIN SCIENCES INC
68866.0,SSL,SASOL LTD
14140.0,SSLT,SESA STERLITE LTD
19389.0,SSLY,SYNTAX E T F TRUST
92545.0,SSN,SAMSON OIL & GAS LTD
93312.0,SSNC,S S & C TECHNOLOGIES HLDGS INC
13819.0,SSNI,SILVER SPRING NETWORKS INC
16680.0,SSNT,SILVERSUN TECHNOLOGIES INC
91307.0,SSO,PROSHARES TRUST
84176.0,SSP,SCRIPPS E W CO OHIO
84176.0,SSP,E W SCRIPPS CO
19025.0,SSPK,SILVER SPIKE ACQ CORP
22034.0,SSPX,JANUS DETROIT STREET TRUST
18354.0,SSPY,SYNTAX E T F TRUST
25458.0,SSPY,EXCHANGE LISTED FUNDS TRUST
15090.0,SSRG,SYMMETRY SURGICAL INC
83909.0,SSRI,SILVER STANDARD RESOURCES INC
83909.0,SSRM,S S R MINING INC
81675.0,SSS,SOVRAN SELF STORAGE INC
12690.0,SSSS,SUTTER ROCK CAPITAL CORP
12690.0,SSSS,SURO CAPITAL CORP
19616.0,SST,SYSTEM1 INC
16805.0,SSTI,SHOTSPOTTER INC
16805.0,SSTI,SOUNDTHINKING INC
13625.0,SSTK,SHUTTERSTOCK INC
22516.0,SSU,S I G N A SPORTS UNITED N V
19169.0,SSUS,STRATEGY SHARES
90853.0,SSW,SEASPAN CORP
23220.0,SSXU,STRATEGY SHARES
74908.0,SSY,SUNLINK HEALTH SYSTEMS INC
81010.0,SSYS,STRATASYS LTD
93296.0,ST,SENSATA TECHNOLOGIES HOLDING N V
93296.0,ST,SENSATA TECHNOLOGIES HOLDING PLC
72304.0,STAA,STAAR SURGICAL CO
91395.0,STAB,STATERA BIOPHARMA INC
15662.0,STAF,STAFFING 360 SOLUTIONS INC
12681.0,STAG,STAG INDUSTRIAL INC
75846.0,STAR,ISTAR INC
24580.0,STAX,MACQUARIE E T F TRUST
14279.0,STAY,EXTENDED STAY AMERICA INC
13015.0,STB,STUDENT TRANSPORTATION INC
77528.0,STBA,S & T BANCORP INC
25009.0,STBF,TRUST FOR PROFESSIONAL MANAGERS
21672.0,STBL,R B B FUND INC
23329.0,STBX,STARBOX GROUP HOLDINGS LTD
12696.0,STBZ,STATE BANK FINANCIAL CORP
72980.0,STC,STEWART INFORMATION SVCS CORP
23299.0,STCE,SCHWAB STRATEGIC TRUST
14106.0,STCK,B M C STOCK HLDGS INC
80114.0,STCN,STEEL CONNECT INC
15276.0,STDY,STEADYMED LTD
77649.0,STE,STERIS CORP
77649.0,STE,STERIS PLC
77649.0,STE,STERIS PLC NEW
17108.0,STEL,STELLAR BANCORP INC
19919.0,STEM,STEM INC
77437.0,STEM,STEMCELLS INC
19655.0,STEP,STEPSTONE GROUP INC
21897.0,STER,STERLING CHECK CORP
56653.0,STEW,S R H TOTAL RETURN FUND INC
76722.0,STFC,STATE AUTO FINANCIAL CORP
17380.0,STG,SUNLANDS ONLINE EDUCATION GROUP
17380.0,STG,SUNLANDS TECHNOLOGY GROUP
23087.0,STGF,LISTED FUNDS TRUST
81527.0,STGW,STAGWELL INC
23742.0,STHO,STAR HOLDINGS
23113.0,STI,SOLIDION TECHNOLOGY INC
68144.0,STI,SUNTRUST BANKS INC
17898.0,STIM,NEURONETICS INC
12453.0,STIP,ISHARES TRUST
21024.0,STIX,SEMANTIX INC
68591.0,STJ,ST JUDE MEDICAL INC
93117.0,STK,COLUMBIA SELIG PREM TECH GR FD
20846.0,STKH,STEAKHOLDER FOODS LTD
78418.0,STKL,SUNOPTA INC
15383.0,STKS,ONE GROUP HOSPITALITY INC
86582.0,STL,STERLING BANCORP DEL
14987.0,STLA,STELLANTIS NV
19345.0,STLC,ISHARES TRUST
84262.0,STLD,STEEL DYNAMICS INC
19157.0,STLG,ISHARES TRUST
16400.0,STLR,STELLAR ACQUISITION III INC
19156.0,STLV,ISHARES TRUST
78068.0,STLY,STANLEY FURNITURE CO NEW
81132.0,STM,STMICROELECTRONICS NV
19344.0,STMB,ISHARES TRUST
13761.0,STML,STEMLINE THERAPEUTICS
87000.0,STMP,STAMPS COM INC
90850.0,STN,STANTEC INC
20725.0,STNC,R B B FUND INC
23578.0,STNC,HENNESSY FUNDS TRUST
12362.0,STND,STANDARD A V B FINANCIAL CORP
18213.0,STNE,STONECO LTD
93299.0,STNG,SCORPIO TANKERS INC
17156.0,STNL,SENTINEL ENERGY SERVICES INC DE
89016.0,STO,STATOIL A S A
18785.0,STOK,STOKE THERAPEUTICS INC
90366.0,STON,STONEMOR PARTNERS L P
90366.0,STON,STONEMOR INC
15052.0,STOR,STORE CAPITAL CORP
17607.0,STOT,SSGA ACTIVE TRUST
19919.0,STPK,STAR PEAK ENERGY TRANSITION CORP
92995.0,STPZ,PIMCO E T F TRUST
16905.0,STR,SITIO ROYALTIES CORP NEW
27756.0,STR,QUESTAR CORP
83799.0,STRA,STRAYER EDUCATION INC
83799.0,STRA,STRATEGIC EDUCATION INC
20726.0,STRC,SARCOS TECH & ROBOTICS CORP
76927.0,STRL,STERLING CONSTRUCTION CO INC
83391.0,STRM,STREAMLINE HEALTH SOLUTIONS INC
22343.0,STRN,STRAN & CO INC
18128.0,STRO,SUTRO BIOPHARMA INC
14041.0,STRP,STRAIGHT PATH COMMUNICATIONS INC
90223.0,STRR,STAR EQUITY HOLDINGS INC
77790.0,STRS,STRATUS PROPERTIES INC
81278.0,STRT,STRATTEC SECURITY CORP
23348.0,STRV,E A SERIES TRUST
23711.0,STRW,STRAWBERRY FIELDS REIT INC
13008.0,STRZA,STARZ
13009.0,STRZB,STARZ
63159.0,STS,SUPREME INDUSTRIES INC
18960.0,STSA,SATSUMA PHARMACEUTICALS INC
19341.0,STSB,ISHARES TRUST
25821.0,STSB,E A SERIES TRUST
23056.0,STSS,SHARPS TECHNOLOGY INC
72726.0,STT,STATE STREET CORP
19994.0,STTK,SHATTUCK LABS INC
92327.0,STV,CHINA DIGITAL TV HOLDING CO LTD
21694.0,STVN,STEVANATO GROUP S P A
92999.0,STWD,STARWOOD PROPERTY TRUST INC
89641.0,STX,SEAGATE TECHNOLOGY PLC
89641.0,STX,SEAGATE TECHNOLOGY HOLDINGS PLC
17802.0,STXB,SPIRIT OF TEXAS BANCSHARES INC
23522.0,STXD,E A SERIES TRUST
23634.0,STXE,E A SERIES TRUST
23523.0,STXG,E A SERIES TRUST
25154.0,STXI,E A SERIES TRUST
23524.0,STXK,E A SERIES TRUST
24982.0,STXM,E A SERIES TRUST
90325.0,STXS,STEREOTAXIS INC
24104.0,STXT,E A SERIES TRUST
23525.0,STXV,E A SERIES TRUST
14946.0,STXX,ALPS E T F TRUST
64899.0,STZ,CONSTELLATION BRANDS INC
69796.0,STZ,CONSTELLATION BRANDS INC
80070.0,SU,SUNCOR ENERGY INC NEW
92822.0,SUB,ISHARES TRUST
22176.0,SUBS,EXCHANGE TRADED CONCEPTS TR
20543.0,SUBZ,LISTED FUNDS TRUST
24719.0,SUGP,SU GROUP HOLDINGS LTD
80102.0,SUI,SUN COMMUNITIES INC
20084.0,SULR,GUINNESS ATKINSON FUNDS
15264.0,SUM,SUMMIT MATERIALS INC
19660.0,SUMO,SUMO LOGIC INC
91909.0,SUMR,SUMMER INFANT INC
13584.0,SUN,SUNOCO LP
25452.0,SUNE,SUNATION ENERGY INC
20390.0,SUNL,SUNLIGHT FINANCIAL HOLDINGS INC
12584.0,SUNS,SOLAR SENIOR CAPITAL LTD
12584.0,SUNS,S L R SENIOR INVESTMENT CORP
25242.0,SUNS,SUNRISE REALTY TRUST INC
15273.0,SUNW,SUNWORKS INC
22044.0,SUNY,NORTHERN LIGHTS FUND TR II
52396.0,SUP,SUPERIOR INDUSTRIES INTL INC
23004.0,SUPL,PROSHARES TRUST
13410.0,SUPN,SUPERNUS PHARMACEUTICALS INC
23689.0,SUPP,T C W ETF TRUST
16077.0,SUPV,GRUPO SUPERVIELLE SA
13016.0,SURE,ADVISORSHARES TRUST
17695.0,SURF,SURFACE ONCOLOGY INC
22344.0,SURG,SURGEPAYS INC
76020.0,SURG,SYNERGETICS USA INC
23710.0,SURI,SIMPLIFY EXCHANGE TRADED FUNDS
90526.0,SUSA,ISHARES TRUST
16832.0,SUSB,ISHARES TRUST
16833.0,SUSC,ISHARES TRUST
18672.0,SUSL,ISHARES TRUST
25036.0,SUUN,SOLARBANK CORP
18297.0,SUZ,SUZANO S A
20325.0,SV,SPRING VALLEY ACQ CORP
90517.0,SVA,SINOVAC BIOTECH LTD
20172.0,SVAC,STARBOARD VALUE ACQUISITION CORP
19904.0,SVAL,ISHARES TRUST
89424.0,SVBI,SEVERN BANCORP INC MD
81917.0,SVC,SERVICE PROPERTIES TRUST
25053.0,SVCO,SILVACO GROUP INC
20876.0,SVFC,S V F INVESTMENT CORP 3
21335.0,SVFD,SAVE FOODS INC
22965.0,SVIX,V S TRUST
92893.0,SVM,SILVERCORP METALS INC
24665.0,SVMH,SRIVARU HOLDING LTD
18097.0,SVMK,S V M K INC
21243.0,SVOL,SIMPLIFY EXCHANGE TRADED FUNDS
90101.0,SVRA,SAVARA INC
23198.0,SVRE,SAVERONE 2014 LTD
50243.0,SVT,SERVOTRONICS INC
44951.0,SVU,SUPERVALU INC
23978.0,SVV,SAVERS VALUE VILLAGE INC
12697.0,SVVC,FIRSTHAND TECHNOLOGY VAL FD INC
13029.0,SVXY,PROSHARES TRUST II
25146.0,SW,SMURFIT WESTROCK PLC
21965.0,SWAG,SOFTWARE ACQ GROUP INC III
22343.0,SWAG,STRAN & CO INC
18218.0,SWAN,AMPLIFY ETF TRUST
22450.0,SWAR,DIREXION SHARES E T F TRUST
18456.0,SWAV,SHOCKWAVE MEDICAL INC
89606.0,SWBI,SMITH & WESSON BRANDS INC
81173.0,SWC,STILLWATER MINING CO
16966.0,SWCH,SWITCH INC
23121.0,SWEB,INVESTMENT MANAGERS SERIES TR II
12473.0,SWFT,SWIFT TRANSPORTATION CO
89606.0,SWHC,SMITH & WESSON HOLDING CORP
18183.0,SWI,SOLARWINDS CORP
92931.0,SWI,SOLARWINDS INC
20902.0,SWIM,LATHAM GROUP INC
16574.0,SWIN,ALPS E T F TRUST
24287.0,SWIN,SOLOWIN HOLDINGS
88266.0,SWIR,SIERRA WIRELESS INC
43350.0,SWK,STANLEY BLACK & DECKER INC
19198.0,SWKH,S W K HOLDINGS CORP
45911.0,SWKS,SKYWORKS SOLUTIONS INC
82649.0,SWM,SCHWEITZER MAUDUIT INTL INC
63765.0,SWN,SOUTHWESTERN ENERGY CO
25615.0,SWP,MANAGER DIRECTED PORTFOLIOS
12585.0,SWSH,SWISHER HYGIENE INC
18961.0,SWTX,SPRINGWORKS THERAPEUTICS INC
23057.0,SWVL,SWVL HOLDINGS CORP
61188.0,SWX,SOUTHWEST GAS CORP
61188.0,SWX,SOUTHWEST GAS HOLDINGS INC
75168.0,SWZ,SWISS HELVETIA FUND INC
12905.0,SXC,SUNCOKE ENERGY INC
10353.0,SXCL,STEEL EXCEL INC
13747.0,SXCP,SUNCOKE ENERGY PARTNERS LP
13691.0,SXE,SOUTHCROSS ENERGY PARTNERS L P
43481.0,SXI,STANDEX INTERNATIONAL CORP
89304.0,SXL,SUNOCO LOGISTICS PARTNERS
21206.0,SXQG,EXCHANGE TRADED CONCEPTS TR
59619.0,SXT,SENSIENT TECHNOLOGIES CORP
18372.0,SXTC,CHINA S X T PHARMACEUTICALS INC
24079.0,SXTP,60 DEGREES PHARMACEUTICALS INC
22033.0,SXUS,JANUS DETROIT STREET TRUST
18675.0,SY,SO YOUNG INTERNATIONAL INC
79013.0,SYBT,STOCK YARDS BANCORP INC
15787.0,SYBX,SYNLOGIC INC
14411.0,SYE,SSGA ACTIVE TRUST
14776.0,SYF,SYNCHRONY FINANCIAL
25148.0,SYFI,A B ACTIVE ETFS INC
14413.0,SYG,SSGA ACTIVE TRUST
23159.0,SYII,SYNTAX E T F TRUST
73139.0,SYK,STRYKER CORP
83422.0,SYKE,SYKES ENTERPRISES INC
20876.0,SYM,SYMBOTIC INC
75607.0,SYMC,SYMANTEC CORP
92453.0,SYMX,SYNTHESIS ENERGY SYSTEMS INC
92130.0,SYN,SYNTHETIC BIOLOGICS INC
89290.0,SYNA,SYNAPTICS INC
23385.0,SYNB,PUTNAM ETF TRUST
13280.0,SYNC,SYNACOR INC
15071.0,SYNH,SYNEOS HEALTH INC
43334.0,SYNL,SYNALLOY CORP
85319.0,SYNT,SYNTEL INC
24808.0,SYNX,SILYNXCOM LTD
80534.0,SYPR,SYPRIS SOLUTIONS INC
24288.0,SYRA,SYRA HEALTH CORP
16005.0,SYRE,SPYRE THERAPEUTICS INC
12906.0,SYRG,SYNERGY RESOURCES CORP
16111.0,SYRS,SYROS PHARMACEUTICALS INC
14610.0,SYRX,SYSOREX GLOBAL HOLDINGS CORP
14610.0,SYRX,SYSOREX GLOBAL
23806.0,SYT,SYLA TECHNOLOGIES CO LTD
88822.0,SYT,SYNGENTA A G
19846.0,SYTA,SIYATA MOBILE INC
20729.0,SYUS,SYNTAX E T F TRUST
91967.0,SYUT,SYNUTRA INTL INC
14412.0,SYV,SSGA ACTIVE TRUST
81665.0,SYX,SYSTEMAX INC
52038.0,SYY,SYSCO CORP
13571.0,SZC,CUSHING RENAISSANCE FUND
13571.0,SZC,CUSHING NEXTGEN INFRA INCOME FD
91785.0,SZK,PROSHARES TRUST
14470.0,SZMK,SIZMEK INC
18006.0,SZNE,PACER FUNDS TRUST
12797.0,SZYM,SOLAZYME INC
22800.0,SZZL,SIZZLE ACQUISITION CORP
66093.0,T,A T & T INC
91727.0,TA,TRAVELCENTERS AMERICA LLC
91727.0,TA,TRAVELCENTERS AMERICA INC
19361.0,TAAG,COLLABORATIVE INV SERIES TRUST
89068.0,TAC,TRANSALTA CORP
19872.0,TACE,COLLABORATIVE INV SERIES TRUST
22926.0,TACK,CAPITOL SERIES TRUST
14433.0,TACO,DEL TACO RESTAURANTS INC
83910.0,TACT,TRANSACT TECHNOLOGIES INC
19362.0,TADS,COLLABORATIVE INV SERIES TRUST
19364.0,TAEQ,COLLABORATIVE INV SERIES TRUST
23347.0,TAFI,A B ACTIVE ETFS INC
24596.0,TAFL,A B ACTIVE ETFS INC
24597.0,TAFM,A B ACTIVE ETFS INC
22056.0,TAGG,T ROWE PRICE E T F INC
13310.0,TAGS,TEUCRIUM COMMODITY TRUST
13396.0,TAHO,TAHOE RESOURCES INC
56696.0,TAI,TRANSAMERICA INCOME SHS INC
17407.0,TAIL,CAMBRIA E T F TRUST
81588.0,TAIT,TAITRON COMPONENTS INC
18298.0,TAK,TAKEDA PHARMACEUTICAL CO LTD
12339.0,TAL,T A L EDUCATION GROUP
90940.0,TAL,TAL INTERNATIONAL GROUP INC
19556.0,TALK,TALKSPACE INC
79444.0,TALO,TALOS ENERGY INC
21336.0,TALS,TALARIS THERAPEUTICS INC
13208.0,TAN,CLAYMORE E T F TRUST 2
17837.0,TAN,INVESCO E T F TRUST II
15277.0,TANH,TANTECH HOLDINGS LTD
17716.0,TAO,INVESCO E T F TRUST II
92476.0,TAO,CLAYMORE E T F TRUST 2
92682.0,TAOP,TAOPING INC
59248.0,TAP,MOLSON COORS BREWING CO
59248.0,TAP,MOLSON COORS BEVERAGE CO
90562.0,TAP,MOLSON COORS BREWING CO
90562.0,TAP,MOLSON COORS BEVERAGE CO
15015.0,TARA,PROTARA THERAPEUTICS INC
23124.0,TARK,INVESTMENT MANAGERS SERIES TR II
78447.0,TARO,TARO PHARM INDUSTRIES LTD
19995.0,TARS,TARSUS PHARMACEUTICALS INC
13140.0,TAS,TASMAN METALS LTD
21350.0,TASK,TASKUS INC
89031.0,TASR,TASER INTERNATIONAL INC
91678.0,TAST,CARROLS RESTAURANT GROUP INC
93187.0,TAT,TRANSATLANTIC PETROLEUM LTD
78629.0,TATT,TAT TECHNOLOGIES LTD
18342.0,TAWK,DIREXION SHARES E T F TRUST
26026.0,TAX,E A SERIES TRUST
25358.0,TAXE,T ROWE PRICE E T F INC
18069.0,TAXF,AMERICAN CENTURY E T F TRUST
83565.0,TAXI,MEDALLION FINANCIAL CORP
17388.0,TAXR,ACTIVE WEIGHTING FUNDS ETF TR
24881.0,TAXX,BONDBLOXX ETF TRUST
74740.0,TAYD,TAYLOR DEVICES INC
24819.0,TBBB,B B B FOODS INC
90490.0,TBBK,BANCORP INC
92996.0,TBF,PROSHARES TRUST
24749.0,TBFC,E T F SERIES SOLUTIONS
24750.0,TBFG,E T F SERIES SOLUTIONS
24528.0,TBG,E A SERIES TRUST
83671.0,TBI,TRUEBLUE INC
23330.0,TBIL,R B B FUND INC
17899.0,TBIO,TRANSLATE BIO INC
21538.0,TBIO,TELESIS BIO INC
88471.0,TBIO,TRANSGENOMIC INC
19594.0,TBJL,INNOVATOR E T F S TRUST
15084.0,TBK,TRIUMPH BANCORP INC
21584.0,TBLA,TABOOLA COM LTD
16559.0,TBLL,INVESCO E T F TRUST II
18320.0,TBLT,TOUGHBUILT INDUSTRIES INC
17528.0,TBLU,MANAGED PORTFOLIO SERIES
25198.0,TBN,TAMBORAN RESOURCES CORP
18740.0,TBND,COLLABORATIVE INV SERIES TRUST
92987.0,TBNK,TERRITORIAL BANCORP INC
14674.0,TBPH,THERAVANCE BIOPHARMA INC
14101.0,TBRA,TOBIRA THERAPEUTICS INC
17976.0,TBRG,THUNDER BRIDGE ACQ LTD
89387.0,TBRG,TRUBRIDGE INC
92662.0,TBT,PROSHARES TRUST
22057.0,TBUX,T ROWE PRICE E T F INC
12672.0,TBX,PROSHARES TRUST
12671.0,TBZ,PROSHARES TRUST
18261.0,TC,TUANCHE LTD
92423.0,TC,THOMPSON CREEK METALS CO INC
21103.0,TCAC,TUATARA CAPITAL ACQUISITION CORP
23987.0,TCAF,T ROWE PRICE E T F INC
91834.0,TCAP,TRIANGLE CAPITAL CORP
10375.0,TCB,T C F FINANCIAL CORP
21774.0,TCBC,TC BANCSHARES INC
89826.0,TCBI,TEXAS CAPITAL BANCSHARES INC
79116.0,TCBK,TRICO BANCSHARES
22801.0,TCBP,T C BIOPHARM HOLDINGS PLC
21775.0,TCBS,TEXAS COMMUNITY BANCSHARES INC
22345.0,TCBX,THIRD COAST BANCSHARES INC
74836.0,TCCO,TECHNICAL COMMUNICATIONS CORP
17900.0,TCDA,TRICIDA INC
10375.0,TCF,T C F FINANCIAL CORP
11992.0,TCF,T C F FINANCIAL CORP NEW
14175.0,TCFC,COMMUNITY FINANCIAL CORP MD
17492.0,TCHF,ISHARES TRUST
22682.0,TCHI,ISHARES TRUST
19607.0,TCHP,T ROWE PRICE E T F INC
89317.0,TCI,TRANSCONTINENTAL REALTY INVS INC
23868.0,TCJH,TOP KINGWIN LTD
91321.0,TCK,TECK RESOURCES LTD
16186.0,TCMD,TACTILE SYSTEMS TECHNOLOGY INC
22161.0,TCN,TRICON RESIDENTIAL INC
78089.0,TCO,TAUBMAN CENTERS INC
89927.0,TCOM,TRIP COM GROUP LTD
15184.0,TCON,TRACON PHARMACEUTICALS INC
86921.0,TCP,T C PIPELINES L P
13380.0,TCPC,T C P CAPITAL CORP
13380.0,TCPC,BLACKROCK T C P CAPITAL CORP
93357.0,TCRD,T H L CREDIT INC
18415.0,TCRR,T C R 2 THERAPEUTICS INC
91488.0,TCRT,ALAUNOS THERAPEUTICS INC
21778.0,TCRX,TSCAN THERAPEUTICS INC
14274.0,TCS,CONTAINER STORE GROUP INC
17413.0,TCTL,E T F SERIES SOLUTIONS
14611.0,TCTM,TCTM KIDS IT EDUCATION INC
83382.0,TCX,TUCOWS INC
83835.0,TD,TORONTO DOMINION BANK ONT
17901.0,TDAC,TRIDENT ACQUISITIONS CORP
92293.0,TDC,TERADATA CORP DE
22159.0,TDCX,T D C X INC
25918.0,TDEC,FIRST TRUST E T F VIII
80866.0,TDF,TEMPLETON DRAGON FUND INC
91152.0,TDG,TRANSDIGM GROUP INC
24666.0,TDI,TOUCHSTONE ETF TRUST
13562.0,TDIV,FIRST TRUST E T F VI
15585.0,TDOC,TELADOC INC
15585.0,TDOC,TELADOC HEALTH INC
63773.0,TDS,TELEPHONE & DATA SYSTEMS INC
19761.0,TDSA,EXCHANGE LISTED FUNDS TRUST
19760.0,TDSB,EXCHANGE LISTED FUNDS TRUST
19759.0,TDSC,EXCHANGE LISTED FUNDS TRUST
19758.0,TDSD,EXCHANGE LISTED FUNDS TRUST
19755.0,TDSE,EXCHANGE LISTED FUNDS TRUST
12980.0,TDTF,FLEXSHARES TRUST
25632.0,TDTH,TRIDENT DIGITAL TECH HLDGS LTD
12979.0,TDTT,FLEXSHARES TRUST
20663.0,TDUP,THREDUP INC
19057.0,TDV,PROSHARES TRUST
19612.0,TDVG,T ROWE PRICE E T F INC
24128.0,TDVI,FIRST TRUST E T F IV
50606.0,TDW,TIDEWATER INC
50606.0,TDW,TIDEWATER INC NEW
87445.0,TDY,TELEDYNE TECHNOLOGIES
37161.0,TE,T E C O ENERGY INC
15909.0,TEAM,ATLASSIAN CORP PLC
90488.0,TEAR,TEARLAB CORP
19160.0,TECB,ISHARES TRUST
10182.0,TECD,TECH DATA CORP
75694.0,TECH,BIO TECHNE CORP
91321.0,TECK,TECK RESOURCES LTD
92855.0,TECL,DIREXION SHARES E T F TRUST
92856.0,TECS,DIREXION SHARES E T F TRUST
17871.0,TECX,TECTONIC THERAPEUTIC INC
16027.0,TECZ,DIREXION SHARES E T F TRUST
14611.0,TEDU,TARENA INTERNATIONAL INC
75049.0,TEF,TELEFONICA S A
15359.0,TEGP,TALLGRASS ENERGY GP LP
19363.0,TEGS,COLLABORATIVE INV SERIES TRUST
79665.0,TEI,TEMPLETON EMERG MKTS INC FD
25669.0,TEK,BLACKROCK E T F TRUST
25617.0,TEKX,SSGA ACTIVE TRUST
92157.0,TEL,T E CONNECTIVITY LTD
92157.0,TEL,T E CONNECTIVITY PLC
19082.0,TELA,TELA BIO INC
89790.0,TELL,TELLURIAN INC
24824.0,TELO,TELOMIR PHARMACEUTICALS INC
25142.0,TEM,TEMPUS A I INC
22472.0,TEMP,J P MORGAN E T F TRUST
84375.0,TEN,TENNECO INC DE
89349.0,TEN,TSAKOS ENERGY NAVIGATION LTD
17944.0,TENB,TENABLE HOLDINGS INC
21381.0,TENG,DIREXION SHARES E T F TRUST
23629.0,TENK,TENX KEANE ACQUISITION
93237.0,TENX,TENAX THERAPEUTICS INC
81133.0,TEO,TELECOM ARGENTINA S A
13915.0,TEP,TALLGRASS ENERGY PARTNERS LP
19608.0,TEQI,T ROWE PRICE E T F INC
51369.0,TER,TERADYNE INC
16663.0,TERM,FIRST TRUST E T F VIII
20632.0,TERN,TERNS PHARMACEUTICALS INC
14831.0,TERP,TERRAFORM POWER INC
84338.0,TESO,TESCO CORP
80951.0,TESS,T E S S C O TECHNOLOGIES INC
16661.0,TETF,EXCHANGE TRADED CONCEPTS TR
13121.0,TEUM,PARETEUM CORP
75652.0,TEVA,TEVA PHARMACEUTICAL INDS LTD
58318.0,TEX,TEREX CORP NEW
71563.0,TFC,TRUIST FINANCIAL CORP
19026.0,TFFP,T F F PHARMACEUTICALS INC
92291.0,TFI,SPDR SERIES TRUST
19226.0,TFII,TFI INTERNATIONAL INC
15084.0,TFIN,TRIUMPH FINANCIAL INC
17990.0,TFIV,GLOBAL X FUNDS
19595.0,TFJL,INNOVATOR E T F S TRUST
14485.0,TFLO,ISHARES TRUST
23562.0,TFLR,T ROWE PRICE E T F INC
17991.0,TFLT,GLOBAL X FUNDS
12410.0,TFM,FRESH MARKET INC
23304.0,TFPM,TRIPLE FLAG PRECIOUS METALS CORP
24058.0,TFPN,TIDAL TRUST II
14877.0,TFSC,1347 CAPITAL CORP
91968.0,TFSL,TFS FINANCIAL CORP
44329.0,TFX,TELEFLEX INC
75649.0,TG,TREDEGAR CORP
77729.0,TGA,TRANSGLOBE ENERGY CORP
22802.0,TGAN,TRANSPHORM INC
77570.0,TGB,TASEKO MINES LTD
87471.0,TGC,TENGASCO INC
13097.0,TGD,TIMMINS GOLD CORP
15359.0,TGE,TALLGRASS ENERGY LP
14675.0,TGEN,TECOGEN INC
92379.0,TGH,TEXTAINER GROUP HOLDINGS LTD
84041.0,TGI,TRIUMPH GROUP INC NEW
19921.0,TGIF,TIDAL E T F TRUST
23266.0,TGL,TREASURE GLOBAL INC
24121.0,TGLR,E T F OPPORTUNITIES TRUST
13403.0,TGLS,TECNOGLASS INC
23556.0,TGN,INVESTMENT MANAGERS SERIES TR II
47941.0,TGNA,TEGNA INC
90703.0,TGP,TEEKAY L N G PARTNERS L P
23985.0,TGRT,T ROWE PRICE E T F INC
19611.0,TGRW,T ROWE PRICE E T F INC
81067.0,TGS,TRANSPORTADORA DE GAS DEL SUR SA
49154.0,TGT,TARGET CORP
82670.0,TGTX,T G THERAPEUTICS INC
17357.0,TH,TARGET HOSPITALITY CORP
22655.0,THAR,THARIMMUNE INC
19029.0,THBR,THUNDER BRIDGE ACQ II LTD
52337.0,THC,TENET HEALTHCARE CORP
18853.0,THCA,TUSCAN HOLDINGS CORP II
18457.0,THCB,TUSCAN HOLDINGS CORP
23427.0,THCH,T H INTERNATIONAL LTD
18812.0,THCX,SPINNAKER E T F SERIES
23643.0,THCX,INVESTMENT MANAGERS SERIES TR II
92598.0,THD,ISHARES INC
77379.0,THFF,FIRST FINANCIAL CORP IN
82292.0,THG,HANOVER INSURANCE GROUP INC
13815.0,THHY,MARKET VECTORS E T F TRUST
13815.0,THHY,VANECK VECTORS E T F TRUST
25544.0,THIR,THOR FINANCIAL TECHNOLOGIES TR
90604.0,THLD,THRESHOLD PHARMACEUTICALS INC
23387.0,THLV,THOR FINANCIAL TECHNOLOGIES TR
92248.0,THM,INTL TOWER HILL MINES LTD NEW
11394.0,THMO,THERMOGENESIS HOLDINGS INC
19372.0,THNQ,EXCHANGE TRADED CONCEPTS TR
25070.0,THNR,AMPLIFY ETF TRUST
76081.0,THO,THOR INDUSTRIES INC
18321.0,THOR,SYNTHORX INC
14777.0,THQ,TEKLA HEALTHCARE OPPS FD
14777.0,THQ,ABRDN HEALTHCARE OPPS FD
12783.0,THR,THERMON GROUP HOLDINGS INC
23428.0,THRD,THIRD HARMONIC BIO INC
88678.0,THRK,SPDR SERIES TRUST
79248.0,THRM,GENTHERM INC
21967.0,THRN,THORNE HEALTHTECH INC
22441.0,THRO,BLACKROCK E T F TRUST
22240.0,THRX,THESEUS PHARMACEUTICALS INC
90423.0,THRX,THERAVANCE INC
19996.0,THRY,THRYV HOLDINGS INC
90775.0,THS,TREEHOUSE FOODS INC
13970.0,THST,TRUETT HURST INC
24541.0,THTA,TIDAL E T F TRUST
12030.0,THTI,T H T HEAT TRANSFER TECHNOL INC
12890.0,THTX,THERATECHNOLOGIES INC
19446.0,THY,NORTHERN LIGHTS FUND TRUST
23490.0,THYF,T ROWE PRICE E T F INC
89817.0,TI,TELECOM ITALIA S P A NEW
17696.0,TIBR,TIBERIUS ACQUISITION CORP
89921.0,TICC,T I C C CAPITAL CORP
15586.0,TIER,TIER REIT INC
75100.0,TIF,TIFFANY & CO NEW
16534.0,TIG,TIGENIX
19572.0,TIG,TREAN INSURANCE GROUP INC
79996.0,TIGO,MILLICOM INTL CELLULAR SA
11781.0,TIGR,TIGERLOGIC CORP
18467.0,TIGR,U P FINTECH HOLDING LTD
90053.0,TIK,TEL INSTRUMENT ELECTRONICS CORP
20655.0,TIL,INSTIL BIO INC
44768.0,TILE,INTERFACE INC
23084.0,TILL,LISTED FUNDS TRUST
12975.0,TILT,FLEXSHARES TRUST
19922.0,TIMB,T I M S A
14637.0,TIME,TIME INC NEW
22705.0,TIME,CAPITOL SERIES TRUST
25200.0,TIME,TIDAL TRUST II
22152.0,TINT,PROSHARES TRUST
20406.0,TINV,TIGA ACQUISITION CORP
22151.0,TINY,PROSHARES TRUST
71862.0,TINY,HARRIS & HARRIS GROUP INC
89959.0,TIP,ISHARES TRUST
22983.0,TIPD,DIREXION SHARES E T F TRUST
22984.0,TIPL,DIREXION SHARES E T F TRUST
92111.0,TIPT,TIPTREE FINANCIAL INC
92111.0,TIPT,TIPTREE INC
13913.0,TIPX,SPDR SERIES TRUST
93028.0,TIPZ,PIMCO E T F TRUST
20455.0,TIRX,TIAN RUIXIANG HOLDINGS LTD
90791.0,TIS,ORCHIDS PAPER PRODUCTS CO
84268.0,TISA,TOP IMAGE SYSTEMS LTD
65752.0,TISI,TEAM INC
92471.0,TITN,TITAN MACHINERY INC
22347.0,TIVC,TIVIC HEALTH SYSTEMS INC
84624.0,TIVO,TIVO CORP
87255.0,TIVO,TIVO INC
20553.0,TIXT,TELUS INTERNATIONAL CDA INC
24032.0,TJUL,INNOVATOR E T F S TRUST
40539.0,TJX,T J X COMPANIES INC NEW
81784.0,TK,TEEKAY CORP
81784.0,TK,TEEKAY CORP LTD
14937.0,TKAI,TOKAI PHARMACEUTICALS INC
16622.0,TKAT,TAKUNG ART CO LTD
88411.0,TKC,TURKCELL ILETISIM HIZMETLERI A S
75887.0,TKF,TURKISH INVESTMENT FUND INC
18129.0,TKKS,T K K SYMPHONY ACQUISITION CORP
22684.0,TKLF,YOSHITSU CO LTD
21586.0,TKNO,ALPHA TEKNOVA INC
87356.0,TKO,T K O GROUP HOLDINGS INC
14795.0,TKR,TIMKEN CO
18262.0,TLC,TAIWAN LIPOSOME COMPANY LTD
15822.0,TLDH,FLEXSHARES TRUST
15821.0,TLEH,FLEXSHARES TRUST
79666.0,TLF,TANDY LEATHER FACTORY INC
43634.0,TLGT,TELIGENT INC
91704.0,TLH,ISHARES TRUST
86416.0,TLI,L M P CORPORATE LOAN FUND INC
86416.0,TLI,WESTERN ASSET CORP LOAN FD INC
20633.0,TLIS,TALIS BIOMEDICAL CORP
82646.0,TLK,PERUSAHAAN P P P T TELEKOM INDO
12683.0,TLLP,TESORO LOGISTICS L P
19189.0,TLMD,S O C TELEMED INC
14471.0,TLMR,TALMER BANCORP INC
15335.0,TLN,TALEN ENERGY CORP
25359.0,TLN,TALEN ENERGY CORP
16187.0,TLND,TALEND SA
92025.0,TLO,SPDR SERIES TRUST
14356.0,TLOG,TETRALOGIC PHARMACEUTICALS CORP
90698.0,TLP,TRANSMONTAIGNE PARTNERS L P
12573.0,TLPH,TALPHERA INC
92669.0,TLR,TIMBERLINE RESOURCES CORP
14006.0,TLRA,TELARIA INC
77516.0,TLRD,TAILORED BRANDS INC
17977.0,TLRY,TILRAY INC
17977.0,TLRY,TILRAY BRANDS INC
20173.0,TLS,TELOS CORP
18263.0,TLSA,TIZIANA LIFE SCIENCES PLC
22261.0,TLSA,TIZIANA LIFE SCIENCES LTD
20612.0,TLSI,TRISALUS LIFE SCIENCES INC
89468.0,TLT,ISHARES TRUST
13575.0,TLTD,FLEXSHARES TRUST
13572.0,TLTE,FLEXSHARES TRUST
25958.0,TLTI,NEOS ETF TRUST
25657.0,TLTM,INVESTMENT MANAGERS SERIES TR II
25668.0,TLTP,AMPLIFY ETF TRUST
25658.0,TLTQ,INVESTMENT MANAGERS SERIES TR II
23287.0,TLTW,ISHARES TRUST
25817.0,TLX,TELIX PHARMACEUTICALS LTD
13399.0,TLYS,TILLYS INC
76655.0,TM,TOYOTA MOTOR CORP
20383.0,TMAT,NORTHERN LIGHTS FUND TR IV
15443.0,TMBR,TIMBER PHARMACEUTICALS INC
19459.0,TMC,TMC THE METALS CO INC
21105.0,TMCI,TREACE MEDICAL CONCEPTS INC
17904.0,TMDI,TITAN MEDICAL INC
19056.0,TMDV,PROSHARES TRUST
18676.0,TMDX,TRANSMEDICS GROUP INC
18299.0,TME,TENCENT MUSIC ENTERTAINMENT GRP
24289.0,TMET,ISHARES U S ETF TRUST
92905.0,TMF,DIREXION SHARES E T F TRUST
17601.0,TMFC,R B B FUND INC
22490.0,TMFE,R B B FUND INC
22487.0,TMFG,R B B FUND INC
22486.0,TMFM,R B B FUND INC
18178.0,TMFS,R B B FUND INC
22491.0,TMFX,R B B FUND INC
93185.0,TMH,TEAM HEALTH HOLDINGS INC
13862.0,TMHC,TAYLOR MORRISON HOME CORP
62308.0,TMK,TORCHMARK CORP
62092.0,TMO,THERMO FISHER SCIENTIFIC INC
10308.0,TMP,TOMPKINS FINANCIAL CORP
19809.0,TMPO,TEMPO AUTOMATION HOLDINGS INC
13350.0,TMQ,TRILOGY METALS INC
23981.0,TMSL,T ROWE PRICE E T F INC
15664.0,TMSR,T M S R HOLDING COMPANY LTD
14684.0,TMST,TIMKENSTEEL CORP
91937.0,TMUS,T MOBILE U S INC
92904.0,TMV,DIREXION SHARES E T F TRUST
14750.0,TMX,TERMINIX GLOBAL HOLDINGS INC
92816.0,TNA,DIREXION SHARES E T F TRUST
93401.0,TNAV,TELENAV INC
75460.0,TNC,TENNANT CO
14325.0,TNDM,TANDEM DIABETES CARE INC
14521.0,TNET,TRINET GROUP INC
14419.0,TNFA,TNF PHARMACEUTICALS INC
19813.0,TNGX,TANGO THERAPEUTICS INC
84668.0,TNH,TERRA NITROGEN CO L P
92518.0,TNK,TEEKAY TANKERS LTD
92518.0,TNK,TEEKAY TANKERS LTD BM
91392.0,TNL,TRAVEL & LEISURE CO
26027.0,TNMG,TNL MEDIAGENE
23058.0,TNON,TENON MEDICAL INC
89349.0,TNP,TSAKOS ENERGY NAVIGATION LTD
16806.0,TNTR,TINTRI INC
14107.0,TNXP,TONIX PHARMACEUTICALS HLDG CORP
21779.0,TNYA,TENAYA THERAPEUTICS INC
25382.0,TOAK,MANAGER DIRECTED PORTFOLIOS
16681.0,TOCA,TOCAGEN INC
68718.0,TOF,TOFUTTI BRANDS INC
14917.0,TOFR,U S C F ETF TRUST
25103.0,TOGA,MANAGED PORTFOLIO SERIES
19397.0,TOI,ONCOLOGY INSTITUTE INC
92489.0,TOK,ISHARES TRUST
18793.0,TOKE,CAMBRIA E T F TRUST
70228.0,TOL,TOLL BROTHERS INC
23913.0,TOLL,TEMA E T F TRUST
14515.0,TOLZ,PROSHARES TRUST
19997.0,TOMZ,TOMI ENVIRONMENTAL SOLUTIONS INC
15197.0,TONS,GREENHAVEN COAL INDEX FD
91656.0,TOO,TEEKAY OFFSHORE PARTNERS LP
16463.0,TOON,KARTOON STUDIOS INC
23199.0,TOP,TOP FINANCIAL GROUP LTD
90298.0,TOPS,TOP SHIPS INC
25688.0,TOPT,ISHARES TRUST
17272.0,TORC,RESTORBIO INC
12190.0,TORM,T O R MINERALS INTL INC
23734.0,TORO,TORO CORP
21896.0,TOST,TOAST INC
77078.0,TOT,TOTAL S A
77078.0,TOT,TOTAL S E
18057.0,TOTA,TOTTENHAM ACQUISITION I LTD
15213.0,TOTL,SSGA ACTIVE TRUST
22060.0,TOTR,T ROWE PRICE E T F INC
12850.0,TOTS,DIREXION SHARES E T F TRUST
14676.0,TOUR,TUNIU CORP
23984.0,TOUS,T ROWE PRICE E T F INC
92130.0,TOVX,THERIVA BIOLOGICS INC
92318.0,TOWN,TOWNEBANK
12340.0,TOWR,TOWER INTERNATIONAL INC
25360.0,TOYO,TOYO CO LTD
18392.0,TPAY,MANAGED PORTFOLIO SERIES
16083.0,TPB,TURNING POINT BRANDS INC
22241.0,TPBA,T P B ACQUISITION CORP I
50550.0,TPC,TUTOR PERINI CORP
14781.0,TPCO,TRIBUNE PUBLISHING CO
23884.0,TPCS,TECHPRECISION CORP
23849.0,TPET,TRIO PETROLEUM CORP
22618.0,TPG,T P G INC
16771.0,TPGE,T P G PACE ENERGY HOLDINGS CORP
16874.0,TPGH,T P G PACE HOLDINGS CORP
20129.0,TPGY,T P G PACE BENEFICIAL FIN CORP
13748.0,TPH,TRI POINTE GROUP INC
13748.0,TPH,TRI POINTE HOMES INC
18717.0,TPHD,TIMOTHY PLAN
21681.0,TPHE,TIMOTHY PLAN
65429.0,TPHS,TRINITY PLACE HOLDINGS INC
16188.0,TPIC,T P I COMPOSITES INC
19125.0,TPIF,TIMOTHY PLAN
16472.0,TPIV,TAPIMMUNE INC
14752.0,TPL,TEXAS PACIFIC LAND TRUST
20391.0,TPL,TEXAS PACIFIC LAND CORP
18718.0,TPLC,TIMOTHY PLAN
21682.0,TPLE,TIMOTHY PLAN
12389.0,TPLM,TRIANGLE PETROLEUM CORP
23654.0,TPMN,TIMOTHY PLAN
18058.0,TPNL,3PEA INTERNATIONAL INC
16742.0,TPOR,DIREXION SHARES E T F TRUST
88661.0,TPR,TAPESTRY INC
14088.0,TPRE,THIRD POINT REINSURANCE LTD
12561.0,TPS,PROSHARES TRUST
19126.0,TPSC,TIMOTHY PLAN
13883.0,TPST,TEMPEST THERAPEUTICS INC
18567.0,TPTX,TURNING POINT THERAPEUTICS INC
14781.0,TPUB,TRIBUNE PUBLISHING CO
14522.0,TPVG,TRIPLEPOINT VENTURE GR BDC CORP
89971.0,TPX,TEMPUR SEALY INTERNATIONAL INC
15467.0,TPYP,MONTAGE MANAGERS TRUST
16612.0,TPYP,MANAGED PORTFOLIO SERIES
25971.0,TPZ,TORTOISE CAPITAL SERIES TRUST
92980.0,TPZ,TORTOISE PWR & ENGY INFRA FD INC
93269.0,TQQQ,PROSHARES TRUST
14816.0,TR,TOOTSIE ROLL INDS INC
12380.0,TRAK,REPOSITRAK INC
14056.0,TRAW,TRAWS PHARMA INC
57007.0,TRC,TEJON RANCH CO
91171.0,TRCB,TWO RIVER BANCORP
14358.0,TRCH,TORCHLIGHT ENERGY RESOURCES INC
15117.0,TRCO,TRIBUNE MEDIA CO
22244.0,TRDA,ENTRADA THERAPEUTICS INC
19616.0,TREB,TREBIA ACQUISITION CORP
14761.0,TREC,TRECORA RESOURCES
92775.0,TREE,LENDINGTREE INC
86810.0,TREX,TREX COMPANY INC
82241.0,TRF,TEMPLETON RUSSIA FUND INC
23153.0,TRFK,PACER FUNDS TRUST
23205.0,TRFM,E T F SERIES SOLUTIONS
12476.0,TRGP,TARGA RESOURCES CORP
16308.0,TRHC,TABULA RASA HEALTHCARE INC
89444.0,TRI,THOMSON REUTERS CORP
78002.0,TRIB,TRINITY BIOTECH PLC
15137.0,TRIL,TRILLIUM THERAPEUTICS INC
20456.0,TRIN,TRINITY CAPITAL INC
13168.0,TRIP,TRIPADVISOR INC
18900.0,TRIT,TRITERRAS INC
81292.0,TRK,SPEEDWAY MOTORSPORTS INC
21106.0,TRKA,TROIKA MEDIA GROUP INC
76230.0,TRMB,TRIMBLE NAVIGATION LTD
76230.0,TRMB,TRIMBLE INC
17157.0,TRMD,T O R M PLC
35263.0,TRMK,TRUSTMARK CORP
21336.0,TRML,TOURMALINE BIO INC
14006.0,TRMR,TREMOR VIDEO INC
21587.0,TRMR,TREMOR INTERNATIONAL LTD
16936.0,TRMT,TREMONT MORTGAGE TRUST
55001.0,TRN,TRINITY INDUSTRIES INC
14781.0,TRNC,TRONC INC
18713.0,TRND,PACER FUNDS TRUST
18719.0,TRNE,TRINE ACQUISITION CORP
93261.0,TRNO,TERRENO REALTY CORP
23869.0,TRNR,INTERACTIVE STRENGTH INC
76946.0,TRNS,TRANSCAT INC
12495.0,TROO,T R O O P S INC
13411.0,TROV,TROVAGENE INC
10138.0,TROW,T ROWE PRICE GROUP INC
13452.0,TROX,TRONOX LTD
13452.0,TROX,TRONOX HOLDINGS PLC
67774.0,TRP,TRANSCANADA CORP
67774.0,TRP,T C ENERGY CORP
21667.0,TRPL,PACER FUNDS TRUST
16646.0,TRPX,THERAPIX BIOSCIENCES LTD
89911.0,TRQ,TURQUOISE HILL RESOURCES LTD
74406.0,TRR,T R C COMPANIES INC
92029.0,TRS,TRIMAS CORP
25037.0,TRSG,TUNGRAY TECHNOLOGIES INC
13975.0,TRSK,ALPS E T F TRUST
16152.0,TRSK,JANUS DETROIT STREET TRUST
77519.0,TRST,TRUSTCO BANK CORP NY
25674.0,TRSY,D B X ETF TRUST
92583.0,TRT,TRIO TECH INTL
14878.0,TRTL,TERRAPIN 3 ACQUISITION CORP
16143.0,TRTN,TRITON INTERNATIONAL LTD
16813.0,TRTX,T P G RE FINANCE TRUST INC
18070.0,TRTY,CAMBRIA E T F TRUST
15478.0,TRU,TRANSUNION
14677.0,TRUE,TRUECAR INC
22540.0,TRUG,TRUGOLF HOLDINGS INC
14782.0,TRUP,TRUPANION INC
59459.0,TRV,TRAVELERS COMPANIES INC
16535.0,TRVG,TRIVAGO N V
18677.0,TRVI,TREVI THERAPEUTICS INC
14442.0,TRVN,TREVENA INC
18425.0,TRWH,TWIN RIVER WORLDWIDE HLDGS INC
90695.0,TRX,TANZANIAN ROYALTY EXPL CORP
90695.0,TRX,TANZANIAN GOLD CORP
90695.0,TRX,TRX GOLD CORP
76908.0,TRXC,TRANSENTERIX INC
21247.0,TRYP,TIDAL E T F TRUST
89637.0,TS,TENARIS S A
22348.0,TSAT,TELESAT CORP
85751.0,TSBK,TIMBERLAND BANCORP INC
24080.0,TSBX,TURNSTONE BIOLOGICS CORP
13943.0,TSC,TRISTATE CAPITAL HOLDINGS INC
80286.0,TSCO,TRACTOR SUPPLY CO NEW
24111.0,TSDD,GRANITESHARES E T F TRUST
14755.0,TSE,TRINSEO S A
22174.0,TSE,TRINSEO PLC
24059.0,TSEC,TOUCHSTONE ETF TRUST
81013.0,TSEM,TOWER SEMICONDUCTOR LTD
25460.0,TSEP,FIRST TRUST E T F VIII
15411.0,TSG,STARS GROUP INC
19847.0,TSHA,TAYSHA GENE THERAPIES INC
72776.0,TSI,T C W STRATEGIC INCOME FUND INC
20370.0,TSJA,INNOVATOR E T F S TRUST
23331.0,TSL,GRANITESHARES E T F TRUST
91653.0,TSL,TRINA SOLAR LTD
93436.0,TSLA,TESLA MOTORS INC
93436.0,TSLA,TESLA INC
14142.0,TSLF,T H L CREDIT SENIOR LOAN FUND
26028.0,TSLG,THEMES E T F TRUST
23214.0,TSLH,INNOVATOR E T F S TRUST
23332.0,TSLI,GRANITESHARES E T F TRUST
23335.0,TSLL,DIREXION SHARES E T F TRUST
24444.0,TSLP,NEOS ETF TRUST
25847.0,TSLP,KURV ETF TRUST
23250.0,TSLQ,INVESTMENT MANAGERS SERIES TR II
24112.0,TSLR,GRANITESHARES E T F TRUST
23336.0,TSLS,DIREXION SHARES E T F TRUST
24490.0,TSLT,E T F OPPORTUNITIES TRUST
25618.0,TSLW,INVESTMENT MANAGERS SERIES TR II
14520.0,TSLX,T P G SPECIALTY LENDING INC
14520.0,TSLX,SIXTH ST SPECIALTY LENDING INC
23566.0,TSLY,TIDAL TRUST II
24492.0,TSLZ,E T F OPPORTUNITIES TRUST
85442.0,TSM,TAIWAN SEMICONDUCTOR MFG CO LTD
23491.0,TSME,THRIVENT E T F TRUST
25810.0,TSMU,GRANITESHARES E T F TRUST
25762.0,TSMX,DIREXION SHARES E T F TRUST
25389.0,TSMY,TIDAL TRUST II
25763.0,TSMZ,DIREXION SHARES E T F TRUST
77730.0,TSN,TYSON FOODS INC
37284.0,TSO,TESORO CORP
19901.0,TSOC,INNOVATOR E T F S TRUST
20895.0,TSP,TUSIMPLE HOLDINGS INC
21421.0,TSPA,T ROWE PRICE E T F INC
25429.0,TSPY,E T F OPPORTUNITIES TRUST
14778.0,TSQ,TOWNSQUARE MEDIA INC
89922.0,TSRA,TESSERA TECHNOLOGIES INC
89922.0,TSRA,TESSERA HOLDING CORP
74500.0,TSRI,T S R INC
13456.0,TSRO,TESARO INC
76639.0,TSS,TOTAL SYSTEM SERVICES INC
92218.0,TSSI,T S S INC
86924.0,TST,THESTREET INC
12972.0,TSU,T I M PARTICIPACOES S A
22245.0,TSVT,2SEVENTY BIO INC
26029.0,TSYY,GRANITESHARES E T F TRUST
12431.0,TT,TRANE TECHNOLOGIES PLC
17610.0,TTAC,TRIMTABS ETF TRUST
17613.0,TTAI,TRIMTABS ETF TRUST
60580.0,TTC,TORO CO
18114.0,TTCF,TATTOOED CHEF INC
16309.0,TTD,TRADE DESK INC
77078.0,TTE,TOTALENERGIES S E
83916.0,TTEC,TELETECH HOLDINGS INC
83916.0,TTEC,T T E C HOLDINGS INC
77191.0,TTEK,TETRA TECH INC
25764.0,TTEQ,T ROWE PRICE E T F INC
75275.0,TTF,THAI FUND INC
13016.0,TTFS,ADVISORSHARES TRUST
92052.0,TTGT,TECHTARGET INC
92228.0,TTHI,TRANSITION THERAPEUTICS INC
76127.0,TTI,TETRA TECHNOLOGIES INC
90346.0,TTM,TATA MOTORS LTD
88648.0,TTMI,TTM TECHNOLOGIES INC
82848.0,TTNP,TITAN PHARMACEUTICALS INC DEL
82848.0,TTNP,TITAN PHARMACEUTICALS INC
14879.0,TTOO,T2 BIOSYSTEMS INC
13034.0,TTP,TORTOISE PIPELINE & ENER FD INC
13829.0,TTPH,TETRAPHASE PHARMACEUTICALS INC
13563.0,TTS,TILE SHOP HOLDINGS INC
13563.0,TTSH,TILE SHOP HOLDINGS INC
13301.0,TTT,PROSHARES TRUST
18264.0,TTTN,TIGERSHARES TRUST
84761.0,TTWO,TAKE TWO INTERACTIVE SOFTWR INC
13786.0,TU,TELUS CORP
23559.0,TUA,SIMPLIFY EXCHANGE TRADED FUNDS
14834.0,TUBE,TUBEMOGUL INC
86866.0,TUEM,TUESDAY MORNING CORP
86866.0,TUES,TUESDAY MORNING CORP
18545.0,TUFN,TUFIN SOFTWARE TECHNOLOGIES LTD
23125.0,TUG,LISTED FUNDS TRUST
21588.0,TUGC,TRADEUP GLOBAL CORP
23126.0,TUGN,LISTED FUNDS TRUST
13367.0,TUMI,TUMI HOLDINGS INC
83462.0,TUP,TUPPERWARE BRANDS CORP
92600.0,TUR,ISHARES INC
24290.0,TURB,TURBO ENERGY S A
71862.0,TURN,180 DEGREE CAPITAL CORP
91637.0,TUSA,FIRST TRUST EXCHANGE TRADED FUND
23303.0,TUSI,TOUCHSTONE ETF TRUST
16401.0,TUSK,MAMMOTH ENERGY SERVICES INC
15437.0,TUTI,ETFIS SERIES TRUST I
15227.0,TUTT,ETFIS SERIES TRUST I
20733.0,TUYA,TUYA INC
92968.0,TUZ,PIMCO E T F TRUST
80089.0,TV,GRUPO TELEVISA SA
20636.0,TVAC,THAYER VENTURES ACQUISITION CORP
23986.0,TVAL,T ROWE PRICE E T F INC
22669.0,TVGN,TEVOGEN BIO HOLDINGS INC
12797.0,TVIA,TERRAVIA HOLDINGS INC
14918.0,TVPT,TRAVELPORT WORLDWIDE LTD
14440.0,TVTX,TRAVERE THERAPEUTICS INC
76788.0,TVTY,TIVITY HEALTH INC
18480.0,TW,TRADEWEB MARKETS INC
93223.0,TW,TOWERS WATSON & CO
91883.0,TWC,TIME WARNER CABLE INC
20177.0,TWCT,T W C TECH HOLDINGS II CORP
23337.0,TWEB,TIDAL E T F TRUST
92054.0,TWER,TOWERSTREAM CORP
25361.0,TWFG,TWFG INC
25038.0,TWG,TOP WEALTH GROUP HOLDING LTD
79198.0,TWI,TITAN INTERNATIONAL INC ILL
59600.0,TWIN,TWIN DISC INC
20967.0,TWIO,SPINNAKER E T F SERIES
21893.0,TWKS,THOUGHTWORKS HOLDING INC
16140.0,TWLO,TWILIO INC
17978.0,TWLV,TWELVE SEAS INVESTMENT CO
91721.0,TWM,PROSHARES TRUST
10514.0,TWMC,TRANS WORLD ENTERTAINMENT CORP
71159.0,TWN,TAIWAN FUND INC
19920.0,TWND,TAILWIND ACQUISITION CORP
15785.0,TWNK,HOSTESS BRANDS INC
21002.0,TWNT,TAILWIND TWO ACQ CORP
93070.0,TWO,TWO HARBORS INVESTMENT CORP
20760.0,TWOA,TWO
14038.0,TWOK,SPDR SERIES TRUST
14554.0,TWOU,2 U INC
18214.0,TWST,TWIST BIOSCIENCE CORP
14295.0,TWTR,TWITTER INC
77418.0,TWX,TIME WARNER INC NEW
91125.0,TX,TERNIUM S A
18908.0,TXG,10X GENOMICS INC
13863.0,TXMD,THERAPEUTICSMD INC
15579.0,TXN,TEXAS INSTRUMENTS INC
55511.0,TXNM,T X N M ENERGY INC
23653.0,TXO,T X O PARTNERS LP
90427.0,TXRH,TEXAS ROADHOUSE INC
24052.0,TXS,TEXAS CAPITAL FUNDS TRUST
24667.0,TXSS,TEXAS CAPITAL FUNDS TRUST
23579.0,TXT,TEXTRON INC
14005.0,TXTR,TEXTURA CORP
22054.0,TYA,SIMPLIFY EXCHANGE TRADED FUNDS
12596.0,TYBS,DIREXION SHARES E T F TRUST
45356.0,TYC,TYCO INTERNATIONAL PLC IRELAND
92907.0,TYD,DIREXION SHARES E T F TRUST
23127.0,TYDE,CRYPTYDE INC
90056.0,TYG,TORTOISE ENERGY INFRASTRUCT CORP
21876.0,TYGO,TIGO ENERGY INC
16310.0,TYHT,SHINECO INC
76185.0,TYL,TYLER TECHNOLOGIES INC
24746.0,TYLD,CAMBRIA E T F TRUST
23548.0,TYLG,GLOBAL X FUNDS
16834.0,TYME,TYME TECHNOLOGIES INC
22377.0,TYNE,DIREXION SHARES E T F TRUST
12594.0,TYNS,DIREXION SHARES E T F TRUST
92906.0,TYO,DIREXION SHARES E T F TRUST
92210.0,TYPE,MONOTYPE IMAGING HOLDINGS INC
21970.0,TYRA,TYRA BIOSCIENCES INC
17597.0,TYTE,PROSHARES TRUST
92814.0,TZA,DIREXION SHARES E T F TRUST
18215.0,TZAC,TENZING ACQUISITION CORP
89941.0,TZOO,TRAVELZOO INC
89941.0,TZOO,TRAVELZOO
25765.0,TZUP,THUMZUP MEDIA CORP
19794.0,U,UNITY SOFTWARE INC
15980.0,UA,UNDER ARMOUR INC
90979.0,UA,UNDER ARMOUR INC
90979.0,UAA,UNDER ARMOUR INC
90605.0,UACL,UNIVERSAL TRUCKLOAD SERVICES INC
14678.0,UAE,ISHARES TRUST
91103.0,UAL,UNITED CONTINENTAL HOLDINGS INC
91103.0,UAL,UNITED AIRLINES HOLDINGS INC
12785.0,UAM,UNIVERSAL AMERICAN CORP NEW
78960.0,UAMY,UNITED STATES ANTIMONY CORP
12644.0,UAN,C V R PARTNERS LP
18520.0,UAPR,INNOVATOR E T F S TRUST
18889.0,UAUG,INNOVATOR E T F S TRUST
22978.0,UAV,ADVISORSHARES TRUST
14720.0,UAVS,AGEAGLE AERIAL SYSTEMS INC
86313.0,UBA,URSTADT BIDDLE PROPERTIES INC
22460.0,UBCB,E T F OPPORTUNITIES TRUST
79019.0,UBCP,UNITED BANCORP INC OH
18576.0,UBER,UBER TECHNOLOGIES INC
88984.0,UBFO,UNITED SECURITY BANKSHARES
13946.0,UBIC,U B I C INC
15438.0,UBIO,PROSHARES TRUST
15439.0,UBND,WISDOMTREE TRUST
22246.0,UBND,VICTORY PORTFOLIOS II
90711.0,UBNK,UNITED FINANCIAL BANCORP INC NEW
13046.0,UBNT,UBIQUITI NETWORKS INC
88951.0,UBOH,UNITED BANCSHARES INC
17703.0,UBOT,DIREXION SHARES E T F TRUST
50585.0,UBP,URSTADT BIDDLE PROPERTIES INC
93336.0,UBR,PROSHARES TRUST
25619.0,UBRL,GRANITESHARES E T F TRUST
15054.0,UBS,U B S GROUP A G
79747.0,UBSH,UNION BANKSHARES CORP NEW
11369.0,UBSI,UNITED BANKSHARES INC
93217.0,UBT,PROSHARES TRUST
17825.0,UBX,UNITY BIOTECHNOLOGY INC
24961.0,UBXG,U BX TECHNOLOGY LTD
23870.0,UCAR,U POWER LTD
89323.0,UCB,UNITED COMMUNITY BANKS INC GA
91167.0,UCBA,UNITED COMMUNITY BANCORP NEW
89323.0,UCBI,UNITED COMMUNITY BANKS INC GA
91796.0,UCC,PROSHARES TRUST
92840.0,UCD,PROSHARES TRUST II
86299.0,UCFC,UNITED COMMUNITY FINL CORP OHIO
19492.0,UCL,UCLOUDLINK GROUP INC
92842.0,UCO,PROSHARES TRUST II
18350.0,UCOM,PROSHARES TRUST
17923.0,UCON,FIRST TRUST E T F VIII
14042.0,UCP,U C P INC
22247.0,UCRD,VICTORY PORTFOLIOS II
90097.0,UCTT,ULTRA CLEAN HOLDINGS INC
20457.0,UCYB,PROSHARES TRUST
15910.0,UDBI,LEGG MASON ETF EQUITY TR
15910.0,UDBI,LEGG MASON ETF INVESTMENT TR
19102.0,UDEC,INNOVATOR E T F S TRUST
23163.0,UDI,U S C F ETF TRUST
16132.0,UDIV,FRANKLIN TEMPLETON E T F TRUST
22248.0,UDMY,UDEMY INC
91760.0,UDN,POWERSHARES DB US DOLLAR IND TR
91760.0,UDN,INVESCO DB US DOLLAR IND TR
93260.0,UDOW,PROSHARES TRUST
59300.0,UDR,U D R INC
15142.0,UE,URBAN EDGE PROPERTIES
92294.0,UEC,URANIUM ENERGY CORP
78915.0,UEIC,UNIVERSAL ELECTRONICS INC
90875.0,UEPS,NET 1 UEPS TECHNOLOGIES INC
17027.0,UEVM,U S A A ETF TRUST
18820.0,UEVM,VICTORY PORTFOLIOS II
15590.0,UFAB,UNIQUE FABRICATING INC
78693.0,UFCS,UNITED FIRE GROUP INC
19222.0,UFEB,INNOVATOR E T F S TRUST
78044.0,UFI,UNIFI INC
23807.0,UFIV,R B B FUND INC
18532.0,UFO,PROCURE ETF TRUST II
79878.0,UFPI,UNIVERSAL FOREST PRODUCTS INC
79878.0,UFPI,U F P INDUSTRIES INC
80050.0,UFPT,U F P TECHNOLOGIES INC
91854.0,UFS,DOMTAR CORP
78749.0,UG,UNITED GUARDIAN INC
92580.0,UGA,UNITED STATES GASOLINE FUND L P
20973.0,UGCE,UNCOMMON INVESTMENT FUNDS TR
91797.0,UGE,PROSHARES TRUST
17929.0,UGI,U G I CORP NEW
92862.0,UGL,PROSHARES TRUST II
87293.0,UGP,ULTRAPAR PARTICIPACOES S A
20637.0,UGRO,URBAN GRO INC
23505.0,UHAL,U HAUL HOLDING CO
81073.0,UHAL,AMERCO
81073.0,UHAL,U HAUL HOLDING CO
20780.0,UHG,UNITED HOMES GROUP INC
92637.0,UHN,U S DIESEL HEATING OIL FD L P
79637.0,UHS,UNIVERSAL HEALTH SERVICES INC
72864.0,UHT,UNIVERSAL HEALTH RLTY INCM TR
13046.0,UI,UBIQUITI INC
13712.0,UIHC,UNITED INSURANCE HOLDINGS CORP
10890.0,UIS,UNISYS CORP
17029.0,UITB,U S A A ETF TRUST
18816.0,UITB,VICTORY PORTFOLIOS II
17026.0,UIVM,U S A A ETF TRUST
18821.0,UIVM,VICTORY PORTFOLIOS II
18345.0,UJAN,INNOVATOR E T F S TRUST
12673.0,UJB,PROSHARES TRUST
18023.0,UJUL,INNOVATOR E T F S TRUST
18744.0,UJUN,INNOVATOR E T F S TRUST
15300.0,UK,RECON CAPITAL SERIES TRUST
19077.0,UK,UCOMMUNE INTERNATIONAL LTD
28302.0,UL,UNILEVER PLC
78213.0,ULBI,ULTRALIFE CORP
20891.0,ULCC,FRONTIER GROUP HOLDINGS INC
92846.0,ULE,PROSHARES TRUST II
90605.0,ULH,UNIVERSAL LOGISTICS HOLDINGS INC
24965.0,ULS,UL SOLUTIONS INC
14225.0,ULST,SSGA ACTIVE TRUST
92322.0,ULTA,ULTA SALON COSMETICS & FRAG INC
92322.0,ULTA,ULTA BEAUTY INC
86196.0,ULTI,ULTIMATE SOFTWARE GROUP
18803.0,ULTR,INDEXIQ ACTIVE E T F TRUST
91511.0,ULTR,ULTRAPETROL BAHAMAS LTD
24860.0,ULTY,TIDAL TRUST II
17024.0,ULVM,U S A A ETF TRUST
18823.0,ULVM,VICTORY PORTFOLIOS II
24493.0,ULY,URGENT LY INC
24815.0,UMAC,UNUSUAL MACHINES INC NEW
19292.0,UMAR,INNOVATOR E T F S TRUST
19380.0,UMAY,INNOVATOR E T F S TRUST
78829.0,UMBF,U M B FINANCIAL CORP
88612.0,UMC,UNITED MICROELECTRONICS CORP
93259.0,UMDD,PROSHARES TRUST
92690.0,UMH,U M H PROPERTIES INC
20734.0,UMI,U S C F ETF TRUST
22686.0,UMMA,LISTED FUNDS TRUST
86004.0,UMPQ,UMPQUA HOLDINGS CORP
17372.0,UMRX,UNUM THERAPEUTICS INC
93333.0,UMX,PROSHARES TRUST
28310.0,UN,UNILEVER N V
77973.0,UNAM,UNICO AMERICAN CORP
89279.0,UNB,UNION BANKSHARES INC
21780.0,UNCY,UNICYCIVE THERAPEUTICS INC
65306.0,UNF,UNIFIRST CORP
84275.0,UNFI,UNITED NATURAL FOODS INC
91947.0,UNG,UNITED STATES NATURAL GAS FD L P
92655.0,UNH,UNITEDHEALTH GROUP INC
93270.0,UNIS,UNILIFE CORP NEW
15279.0,UNIT,UNITI GROUP INC
23735.0,UNIY,WISDOMTREE TRUST
93120.0,UNL,UNITED STATES 12 MO NAT GS FD LP
71175.0,UNM,UNUM GROUP
19053.0,UNOV,INNOVATOR E T F S TRUST
48725.0,UNP,UNION PACIFIC CORP
63781.0,UNT,UNIT CORP
87261.0,UNTD,UNITED ONLINE INC
84397.0,UNTY,UNITY BANCORP INC
15482.0,UNVR,UNIVAR INC
15482.0,UNVR,UNIVAR SOLUTIONS INC
12496.0,UNXL,UNI PIXEL INC
18167.0,UOCT,INNOVATOR E T F S TRUST
18364.0,UOKA,M D J M LTD
86916.0,UONE,URBAN ONE INC
88372.0,UONEK,URBAN ONE INC
15475.0,UOP,PROSHARES TRUST
20115.0,UP,WHEELS UP EXPERIENCE INC
22743.0,UPAR,TIDAL E T F TRUST
25766.0,UPB,UPSTREAM BIO INC
81222.0,UPBD,UPBOUND GROUP INC
20882.0,UPC,UNIVERSE PHARMACEUTICALS INC
17843.0,UPGD,INVESCO E T F TRUST
24081.0,UPGR,D B X ETF TRUST
18802.0,UPH,UPHEALTH INC
90942.0,UPI,UROPLASTY INC
86990.0,UPIP,UNWIRED PLANET INC
16682.0,UPL,ULTRA PETROLEUM CORP
88882.0,UPL,ULTRA PETROLEUM CORP
15087.0,UPLD,UPLAND SOFTWARE INC
92961.0,UPRO,PROSHARES TRUST
87447.0,UPS,UNITED PARCEL SERVICE INC
25852.0,UPSD,E T F SERIES SOLUTIONS
20196.0,UPST,UPSTART HOLDINGS INC
21971.0,UPTD,TRADEUP ACQUISITION CORP
93334.0,UPV,PROSHARES TRUST
91789.0,UPW,PROSHARES TRUST
23429.0,UPWD,J P MORGAN E T F TRUST
18134.0,UPWK,UPWORK INC
21551.0,UPXI,UPEXI INC
77486.0,UQM,U Q M TECHNOLOGIES INC
12372.0,URA,GLOBAL X FUNDS
25168.0,URAA,DIREXION SHARES E T F TRUST
25541.0,URAN,THEMES E T F TRUST
25123.0,URAX,TIDAL TRUST II
79881.0,URBN,URBAN OUTFITTERS INC
91788.0,URE,PROSHARES TRUST
92747.0,URG,UR ENERGY INC
16711.0,URGN,UROGEN PHARMA LTD
85663.0,URI,UNITED RENTALS INC
23736.0,URNJ,SPROTT FUNDS TRUST
19090.0,URNM,EXCHANGE TRADED CONCEPTS TR
23006.0,URNM,SPROTT FUNDS TRUST
18130.0,UROV,UROVANT SCIENCES LTD
21109.0,UROY,URANIUM ROYALTY CORP
75672.0,URRE,URANIUM RESOURCES INC
13182.0,URTH,ISHARES INC
93258.0,URTY,PROSHARES TRUST
70797.0,USA,LIBERTY ALL STAR EQUITY FD
13749.0,USAC,U S A COMPRESSION PARTNERS LP
25863.0,USAF,2023 E T F SERIES TRUST
13368.0,USAG,UNITED STATES CMDTY INDEX FDS TR
17181.0,USAI,E T F SERIES SOLUTIONS
19117.0,USAI,PACER FUNDS TRUST
77425.0,USAK,U S A TRUCK INC
81184.0,USAP,UNIVERSAL STNLESS & ALY PRODS IN
16545.0,USAS,AMERICAS SILVER CORP
16545.0,USAS,AMERICAS GOLD AND SILVER CORP
91910.0,USAT,U S A TECHNOLOGIES INC
63546.0,USAU,U S GOLD CORP
66157.0,USB,U S BANCORP DEL
22249.0,USBF,ISHARES TRUST
88384.0,USBI,UNITED SECURITY BANCSHARES INC
23821.0,USCA,D B X ETF TRUST
21781.0,USCB,U S C B FINANCIAL HLDGS INC
24668.0,USCF,THEMES E T F TRUST
12066.0,USCI,UNITED STATES COMMODITY IND FUND
24020.0,USCL,ISHARES TRUST
12588.0,USCR,U S CONCRETE INC
91787.0,USD,PROSHARES TRUST
14981.0,USDP,U S D PARTNERS LP
14343.0,USDU,WISDOMTREE TRUST
24874.0,USDX,R B B FUND INC
18394.0,USDY,PACIFIC GLOBAL E T F TRUST
23929.0,USE,U S C F ETF TRUST
23201.0,USEA,UNITED MARITIME CORP
79039.0,USEG,UNITED STATES ENERGY CORP WY
79039.0,USEG,U S ENERGY CORP
18928.0,USEP,INNOVATOR E T F S TRUST
17583.0,USEQ,POWERSHARES E T F TRUST II
17583.0,USEQ,INVESCO E T F TRUST II
22413.0,USER,USERTESTING INC
16084.0,USFD,US FOODS HOLDING CORP
24082.0,USFI,FRANKLIN TEMPLETON E T F TRUST
14492.0,USFR,WISDOMTREE TRUST
22409.0,USG,U S C F ETF TRUST
79244.0,USG,U S G CORP
23871.0,USGO,U S GOLDMINING INC
18688.0,USHG,A G F INVESTMENTS TRUST
17517.0,USHY,ISHARES TRUST
18531.0,USI,PRINCIPAL EXCHANGE TRADED FUNDS
91701.0,USIG,ISHARES TRUST
24962.0,USIN,WISDOMTREE TRUST
87753.0,USIO,USIO INC
92509.0,USL,UNITED STATES 12 MONTH OIL FD LP
15855.0,USLB,POWERSHARES E T F TRUST II
15855.0,USLB,INVESCO E T F TRUST II
65700.0,USLM,UNITED STATES LIME MINERALS INC
75320.0,USM,UNITED STATES CELLULAR CORP
17001.0,USMC,PRINCIPAL EXCHANGE TRADED FUNDS
13564.0,USMD,U S M D HOLDINGS INC
17649.0,USMF,WISDOMTREE TRUST
16335.0,USMR,RECON CAPITAL SERIES TRUST
13027.0,USMV,ISHARES TRUST
84010.0,USNA,USANA HEALTH SCIENCES INC
23137.0,USNZ,D B X ETF TRUST
91208.0,USO,UNITED STATES OIL FUND L P
16848.0,USOD,U S C F FUNDS TRUST
16845.0,USOU,U S C F FUNDS TRUST
25139.0,USOY,TIDAL TRUST II
77629.0,USPH,U S PHYSICAL THERAPY INC
16135.0,USPX,FRANKLIN TEMPLETON E T F TRUST
24669.0,USRD,THEMES E T F TRUST
92060.0,USRT,ISHARES TRUST
15592.0,USSD,WISDOMTREE TRUST
24156.0,USSE,SEGALL BRYANT & HAMILL TRUST
18430.0,USSG,D B X ETF TRUST
24963.0,USSH,WISDOMTREE TRUST
93218.0,UST,PROSHARES TRUST
17028.0,USTB,U S A A ETF TRUST
18819.0,USTB,VICTORY PORTFOLIOS II
17025.0,USVM,U S A A ETF TRUST
18822.0,USVM,VICTORY PORTFOLIOS II
23808.0,USVN,R B B FUND INC
22065.0,USVT,ULTIMUS MANAGERS TRUST
15591.0,USWD,WISDOMTREE TRUST
16674.0,USWS,U S WELL SERVICES INC
81021.0,USX,U S XPRESS ENTERPRISES INC NEW
19493.0,USXF,ISHARES TRUST
79628.0,UTEK,ULTRATECH INC
23338.0,UTEN,R B B FUND INC
15663.0,UTES,ETFIS SERIES TRUST I
90066.0,UTF,COHEN & STEERS INFRA FD INC
90047.0,UTG,REAVES UTILITY INCOME FUND
87006.0,UTHR,UNITED THERAPEUTICS CORP
23809.0,UTHY,R B B FUND INC
89973.0,UTI,UNIVERSAL TECHNICAL INSTITUTE IN
88814.0,UTIW,U T I WORLDWIDE INC
67360.0,UTL,UNITIL CORP
17502.0,UTLF,ISHARES TRUST
79776.0,UTMD,UTAH MEDICAL PRODUCTS INC
21110.0,UTME,UTIME LTD
23810.0,UTRE,R B B FUND INC
18074.0,UTRN,EXCHANGE TRADED CONCEPTS TR
22252.0,UTRS,MINERVA SURGICAL INC
87825.0,UTSI,UTSTARCOM HOLDINGS CORP
16743.0,UTSL,DIREXION SHARES E T F TRUST
23339.0,UTWO,R B B FUND INC
23811.0,UTWY,R B B FUND INC
17830.0,UTX,UNITED TECHNOLOGIES CORP
18248.0,UTZ,UTZ BRANDS INC
91758.0,UUP,POWERSHARES DB US DOLLAR IND TR
91758.0,UUP,INVESCO DB US DOLLAR IND TR
79573.0,UUU,UNIVERSAL SECURITY INSTRS INC
14336.0,UUUU,ENERGY FUELS INC
22401.0,UVDV,SPINNAKER E T F SERIES
78211.0,UVE,UNIVERSAL INSURANCE HOLDINGS INC
22966.0,UVIX,V S TRUST
89828.0,UVSP,UNIVEST CORP OF PENNSYLVANIA
89828.0,UVSP,UNIVEST FINANCIAL CORP
16555.0,UVV,UNIVERSAL CORP
13030.0,UVXY,PROSHARES TRUST II
91722.0,UWM,PROSHARES TRUST
19312.0,UWMC,U W M HOLDINGS CORP
60709.0,UWN,NEVADA GOLD & CASINOS INC
91793.0,UXI,PROSHARES TRUST
17905.0,UXIN,UXIN LTD
93335.0,UXJ,PROSHARES TRUST
25679.0,UXOC,FIRST TRUST E T F VIII
91795.0,UYG,PROSHARES TRUST
23455.0,UYLD,ANGEL OAK FUNDS TRUST
91798.0,UYM,PROSHARES TRUST
92611.0,V,VISA INC
15088.0,VA,VIRGIN AMERICA INC
20660.0,VABK,VIRGINIA NATL BANKSHARES CORP
20556.0,VABS,VIRTUS E T F TR II
13085.0,VAC,MARRIOTT VACATIONS WORLDWIDE COR
21111.0,VACC,VACCITECH PLC
21257.0,VAL,VALARIS LTD
37807.0,VAL,VALSPAR CORP
93159.0,VAL,VALARIS PLC
89330.0,VALE,VALE S A
21341.0,VALN,VALNEVA S E
17229.0,VALQ,AMERICAN CENTURY E T F TRUST
18974.0,VALT,E T F MANAGERS TRUST
80179.0,VALU,VALUE LINE INC
15138.0,VALX,E T F SERIES SOLUTIONS
15666.0,VAMO,CAMBRIA E T F TRUST
15062.0,VANI,VIVANI MEDICAL INC
18247.0,VAPO,VAPOTHERM INC
27043.0,VAR,VARIAN MEDICAL SYSTEMS INC
88475.0,VASC,VASCULAR SOLUTIONS INC
12877.0,VATE,INNOVATE CORP
89997.0,VAW,VANGUARD SECTOR INDEX FUNDS
22351.0,VAXX,VAXXINITY INC
90005.0,VB,VANGUARD INDEX FUNDS
51916.0,VBF,INVESCO BOND FUND
89576.0,VBFC,VILLAGE BANK AND TRUST FINL CORP
16043.0,VBIV,V B I VACCINES INC NEW
89999.0,VBK,VANGUARD INDEX FUNDS
15020.0,VBLT,VASCULAR BIOGENICS LTD NEW
15021.0,VBND,E T F SERIES SOLUTIONS
21972.0,VBNK,VERSABANK
90000.0,VBR,VANGUARD INDEX FUNDS
15022.0,VBTX,VERITEX HOLDINGS INC
88319.0,VC,VISTEON CORP
20252.0,VCAR,SIMPLIFY EXCHANGE TRADED FUNDS
19796.0,VCEB,VANGUARD WORLD FUND
84511.0,VCEL,VERICEL CORP
79456.0,VCF,DELAWARE INVESTS COLO MUN INC FD
23872.0,VCIG,VCI GLOBAL LTD
93142.0,VCIT,VANGUARD SCOTTSDALE FUNDS
20884.0,VCKA,VICKERS VANTAGE CORP I
21818.0,VCLN,VIRTUS E T F TR II
20251.0,VCLO,SIMPLIFY EXCHANGE TRADED FUNDS
93143.0,VCLT,VANGUARD SCOTTSDALE FUNDS
18061.0,VCNX,VACCINEX INC
81049.0,VCO,VINA CONCHA Y TORO S A
89992.0,VCR,VANGUARD SECTOR INDEX FUNDS
13316.0,VCRA,VOCERA COMMUNICATIONS INC
24670.0,VCRB,VANGUARD MALVERN FUNDS
25851.0,VCRM,VANGUARD MUNICIPAL BOND FUNDS
22610.0,VCSA,VACASA INC
93144.0,VCSH,VANGUARD SCOTTSDALE FUNDS
17332.0,VCTR,VICTORY CAPITAL HOLDINGS INC
79356.0,VCV,INVESCO CALIFORNIA VL MUNI IN TR
22253.0,VCXA,10X CAPITAL VENTURE ACQ CORP II
14263.0,VCYT,VERACYTE INC
89993.0,VDC,VANGUARD SECTOR INDEX FUNDS
90347.0,VDE,VANGUARD SECTOR INDEX FUNDS
22481.0,VDNI,MANAGED PORTFOLIO SERIES
88203.0,VDSI,VASCO DATA SEC INTL INC
15301.0,VDTH,VIDEOCON D2H LTD
92187.0,VEA,VANGUARD TAX MANAGED FUNDS
16683.0,VEAC,VANTAGE ENERGY ACQUISITION CORP
14884.0,VEC,VECTRUS INC
81116.0,VECO,VEECO INSTRUMENTS INC DEL
21112.0,VECT,VECTIVBIO HOLDING A G
14140.0,VEDL,VEDANTA LTD
23128.0,VEDU,VISIONARY EDU TECH HLDGS GP INC
21326.0,VEEA,VEEA INC
21782.0,VEEE,TWIN VEE POWERCATS CO
14231.0,VEEV,VEEVA SYSTEMS INC
13568.0,VEGA,ADVISORSHARES TRUST
13235.0,VEGI,ISHARES INC
18925.0,VEGN,E T F SERIES SOLUTIONS
19172.0,VEL,VELOCITY FINANCIAL INC
23607.0,VEMY,VIRTUS E T F TR II
21114.0,VENA,VENUS ACQUISITION CORP
25829.0,VENU,VENU HOLDING CORP
93337.0,VEON,VEON LTD
13003.0,VER,VEREIT INC
21342.0,VERA,VERA THERAPEUTICS INC
18568.0,VERB,VERB TECHNOLOGY COMPANY INC
16712.0,VERI,VERITONE INC
16987.0,VERO,VENUS CONCEPT INC
22957.0,VERS,PROSHARES TRUST
76461.0,VERU,VERU INC
21589.0,VERV,VERVE THERAPEUTICS INC
19506.0,VERX,VERTEX INC
18903.0,VERY,VERICITY INC
16772.0,VESH,VIRTUS E T F TR II
13820.0,VET,VERMILION ENERGY INC
17699.0,VETS,PACER FUNDS TRUST
24144.0,VETZ,TIDAL E T F TRUST
91886.0,VEU,VANGUARD INTL EQUITY INDEX FUNDS
21783.0,VEV,VICINITY MOTOR CORP
43553.0,VFC,V F CORP
18416.0,VFF,VILLAGE FARMS INTERNATIONAL INC
89994.0,VFH,VANGUARD SECTOR INDEX FUNDS
20249.0,VFIN,SIMPLIFY EXCHANGE TRADED FUNDS
78943.0,VFL,DELAWARE INV NAT MUNI INCOME FD
78943.0,VFL,ABRDN NATIONAL MUNI INCOME FD
24021.0,VFLO,VICTORY PORTFOLIOS II
17620.0,VFLQ,VANGUARD WELLINGTON FUND
17623.0,VFMF,VANGUARD WELLINGTON FUND
17622.0,VFMO,VANGUARD WELLINGTON FUND
17621.0,VFMV,VANGUARD WELLINGTON FUND
17624.0,VFQY,VANGUARD WELLINGTON FUND
24164.0,VFS,VINFAST AUTO LTD
17625.0,VFVA,VANGUARD WELLINGTON FUND
91237.0,VG,VONAGE HOLDINGS CORP
20134.0,VGAC,V G ACQUISITION CORP
22193.0,VGAS,VERDE CLEAN FUELS INC
17008.0,VGFO,ETFIS SERIES TRUST I
88285.0,VGGL,VIGGLE INC
21260.0,VGII,VIRGIN GROUP ACQ CORP II
93145.0,VGIT,VANGUARD SCOTTSDALE FUNDS
91132.0,VGK,VANGUARD INTL EQUITY INDEX FUNDS
93146.0,VGLT,VANGUARD SCOTTSDALE FUNDS
77316.0,VGM,INVESCO TRUST INVESTMENT GR MUNS
75233.0,VGR,VECTOR GROUP LTD
93147.0,VGSH,VANGUARD SCOTTSDALE FUNDS
24671.0,VGSR,MANAGER DIRECTED PORTFOLIOS
89996.0,VGT,VANGUARD SECTOR INDEX FUNDS
69446.0,VGZ,VISTA GOLD CORP
87084.0,VHC,VIRNETX HOLDING CORP
45225.0,VHI,VALHI INC NEW
22688.0,VHNA,VAHANNA TECH EDGE ACQ I CORP
89995.0,VHT,VANGUARD SECTOR INDEX FUNDS
14830.0,VIA,VIA RENEWABLES INC
91066.0,VIA,VIACOM INC NEW
91063.0,VIAB,VIACOM INC NEW
76226.0,VIAC,VIACOMCBS INC
75104.0,VIACA,VIACOMCBS INC
19795.0,VIAO,V I A OPTRONICS A G
79879.0,VIAV,VIAVI SOLUTIONS INC
17132.0,VICE,ADVISORSHARES TRUST
17307.0,VICI,VICI PROPERTIES INC
79022.0,VICL,VICAL INC
76128.0,VICR,VICOR CORP
92874.0,VIDE,VIDEO DISPLAY CORP
14264.0,VIDI,E T F SERIES SOLUTIONS
19031.0,VIE,VIELA BIO INC
19955.0,VIEW,VIEW INC
91209.0,VIG,VANGUARD SPECIALIZED FUND
15977.0,VIGI,VANGUARD WHITEHALL FUNDS
22689.0,VIGL,VIGIL NEUROSCIENCE INC
20638.0,VII,7GC & CO HOLDINGS INC
61700.0,VII,VICON INDUSTRIES INC
25047.0,VIK,VIKING HOLDINGS LTD
19401.0,VINC,VINCERA PHARMA INC
19401.0,VINC,VINCERX PHARMA INC
22465.0,VINE,FRESH VINE WINE INC
20461.0,VINP,VINCI PARTNERS INVESTMENTS LTD
12297.0,VIOG,VANGUARD ADMIRAL FUNDS INC
12301.0,VIOO,VANGUARD ADMIRAL FUNDS INC
18131.0,VIOT,VIOMI TECHNOLOGY CO LTD
12296.0,VIOV,VANGUARD ADMIRAL FUNDS INC
93337.0,VIP,VIMPELCOM LTD
13315.0,VIPS,VIPSHOP HOLDINGS LTD
19032.0,VIR,VIR BIOTECHNOLOGY INC
59627.0,VIRC,VIRCO MFG CORP
20331.0,VIRI,VIRIOS THERAPEUTICS INC
19450.0,VIRS,PACER FUNDS TRUST
15302.0,VIRT,VIRTU FINANCIAL INC
90907.0,VIRX,VIRACTA THERAPEUTICS INC
90348.0,VIS,VANGUARD SECTOR INDEX FUNDS
81190.0,VISI,VOLT INFORMATION SCIENCES INC
14060.0,VISL,VISLINK TECHNOLOGIES INC
92472.0,VISN,VISIONCHINA MEDIA INC
18824.0,VIST,VISTA OIL & GAS S A B DE C V
18824.0,VIST,VISTA ENERGY S A B DE C V
19541.0,VITL,VITAL FARMS INC
20107.0,VIV,TELEFONICA BRASIL S A
16112.0,VIVE,VIVEVE MEDICAL INC
22804.0,VIVK,VIVAKOR INC
10530.0,VIVO,MERIDIAN BIOSCIENCE INC
13542.0,VIXH,FIRST TRUST EXCHANGE TRADED FUND
12530.0,VIXM,PROSHARES TRUST II
12531.0,VIXY,PROSHARES TRUST II
14232.0,VJET,VOXELJET AG
79756.0,VKI,INVESCO ADVANTAGE MUN INC TR II
77131.0,VKQ,INVESCO MUNICIPAL TRUST
15303.0,VKTX,VIKING THERAPEUTICS INC
22255.0,VLCN,VOLCON INC
20402.0,VLD,VELO3D INC
18162.0,VLDR,VELODYNE LIDAR INC
80857.0,VLGEA,VILLAGE SUPER MARKET INC
25468.0,VLLU,HARBOR E T F TRUST
15241.0,VLLV,DIREXION SHARES E T F TRUST
15239.0,VLML,DIREXION SHARES E T F TRUST
22078.0,VLN,VALENS SEMICONDUCTOR LTD
85269.0,VLO,VALERO ENERGY CORP NEW
20640.0,VLON,VALLON PHARMACEUTICALS INC
14342.0,VLP,VALERO ENERGY PARTNERS LP
14132.0,VLRS,CONTROLADORA VUELA COMP DE AVIA
16647.0,VLRX,VALERITAS HOLDINGS INC
15240.0,VLSM,DIREXION SHARES E T F TRUST
75475.0,VLT,INVESCO HIGH INCOME TRUST II
20128.0,VLTA,VOLTA INC
93433.0,VLTC,VOLTARI CORP
24174.0,VLTO,VERALTO CORP
13850.0,VLUE,ISHARES TRUST
80072.0,VLY,VALLEY NATIONAL BANCORP
19652.0,VMAC,VISTAS MEDIA ACQUISITION CO INC
20180.0,VMAR,VISION MARINE TECHNOLOGIES INC
23151.0,VMAT,MANAGED PORTFOLIO SERIES
17438.0,VMAX,EXCHANGE TRADED CONCEPTS TR
24594.0,VMAX,LATTICE STRATEGIES TRUST
93148.0,VMBS,VANGUARD SCOTTSDALE FUNDS
15202.0,VMC,VULCAN MATERIALS CO
18904.0,VMD,VIEMED HEALTHCARE INC
14143.0,VMEM,VIOLIN MEMORY INC
21120.0,VMEO,VIMEO INC
80128.0,VMI,VALMONT INDUSTRIES INC
17437.0,VMIN,EXCHANGE TRADED CONCEPTS TR
78944.0,VMM,DELAWARE INVTS MINN MUNI INC II
77638.0,VMO,INVESCO MUNICIPAL OPRTY TRUST
17393.0,VMOT,ALPHA ARCHITECT ETF TRUST
17393.0,VMOT,E A SERIES TRUST
92257.0,VMW,VMWARE INC
22466.0,VNAM,GLOBAL X FUNDS
14296.0,VNCE,VINCE HOLDING CORP
91186.0,VNDA,VANDA PHARMACEUTICALS INC
17859.0,VNE,VEONEER INC
12699.0,VNET,21VIANET GROUP INC
12699.0,VNET,VNET GROUP INC
16488.0,VNLA,JANUS DETROIT STREET TRUST
92994.0,VNM,MARKET VECTORS E T F TRUST
92994.0,VNM,VANECK VECTORS E T F TRUST
92994.0,VNM,VANECK E T F TRUST
19786.0,VNMC,NATIXIS E T F TRUST II
28388.0,VNO,VORNADO REALTY TRUST
15139.0,VNOM,VIPER ENERGY PARTNERS LP
15139.0,VNOM,VIPER ENERGY INC
90350.0,VNQ,VANGUARD INDEX FUNDS
12412.0,VNQI,VANGUARD INTL EQUITY INDEX FUNDS
92375.0,VNR,VANGUARD NATURAL RESOURCES LLC
15215.0,VNRX,VOLITIONRX LTD
19785.0,VNSE,NATIXIS E T F TRUST II
19807.0,VNT,VONTIER CORP
16875.0,VNTR,VENATOR MATERIALS PLC
13314.0,VNTV,VANTIV INC
90001.0,VO,VANGUARD INDEX FUNDS
12786.0,VOC,V O C ENERGY TRUST
75418.0,VOD,VODAFONE GROUP PLC NEW
91423.0,VOE,VANGUARD INDEX FUNDS
26030.0,VOLT,TEMA E T F TRUST
81190.0,VOLT,VOLT INFORMATION SCIENCES INC
12313.0,VONE,VANGUARD SCOTTSDALE FUNDS
12314.0,VONG,VANGUARD SCOTTSDALE FUNDS
12315.0,VONV,VANGUARD SCOTTSDALE FUNDS
12305.0,VOO,VANGUARD INDEX FUNDS
12294.0,VOOG,VANGUARD ADMIRAL FUNDS INC
12295.0,VOOV,VANGUARD ADMIRAL FUNDS INC
20641.0,VOR,VOR BIOPHARMA INC
21321.0,VORB,VIRGIN ORBIT HOLDINGS INC
91424.0,VOT,VANGUARD INDEX FUNDS
21387.0,VOTE,ENGINE NO 1 ETF TRUST
21387.0,VOTE,T C W ETF TRUST
90349.0,VOX,VANGUARD SECTOR INDEX FUNDS
23447.0,VOXR,VOX ROYALTY CORP
75033.0,VOXX,VOXX INTERNATIONAL CORP
13904.0,VOYA,VOYA FINANCIAL INC
18385.0,VPC,ETFIS SERIES TRUST I
20975.0,VPCC,V P C IMPACT ACQ HLDGS III INC
76950.0,VPCO,VAPOR CORP
93426.0,VPG,VISHAY PRECISION GROUP INC
91131.0,VPL,VANGUARD INTL EQUITY INDEX FUNDS
24672.0,VPLS,VANGUARD MALVERN FUNDS
19998.0,VPN,GLOBAL X FUNDS
20250.0,VPOP,SIMPLIFY EXCHANGE TRADED FUNDS
89998.0,VPU,VANGUARD SECTOR INDEX FUNDS
79360.0,VPV,INVESCO PA VALUE MUNICIPAL IN TR
21885.0,VQS,V I Q SOLUTIONS INC
23060.0,VR,GLOBAL X FUNDS
92191.0,VR,VALIDUS HOLDINGS LTD
12363.0,VRA,VERA BRADLEY INC
18384.0,VRAI,ETFIS SERIES TRUST I
21786.0,VRAR,GLIMPSE GROUP INC
23251.0,VRAX,VIRAX BIOLABS GROUP LTD
15978.0,VRAY,VIEWRAY INC
17906.0,VRCA,VERRICA PHARMACEUTICALS INC
93034.0,VRD,SPDR SERIES TRUST
14708.0,VRDN,VIRIDIAN THERAPEUTICS INC
80779.0,VRE,VERIS RESIDENTIAL INC
16543.0,VREX,VAREX IMAGING CORP
16311.0,VRIG,POWERSHARES ACTIVELY MANGD ETF T
16311.0,VRIG,INVESCO ACTIVELY MANAGED ETF TR
19408.0,VRM,VROOM INC
19494.0,VRME,VERIFYME INC
88620.0,VRML,VERMILLION INC
14379.0,VRN,VEREN INC
16684.0,VRNA,VERONA PHARMA PLC
12017.0,VRNG,VRINGO INC
14472.0,VRNS,VARONIS SYSTEMS INC
89397.0,VRNT,VERINT SYSTEMS INC
14635.0,VRP,POWERSHARES E T F TRUST II
14635.0,VRP,INVESCO E T F TRUST II
20644.0,VRPX,VIRPAX PHARMACEUTICALS INC
16631.0,VRRM,VERRA MOBILITY CORP
16158.0,VRS,VERSO CORP
93089.0,VRSK,VERISK ANALYTICS INC
85753.0,VRSN,VERISIGN INC
17987.0,VRT,VERTIV HOLDINGS CO
91285.0,VRTB,VESTIN REALTY MORTGAGE II INC
92871.0,VRTS,VIRTUS INVESTMENT PARTNERS INC
92229.0,VRTU,VIRTUSA CORP
14751.0,VRTV,VERITIV CORP
76744.0,VRTX,VERTEX PHARMACEUTICALS INC
80307.0,VRX,VALEANT PHARMACEUTICALS INTL INC
20462.0,VS,VERSUS SYSTEMS INC
14555.0,VSAR,VERSARTIS INC
84348.0,VSAT,VIASAT INC
21609.0,VSCO,VICTORIAS SECRET & CO
91286.0,VSCP,VIRTUALSCOPICS INC
16685.0,VSDA,VICTORY PORTFOLIOS II
25848.0,VSDM,VANGUARD MUNICIPAL BOND FUNDS
79864.0,VSEC,V S E CORP
22539.0,VSEE,VSEE HEALTH INC
18094.0,VSGX,VANGUARD WORLD FUND
57808.0,VSH,VISHAY INTERTECHNOLOGY INC
16518.0,VSHY,VIRTUS E T F TR II
93071.0,VSI,VITAMIN SHOPPE INC
17294.0,VSL,E T F SERIES SOLUTIONS
14982.0,VSLR,VIVINT SOLAR INC
20922.0,VSLU,E T F OPPORTUNITIES TRUST
16279.0,VSM,VERSUM MATERIALS INC
24291.0,VSME,VS MEDIA HOLDINGS LTD
16807.0,VSMV,VICTORY PORTFOLIOS II
20181.0,VSPR,VESPER HEALTHCARE ACQ CORP
13174.0,VSPY,DIREXION SHARES E T F TRUST
21675.0,VSPY,SPINNAKER E T F SERIES
71191.0,VSR,VERSAR INC
92916.0,VSS,VANGUARD INTL EQUITY INDEX FUNDS
16736.0,VST,VISTRA ENERGY CORP
16736.0,VST,VISTRA CORP
19574.0,VSTA,VASTA PLATFORM LTD
24673.0,VSTE,VAST RENEWABLES LTD
13202.0,VSTM,VERASTEM INC
15168.0,VSTO,VISTA OUTDOOR INC
24173.0,VSTS,VESTIS CORP
92712.0,VT,VANGUARD INTL EQUITY INDEX FUNDS
92149.0,VTA,INVESCO DYNAMIC CREDIT OPRTY FD
14938.0,VTAE,VITAE PHARMACEUTICALS INC
18089.0,VTAK,CATHETER PRECISION INC
20645.0,VTAQ,VENTOUX CCM ACQUISITION CORP
17124.0,VTC,VANGUARD SCOTTSDALE FUNDS
15629.0,VTEB,VANGUARD MUNICIPAL BOND FUNDS
24801.0,VTEC,VANGUARD CALIFORNIA TAX FREE FDS
24802.0,VTEI,VANGUARD MUNICIPAL BOND FUNDS
23769.0,VTES,VANGUARD WELLINGTON FUND
21691.0,VTEX,V T E X
16070.0,VTGN,VISTAGEN THERAPEUTICS INC
12316.0,VTHR,VANGUARD SCOTTSDALE FUNDS
90878.0,VTI,VANGUARD INDEX FUNDS
17907.0,VTIQ,VECTOIQ ACQUISITION CORP
14615.0,VTL,VITAL THERAPIES INC
13124.0,VTLE,VITAL ENERGY INC
23989.0,VTMX,CORPORACION IN VEST S A B DE C V
77591.0,VTN,INVESCO TRUST INVEST GR NY MUN
78003.0,VTNR,VERTEX ENERGY INC
13743.0,VTOL,BRISTOW GROUP INC
75819.0,VTR,VENTAS INC
20182.0,VTRN,VICTORY PORTFOLIOS II
20057.0,VTRS,VIATRIS INC
19848.0,VTRU,VITRU LTD
23630.0,VTS,VITESSE ENERGY INC
17373.0,VTSI,VIRTRA INC
14858.0,VTTI,V T T I ENERGY PARTNERS LP
90004.0,VTV,VANGUARD INDEX FUNDS
15542.0,VTVT,V T V THERAPEUTICS INC
12317.0,VTWG,VANGUARD SCOTTSDALE FUNDS
12318.0,VTWO,VANGUARD SCOTTSDALE FUNDS
12321.0,VTWV,VANGUARD SCOTTSDALE FUNDS
22256.0,VTYX,VENTYX BIOSCIENCES INC
90003.0,VUG,VANGUARD INDEX FUNDS
20978.0,VUSB,VANGUARD BOND INDEX FUNDS
14443.0,VUSE,E T F SERIES SOLUTIONS
15186.0,VUZI,VUZIX CORP
90002.0,VV,VANGUARD INDEX FUNDS
51633.0,VVC,VECTREN CORP
19721.0,VVI,VIAD CORP
17201.0,VVNT,VIVINT SMART HOME INC
20332.0,VVOS,VIVOS THERAPEUTICS INC
16536.0,VVPR,VIVOPOWER INTERNATIONAL PLC
86143.0,VVR,INVESCO SENIOR INCOME TRUST
80485.0,VVUS,VIVUS INC
16338.0,VVV,VALVOLINE INC
14884.0,VVX,V 2 X INC
20580.0,VWE,VINTAGE WINE ESTATES INC
24380.0,VWI,ADVISOR MANAGED PORTFOLIOS
17008.0,VWID,ETFIS SERIES TRUST I
91130.0,VWO,VANGUARD INTL EQUITY INDEX FUNDS
13971.0,VWOB,VANGUARD WHITEHALL FUNDS
15023.0,VWR,V W R CORP
76586.0,VWTR,VIDLER WATER RESOURCES INC
15387.0,VXDN,ACCUSHARES COMMODITIES TR I
89286.0,VXF,VANGUARD INDEX FUNDS
57913.0,VXRT,VAXART INC
15388.0,VXUP,ACCUSHARES COMMODITIES TR I
12508.0,VXUS,VANGUARD STAR FUNDS
20131.0,VYGG,VY GLOBAL GROWTH
15856.0,VYGR,VOYAGER THERAPEUTICS INC
91597.0,VYM,VANGUARD WHITEHALL FUNDS
15979.0,VYMI,VANGUARD WHITEHALL FUNDS
17266.0,VYNE,VYNE THERAPEUTICS INC
14094.0,VYNT,VYANT BIO INC
84372.0,VYX,N C R VOYIX CORP
65875.0,VZ,VERIZON COMMUNICATIONS INC
20659.0,VZIO,VIZIO HOLDING CORP
22747.0,VZLA,VIZSLA SILVER CORP
14983.0,W,WAYFAIR INC
16450.0,WAAS,AQUAVENTURE HOLDINGS LTD
81677.0,WAB,WABTEC CORP
82107.0,WABC,WESTAMERICA BANCORPORATION
24292.0,WABF,FRANKLIN TEMPLETON E T F TRUST
85909.0,WAC,WALTER INVESTMENT MGMT CORP
81577.0,WAFD,WASHINGTON FEDERAL INC
81577.0,WAFD,WAFD INC
18571.0,WAFU,WAH FU EDUCATION GROUP LTD
13400.0,WAGE,WAGEWORKS INC
23868.0,WAI,TOP KINGWIN LTD
12908.0,WAIR,WESCO AIRCRAFT HOLDINGS INC
90776.0,WAL,WESTERN ALLIANCE BANCORPORATION
21343.0,WALD,WALDENCAST ACQUISITION CORP
21343.0,WALD,WALDENCAST PLC
18229.0,WANT,DIREXION SHARES E T F TRUST
25913.0,WAR,E T F SERIES SOLUTIONS
11397.0,WASH,WASHINGTON TRUST BANCORP INC
82651.0,WAT,WATERS CORP
14556.0,WATT,ENERGOUS CORP
85377.0,WAVD,WAVEDANCER INC
21787.0,WAVE,ECO WAVE POWER GLOBAL A B PUBL
25141.0,WAY,WAYSTAR HOLDING CORP
79313.0,WAYN,WAYNE SAVINGS BANCSHARES INC NEW
14616.0,WB,WEIBO CORP
19502.0,WBA,WALGREENS BOOTS ALLIANCE INC
14280.0,WBAI,500 COM LTD
17198.0,WBAL,WISDOMTREE TRUST
22872.0,WBAT,WISDOMTREE TRUST
13885.0,WBB,WESTBURY BANCORP INC
92188.0,WBC,WABCO HOLDINGS INC
22976.0,WBD,WARNER BROS DISCOVERY INC
22417.0,WBEV,WINC INC
14837.0,WBIA,ABSOLUTE SHARES TRUST
14838.0,WBIB,ABSOLUTE SHARES TRUST
14839.0,WBIC,ABSOLUTE SHARES TRUST
14842.0,WBID,ABSOLUTE SHARES TRUST
14844.0,WBIF,ABSOLUTE SHARES TRUST
14845.0,WBIG,ABSOLUTE SHARES TRUST
14848.0,WBIH,ABSOLUTE SHARES TRUST
14847.0,WBII,ABSOLUTE SHARES TRUST
14846.0,WBIL,ABSOLUTE SHARES TRUST
18791.0,WBIN,ABSOLUTE SHARES TRUST
16147.0,WBIR,ABSOLUTE SHARES TRUST
18679.0,WBIT,ABSOLUTE SHARES TRUST
16510.0,WBIY,ABSOLUTE SHARES TRUST
75466.0,WBK,WESTPAC BANKING CORP
12509.0,WBKC,WOLVERINE BANCORP INC
90914.0,WBMD,WEBMD HEALTH CORP
18216.0,WBND,LEGG MASON ETF INVESTMENT TR
10932.0,WBS,WEBSTER FINANCIAL CORP
15921.0,WBT,WELBILT INC
25239.0,WBTN,WEBTOON ENTERTAINMENT INC
24494.0,WBUY,WEBUY GLOBAL LTD
22175.0,WBX,WALLBOX N V
20463.0,WCBR,WISDOMTREE TRUST
86876.0,WCC,WESCO INTERNATIONAL INC
23655.0,WCEO,TWO ROADS SHARED TRUST
16189.0,WCFB,W C F BANCORP INC
90272.0,WCG,WELLCARE HEALTH PLANS INC
17199.0,WCHN,WISDOMTREE TRUST
14043.0,WCIC,W C I COMMUNITIES INC
18966.0,WCLD,WISDOMTREE TRUST
25676.0,WCME,FIRST TRUST EXCHANGE TRADED FUND
25675.0,WCMI,FIRST TRUST EXCHANGE TRADED FUND
86097.0,WCN,WASTE CONNECTIONS INC
92949.0,WCN,WASTE CONNECTIONS INC NEW
13412.0,WCST,WECAST NETWORK INC
25768.0,WCT,WELLCHANGE HOLDINGS CO LTD
12477.0,WD,WALKER & DUNLOP INC
13628.0,WDAY,WORKDAY INC
66384.0,WDC,WESTERN DIGITAL CORP
81294.0,WDFC,WD 40 CO
21249.0,WDH,WATERDROP INC
13912.0,WDIV,SPDR INDEX SHARES FUNDS
21425.0,WDNA,WISDOMTREE TRUST
85931.0,WDR,WADDELL & REED FINANCIAL INC
15612.0,WDRW,DIREXION SHARES E T F TRUST
23169.0,WDS,WOODSIDE ENERGY GROUP LTD
24244.0,WDTE,TIDAL TRUST II
12537.0,WDTI,WISDOMTREE TRUST
19950.0,WE,WEWORK INC
89348.0,WEA,WESTERN ASSET PREMIER
13001.0,WEAT,TEUCRIUM COMMODITY TRUST
22416.0,WEAV,WEAVE COMMUNICATION INC
90984.0,WEB,WEB COM GROUP INC
13203.0,WEBK,WELLESLEY BANCORP INC
19041.0,WEBL,DIREXION SHARES E T F TRUST
21789.0,WEBR,WEBER INC
19040.0,WEBS,DIREXION SHARES E T F TRUST
23536.0,WEC,W E C ENERGY GROUP INC
22997.0,WEED,LISTED FUNDS TRUST
25140.0,WEEI,ULTIMUS MANAGERS TRUST
25126.0,WEEL,TIDAL TRUST II
18326.0,WEI,WEIDAI LTD
22713.0,WEIX,DYNAMIC SHARES TRUST
22352.0,WEJO,WEJO GROUP LTD
65947.0,WELL,WELLTOWER INC
19828.0,WEN,WENDYS CO
10397.0,WERN,WERNER ENTERPRISES INC
13738.0,WES,WESTERN MIDSTREAM PARTNERS L P
92672.0,WES,WESTERN GAS PARTNERS LP
23270.0,WEST,WESTROCK COFFEE CO
77217.0,WETF,WISDOMTREE INVESTMENTS INC
23252.0,WETG,WETRADE GROUP INC
24825.0,WETH,WETOUCH TECHNOLOGY INC
90569.0,WEX,W E X INC
15591.0,WEXP,WISDOMTREE TRUST
38033.0,WEYS,WEYCO GROUP INC
89856.0,WF,WOORI BANK
89856.0,WF,WOORI FINANCIAL GROUP INC
13713.0,WFBI,WASHINGTONFIRST BANCSHARES INC
38703.0,WFC,WELLS FARGO & CO NEW
21116.0,WFCF,WHERE FOOD COMES FROM INC
89262.0,WFD,WESTFIELD FINANCIAL INC
20558.0,WFG,WEST FRASER TIMBER CO LTD
19421.0,WFH,DIREXION SHARES E T F TRUST
17629.0,WFHY,WISDOMTREE TRUST
17630.0,WFIG,WISDOMTREE TRUST
77281.0,WFM,WHOLE FOODS MARKET INC
32791.0,WFRD,WEATHERFORD INTERNATIONAL PLC
83834.0,WG,WILLBROS GROUP INC DEL
63829.0,WGA,A G & E HOLDINGS INC
14880.0,WGBS,WAFERGEN BIO SYSTEMS INC
21231.0,WGL,W G L HOLDINGS INC
20559.0,WGLD,WSHARES ENHANCED GOLD ETF
22805.0,WGMI,VALKYRIE E T F TRUST II
51086.0,WGO,WINNEBAGO INDUSTRIES INC
13738.0,WGP,WESTERN GAS EQUITY PARTNERS L P
21591.0,WGRO,WISDOMTREE TRUST
19956.0,WGS,GENEDX HOLDINGS CORP
17794.0,WH,WYNDHAM HOTELS & RESORTS INC
17281.0,WHD,CACTUS INC
13714.0,WHF,WHITEHORSE FINANCE INC
89443.0,WHG,WESTWOOD HOLDINGS GROUP INC
83734.0,WHLM,WILHELMINA INTERNATIONAL INC
13700.0,WHLR,WHEELER REAL ESTATE INV TR INC
25419.0,WHR,WHIRLPOOL CORP
25974.0,WHTX,VOLATILITY SHARES TRUST
89855.0,WIA,WESTERN ASSET CLAYMORE INF LN SC
89855.0,WIA,WESTERN ASSET INFLTN-LNKD INC FD
86440.0,WIBC,WILSHIRE BANCORP INC
12798.0,WIFI,BOINGO WIRELESS INC
84833.0,WILC,G WILLI FOOD INTL LTD
12891.0,WILN,WI LAN INC
19354.0,WIMI,WIMI HOLOGRAM CLOUD INC
91391.0,WIN,WINDSTREAM HOLDINGS INC
79491.0,WINA,WINMARK CORP
18417.0,WINC,LEGG MASON ETF INVESTMENT TR
15440.0,WING,WINGSTOP INC
22848.0,WINN,HARBOR E T F TRUST
15017.0,WINS,WINS FINANCE HOLDINGS INC
82156.0,WINT,WINDTREE THERAPEUTICS INC
92608.0,WIP,SPDR SERIES TRUST
77785.0,WIRE,ENCORE WIRE CORP
17979.0,WISA,SUMMIT WIRELESS TECHNOLOGIES INC
17979.0,WISA,WISA TECHNOLOGIES INC
24674.0,WISE,THEMES E T F TRUST
20333.0,WISH,CONTEXTLOGIC INC
88683.0,WIT,WIPRO LTD
12445.0,WITE,E T F S WHITE METALS BASKET TR
90057.0,WIW,WESTERN ASSET CLAYMORE INFL LNKD
90057.0,WIW,WESTERN ASSET INFTN-LNKD OP&IN F
14326.0,WIX,WIX COM LTD
18970.0,WIZ,ALPHA ARCHITECT ETF TRUST
18970.0,WIZ,E A SERIES TRUST
15119.0,WK,WORKIVA INC
75070.0,WKC,WORLD KINECT CORP
19147.0,WKEY,WISEKEY INTERNATIONAL HOLDING AG
15914.0,WKHS,WORKHORSE GROUP INC
21248.0,WKLY,TIDAL E T F TRUST
21592.0,WKME,WALKME LTD
21886.0,WKSP,WORKSPORT LTD
59467.0,WLB,WESTMORELAND COAL CO
91625.0,WLDN,WILLDAN GROUP INC
17615.0,WLDR,TWO ROADS SHARED TRUST
23430.0,WLDS,WEARABLE DEVICES LTD
83969.0,WLFC,WILLIS LEASE FINANCE CORP
23873.0,WLGS,WANG & LEE GROUP INC
13906.0,WLH,LYON WILLIAM HOMES
90312.0,WLK,WESTLAKE CHEMICAL CORP
90312.0,WLK,WESTLAKE CORP
14783.0,WLKP,WESTLAKE CHEMICAL PARTNERS LP
89901.0,WLL,WHITING PETROLEUM CORP NEW
88987.0,WLMS,WILLIAMS INDUSTRIAL SRVCS GP INC
14881.0,WLRH,WL ROSS HOLDING CORP
22458.0,WLTG,E T F OPPORTUNITIES TRUST
22040.0,WLTH,NORTHERN LIGHTS FUND TR II
89017.0,WLTW,WILLIS TOWERS WATSON PUB LTD CO
82924.0,WLY,WILEY JOHN & SONS INC
82932.0,WLYB,WILEY JOHN & SONS INC
11955.0,WM,WASTE MANAGEMENT INC DEL
79884.0,WMAR,WEST MARINE INC
38156.0,WMB,WILLIAMS COS
13401.0,WMC,WESTERN ASSET MORTGAGE CAP CORP
17753.0,WMCR,INVESCO E T F TRUST
91443.0,WMCR,CLAYMORE E T F TRUST
19403.0,WMG,WARNER MUSIC GROUP CORP
12587.0,WMGI,WRIGHT MEDICAL GROUP N V
81593.0,WMIH,W M I H CORP
42059.0,WMK,WEIS MARKETS INC
12007.0,WMLP,WESTMORELAND RESOURCE PTNRS LP
20887.0,WMPN,WILLIAM PENN BANCORPORATION
14759.0,WMS,ADVANCED DRAINAGE SYSTEMS INC
55976.0,WMT,WAL MART STORES INC
55976.0,WMT,WALMART INC
77117.0,WNC,WABASH NATIONAL CORP
21973.0,WNDY,GLOBAL X FUNDS
89262.0,WNEB,WESTERN NEW ENGLAND BANCORP INC
91073.0,WNR,WESTERN REFINING INC
14233.0,WNRL,WESTERN REFINING LOGISTICS LP
24929.0,WNS,W N S HOLDINGS LTD
91390.0,WNS,W N S HOLDINGS LTD
20334.0,WNW,WUNONG NET TECHNOLOGY CO LTD
20334.0,WNW,MEIWU TECHNOLOGY CO LTD
25430.0,WOK,WORK MEDICAL TECHNOLOGY GROUP LT
78875.0,WOLF,WOLFSPEED INC
18020.0,WOMN,IMPACT SHARES TRUST I
18020.0,WOMN,TIDAL TRUST III
92723.0,WOOD,ISHARES TRUST
20341.0,WOOF,PETCO HEALTH & WELLNESS CO INC
89213.0,WOOF,V C A INC
83601.0,WOR,WORTHINGTON INDUSTRIES INC
83601.0,WOR,WORTHINGTON ENTERPRISES INC
18734.0,WORK,SLACK TECHNOLOGIES INC
16376.0,WORX,SCWORX CORP
16697.0,WOW,WIDEOPENWEST INC
15304.0,WOWO,WOWO LTD
13314.0,WP,WORLDPAY INC
85763.0,WPC,W P CAREY INC
90640.0,WPCS,W P C S INTERNATIONAL INC
19519.0,WPF,FOLEY TRASIMENE ACQ CORP
14638.0,WPG,W P GLIMCHER INC
14638.0,WPG,WASHINGTON PRIME GROUP INC NEW
90796.0,WPM,WHEATON PRECIOUS METALS CORP
11845.0,WPP,W P P PLC NEW
11845.0,WPPGY,W P P PLC NEW
92776.0,WPRT,WESTPORT INNOVATIONS INC
92776.0,WPRT,WESTPORT FUEL SYSTEMS INC
92249.0,WPS,ISHARES TRUST
14086.0,WPT,WORLD POINT TERMINALS LP
13141.0,WPX,W P X ENERGY INC
11003.0,WPZ,WILLIAMS PARTNERS LP NEW
24053.0,WR,WESTAR ENERGY INC
18322.0,WRAP,WRAP TECHNOLOGIES INC
17743.0,WRB,BERKLEY W R CORP
21905.0,WRBY,WARBY PARKER INC
16519.0,WRD,WILDHORSE RESOURCE DEV CORP
25771.0,WRD,WERIDE INC
52425.0,WRE,WASHINGTON REAL ESTATE INVS TR
17844.0,WREI,INVESCO E T F TRUST
93275.0,WREI,CLAYMORE E T F TRUST
90492.0,WRES,WARREN RESOURCES INC
68187.0,WRI,WEINGARTEN REALTY INVESTORS
21186.0,WRK,WESTROCK CO
77114.0,WRLD,WORLD ACCEPTANCE CORP
16911.0,WRLS,PENSARE ACQUISITION CORP
12569.0,WRN,WESTERN COPPER & GOLD CORP
22851.0,WRND,INDEXIQ E T F TRUST
22851.0,WRND,NEW YORK LIFE INVESTMENTS ETF TR
18322.0,WRTC,WRAP TECHNOLOGIES INC
24515.0,WS,WORTHINGTON STEEL INC
11293.0,WSBC,WESBANCO INC
90961.0,WSBF,WATERSTONE FINANCIAL INC NEW
15782.0,WSC,WILLSCOT CORP
15782.0,WSC,WILLSCOT MOBILE MINI HLDGS CORP
15782.0,WSC,WILLSCOT HOLDINGS CORP
81614.0,WSCI,W S I INDUSTRIES INC
10892.0,WSFS,WSFS FINANCIAL CORP
18854.0,WSG,WANDA SPORTS GROUP CO LTD
89017.0,WSH,WILLIS GROUP HOLDINGS PUB LTD CO
16438.0,WSKY,E T F MANAGERS TRUST
83011.0,WSM,WILLIAMS SONOMA INC
46068.0,WSO,WATSCO INC
66376.0,WSO,WATSCO INC
12070.0,WSR,WHITESTONE REIT
62498.0,WST,WEST PHARMACEUTICAL SERVICES INC
13830.0,WSTC,WEST CORP
81893.0,WSTG,WAYSIDE TECHNOLOGY GROUP INC
82762.0,WSTL,WESTELL TECHNOLOGIES INC
77217.0,WT,WISDOMTREE INC
22498.0,WTAI,WISDOMTREE TRUST
89425.0,WTBA,WEST BANCORPORATION INC
24675.0,WTBN,WISDOMTREE TRUST
18325.0,WTER,ALKALINE WATER CO INC
84636.0,WTFC,WINTRUST FINANCIAL CORP
90533.0,WTI,W & T OFFSHORE INC
68419.0,WTM,WHITE MOUNTAINS INS GROUP INC
12537.0,WTMF,WISDOMTREE TRUST
21110.0,WTO,UTIME LTD
52898.0,WTR,AQUA AMERICA INC
18460.0,WTRE,WATFORD HOLDINGS LTD
92152.0,WTRE,WISDOMTREE TRUST
52898.0,WTRG,ESSENTIAL UTILITIES INC
16173.0,WTRH,WAITR HOLDINGS INC
16270.0,WTRX,ELEVATION E T F TRUST
10606.0,WTS,WATTS WATER TECHNOLOGIES INC
77235.0,WTT,WIRELESS TELECOM GROUP INC
16667.0,WTTR,SELECT ENERGY SERVICES INC
16667.0,WTTR,SELECT WATER SOLUTIONS INC
91806.0,WTV,WISDOMTREE TRUST
89017.0,WTW,WILLIS TOWERS WATSON PUB LTD CO
89244.0,WTW,WEIGHT WATCHERS INTL INC NEW
91461.0,WU,WESTERN UNION CO
14209.0,WUBA,58 COM INC
19288.0,WUGI,ESOTERICA THEMATIC TRUST
23585.0,WUGI,INVESTMENT MANAGERS SERIES TR II
87759.0,WULF,TERAWULF INC
15592.0,WUSA,WISDOMTREE TRUST
25499.0,WUSA,SIMPLIFY EXCHANGE TRADED FUNDS
15857.0,WVE,W A V E LIFE SCIENCES LTD
79885.0,WVFC,WVS FINANCIAL CORP
80955.0,WVVI,WILLAMETTE VALLEY VINYDS INC
89244.0,WW,W W INTERNATIONAL INC
22615.0,WWAC,WORLDWIDE WEBB ACQ CORP
13627.0,WWAV,WHITEWAVE FOODS CO
84403.0,WWD,WOODWARD INC
87356.0,WWE,WORLD WRESTLING ENTMT INC
18985.0,WWJD,NORTHERN LIGHTS FUND TR IV
20211.0,WWOW,DIREXION SHARES E T F TRUST
75672.0,WWR,WESTWATER RESOURCES INC
42286.0,WWW,WOLVERINE WORLD WIDE INC
25933.0,WXET,LISTED FUNDS TRUST
39917.0,WY,WEYERHAEUSER CO
17596.0,WYDE,PROSHARES TRUST
25864.0,WYHG,WING YIP FOOD HOLDINGS GRP LTD
15664.0,WYIG,J M GLOBAL HOLDING CO
91392.0,WYN,WYNDHAM WORLDWIDE CORP
91392.0,WYND,WYNDHAM DESTINATIONS INC
89533.0,WYNN,WYNN RESORTS LTD
86098.0,WYY,WIDEPOINT CORP
76644.0,X,UNITED STATES STEEL CORP NEW
18643.0,XAIR,BEYOND AIR INC
25431.0,XAIX,D B X ETF TRUST
91119.0,XAN,EXANTAS CAPITAL CORP
24990.0,XAPR,FIRST TRUST E T F VIII
12999.0,XAR,SPDR SERIES TRUST
24122.0,XAUG,FIRST TRUST E T F VIII
23073.0,XB,BONDBLOXX ETF TRUST
20939.0,XBAP,INNOVATOR E T F S TRUST
23072.0,XBB,BONDBLOXX ETF TRUST
91124.0,XBI,SPDR SERIES TRUST
23812.0,XBIL,R B B FUND INC
16473.0,XBIO,XENETIC BIOSCIENCES INC
15305.0,XBIT,XBIOTECH INC
22720.0,XBJA,INNOVATOR E T F S TRUST
21655.0,XBJL,INNOVATOR E T F S TRUST
90295.0,XBKS,XENITH BANKSHARES INC
91431.0,XBKS,XENITH BANKSHARES INC NEW
22126.0,XBOC,INNOVATOR E T F S TRUST
21276.0,XBP,XBP EUROPE HOLDINGS INC
22415.0,XBTF,VANECK E T F TRUST
18328.0,XBUY,AMPLIFY ETF TRUST
23394.0,XC,WISDOMTREE TRUST
23074.0,XCCC,BONDBLOXX ETF TRUST
15673.0,XCEM,E G A EMERGING GLOBAL SHARES TR
15673.0,XCEM,COLUMBIA E T F TRUST II
25633.0,XCH,XCHG LTD
21803.0,XCLR,GLOBAL X FUNDS
25634.0,XCNY,SPDR INDEX SHARES FUNDS
91109.0,XCO,E X C O RESOURCES INC
18351.0,XCOM,PROSHARES TRUST
23474.0,XCOR,FUNDX INVESTMENT TRUST
48291.0,XCRA,XCERRA CORP
18855.0,XCUR,EXICURE INC
20938.0,XDAP,INNOVATOR E T F S TRUST
20366.0,XDAT,FRANKLIN TEMPLETON E T F TRUST
22464.0,XDEC,FIRST TRUST E T F VIII
17305.0,XDIV,METAURUS EQUITY COMPONENT TRUST
22718.0,XDJA,INNOVATOR E T F S TRUST
21649.0,XDJL,INNOVATOR E T F S TRUST
22692.0,XDNA,KELLY STRATEGIC ETF TRUST
22119.0,XDOC,INNOVATOR E T F S TRUST
20944.0,XDQQ,INNOVATOR E T F S TRUST
20937.0,XDSQ,INNOVATOR E T F S TRUST
24914.0,XDTE,ROUNDHILL E T F TRUST
89509.0,XEC,CIMAREX ENERGY CO
23931.0,XEL,X C E L ENERGY INC
15271.0,XELA,EXELA TECHNOLOGIES INC
15543.0,XELB,XCEL BRANDS INC
23136.0,XEMD,BONDBLOXX ETF TRUST
15089.0,XENE,XENON PHARMACEUTICALS INC
14836.0,XENT,INTERSECT E N T INC
17908.0,XERS,XERIS PHARMACEUTICALS INC
17908.0,XERS,XERIS BIOPHARMA HOLDINGS INC
91319.0,XES,SPDR SERIES TRUST
24849.0,XFEB,FIRST TRUST E T F VIII
22616.0,XFIN,EXCELFIN ACQUISITION CORP
23357.0,XFIV,BONDBLOXX ETF TRUST
24293.0,XFIX,R B B FUND INC
17031.0,XFLT,X A I OCTAGON FL RT & ALT INC TT
17031.0,XFLT,X A I OCTAGON FL RT & ALT INC TR
24394.0,XFLX,FUNDX INVESTMENT TRUST
17105.0,XFOR,X4 PHARMACEUTICALS INC
18963.0,XGN,EXAGEN INC
14060.0,XGTI,X G TECHNOLOGY INC
91123.0,XHB,SPDR SERIES TRUST
12534.0,XHE,SPDR SERIES TRUST
19080.0,XHG,XCHANGE TEC INC
23353.0,XHLF,BONDBLOXX ETF TRUST
15216.0,XHR,XENIA HOTELS & RESORTS INC
12997.0,XHS,SPDR SERIES TRUST
22814.0,XHYC,BONDBLOXX ETF TRUST
22815.0,XHYD,BONDBLOXX ETF TRUST
22813.0,XHYE,BONDBLOXX ETF TRUST
22818.0,XHYF,BONDBLOXX ETF TRUST
22819.0,XHYH,BONDBLOXX ETF TRUST
22821.0,XHYI,BONDBLOXX ETF TRUST
22820.0,XHYT,BONDBLOXX ETF TRUST
24608.0,XIDE,FIRST TRUST E T F VIII
25172.0,XIJN,FIRST TRUST E T F VIII
24888.0,XIMR,FIRST TRUST E T F VIII
92517.0,XIN,XINYUAN REAL ESTATE CO LTD
15730.0,XINA,SPDR INDEX SHARES FUNDS
24198.0,XISE,FIRST TRUST E T F VIII
15919.0,XITK,SPDR SERIES TRUST
24763.0,XJAN,FIRST TRUST E T F VIII
19774.0,XJH,ISHARES TRUST
19771.0,XJR,ISHARES TRUST
24026.0,XJUL,FIRST TRUST E T F VIII
21642.0,XJUN,FIRST TRUST E T F VIII
18182.0,XKCP,SPDR SERIES TRUST
18180.0,XKFF,SPDR SERIES TRUST
17191.0,XKFS,SPDR SERIES TRUST
17193.0,XKII,SPDR SERIES TRUST
17192.0,XKST,SPDR SERIES TRUST
18936.0,XL,X L FLEET CORP
86314.0,XL,X L GROUP PLC
86314.0,XL,X L GROUP LTD
86449.0,XLB,SELECT SECTOR SPDR TRUST
17940.0,XLC,SELECT SECTOR SPDR TRUST
86454.0,XLE,SELECT SECTOR SPDR TRUST
18268.0,XLEY,CUSHING E T F TRUST
86455.0,XLF,SELECT SECTOR SPDR TRUST
15733.0,XLFS,SELECT SECTOR SPDR TRUST
17731.0,XLG,INVESCO E T F TRUST
90694.0,XLG,RYDEX E T F TRUST
86456.0,XLI,SELECT SECTOR SPDR TRUST
86457.0,XLK,SELECT SECTOR SPDR TRUST
76201.0,XLNX,XILINX INC
22258.0,XLO,XILIO THERAPEUTICS INC
86452.0,XLP,SELECT SECTOR SPDR TRUST
15732.0,XLRE,SELECT SECTOR SPDR TRUST
14176.0,XLRN,ACCELERON PHARMA INC
18535.0,XLSR,SSGA ACTIVE TRUST
18271.0,XLSY,CUSHING E T F TRUST
18270.0,XLTY,CUSHING E T F TRUST
86458.0,XLU,SELECT SECTOR SPDR TRUST
18269.0,XLUY,CUSHING E T F TRUST
86451.0,XLV,SELECT SECTOR SPDR TRUST
86453.0,XLY,SELECT SECTOR SPDR TRUST
20345.0,XM,QUALTRICS INTERNATIONAL INC
25772.0,XMAG,TIDAL TRUST II
23759.0,XMAR,FIRST TRUST E T F VIII
25084.0,XMAY,FIRST TRUST E T F VIII
91320.0,XME,SPDR SERIES TRUST
91647.0,XMHQ,INVESCO E T F TRUST
13780.0,XMLV,POWERSHARES E T F TRUST II
13780.0,XMLV,INVESCO E T F TRUST II
90621.0,XMMO,INVESCO E T F TRUST
12899.0,XMPT,MARKET VECTORS E T F TRUST
12899.0,XMPT,VANECK VECTORS E T F TRUST
12899.0,XMPT,VANECK E T F TRUST
21593.0,XMTR,XOMETRY INC
90624.0,XMVM,INVESCO E T F TRUST
16586.0,XMX,WISDOMTREE TRUST
23475.0,XNAV,FUNDX INVESTMENT TRUST
14359.0,XNCR,XENCOR INC
14710.0,XNET,XUNLEI LTD
24560.0,XNOV,FIRST TRUST E T F VIII
90748.0,XNPT,XENOPORT INC
88610.0,XNTK,SPDR SERIES TRUST
12367.0,XNY,CHINA XINIYA FASHION LTD
24392.0,XOCT,FIRST TRUST E T F VIII
16402.0,XOG,EXTRACTION OIL & GAS INC
11850.0,XOM,EXXON MOBIL CORP
10333.0,XOMA,XOMA CORP
10333.0,XOMA,XOMA ROYALTY CORP
24158.0,XOMO,TIDAL TRUST II
14072.0,XON,INTREXON CORP
13799.0,XONE,EXONE CO
23360.0,XONE,BONDBLOXX ETF TRUST
91318.0,XOP,SPDR SERIES TRUST
20310.0,XOS,XOS INC
18975.0,XOUT,GRANITESHARES E T F TRUST
17055.0,XOVR,ENTREPRENEURSHARES SERIES TRUST
87496.0,XOXO,X O GROUP INC
19148.0,XP,X P INC
25695.0,XPAY,ROUNDHILL E T F TRUST
22693.0,XPDB,POWER & DIGITAL INFR ACQ II CORP
21117.0,XPDI,POWER & DIGITAL INFR ACQ CORP
18856.0,XPEL,XPEL INC
23343.0,XPER,XPERI INC
89922.0,XPER,XPERI CORP
89922.0,XPER,XPERI HOLDING CORP
19615.0,XPEV,XPENG INC
91317.0,XPH,SPDR SERIES TRUST
91421.0,XPL,SOLITARIO EXPLOR & ROYALTY CORP
91421.0,XPL,SOLITARIO ZINC CORP
91421.0,XPL,SOLITARIO RESOURCES CORP
13658.0,XPLR,XPLORE TECHNOLOGIES CORP
21399.0,XPND,FIRST TRUST E T F VIII
90175.0,XPO,X P O LOGISTICS INC
90175.0,XPO,X P O INC
20209.0,XPOA,D P C M CAPITAL INC
21685.0,XPOF,XPONENTIAL FITNESS INC
23062.0,XPON,EXPION360 INC
92964.0,XPP,PROSHARES TRUST
14089.0,XPRO,EXPRO GROUP HOLDINGS N V
91573.0,XRA,EXETER RESOURCES CORP
11600.0,XRAY,DENTSPLY INTERNATIONAL INC NEW
11600.0,XRAY,DENTSPLY SIRONA INC
13161.0,XRDC,CROSSROADS CAPITAL INC
16656.0,XRF,CHINA RAPID FINANCE LTD
15328.0,XRLV,POWERSHARES E T F TRUST II
15328.0,XRLV,INVESCO E T F TRUST II
24396.0,XRLX,FUNDX INVESTMENT TRUST
90700.0,XRM,XERIUM TECHNOLOGIES INC
21802.0,XRMI,GLOBAL X FUNDS
12339.0,XRS,T A L EDUCATION GROUP
91316.0,XRT,SPDR SERIES TRUST
22259.0,XRTX,XORTX THERAPEUTICS INC
27983.0,XRX,XEROX CORP
27983.0,XRX,XEROX HOLDINGS CORP
91122.0,XSD,SPDR SERIES TRUST
23370.0,XSEP,FIRST TRUST E T F VIII
17587.0,XSHD,POWERSHARES E T F TRUST II
17587.0,XSHD,INVESCO E T F TRUST II
17584.0,XSHQ,POWERSHARES E T F TRUST II
17584.0,XSHQ,INVESCO E T F TRUST II
13779.0,XSLV,POWERSHARES E T F TRUST II
13779.0,XSLV,INVESCO E T F TRUST II
90623.0,XSMO,INVESCO E T F TRUST
15118.0,XSOE,WISDOMTREE TRUST
12017.0,XSPA,XPRESSPA GROUP INC
90622.0,XSVM,INVESCO E T F TRUST
23356.0,XSVN,BONDBLOXX ETF TRUST
12998.0,XSW,SPDR SERIES TRUST
15249.0,XT,ISHARES TRUST
20940.0,XTAP,INNOVATOR E T F S TRUST
23355.0,XTEN,BONDBLOXX ETF TRUST
16138.0,XTH,SPDR SERIES TRUST
14610.0,XTIA,XTI AEROSPACE INC
22719.0,XTJA,INNOVATOR E T F S TRUST
21650.0,XTJL,INNOVATOR E T F S TRUST
18562.0,XTKG,X3 HOLDINGS CO LTD
12533.0,XTL,SPDR SERIES TRUST
90917.0,XTLB,X T L BIOPHARMACEUTICALS LTD
15485.0,XTLY,XACTLY CORP
12717.0,XTN,SPDR SERIES TRUST
12592.0,XTNT,XTANT MEDICAL HOLDINGS INC
22125.0,XTOC,INNOVATOR E T F S TRUST
21801.0,XTR,GLOBAL X FUNDS
23358.0,XTRE,BONDBLOXX ETF TRUST
23359.0,XTWO,BONDBLOXX ETF TRUST
23354.0,XTWY,BONDBLOXX ETF TRUST
17536.0,XUSA,NORTHERN LIGHTS FUND TR IV
23283.0,XUSP,INNOVATOR E T F S TRUST
20971.0,XVOL,TIDAL E T F TRUST
19775.0,XVV,ISHARES TRUST
16139.0,XWEB,SPDR SERIES TRUST
12017.0,XWEL,XWELL INC
24840.0,XXCH,DIREXION SHARES E T F TRUST
88750.0,XXIA,IXIA
14523.0,XXII,22ND CENTURY GROUP INC
18096.0,XYF,X FINANCIAL
13035.0,XYL,XYLEM INC
23694.0,XYLE,GLOBAL X FUNDS
19768.0,XYLG,GLOBAL X FUNDS
15379.0,XYLO,XYLO TECHNOLOGIES LTD
71271.0,Y,ALLEGHANY CORP DE
19806.0,YAC,YUCAIPA ACQUISITION CORP
19743.0,YALA,YALLA GROUP LTD
23493.0,YALL,TIDAL E T F TRUST
93157.0,YANG,DIREXION SHARES E T F TRUST
17711.0,YAO,INVESCO E T F TRUST II
93055.0,YAO,CLAYMORE E T F TRUST 2
19083.0,YAYO,YAYYO INC
25008.0,YBIT,TIDAL TRUST II
24794.0,YBTC,ROUNDHILL E T F TRUST
81546.0,YCB,YOUR COMMUNITY BANKSHARES INC
17091.0,YCBD,CBDMD INC
92845.0,YCL,PROSHARES TRUST II
18353.0,YCOM,PROSHARES TRUST
92844.0,YCS,PROSHARES TRUST II
20218.0,YDEC,FIRST TRUST E T F VIII
14108.0,YDIV,FIRST TRUST E T F VI
86793.0,YDKN,YADKIN FINANCIAL CORP
23346.0,YEAR,A B ACTIVE ETFS INC
15441.0,YECO,YULONG ECOMATERIALS LTD
59483.0,YELL,YELLOW CORP NEW
13318.0,YELP,YELP INC
16688.0,YERR,YANGTZE RIVER DEVELOPMENT LTD
17394.0,YESR,AMPLIFY ETF TRUST
25496.0,YETH,ROUNDHILL E T F TRUST
18145.0,YETI,YETI HOLDINGS INC
16650.0,YEXT,YEXT INC
92154.0,YGE,YINGLI GREEN ENERGY HLDG CO LTD
25964.0,YGLD,SIMPLIFY EXCHANGE TRADED FUNDS
19999.0,YGMZ,MINGZHU LOGISTICS HOLDINGS LTD
16808.0,YGYI,YOUNGEVITY INTERNATIONAL INC
24095.0,YHC,LQR HOUSE INC
85540.0,YHGJ,YUNHONG GREEN CTI LTD
83435.0,YHOO,YAHOO INC
18132.0,YI,111 INC
24721.0,YIBO,PLANET IMAGE INTERNATIONAL LTD
16022.0,YIN,YINTECH INVESTMENT HOLDINGS LTD
93158.0,YINN,DIREXION SHARES E T F TRUST
18678.0,YJ,YUNJI INC
21400.0,YJUN,FIRST TRUST E T F VIII
15389.0,YLCO,GLOBAL X FUNDS
15583.0,YLD,PRINCIPAL EXCHANGE TRADED FUNDS
16713.0,YLDE,LEGG MASON ETF INVESTMENT TR
18133.0,YMAB,Y MABS THERAPEUTICS INC
24798.0,YMAG,TIDAL TRUST II
20696.0,YMAR,FIRST TRUST E T F VIII
24799.0,YMAX,TIDAL TRUST II
13770.0,YMLI,EXCHANGE TRADED CONCEPTS TR
15928.0,YMLI,VANECK VECTORS E T F TRUST
13295.0,YMLP,EXCHANGE TRADED CONCEPTS TR
15927.0,YMLP,VANECK VECTORS E T F TRUST
21401.0,YMM,FULL TRUCK ALLIANCE CO LTD
15950.0,YMTX,YUMANITY THERAPEUTICS INC
12799.0,YNDX,YANDEX N V
13412.0,YOD,YOU ON DEMAND HOLDINGS INC
16913.0,YOGA,YOGAWORKS INC
18513.0,YOLO,ADVISORSHARES TRUST
88857.0,YORW,YORK WATER CO
23431.0,YOSH,YOSHIHARU GLOBAL CO
21372.0,YOU,CLEAR SECURE INC
79362.0,YPF,Y P F SOCIEDAD ANONIMA
14557.0,YPRO,ADVISORSHARES TRUST
21197.0,YPS,ARROW INVESTMENTS TRUST
20337.0,YQ,17 EDUCATION & TECH GROUP INC
25432.0,YQQQ,TIDAL TRUST II
59483.0,YRCW,Y R C WORLDWIDE INC
15896.0,YRD,YIRENDAI LTD
15896.0,YRD,YIREN DIGITAL LTD
16688.0,YRIV,YANGTZE RIVER PORT AND LOGIS LTD
23814.0,YS,YS BIOPHARMA CO LTD
20338.0,YSAC,YELLOWSTONE ACQUISITION CO
22009.0,YSEP,FIRST TRUST E T F VIII
20112.0,YSG,YATSEN HOLDING LTD
91615.0,YTEN,YIELD10 BIOSCIENCE INC
16537.0,YTRA,YATRA ONLINE INC
85348.0,YUM,YUM BRANDS INC
64822.0,YUMA,YUMA ENERGY INC
64822.0,YUMA,YUMA ENERGY INC NEW
16343.0,YUMC,YUM CHINA HOLDINGS INC
14087.0,YUME,YUME INC
22495.0,YUMY,VANECK E T F TRUST
79474.0,YVR,LIQUID MEDIA GROUP LTD
93293.0,YXI,PROSHARES TRUST
25433.0,YXT,YXT COM GROUP HOLDING LTD
13701.0,YY,Y Y INC
13701.0,YY,JOYY INC
23178.0,YYAI,CONNEXA SPORTS TECHNOLOGIES INC
25039.0,YYGH,YY GROUP HOLDING LTD
13433.0,YYY,EXCHANGE TRADED CONCEPTS TR
18971.0,YYY,AMPLIFY ETF TRUST
85932.0,YZC,YANZHOU COAL MINING CO LTD
15546.0,Z,ZILLOW GROUP INC
93149.0,ZAGG,ZAGG INC
13827.0,ZAIS,ZAIS GROUP HOLDINGS INC
24400.0,ZALT,INNOVATOR E T F S TRUST
26036.0,ZAP,GLOBAL X FUNDS
23939.0,ZAPP,ZAPP ELECTRIC VEHICLES GROUP LTD
25376.0,ZAUG,INNOVATOR E T F S TRUST
14984.0,ZAYO,ZAYO GROUP HOLDINGS INC
25040.0,ZBAO,ZHIBAO TECHNOLOGY INC
92155.0,ZBB,Z B B ENERGY CORP
89070.0,ZBH,ZIMMER BIOMET HOLDINGS INC
15442.0,ZBIO,PROSHARES TRUST
25635.0,ZBIO,ZENAS BIOPHARMA INC
76795.0,ZBRA,ZEBRA TECHNOLOGIES CORP
14742.0,ZCAN,SPDR INDEX SHARES FUNDS
22662.0,ZCAR,ZOOMCAR HOLDINGS INC
19257.0,ZCMD,ZHONGCHAO INC
87075.0,ZD,ZIFF DAVIS INC
25885.0,ZDEK,INNOVATOR E T F S TRUST
14740.0,ZDEU,SPDR INDEX SHARES FUNDS
16049.0,ZDGE,ZEDGE INC
16914.0,ZEAL,ZEALAND PHARMA A S
21819.0,ZECP,ZACKS TRUST
14641.0,ZEN,ZENDESK INC
25660.0,ZENA,ZENATECH INC
21788.0,ZENV,ZENVIA INC
22546.0,ZEO,ZEO ENERGY CORP
17301.0,ZEPP,ZEPP HEALTH CORP
21887.0,ZEST,ECOARK HOLDINGS INC
21349.0,ZETA,ZETA GLOBAL HOLDINGS CORP
80375.0,ZEUS,OLYMPIC STEEL INC
19521.0,ZEV,LIGHTNING EMOTORS INC
70295.0,ZF,ZWEIG FUND INC
70295.0,ZF,VIRTUS TOTAL RETURN FUND INC
13787.0,ZFC,ZAIS FINANCIAL CORP
14711.0,ZFGN,ZAFGEN INC
20403.0,ZFOX,ZEROFOX HOLDINGS INC
12927.0,ZG,ZILLOW GROUP INC
14738.0,ZGBR,SPDR INDEX SHARES FUNDS
22617.0,ZGEN,ALPHA ARCHITECT ETF TRUST
22617.0,ZGEN,E A SERIES TRUST
22515.0,ZGN,ERMENEGILDO ZEGNA N V
12413.0,ZGNX,ZOGENIX INC
19355.0,ZGYH,YUNHONG INTERNATIONAL
20737.0,ZH,ZHIHU INC
21678.0,ZHDG,TIDAL E T F TRUST
89925.0,ZHNE,ZHONE TECHNOLOGIES INC
18090.0,ZHOK,SPDR INDEX SHARES FUNDS
19405.0,ZI,ZOOMINFO TECHNOLOGIES INC
18685.0,ZIG,E T F SERIES SOLUTIONS
20410.0,ZIM,Z I M INTEGRATED SHIP SERV LTD
22757.0,ZIMV,ZIMVIE INC
92232.0,ZINC,HORSEHEAD HOLDING CORP
84129.0,ZION,ZIONS BANCORPORATION
84129.0,ZION,ZIONS BANCORPORATION N A
91488.0,ZIOP,ZIOPHARM ONCOLOGY INC
21125.0,ZIP,ZIPRECRUITER INC
23850.0,ZIVB,VOLATILITY SHARES TRUST
21344.0,ZIVO,ZIVO BIOSCIENCE INC
75853.0,ZIXI,ZIX CORP
25636.0,ZJK,ZJK INDUSTRIAL CO LTD
14741.0,ZJPN,SPDR INDEX SHARES FUNDS
25299.0,ZJUL,INNOVATOR E T F S TRUST
23815.0,ZJYL,JIN MEDICAL INTERNATIONAL LTD
25131.0,ZK,ZEEKR INTELLIGENT TECH HLDG LTD
24631.0,ZKH,Z K H GROUP LTD
16937.0,ZKIN,Z K INTERNATIONAL GROUP CO LTD
16938.0,ZLAB,ZAI LAB LTD
13049.0,ZLTQ,ZELTIQ AESTHETICS INC
18484.0,ZM,ZOOM VIDEO COMMUNICATIONS INC
21428.0,ZME,ZHANGMEN EDUCATION INC
14388.0,ZMLP,DIREXION SHARES E T F TRUST
91729.0,ZN,ZION OIL & GAS INC
13169.0,ZNGA,ZYNGA INC
85235.0,ZNH,CHINA SOUTHERN AIRLINES CO LTD
25779.0,ZNOV,INNOVATOR E T F S TRUST
20464.0,ZNTE,ZANITE ACQUISITION CORP
19356.0,ZNTL,ZENTALIS PHARMACEUTICALS INC
25650.0,ZOCT,INNOVATOR E T F S TRUST
14588.0,ZOES,ZOES KITCHEN INC
17103.0,ZOM,ZOMEDICA PHARMACEUTICALS CORP
17103.0,ZOM,ZOMEDICA CORP
24983.0,ZONE,CLEANCORE SOLUTIONS INC
25041.0,ZOOZ,ZOOZ POWER LTD
14753.0,ZPIN,ZHAOPIN LTD
93109.0,ZROZ,PIMCO E T F TRUST
17341.0,ZS,ZSCALER INC
15187.0,ZSAN,ZOSANO PHARMA CORP
23656.0,ZSB,U S C F ETF TRUST
24146.0,ZSC,U S C F ETF TRUST
25472.0,ZSEP,INNOVATOR E T F S TRUST
92864.0,ZSL,PROSHARES TRUST II
26037.0,ZSPC,ZSPACE INC
23930.0,ZTAX,X SQUARE SERIES TRUST
22916.0,ZTEK,ZENTEK LTD
24792.0,ZTEN,R B B FUND INC
16449.0,ZTO,Z T O EXPRESS CAYMAN INC
75367.0,ZTR,ZWEIG TOTAL RETURN FUND INC
75367.0,ZTR,VIRTUS GLOBAL DIV & INCOME FD IN
75367.0,ZTR,VIRTUS TOTAL RETURN FUND INC
24789.0,ZTRE,R B B FUND INC
13788.0,ZTS,ZOETIS INC
24793.0,ZTWO,R B B FUND INC
90715.0,ZUMZ,ZUMIEZ INC
17382.0,ZUO,ZUORA INC
22071.0,ZURA,ZURA BIO LTD
21686.0,ZVIA,ZEVIA P B C
92902.0,ZVO,ZOVIO INC
23850.0,ZVOL,VOLATILITY SHARES TRUST
15294.0,ZVRA,ZEVRA THERAPEUTICS INC
22781.0,ZVSA,ZYVERSA THERAPEUTICS INC
13305.0,ZWS,ZURN WATER SOLUTIONS CORP
13305.0,ZWS,ZURN ELKAY WATER SOLUTIONS CORP
12720.0,ZX,CHINA ZENIX AUTO INTL LTD
20900.0,ZY,ZYMERGEN INC
16668.0,ZYME,ZYMEWORKS INC
16668.0,ZYME,ZYMEWORKS INC DE
15646.0,ZYNE,ZYNERBA PHARMACEUTICALS INC
18418.0,ZYXI,ZYNEX INC
24676.0,ZZZ,ONEFUND TRUST
