feature,correlation,abs_correlation,p_value
oibdp_over_mktcap,0.10556394922864848,0.10556394922864848,2.610148252261969e-45
ebitda_over_mktcap,0.10556394922864848,0.10556394922864848,2.610148252261969e-45
dpvieb_over_mktcap,0.09702865685107377,0.09702865685107377,1.6182016424091523e-38
oancf_over_mktcap,0.0965293299697085,0.0965293299697085,3.877192449450475e-38
ppegt_over_mktcap,0.09361738791348784,0.09361738791348784,5.785147341684029e-36
ppeveb_over_mktcap,0.09357229532726573,0.09357229532726573,6.243814557515867e-36
dpact_over_mktcap,0.09314654153757189,0.09314654153757189,1.2809064743102398e-35
ppent_over_mktcap,0.09184123579840203,0.09184123579840203,1.135961023742438e-34
oancf_over_emp,0.09035406327138634,0.09035406327138634,1.3149343737564212e-33
oibdp_over_emp,0.08971844055781247,0.08971844055781247,3.6995702861022874e-33
ebitda_over_emp,0.08971844055781247,0.08971844055781247,3.6995702861022874e-33
dp_over_mktcap,0.08697841013002358,0.08697841013002358,2.9401691422960266e-31
ppegt_over_xsga,0.08689266345151636,0.08689266345151636,3.3642288590134115e-31
ppeveb_over_xsga,0.08651640156479762,0.08651640156479762,6.06683872976007e-31
dpvieb_over_xsga,0.08506016355345487,0.08506016355345487,5.8019518136037986e-30
dpact_over_xsga,0.08506016355345487,0.08506016355345487,5.8019518136037986e-30
gp_over_mktcap,0.08416711856617319,0.08416711856617319,2.2735626832967395e-29
ppent_over_at,0.08370851391452179,0.08370851391452179,4.558975684643795e-29
ppegt_over_at,0.08364856930892031,0.08364856930892031,4.9916147939768976e-29
capxv_over_mktcap,0.08346143764331251,0.08346143764331251,6.621779309987737e-29
capx_over_mktcap,0.08341178283390649,0.08341178283390649,7.136670004506204e-29
ppeveb_over_at,0.08330373191078598,0.08330373191078598,8.398383335042825e-29
ni_over_emp,0.08156646403714565,0.08156646403714565,1.1178165426054332e-27
ppent_over_xsga,0.08153538681169589,0.08153538681169589,1.1702138435107801e-27
oancf_over_ceq,0.08152649071955326,0.08152649071955326,1.1856563963727666e-27
ebitda_over_at,0.08139919112316144,0.08139919112316144,1.4300934791360152e-27
oibdp_over_at,0.08139919112316144,0.08139919112316144,1.4300934791360152e-27
ppent_over_icapt,0.08130710651246781,0.08130710651246781,1.6374636059205155e-27
ebit_over_emp,0.08116984688668918,0.08116984688668918,2.003112978229987e-27
oiadp_over_emp,0.08083348318355428,0.08083348318355428,3.277852442765213e-27
niadj_over_emp,0.08074900086613264,0.08074900086613264,3.708259932020406e-27
ebit_over_mktcap,0.08055664686977489,0.08055664686977489,4.908598610593717e-27
oancf_over_seq,0.0804234407747481,0.0804234407747481,5.958353223044622e-27
oiadp_over_mktcap,0.08037411305281,0.08037411305281,6.401174424631616e-27
dpvieb_over_emp,0.08035044530969682,0.08035044530969682,6.625076670702036e-27
ebitda_over_icapt,0.08001423981083067,0.08001423981083067,1.0784982316711424e-26
oibdp_over_icapt,0.08001423981083067,0.08001423981083067,1.0784982316711424e-26
oancf_over_at,0.07997997573178951,0.07997997573178951,1.1332813294708788e-26
ppegt_over_icapt,0.07997040869153511,0.07997040869153511,1.149064275908892e-26
re_d_over_emp,0.0798816447142122,0.0798816447142122,1.306291027907321e-26
ib_over_emp,0.07984533418602568,0.07984533418602568,1.376592824295422e-26
pi_over_emp,0.07982727653153647,0.07982727653153647,1.4129384508625364e-26
ibc_over_emp,0.0798146787675128,0.0798146787675128,1.4388564164884722e-26
ppeveb_over_icapt,0.07971105507332783,0.07971105507332783,1.6707240638213285e-26
rect_over_mktcap,0.07965023244860077,0.07965023244860077,1.82369265785391e-26
oancf_over_icapt,0.07955555351846821,0.07955555351846821,2.0898709146331607e-26
dilavx_over_at,0.07947059537603698,0.07947059537603698,2.3613088776824076e-26
rectr_over_mktcap,0.07940094752365914,0.07940094752365914,2.60967800775281e-26
dilavx_over_emp,0.07932838766091334,0.07932838766091334,2.8959877924630045e-26
sstk_over_at,-0.0792391369843778,0.0792391369843778,3.291164723736135e-26
dilavx_over_icapt,0.07911997626293521,0.07911997626293521,3.9032159071798597e-26
dp_over_xsga,0.07910309974330042,0.07910309974330042,3.998567430185346e-26
ibcom_over_emp,0.07906281191883123,0.07906281191883123,4.235628072307119e-26
che_over_at,-0.07904808282578836,0.07904808282578836,4.3257305563141333e-26
ibcom_over_at,0.07903890339230092,0.07903890339230092,4.382842294073745e-26
ib_over_at,0.07903742943740778,0.07903742943740778,4.3920821887518295e-26
ibadj_over_at,0.07902517517745924,0.07902517517745924,4.469652727701132e-26
ibadj_over_emp,0.07896699368548203,0.07896699368548203,4.8568788752851856e-26
ibc_over_at,0.07894201880358005,0.07894201880358005,5.033131678804376e-26
oibdp_over_seq,0.0788009980639596,0.0788009980639596,6.154042063619128e-26
ebitda_over_seq,0.0788009980639596,0.0788009980639596,6.154042063619128e-26
ibadj_over_icapt,0.07868229683914421,0.07868229683914421,7.286879894122771e-26
dpc_over_mktcap,0.07863202216613123,0.07863202216613123,7.826872374330405e-26
ibcom_over_icapt,0.07862371914671848,0.07862371914671848,7.919792482823835e-26
ib_over_icapt,0.07848231064319781,0.07848231064319781,9.681089095017779e-26
reuna_d_over_emp,0.07842993533476483,0.07842993533476483,1.042763526328451e-25
ibc_over_icapt,0.07840408171962147,0.07840408171962147,1.0816904179042036e-25
sstk_over_ppent,-0.07803194845589276,0.07803194845589276,1.8307701075719808e-25
fate_over_mktcap,0.0775214213269456,0.0775214213269456,3.7531362572586284e-25
ceq_over_mktcap,0.07726174549620142,0.07726174549620142,5.397446186412755e-25
niadj_over_at,0.07714323188101291,0.07714323188101291,6.368381964305011e-25
fincf_over_at,-0.07713246731206132,0.07713246731206132,6.464708662871915e-25
fincf_over_ppent,-0.07706246372707012,0.07706246372707012,7.127323506325431e-25
ni_over_lct,0.07705417296152338,0.07705417296152338,7.210125990643421e-25
ib_over_lct,0.07700302267581195,0.07700302267581195,7.7424748962749445e-25
ebitda_over_ceq,0.0769112162854671,0.0769112162854671,8.797420763481359e-25
oibdp_over_ceq,0.0769112162854671,0.0769112162854671,8.797420763481359e-25
dilavx_over_lct,0.07685759112087517,0.07685759112087517,9.478264978207787e-25
ibc_over_lct,0.0768106132643281,0.0768106132643281,1.011744642512328e-24
niadj_over_lct,0.07677286601681786,0.07677286601681786,1.0661826563491307e-24
ceql_over_mktcap,0.07677081822166536,0.07677081822166536,1.0692175234997323e-24
ni_over_at,0.07674625017175811,0.07674625017175811,1.1063018983116356e-24
ibadj_over_lct,0.07658477848467485,0.07658477848467485,1.3838157183182035e-24
ibcom_over_lct,0.07654932130877368,0.07654932130877368,1.4534361067081747e-24
sstk_over_icapt,-0.07628386748049262,0.07628386748049262,2.0974009540769423e-24
oibdp_over_lct,0.07620316754489437,0.07620316754489437,2.344209907399505e-24
ebitda_over_lct,0.07620316754489437,0.07620316754489437,2.344209907399505e-24
reuna_d_over_lct,0.0760928322906246,0.0760928322906246,2.7288018302582444e-24
che_over_act,-0.075972917615946,0.075972917615946,3.217865580358335e-24
ebit_over_at,0.07578783708589153,0.07578783708589153,4.1481212549889254e-24
oiadp_over_at,0.07574592160544363,0.07574592160544363,4.3932957246841774e-24
seq_over_mktcap,0.07499902017526483,0.07499902017526483,1.2158712971596357e-23
pi_over_icapt,0.07489744903837095,0.07489744903837095,1.395315977966806e-23
niadj_over_icapt,0.07487610465495309,0.07487610465495309,1.436235607434877e-23
re_d_over_lct,0.07483709928428517,0.07483709928428517,1.514106671566903e-23
pi_over_at,0.07480651116647603,0.07480651116647603,1.578085620055941e-23
dpact_over_emp,0.07443341423206569,0.07443341423206569,2.6108494961626827e-23
sale_over_mktcap,0.07441206499954367,0.07441206499954367,2.6869564570956605e-23
revt_over_mktcap,0.07441206499954367,0.07441206499954367,2.6869564570956605e-23
fincf_over_icapt,-0.07440119991450495,0.07440119991450495,2.7265281849738606e-23
dpc_over_xsga,0.07429026703454408,0.07429026703454408,3.165079152671872e-23
ni_over_icapt,0.07425369549612393,0.07425369549612393,3.324435998398477e-23
icapt_over_mktcap,0.07376661003823562,0.07376661003823562,6.380548234848724e-23
ppegt_over_emp,0.07363519228688184,0.07363519228688184,7.602106164786104e-23
ppeveb_over_emp,0.07348728334370402,0.07348728334370402,9.255407914318017e-23
ib_over_act,0.07343504818513753,0.07343504818513753,9.920562366166335e-23
ap_over_xsga,0.0733192172702227,0.0733192172702227,1.1569038593550762e-22
ibc_over_act,0.0732365572753728,0.0732365572753728,1.2908500902562349e-22
at_over_mktcap,0.07322701302760522,0.07322701302760522,1.3072720919618502e-22
lse_over_mktcap,0.07322701302760522,0.07322701302760522,1.3072720919618502e-22
ebit_over_icapt,0.07314344290097716,0.07314344290097716,1.4601858172366256e-22
oiadp_over_icapt,0.07310751295056027,0.07310751295056027,1.5312515610836338e-22
oancf_over_lct,0.07297288630683679,0.07297288630683679,1.829311639971555e-22
ni_over_act,0.07279537779920481,0.07279537779920481,2.311620091898027e-22
dilavx_over_act,0.07254935464443449,0.07254935464443449,3.1942321442370715e-22
pi_over_lct,0.07253609324917483,0.07253609324917483,3.2503025059581523e-22
ebit_over_lct,0.07227086402916473,0.07227086402916473,4.600270607144561e-22
oiadp_over_lct,0.07222895985365484,0.07222895985365484,4.85923586852951e-22
ibcom_over_act,0.07216276273243331,0.07216276273243331,5.298016511736732e-22
ibadj_over_act,0.07214572768362011,0.07214572768362011,5.417134780645143e-22
oancf_over_act,0.07211861751748498,0.07211861751748498,5.612190584938164e-22
sstk_over_lct,-0.07201768438007883,0.07201768438007883,6.4014576309837975e-22
invrm_over_mktcap,0.07189802469088939,0.07189802469088939,7.480408761621059e-22
re_over_sale,0.07156129091161245,0.07156129091161245,1.1579543112938138e-21
reuna_over_emp,0.07153693414418331,0.07153693414418331,1.1950428419337981e-21
niadj_over_act,0.07152150930615135,0.07152150930615135,1.2191358303425863e-21
dpvieb_d_over_xsga,0.07147795634637538,0.07147795634637538,1.2897884499567919e-21
dpact_d_over_xsga,0.07147795634637538,0.07147795634637538,1.2897884499567919e-21
ebit_over_seq,0.07145743466963887,0.07145743466963887,1.3244685988371764e-21
reuna_over_sale,0.07144363861946862,0.07144363861946862,1.3482998429232822e-21
oiadp_over_seq,0.07136436097111912,0.07136436097111912,1.4936974518140473e-21
re_over_emp,0.07127437835550407,0.07127437835550407,1.6775878740861049e-21
oibdp_over_act,0.07087712201176558,0.07087712201176558,2.7960156012614502e-21
ebitda_over_act,0.07087712201176558,0.07087712201176558,2.7960156012614502e-21
ib_over_seq,0.07084986398277392,0.07084986398277392,2.8954583515141767e-21
dilavx_over_seq,0.07084138609876155,0.07084138609876155,2.927094709062893e-21
re_d_over_act,0.07081932030634398,0.07081932030634398,3.0110481437496297e-21
re_d_over_sale,0.07078960056051084,0.07078960056051084,3.127897587277007e-21
ibc_over_seq,0.07076467670512947,0.07076467670512947,3.229340405144949e-21
ibcom_over_seq,0.07056970825583632,0.07056970825583632,4.143603548596662e-21
reuna_d_over_sale,0.07047687910860284,0.07047687910860284,4.664678100608548e-21
reuna_d_over_at,0.07046591711313392,0.07046591711313392,4.730337317095306e-21
ibadj_over_seq,0.0702010902910935,0.0702010902910935,6.626157929861231e-21
ebit_over_ceq,0.07007103914269963,0.07007103914269963,7.815226453169075e-21
ib_over_ceq,0.07006948469843724,0.07006948469843724,7.830644881246839e-21
oiadp_over_ceq,0.06998443757198688,0.06998443757198688,8.721688309916953e-21
reuna_d_over_act,0.06995669103428594,0.06995669103428594,9.033537503693103e-21
ibc_over_ceq,0.06995523471540097,0.06995523471540097,9.050206499610404e-21
gp_over_xsga,0.06945367791207502,0.06945367791207502,1.7038002414870332e-20
caps_d_over_ppent,-0.06931796840993117,0.06931796840993117,2.0203501538969298e-20
ppent_over_emp,0.06929557791458751,0.06929557791458751,2.0778938808775752e-20
oancf_over_xsga,0.06924057642167462,0.06924057642167462,2.2262179085649945e-20
fincf_over_lt,-0.06923681687472702,0.06923681687472702,2.2367302656871347e-20
oibdp_over_xsga,0.06915961678090105,0.06915961678090105,2.463778074332619e-20
ebitda_over_xsga,0.06915961678090105,0.06915961678090105,2.463778074332619e-20
re_d_over_at,0.06915921822431587,0.06915921822431587,2.465007443022642e-20
sstk_over_lt,-0.06913268641026629,0.06913268641026629,2.5482247429480484e-20
che_over_icapt,-0.06909417814163141,0.06909417814163141,2.6739695601206612e-20
sstk_over_seq,-0.06882918733378521,0.06882918733378521,3.7221559785407474e-20
dpvieb_d_over_mktcap,0.06870637585681255,0.06870637585681255,4.336902745409861e-20
che_over_lct,-0.06866014353131246,0.06866014353131246,4.593460781467548e-20
reuna_over_at,0.06861153389805953,0.06861153389805953,4.879394605281561e-20
reuna_over_lct,0.06842065047113913,0.06842065047113913,6.182644624639295e-20
dilavx_over_ceq,0.06839768634448376,0.06839768634448376,6.360972809471936e-20
xopr_over_mktcap,0.06831165831985829,0.06831165831985829,7.075381374780125e-20
re_over_at,0.06829054841151525,0.06829054841151525,7.262468891568939e-20
re_over_lct,0.06824229163464822,0.06824229163464822,7.708707360443328e-20
caps_over_at,-0.06816776304838845,0.06816776304838845,8.451664782452525e-20
ibcom_over_ceq,0.06815768743787579,0.06815768743787579,8.557389387856366e-20
ceqt_over_mktcap,0.06812891773637819,0.06812891773637819,8.866521019314396e-20
ni_over_seq,0.06811271931842376,0.06811271931842376,9.045403190513315e-20
sstk_over_ceq,-0.06805562046024304,0.06805562046024304,9.704868458545682e-20
ibadj_over_ceq,0.06796978589755838,0.06796978589755838,1.0786594972301619e-19
revt_over_xsga,0.06794346162044089,0.06794346162044089,1.114161639962429e-19
sale_over_xsga,0.06794346162044089,0.06794346162044089,1.114161639962429e-19
icapt_over_ppent,-0.06771803092470334,0.06771803092470334,1.4694853393952061e-19
reuna_d_over_lt,0.0676904673987717,0.0676904673987717,1.5199777315230828e-19
pi_over_seq,0.06762522854931506,0.06762522854931506,1.6464182328018542e-19
ni_over_sale,0.06759268326326812,0.06759268326326812,1.713325446485665e-19
pi_over_act,0.06750550129524384,0.06750550129524384,1.9060823331957368e-19
pi_over_ceq,0.06749556761876113,0.06749556761876113,1.92936159591055e-19
niadj_over_seq,0.06743782627432782,0.06743782627432782,2.070345433609496e-19
reuna_d_over_icapt,0.06733270639856861,0.06733270639856861,2.3536280126795896e-19
niadj_over_sale,0.06698823619810923,0.06698823619810923,3.578048315309222e-19
ib_over_lt,0.06696412264797152,0.06696412264797152,3.684221103085369e-19
sstk_over_act,-0.06691425154269043,0.06691425154269043,3.91377795322481e-19
ibc_over_lt,0.06690417636299334,0.06690417636299334,3.961841375395065e-19
ni_over_cogs,0.06689317269396068,0.06689317269396068,4.0150004267141113e-19
cogs_over_mktcap,0.06682151781065818,0.06682151781065818,4.378818187417006e-19
invwip_over_mktcap,0.06667871790611135,0.06667871790611135,5.203707370351055e-19
at_over_ppent,-0.06659007348001676,0.06659007348001676,5.791126231743514e-19
lse_over_ppent,-0.06659007348001676,0.06659007348001676,5.791126231743514e-19
fopo_over_sale,-0.06658956556942595,0.06658956556942595,5.794673945133732e-19
re_d_over_lt,0.06649905163233502,0.06649905163233502,6.4624268263780895e-19
rect_over_act,0.06641957631409098,0.06641957631409098,7.111043846156787e-19
caps_d_over_at,-0.06630607544881723,0.06630607544881723,8.150226515926558e-19
act_over_sale,-0.06625472090950858,0.06625472090950858,8.668399707937861e-19
dpact_d_over_mktcap,0.06623798672549189,0.06623798672549189,8.844177232094311e-19
caps_d_over_lct,-0.06610947028510256,0.06610947028510256,1.0316733426668294e-18
ib_over_sale,0.0660897319723496,0.0660897319723496,1.0563392968916219e-18
niadj_over_cogs,0.06603825211478039,0.06603825211478039,1.1234447978460236e-18
dilavx_over_lt,0.06601427903270443,0.06601427903270443,1.1561145134595043e-18
ibc_over_sale,0.06593779888595556,0.06593779888595556,1.266738330605994e-18
ppegt_over_ceq,0.0659273560248243,0.0659273560248243,1.2826325836828424e-18
caps_d_over_icapt,-0.06590372377553211,0.06590372377553211,1.3193321039358853e-18
caps_d_over_lt,-0.06589990029130757,0.06589990029130757,1.325366424916536e-18
dilavx_over_sale,0.0658585103592843,0.0658585103592843,1.3924590909420658e-18
ppeveb_over_ceq,0.0658110959400156,0.0658110959400156,1.4734461063258672e-18
gp_over_emp,0.06577904538503676,0.06577904538503676,1.530807551118338e-18
ibadj_over_sale,0.06577464200260397,0.06577464200260397,1.5388587183600052e-18
ibadj_over_lt,0.06575985294486365,0.06575985294486365,1.5662063606744656e-18
xopr_over_sale,-0.06572280311347453,0.06572280311347453,1.6368431385627295e-18
che_over_ppent,-0.06571358030036187,0.06571358030036187,1.6549101902705478e-18
ppegt_over_act,0.06571191608300676,0.06571191608300676,1.658191220140894e-18
reuna_over_lt,0.06570470640993475,0.06570470640993475,1.6724795445208743e-18
re_d_over_icapt,0.06565144450437223,0.06565144450437223,1.7818695519177792e-18
ni_over_ceq,0.06564826353477028,0.06564826353477028,1.7886217199535223e-18
ibcom_over_sale,0.06563856411407772,0.06563856411407772,1.809366798871096e-18
caps_over_sale,-0.06557096909064716,0.06557096909064716,1.9606850463838656e-18
ppent_over_ceq,0.06556770015456653,0.06556770015456653,1.9683114409546864e-18
ni_over_lt,0.06554538695780429,0.06554538695780429,2.0211559270484446e-18
ibcom_over_lt,0.06552960521072014,0.06552960521072014,2.0593752738904115e-18
pi_over_sale,0.06552888021656707,0.06552888021656707,2.0611480635587067e-18
oibdp_over_sale,0.06550497971412832,0.06550497971412832,2.1204418813020342e-18
ebitda_over_sale,0.06550497971412832,0.06550497971412832,2.1204418813020342e-18
dpvieb_over_act,0.06546626335920466,0.06546626335920466,2.220084783722688e-18
ppeveb_over_act,0.06541657346339619,0.06541657346339619,2.3547691026873923e-18
dpvieb_over_at,0.06541390535345204,0.06541390535345204,2.3622249146542173e-18
oancf_over_sale,0.06532647305166664,0.06532647305166664,2.619873954097986e-18
re_over_lt,0.06532643378295369,0.06532643378295369,2.6199956884280887e-18
ib_over_ppent,0.06525793074283469,0.06525793074283469,2.841087631217973e-18
ibc_over_ppent,0.06523992997961064,0.06523992997961064,2.902177898628025e-18
ib_over_cogs,0.06521081544513484,0.06521081544513484,3.003741683108459e-18
caps_over_lt,-0.06519503050635816,0.06519503050635816,3.0602649472188213e-18
wcap_over_sale,-0.06514983200645219,0.06514983200645219,3.2279862779195303e-18
xrent_over_sale,-0.06513430263552221,0.06513430263552221,3.2876814172892445e-18
rectr_over_act,0.06507675239654144,0.06507675239654144,3.5185615497472645e-18
ebit_over_sale,0.06507270304004681,0.06507270304004681,3.535396606306144e-18
ibc_over_cogs,0.06504362406696916,0.06504362406696916,3.658649623841861e-18
oiadp_over_sale,0.06503262223218408,0.06503262223218408,3.706379430129683e-18
che_over_sale,-0.06502744294735012,0.06502744294735012,3.729061265383436e-18
dpact_over_at,0.06474192999082669,0.06474192999082669,5.216058358634014e-18
lct_over_sale,-0.06473588623725278,0.06473588623725278,5.253161101168438e-18
reuna_d_over_ppent,0.06472773596945368,0.06472773596945368,5.303608593664392e-18
caps_over_ppent,-0.06456868051988261,0.06456868051988261,6.389574314591356e-18
niadj_over_lt,0.06455270981080484,0.06455270981080484,6.510049716705233e-18
dilavx_over_cogs,0.06442824095884142,0.06442824095884142,7.529066100882686e-18
dilavx_over_ppent,0.06440338014060527,0.06440338014060527,7.75070833564334e-18
xrd_over_emp,-0.06430191990640553,0.06430191990640553,8.72399153108468e-18
che_over_lt,-0.06422606605079323,0.06422606605079323,9.529528627296387e-18
ppegt_over_lct,0.06422058861579526,0.06422058861579526,9.590459392847253e-18
ppegt_over_seq,0.06419045493553834,0.06419045493553834,9.932604711641014e-18
aco_over_sale,-0.0641852714534675,0.0641852714534675,9.992661476714156e-18
ibadj_over_cogs,0.06416163104911632,0.06416163104911632,1.0271138996450547e-17
ibcom_over_cogs,0.06413333307362906,0.06413333307362906,1.061456589217142e-17
rect_over_xsga,0.06407589045322624,0.06407589045322624,1.1346915517303834e-17
ebit_over_lt,0.06406548313004384,0.06406548313004384,1.1484836629781018e-17
ap_over_mktcap,0.0640620819773069,0.0640620819773069,1.1530267418750859e-17
ppeveb_over_seq,0.06405305068600661,0.06405305068600661,1.1651765030294165e-17
oiadp_over_lt,0.06403408959887355,0.06403408959887355,1.1910973138333457e-17
ppent_over_seq,0.06400637406373189,0.06400637406373189,1.2300127569806204e-17
niadj_over_ceq,0.06397270247425606,0.06397270247425606,1.2789822050659262e-17
ppent_over_lct,0.06394112125319314,0.06394112125319314,1.3266575857791383e-17
ibcom_over_ppent,0.0639335211124102,0.0639335211124102,1.3383901368048412e-17
ppeveb_over_lct,0.06380759785849509,0.06380759785849509,1.548366975293522e-17
caps_over_lct,-0.06376260490776532,0.06376260490776532,1.631016668940208e-17
oancf_over_cogs,0.06358646920366032,0.06358646920366032,1.9985743626062964e-17
reuna_over_ppent,0.06357157221571896,0.06357157221571896,2.033172471890524e-17
mrc1_over_sale,-0.06356122535030763,0.06356122535030763,2.05755003590919e-17
ppent_over_act,0.06354898492399283,0.06354898492399283,2.0867614502371215e-17
lco_over_sale,-0.06348763512633368,0.06348763512633368,2.2394492124398326e-17
ibadj_over_ppent,0.06343005329473483,0.06343005329473483,2.3927624371622117e-17
lct_over_mktcap,0.06331001376205797,0.06331001376205797,2.7464336011523785e-17
oibdp_over_lt,0.06319152270608758,0.06319152270608758,3.145988443597712e-17
ebitda_over_lt,0.06319152270608758,0.06319152270608758,3.145988443597712e-17
xsga_over_sale,-0.06318340360008634,0.06318340360008634,3.175375281887991e-17
pi_over_lt,0.06316904473324032,0.06316904473324032,3.2280110852474004e-17
pi_over_cogs,0.06316671544809647,0.06316671544809647,3.236630379221344e-17
capx_over_xsga,0.06315474812367808,0.06315474812367808,3.281273529071519e-17
re_d_over_ppent,0.06312532345851951,0.06312532345851951,3.393639023552477e-17
ebit_over_act,0.06309946141873492,0.06309946141873492,3.495528196212108e-17
capxv_over_xsga,0.06306997755211179,0.06306997755211179,3.6153707522956355e-17
oiadp_over_act,0.06303772455503243,0.06303772455503243,3.751113227885822e-17
act_over_mktcap,0.06300487467158283,0.06300487467158283,3.894533854879965e-17
fopo_over_ppent,-0.06300358322578328,0.06300358322578328,3.9002813807825826e-17
che_over_emp,-0.06294469625035831,0.06294469625035831,4.171436086796596e-17
re_over_ppent,0.06290785075719561,0.06290785075719561,4.35046713787833e-17
lct_over_xsga,0.0627538431795948,0.0627538431795948,5.1844817910640253e-17
re_d_over_cogs,0.06273892844941084,0.06273892844941084,5.2731750477049163e-17
acox_over_sale,-0.06259340690551263,0.06259340690551263,6.220990002314683e-17
lse_over_sale,-0.06258533147065064,0.06258533147065064,6.278247188431115e-17
at_over_sale,-0.06258533147065064,0.06258533147065064,6.278247188431115e-17
sstk_over_sale,-0.06256598070525048,0.06256598070525048,6.417573047254798e-17
re_d_over_xsga,0.06250888589161654,0.06250888589161654,6.846672104628385e-17
reuna_over_icapt,0.062441146867093324,0.062441146867093324,7.392577829803816e-17
fatn,0.06220057949662485,0.06220057949662485,9.701275365352454e-17
fatn_over_at,0.06220057949662483,0.06220057949662483,9.701275365352904e-17
fatn_over_mktcap,0.06220057949662482,0.06220057949662482,9.701275365352904e-17
fatn_over_lt,0.06211213088442212,0.06211213088442212,1.0717987931294968e-16
fatn_over_ppent,0.06210801503668585,0.06210801503668585,1.076777522040618e-16
re_over_icapt,0.0620799813818418,0.0620799813818418,1.1113002723011112e-16
reuna_d_over_xsga,0.06207875554178693,0.06207875554178693,1.112834512815578e-16
fatn_over_emp,0.061921290023494155,0.061921290023494155,1.3283118262154738e-16
fatn_over_icapt,0.061844692027004336,0.061844692027004336,1.447516247183303e-16
oancf_over_lt,0.06176923364113364,0.06176923364113364,1.5752419999721187e-16
txndba_over_xsga,0.061766099894722044,0.061766099894722044,1.5807800760176866e-16
ni_over_ppent,0.06173149856555675,0.06173149856555675,1.6432194989558873e-16
dpvieb_over_icapt,0.06171836870835265,0.06171836870835265,1.6675438468148466e-16
ni_over_xsga,0.061659272660520875,0.061659272660520875,1.781492689130369e-16
dpact_over_act,0.0616408207538731,0.0616408207538731,1.818619361367099e-16
niadj_over_ppent,0.061639683266639184,0.061639683266639184,1.820932869098683e-16
caps_over_icapt,-0.061581053968680896,0.061581053968680896,1.9441890367487918e-16
fincf_over_lct,-0.061528472134860554,0.061528472134860554,2.061704870676972e-16
fatn_over_cogs,0.061274817184200255,0.061274817184200255,2.7345195799420127e-16
reuna_d_over_cogs,0.061255989056702154,0.061255989056702154,2.7923224203594956e-16
dpvieb_over_ceq,0.06125314697498243,0.06125314697498243,2.801151662294624e-16
txndbl_over_xsga,0.061193865972645506,0.061193865972645506,2.991716263238328e-16
dpact_over_icapt,0.061127903694896096,0.061127903694896096,3.2187989737660937e-16
xrd_over_at,-0.06110961979074743,0.06110961979074743,3.284695453693151e-16
fatn_over_sale,0.061090555457992426,0.061090555457992426,3.354820516511436e-16
rectr_over_xsga,0.06103209061537632,0.06103209061537632,3.579203489383222e-16
ch_over_sale,-0.06100140520252827,0.06100140520252827,3.7028248233170946e-16
niadj_over_xsga,0.06093028440930474,0.06093028440930474,4.0057554099697006e-16
reuna_over_act,0.06063095878699744,0.06063095878699744,5.5717166007751e-16
pi_over_ppent,0.060578443819051996,0.060578443819051996,5.902822778008716e-16
fincf_over_seq,-0.06041152840037832,0.06041152840037832,7.089314025022814e-16
xpr_over_mktcap,0.06039807105167618,0.06039807105167618,7.194622817400094e-16
dpact_over_ceq,0.06018098937920362,0.06018098937920362,9.122537293328922e-16
xrd_over_act,-0.06015094983984558,0.06015094983984558,9.426597435569956e-16
seq_over_ppent,-0.060087849557628595,0.060087849557628595,1.0098178530051921e-15
dp_over_emp,0.06003945052695018,0.06003945052695018,1.0645031103234066e-15
xrd_over_lct,-0.06002139227700852,0.06002139227700852,1.0856454628161404e-15
re_over_act,0.06000999390146949,0.06000999390146949,1.099202900519592e-15
dpvieb_d_over_emp,0.05997030531927684,0.05997030531927684,1.1477233666031709e-15
dp_d_over_xsga,0.05987688307246156,0.05987688307246156,1.2704179503324106e-15
icapt_over_sale,-0.05978890094492586,0.05978890094492586,1.3977386113353543e-15
dpvieb_over_seq,0.05977158491170457,0.05977158491170457,1.4242381461647697e-15
fatb_over_mktcap,0.05970426412546085,0.05970426412546085,1.5320461901259103e-15
fatn_over_xsga,0.05964300505718418,0.05964300505718418,1.6371082065316948e-15
fincf_over_ceq,-0.059630746439738355,0.059630746439738355,1.6589687987984996e-15
xacc_over_sale,-0.05962563631190147,0.05962563631190147,1.6681662755599517e-15
seq_over_sale,-0.05960838749012607,0.05960838749012607,1.6995839981961954e-15
tlcf_over_lt,-0.05959447507002504,0.05959447507002504,1.7253486047460564e-15
revt_over_emp,0.05957356580164678,0.05957356580164678,1.764795849846708e-15
sale_over_emp,0.05957356580164678,0.05957356580164678,1.764795849846708e-15
ib_over_xsga,0.05938662289011015,0.05938662289011015,2.159339277423662e-15
ibc_over_xsga,0.0592775165287602,0.0592775165287602,2.428500944441309e-15
mrc2_over_sale,-0.059248631423545285,0.059248631423545285,2.505125015428446e-15
caps_d_over_sale,-0.05908949177308985,0.05908949177308985,2.9719548493258403e-15
dpact_over_seq,0.05889369895352356,0.05889369895352356,3.665052151176159e-15
sstk_over_emp,-0.058772798094577014,0.058772798094577014,4.170115760498333e-15
dilavx_over_xsga,0.058725194383796434,0.058725194383796434,4.387261495227587e-15
fincf_over_sale,-0.058599499220134695,0.058599499220134695,5.015560140271335e-15
ibadj_over_xsga,0.058549722425686866,0.058549722425686866,5.288157525016211e-15
ivst_over_sale,-0.05846002246950446,0.05846002246950446,5.816692361141993e-15
ibcom_over_xsga,0.058435655744629916,0.058435655744629916,5.969031887929536e-15
dpvieb_d_over_act,0.05837711548744325,0.05837711548744325,6.3512564715146615e-15
dpvieb_d_over_ceq,0.05832747444225935,0.05832747444225935,6.694173383884275e-15
ceq_over_sale,-0.058166360048354564,0.058166360048354564,7.937555571392258e-15
che_over_seq,-0.0581194003418004,0.0581194003418004,8.34093722408885e-15
oancf_over_ppent,0.05809489552157324,0.05809489552157324,8.559374609419082e-15
ebit_over_cogs,0.057904881886724345,0.057904881886724345,1.0455438793182159e-14
oiadp_over_cogs,0.057866296444762995,0.057866296444762995,1.0888169481376562e-14
che_over_ceq,-0.05783879095129359,0.05783879095129359,1.1207350739707021e-14
dpc_over_ppent,-0.0578381557747099,0.0578381557747099,1.1214829216527294e-14
lt_over_mktcap,0.05783758360217617,0.05783758360217617,1.1221570096383563e-14
tlcf_over_ppent,-0.057809414559925415,0.057809414559925415,1.1558411081233153e-14
ceq_over_ppent,-0.057694294350468224,0.057694294350468224,1.3041488280578282e-14
acox_over_mktcap,0.05766880461741406,0.05766880461741406,1.3394364680682791e-14
fatp_over_mktcap,0.05763962452886259,0.05763962452886259,1.3809871699085664e-14
wcap_over_emp,-0.0575735148436933,0.0575735148436933,1.4798714432088765e-14
aco_over_mktcap,0.05753653224089274,0.05753653224089274,1.538193328603177e-14
ch_over_at,-0.0574804181690074,0.0574804181690074,1.631029493808775e-14
cogs_over_xsga,0.057428788440054966,0.057428788440054966,1.7213033373741316e-14
xopr_over_xsga,0.05742878844005495,0.05742878844005495,1.7213033373741316e-14
ch_over_lct,-0.05742399243107532,0.05742399243107532,1.7299344327949873e-14
ebitda_over_cogs,0.05739023701359587,0.05739023701359587,1.791898105120662e-14
oibdp_over_cogs,0.05739023701359587,0.05739023701359587,1.791898105120662e-14
tlcf_over_lct,-0.05730862884643839,0.05730862884643839,1.950865759200395e-14
mrct_over_sale,-0.0572945790683318,0.0572945790683318,1.9795997861921226e-14
ceql_over_sale,-0.0571830183076607,0.0571830183076607,2.2230289030346493e-14
ivst_over_at,-0.05705780925243971,0.05705780925243971,2.5314001734958018e-14
ceql_over_ppent,-0.057020937399498324,0.057020937399498324,2.6299727925695636e-14
dpact_d_over_emp,0.05692579842367009,0.05692579842367009,2.9020885174999355e-14
re_over_cogs,0.05675128025959663,0.05675128025959663,3.475085252227763e-14
fopo_over_lt,-0.05674849322330846,0.05674849322330846,3.485084278467376e-14
act_over_ppent,-0.0567262100190823,0.0567262100190823,3.56605347765824e-14
ebit_over_ppent,0.056628273619710734,0.056628273619710734,3.9444058364559296e-14
oiadp_over_ppent,0.05661456497511753,0.05661456497511753,4.0004213708261483e-14
lt_over_xsga,0.05658000234561762,0.05658000234561762,4.1451447460825506e-14
reuna_over_cogs,0.05639102068121078,0.05639102068121078,5.032308283061444e-14
wcap_over_ppent,-0.05638829304546497,0.05638829304546497,5.04639119146206e-14
ivst_over_act,-0.056388043777509306,0.056388043777509306,5.0476801039219114e-14
loxdr_over_xsga,0.05635209332256033,0.05635209332256033,5.237002082932816e-14
lt_over_ppent,-0.05618872045970332,0.05618872045970332,6.189087467469892e-14
dp_d_over_emp,0.056178682509784764,0.056178682509784764,6.252837922630332e-14
dpact_d_over_ceq,0.05616251430899636,0.05616251430899636,6.356880978376338e-14
dp_d_over_act,0.05612416421495087,0.05612416421495087,6.610519129043028e-14
sstk_over_cogs,-0.05606110705625199,0.05606110705625199,7.049353064775643e-14
xrd_over_ppent,-0.05596742403459113,0.05596742403459113,7.754678529453369e-14
caps_d_over_act,-0.055855839896155265,0.055855839896155265,8.685682081218035e-14
tlcf_d_over_lt,-0.05558566700112903,0.05558566700112903,1.1419062077102955e-13
dpact_d_over_act,0.055576037966561805,0.055576037966561805,1.1530684719492512e-13
re_d_over_seq,0.0555557138796288,0.0555557138796288,1.176981927662307e-13
mrc3_over_sale,-0.05548717363027033,0.05548717363027033,1.261275694009157e-13
lco_over_mktcap,0.0554716571741037,0.0554716571741037,1.2811667676852688e-13
capx_over_emp,0.055304856004331895,0.055304856004331895,1.5154503562028674e-13
tlcf_over_at,-0.055304184905207346,0.055304184905207346,1.5164731657317643e-13
xint_over_ppent,-0.0552015938205085,0.0552015938205085,1.6810763697312445e-13
intan_over_sale,-0.05518735323403673,0.05518735323403673,1.705269977692112e-13
lse_over_xsga,0.055183149712275906,0.055183149712275906,1.712476582967679e-13
at_over_xsga,0.055183149712275906,0.055183149712275906,1.712476582967679e-13
capxv_over_emp,0.055149050479371645,0.055149050479371645,1.7720535205657308e-13
dp_over_act,0.054961619976417186,0.054961619976417186,2.1377373142045243e-13
dpc_d_over_xsga,0.05485197519517774,0.05485197519517774,2.385024185239526e-13
reuna_d_over_seq,0.05483071941854446,0.05483071941854446,2.4361158206707563e-13
ch_over_ppent,-0.054776297400730416,0.054776297400730416,2.571878405612421e-13
tlcf_d_over_lct,-0.05467627404167777,0.05467627404167777,2.8410494534308094e-13
ivst_over_ppent,-0.05466305606418705,0.05466305606418705,2.878628572329646e-13
ivst_over_emp,-0.05443187296843138,0.05443187296843138,3.620610311471167e-13
tlcf_over_sale,-0.05436980828449607,0.05436980828449607,3.8499058091883123e-13
ivst_over_icapt,-0.054258647774098105,0.054258647774098105,4.2967527187700953e-13
lo_over_xsga,0.054185023483319154,0.054185023483319154,4.620347034825911e-13
dpvieb_over_lct,0.05405583963192243,0.05405583963192243,5.246929743638976e-13
pi_over_mktcap,0.05400922489482696,0.05400922489482696,5.492919980416858e-13
reuna_over_seq,0.053977831193841405,0.053977831193841405,5.664931156059966e-13
xacc_over_mktcap,0.05387384444316797,0.05387384444316797,6.27332049469248e-13
txndba_over_emp,0.05386720479566532,0.05386720479566532,6.314274177143495e-13
ivst_over_lct,-0.05373381609445534,0.05373381609445534,7.194897384056825e-13
txfo_over_mktcap,0.053638228228516834,0.053638228228516834,7.899023641004872e-13
invt_over_mktcap,0.053554412349185274,0.053554412349185274,8.571776940455707e-13
ceqt_over_xsga,0.05354136232056582,0.05354136232056582,8.681463128446024e-13
dpvieb_d_over_seq,0.05340162950998688,0.05340162950998688,9.945771022848594e-13
xrd_over_lt,-0.0531701043444916,0.0531701043444916,1.2449228307016876e-12
dpact_over_lct,0.05311134433697952,0.05311134433697952,1.3177199966616725e-12
fate_over_at,0.05300661651373822,0.05300661651373822,1.4579610111990773e-12
re_over_seq,0.052940105426749574,0.052940105426749574,1.5545224062914395e-12
txw_over_dltt_d,0.052879340815034495,0.052879340815034495,1.6482084705626514e-12
txndbl_over_emp,0.05285097930946055,0.05285097930946055,1.693810523289012e-12
act_over_lt,-0.052794734732510354,0.052794734732510354,1.7879362404735925e-12
ap_over_act,0.05270781803188746,0.05270781803188746,1.9435689986752204e-12
ch_over_lt,-0.0526564702840643,0.0526564702840643,2.041676623007458e-12
ppent_over_cogs,0.052556287199883846,0.052556287199883846,2.247275733286373e-12
pi_over_xsga,0.05246709446850126,0.05246709446850126,2.447314880169126e-12
dm_over_mktcap,0.05244795559447313,0.05244795559447313,2.4924618316287127e-12
ivst_over_lt,-0.05238784244924182,0.05238784244924182,2.6396404389013753e-12
oibdp_over_ppent,0.052261523560739015,0.052261523560739015,2.977230450540353e-12
ebitda_over_ppent,0.052261523560739015,0.052261523560739015,2.977230450540353e-12
ibc_over_mktcap,0.0521085762806548,0.0521085762806548,3.44298253787948e-12
ib_over_mktcap,0.05210068909865133,0.05210068909865133,3.46884630497362e-12
xrd_over_sale,-0.052093051034156686,0.052093051034156686,3.494074677464851e-12
ivst_over_ceq,-0.05197297688074095,0.05197297688074095,3.915145054608075e-12
sale_over_act,0.05185615744060381,0.05185615744060381,4.372382823139834e-12
revt_over_act,0.05185615744060381,0.05185615744060381,4.372382823139834e-12
ibcom_over_mktcap,0.05179445962015034,0.05179445962015034,4.63459097487679e-12
wcap_over_lt,-0.051786545090937275,0.051786545090937275,4.669322727285004e-12
tlcf_over_icapt,-0.05177326534710025,0.05177326534710025,4.728172954244131e-12
dilavx_over_mktcap,0.051663069831884456,0.051663069831884456,5.245393115046043e-12
tlcf_d_over_at,-0.05163736359353338,0.05163736359353338,5.373805739195652e-12
ch_over_emp,-0.05158497998141335,0.05158497998141335,5.645091371632868e-12
fate_over_icapt,0.0514074677995574,0.0514074677995574,6.66800258895441e-12
ibadj_over_mktcap,0.05134580613362616,0.05134580613362616,7.0641922904307176e-12
dpact_d_over_seq,0.051328846439835256,0.051328846439835256,7.1771476729430694e-12
ivst_over_seq,-0.05131425288454876,0.05131425288454876,7.2757592091532834e-12
act_over_lct,-0.05122115042640854,0.05122115042640854,7.936862133877786e-12
wcap_over_lct,-0.05122115042640853,0.05122115042640853,7.936862133877786e-12
tlcf_over_emp,-0.05119280538451448,0.05119280538451448,8.149573985240415e-12
sale_d_over_mktcap,0.051159678733432086,0.051159678733432086,8.405253379463651e-12
revt_d_over_mktcap,0.051159678733432086,0.051159678733432086,8.405253379463651e-12
fate_over_ceq,0.05092528468910372,0.05092528468910372,1.0452926354248769e-11
ppegt_over_cogs,0.05090041251032759,0.05090041251032759,1.0696969004413008e-11
xrd_over_icapt,-0.050866628810400535,0.050866628810400535,1.1037408658326114e-11
cogs_over_sale,-0.05068256923441657,0.05068256923441657,1.308711315474976e-11
gp_over_sale,0.0506825692344165,0.0506825692344165,1.308711315474976e-11
oiadp_over_xsga,0.050675383649242775,0.050675383649242775,1.3174271718418718e-11
ebit_over_xsga,0.050675383649242775,0.050675383649242775,1.3174271718418718e-11
xsga_over_lct,-0.050662816647842356,0.050662816647842356,1.3328073462495756e-11
ppeveb_over_cogs,0.05057255862723706,0.05057255862723706,1.4485563256765322e-11
dp_over_ppent,-0.050521956441486625,0.050521956441486625,1.517697968522589e-11
dpc_over_emp,0.050436001489954786,0.050436001489954786,1.642623097414433e-11
xrent_over_ppent,-0.05041891243182478,0.05041891243182478,1.6686335578282373e-11
ppent_over_lt,0.05039212030290836,0.05039212030290836,1.71022644599091e-11
tlcf_d_over_ppent,-0.05037778862797825,0.05037778862797825,1.7328903652977884e-11
xpr_over_xsga,0.050279621185211155,0.050279621185211155,1.896233223176518e-11
loxdr_over_mktcap,0.05026579016428887,0.05026579016428887,1.9204262230916092e-11
dpc_d_over_act,0.05026088912420122,0.05026088912420122,1.9290713503435598e-11
ppeveb_d_over_xsga,0.05021695997073253,0.05021695997073253,2.0082803766590585e-11
ppegt_d_over_xsga,0.05017077761647392,0.05017077761647392,2.0949848060629514e-11
reuna_over_ceq,0.0501071419516729,0.0501071419516729,2.220486040825951e-11
capxv_over_ppent,-0.050028619430725174,0.050028619430725174,2.385522704425755e-11
lt_over_sale,-0.04998336961545248,0.04998336961545248,2.4860192114193524e-11
fopo_over_lct,-0.04997037940086306,0.04997037940086306,2.515627247279111e-11
re_d_over_ceq,0.04994862336365323,0.04994862336365323,2.5659897424024586e-11
fopo_over_at,-0.04980676210624483,0.04980676210624483,2.9194377944540246e-11
capx_over_ppent,-0.04972393691535612,0.04972393691535612,3.147381855710545e-11
caps_over_seq,-0.049682853420489045,0.049682853420489045,3.2668212523851146e-11
invt_over_xsga,0.04961620435538794,0.04961620435538794,3.470083360584418e-11
re_d_over_mktcap,0.04954981396193492,0.04954981396193492,3.684842950491441e-11
oibdp_d_over_xsga,0.04947887783092589,0.04947887783092589,3.928678593744164e-11
ebitda_d_over_xsga,0.04947887783092589,0.04947887783092589,3.928678593744164e-11
caps_d_over_emp,-0.04941181514604642,0.04941181514604642,4.1736802999250955e-11
ivncf_over_mktcap,-0.04939709973569338,0.04939709973569338,4.2294075827284337e-11
cogs_d_over_mktcap,0.04925494318778685,0.04925494318778685,4.806641502274393e-11
fincf_over_act,-0.04915531640897409,0.04915531640897409,5.256408954634766e-11
ch_over_act,-0.04910675309352796,0.04910675309352796,5.490323717140493e-11
nopi_over_sale,-0.04910627918172142,0.04910627918172142,5.4926558344949755e-11
mrc1_over_ppent,-0.049082585295494904,0.049082585295494904,5.610496744286566e-11
reuna_over_xsga,0.04905518703953981,0.04905518703953981,5.749846018226878e-11
mrc4_over_sale,-0.049041755741853404,0.049041755741853404,5.819389356740519e-11
caps_d_over_seq,-0.04902233888361826,0.04902233888361826,5.921380558595325e-11
re_over_ceq,0.048821520105140855,0.048821520105140855,7.084254402355969e-11
dpvieb_d_over_lct,0.04879618232025165,0.04879618232025165,7.24598584932468e-11
sstk_over_mktcap,-0.048661394991275156,0.048661394991275156,8.168929410057868e-11
emp_over_sale,-0.048661157117456416,0.048661157117456416,8.170655697088283e-11
fate_over_seq,0.0486410908795846,0.0486410908795846,8.317570841470733e-11
ppegt_d_over_mktcap,0.04863745295720723,0.04863745295720723,8.344481101251527e-11
ch_over_icapt,-0.04862328459679882,0.04862328459679882,8.45010031309291e-11
ap_over_sale,-0.048456838860736054,0.048456838860736054,9.793082466624407e-11
invwip_over_seq,0.04844810549255589,0.04844810549255589,9.869034385545098e-11
wcap_over_at,-0.048417987476816554,0.048417987476816554,1.013540632919079e-10
xacc_over_xsga,0.0483922134743674,0.0483922134743674,1.0368929029429672e-10
invrm_over_xsga,0.04838366344455665,0.04838366344455665,1.0447551209500214e-10
reuna_d_over_ceq,0.048332182526800264,0.048332182526800264,1.0933412011038001e-10
mrct_over_ppent,-0.048324483347479824,0.048324483347479824,1.100794761578209e-10
ppeveb_d_over_mktcap,0.048218944717751046,0.048218944717751046,1.2081128595366718e-10
lcox_over_sale,-0.04817770355423799,0.04817770355423799,1.2527716762294246e-10
icapt_over_xsga,0.048158017101692235,0.048158017101692235,1.2746545268129093e-10
dpact_d_over_lct,0.04794860818641755,0.04794860818641755,1.5318191032620548e-10
caps_over_emp,-0.04791895114145543,0.04791895114145543,1.5721141279712493e-10
rectr_over_seq,0.04775732387412321,0.04775732387412321,1.8105990688793026e-10
invwip_over_ceq,0.04770082637927449,0.04770082637927449,1.902025663972956e-10
dpc_d_over_emp,0.04765893781964408,0.04765893781964408,1.9727077045813385e-10
dpvieb_d_over_at,0.04760261911674194,0.04760261911674194,2.0717957412473954e-10
ppeveb_d_over_emp,0.047578346665948866,0.047578346665948866,2.1159852126156675e-10
ppegt_d_over_emp,0.047394153906068034,0.047394153906068034,2.482679755339459e-10
rectr_over_ceq,0.047336445497931014,0.047336445497931014,2.6098370473882535e-10
invrm_over_act,0.04730582794906023,0.04730582794906023,2.6798610811089625e-10
mrc2_over_ppent,-0.04708640114810876,0.04708640114810876,3.238265520076014e-10
fincf_over_mktcap,-0.04698725060524114,0.04698725060524114,3.5264302042712727e-10
xsga_over_lt,-0.046914221685451576,0.046914221685451576,3.754537461052759e-10
gp_over_act,0.04690918797137987,0.04690918797137987,3.770780363350725e-10
re_over_xsga,0.04688952924817763,0.04688952924817763,3.834875191181878e-10
reuna_d_over_mktcap,0.04674546349823377,0.04674546349823377,4.3381529994716405e-10
rectr_over_at,0.04673424255425524,0.04673424255425524,4.379952493491936e-10
caps_over_ceq,-0.04653139294025659,0.04653139294025659,5.207024870052885e-10
tlcf_over_act,-0.04651245434476416,0.04651245434476416,5.291601145126428e-10
rectr_over_emp,0.04648857533044594,0.04648857533044594,5.400152842248095e-10
ceqt_over_ppent,-0.0464209884605306,0.0464209884605306,5.719309267993659e-10
ni_over_mktcap,0.04633939192929681,0.04633939192929681,6.129202171587015e-10
dpact_d_over_at,0.046325754961698544,0.046325754961698544,6.20044556803513e-10
dcpstk_over_ppent,-0.04628912115409371,0.04628912115409371,6.395854989072126e-10
idit_over_sale,-0.046242673281033285,0.046242673281033285,6.652267941712104e-10
xacc_over_ppent,-0.04611577958901369,0.04611577958901369,7.40497658946062e-10
txdbcl_over_emp,0.04609511916980194,0.04609511916980194,7.53514926984892e-10
rect_over_at,0.046050663380693316,0.046050663380693316,7.822860099730567e-10
ceqt_over_sale,-0.04598280533625958,0.04598280533625958,8.282797232851715e-10
dp_over_at,0.045940530586128236,0.045940530586128236,8.582554560468734e-10
invwip_over_act,0.04593880355542304,0.04593880355542304,8.595022709673031e-10
dp_over_ceq,0.04590714123777498,0.04590714123777498,8.826761511020693e-10
dltr_over_mktcap,0.04588088994470049,0.04588088994470049,9.023506998510397e-10
niadj_over_mktcap,0.04587011725298139,0.04587011725298139,9.105476820671929e-10
tlcf_d_over_emp,-0.045706965588251575,0.045706965588251575,1.0439363296662037e-09
txdb_over_xsga,0.04570311527441485,0.04570311527441485,1.0473038656819248e-09
fincf_over_emp,-0.04570272110745755,0.04570272110745755,1.0476492064080445e-09
capx_over_seq,0.0456615557536818,0.0456615557536818,1.084333232325912e-09
capx_over_ceq,0.04564687418834526,0.04564687418834526,1.0977171141043707e-09
txditc_over_xsga,0.045623832941993035,0.045623832941993035,1.1190471137529372e-09
dltt_over_mktcap,0.045565647154787024,0.045565647154787024,1.1747260674743148e-09
che_over_cogs,-0.04554793545504213,0.04554793545504213,1.1922044431306464e-09
caps_over_act,-0.04553199042767095,0.04553199042767095,1.208156075898964e-09
act_over_at,-0.045456843649987894,0.045456843649987894,1.28617817201483e-09
txdbcl_over_xsga,0.04544709431499511,0.04544709431499511,1.2966536892793902e-09
capxv_over_seq,0.04540263549009913,0.04540263549009913,1.3454878450663675e-09
invrm_over_ceq,0.04539543710057938,0.04539543710057938,1.3535614564062674e-09
capxv_over_ceq,0.04538703800463061,0.04538703800463061,1.3630414621231265e-09
txndbl_over_at,0.04538021156203058,0.04538021156203058,1.370794067755081e-09
nopi_over_ppent,-0.04536178719902046,0.04536178719902046,1.391933268660031e-09
dm_over_xsga,0.04531972962562904,0.04531972962562904,1.4413854339345227e-09
pidom_over_sale,0.0452967624406969,0.0452967624406969,1.4691092809804913e-09
dpvieb_d_over_icapt,0.045214115615474684,0.045214115615474684,1.5732387015804434e-09
tlcf_over_seq,-0.04521278678475909,0.04521278678475909,1.5749703353396757e-09
revt_over_ceq,0.04519042532490894,0.04519042532490894,1.6043902690493714e-09
sale_over_ceq,0.04519042532490894,0.04519042532490894,1.6043902690493714e-09
invrm_over_seq,0.04517726841362809,0.04517726841362809,1.6219497177772434e-09
txndbl_over_icapt,0.045102827726952746,0.045102827726952746,1.7248830664610037e-09
capxv_d_over_emp,0.044989716368345374,0.044989716368345374,1.8935776480964536e-09
invwip_over_xsga,0.044856322062497345,0.044856322062497345,2.1132374485815863e-09
capx_d_over_emp,0.044852387337799074,0.044852387337799074,2.12007987504236e-09
caps_d_over_ceq,-0.044849053580631355,0.044849053580631355,2.125894112519917e-09
rect_over_seq,0.044815705674241015,0.044815705674241015,2.1849159168633575e-09
idit_over_lct,-0.044770283877580946,0.044770283877580946,2.267880878047476e-09
capx_over_act,0.044746048104678235,0.044746048104678235,2.3133958671795576e-09
capxv_over_act,0.04473124359582851,0.04473124359582851,2.341635287272476e-09
dp_over_emp_d,0.0446927523642863,0.0446927523642863,2.416637260373882e-09
tlcf_d_over_icapt,-0.04461804716977914,0.04461804716977914,2.5689385336483734e-09
dd_d_over_mktcap,-0.044559226246245365,0.044559226246245365,2.69539594355694e-09
caps_over_cogs,-0.044497089173277625,0.044497089173277625,2.8355637954039993e-09
rect_over_ceq,0.044456211608930735,0.044456211608930735,2.9316186134497246e-09
dpc_over_act,0.0443608908686911,0.0443608908686911,3.1680764574328446e-09
tlcf_d_over_ceq,-0.044351696298510844,0.044351696298510844,3.1918431769901827e-09
dp_d_over_cogs,0.044258819584510445,0.044258819584510445,3.4418595958734005e-09
dd_over_mktcap_d,-0.04415920524376434,0.04415920524376434,3.731194790554355e-09
txdb_over_mktcap,0.04415329764846109,0.04415329764846109,3.7490779374063996e-09
rect_over_emp,0.044100836908891064,0.044100836908891064,3.91158740183987e-09
caps_d_over_cogs,-0.04407476508443072,0.04407476508443072,3.994881135863577e-09
fatl_over_sale,-0.04404898146512504,0.04404898146512504,4.078950707740708e-09
xrd_over_seq,-0.044039052425549924,0.044039052425549924,4.111782219188993e-09
tlcf_over_ceq,-0.04402694089329373,0.04402694089329373,4.152178698604285e-09
mrc3_over_ppent,-0.04396030665197488,0.04396030665197488,4.38143178843658e-09
tlcf_d_over_sale,-0.043957959275762126,0.043957959275762126,4.389728471694504e-09
tlcf_d_over_seq,-0.043947686880671716,0.043947686880671716,4.426215926871829e-09
xrd_over_xsga,-0.0438606054385782,0.0438606054385782,4.7476157471394304e-09
dpact_d_over_icapt,0.043860270450511885,0.043860270450511885,4.748894917415617e-09
wcap_over_cogs,-0.04379083469395922,0.04379083469395922,5.021406068003051e-09
dp_over_lct,0.04378902113005819,0.04378902113005819,5.028723756375973e-09
aco_over_ppent,-0.04377763355324757,0.04377763355324757,5.074910037579425e-09
txditc_over_mktcap,0.04363852153497626,0.04363852153497626,5.6735372378438155e-09
idit_over_ppent,-0.04359655879805559,0.04359655879805559,5.867222119712397e-09
idit_over_lt,-0.043547395746816236,0.043547395746816236,6.102329949489573e-09
dltt_over_ppent,-0.043529227851359424,0.043529227851359424,6.191510734971065e-09
intan_over_cogs,-0.04352222756274709,0.04352222756274709,6.226210291972574e-09
dp_over_seq,0.04345709432903742,0.04345709432903742,6.558267191771867e-09
emp_over_mktcap,0.04330788556826797,0.04330788556826797,7.3851795350100155e-09
fopo_over_cogs,-0.04326256318048634,0.04326256318048634,7.65583740460298e-09
xsga_over_cogs,-0.04326221229826767,0.04326221229826767,7.657969978521637e-09
ivst_over_cogs,-0.04321850608923928,0.04321850608923928,7.928171259402913e-09
idit_over_at,-0.04318598093579948,0.04318598093579948,8.135241665604097e-09
ao_over_sale,-0.0431454819455097,0.0431454819455097,8.40043626687907e-09
lo_over_mktcap,0.04302248192792688,0.04302248192792688,9.258419004281727e-09
gdwl_over_sale,-0.043018864001121315,0.043018864001121315,9.284903567017135e-09
lct_over_ppent,-0.043006468947292056,0.043006468947292056,9.376199450506189e-09
fopo_over_icapt,-0.04297712271298703,0.04297712271298703,9.595841559677992e-09
xsga_over_ppent,-0.04293929647137792,0.04293929647137792,9.886340506232587e-09
dn_over_xsga,0.04292580508378356,0.04292580508378356,9.99200574129202e-09
xrd_over_ceq,-0.04291441715099891,0.04291441715099891,1.008205016962141e-08
revt_over_seq,0.04288071526440048,0.04288071526440048,1.0353176102731354e-08
sale_over_seq,0.04288071526440048,0.04288071526440048,1.0353176102731354e-08
rectr_over_icapt,0.042771854663978405,0.042771854663978405,1.1278230144221179e-08
invwip_over_at,0.042739587714266024,0.042739587714266024,1.1567522083285791e-08
mrc5_over_sale,-0.04271531307358923,0.04271531307358923,1.1789898052061369e-08
invwip_over_icapt,0.04266782291868313,0.04266782291868313,1.2237022346336528e-08
sale_over_at,0.042666364517531474,0.042666364517531474,1.2251010842441143e-08
revt_over_at,0.042666364517531474,0.042666364517531474,1.2251010842441143e-08
dltt_over_xsga,0.04264355839521271,0.04264355839521271,1.2471791215926258e-08
txndba_over_mktcap,0.04264147625903751,0.04264147625903751,1.2492139346639628e-08
sale_over_lct,0.042512343306979575,0.042512343306979575,1.3819161789980184e-08
revt_over_lct,0.042512343306979575,0.042512343306979575,1.3819161789980184e-08
tlcf_d_over_act,-0.042511985013276285,0.042511985013276285,1.382302769863577e-08
lco_over_ppent,-0.04249411658760844,0.04249411658760844,1.4017162333878091e-08
fincf_over_cogs,-0.04237724423500076,0.04237724423500076,1.5353844335201132e-08
dp_d_over_lct,0.042316337758223785,0.042316337758223785,1.609869858447342e-08
esub_over_mktcap,0.0422717454246904,0.0422717454246904,1.666617106707937e-08
lco_over_xsga,0.04222974491668723,0.04222974491668723,1.7218395438801765e-08
ceqt_over_act,0.042100040346937234,0.042100040346937234,1.903825278736186e-08
txdc_over_emp,0.04201375552884624,0.04201375552884624,2.0350916812441774e-08
lifr_d_over_mktcap,0.041997985205965316,0.041997985205965316,2.0600148753361536e-08
ni_d_over_xsga,0.041989929140782006,0.041989929140782006,2.0728606520777806e-08
txndb_d_over_emp,-0.041966686008698385,0.041966686008698385,2.110360267445483e-08
ppegt_over_lt,0.04193845226560652,0.04193845226560652,2.1567979488124893e-08
xopr_d_over_mktcap,0.04187808712847734,0.04187808712847734,2.259435314300155e-08
wcap_over_icapt,-0.04177859558446588,0.04177859558446588,2.4390286090739798e-08
aox_over_sale,-0.04164811609157779,0.04164811609157779,2.6956671078187522e-08
ppeveb_over_lt,0.04159695644346905,0.04159695644346905,2.803284416814346e-08
fatp_over_icapt,0.041514080518995376,0.041514080518995376,2.9865220594632244e-08
rect_over_icapt,0.041501338872366365,0.041501338872366365,3.015704959738925e-08
lse_over_lt,-0.04148600097326792,0.04148600097326792,3.0512012512323596e-08
at_over_lt,-0.04148600097326792,0.04148600097326792,3.0512012512323596e-08
lse_d_over_ppent,-0.041477958029154605,0.041477958029154605,3.069976581898143e-08
at_d_over_ppent,-0.041477958029154605,0.041477958029154605,3.069976581898143e-08
intpn_over_xsga,0.04146332891325466,0.04146332891325466,3.104414288228861e-08
dcvt_over_dltt,-0.041463230632858276,0.041463230632858276,3.10464690784946e-08
ao_over_ppent,-0.04143790645211653,0.04143790645211653,3.165153552683104e-08
txndbl_d_over_emp,0.04142635817514531,0.04142635817514531,3.1931239336456406e-08
seq_over_lt,-0.04132915376683203,0.04132915376683203,3.438253901904333e-08
invrm_over_at,0.04130875983583129,0.04130875983583129,3.4919519429086496e-08
txndba_over_seq,0.04126349231546795,0.04126349231546795,3.614065410988948e-08
sstk_over_invt,-0.041242719507424586,0.041242719507424586,3.6714787417089925e-08
txndba_over_act,0.041231275854485994,0.041231275854485994,3.703484331783111e-08
icapt_over_lt,-0.04115628190090225,0.04115628190090225,3.920023990834125e-08
capx_over_icapt,0.04106964332780587,0.04106964332780587,4.185486170090282e-08
pi_d_over_xsga,0.04106547429630541,0.04106547429630541,4.198690236212112e-08
dltr_over_xsga,0.040946337521078555,0.040946337521078555,4.593555424846254e-08
niadj_d_over_xsga,0.040935309108261736,0.040935309108261736,4.631876739905383e-08
act_over_cogs,-0.040929278295154116,0.040929278295154116,4.652963369472349e-08
txndbl_over_lct,0.04091892284571538,0.04091892284571538,4.689388270966747e-08
capxv_over_icapt,0.040825227901657976,0.040825227901657976,5.031767631883866e-08
dcvt_over_ppent,-0.04080976978522764,0.04080976978522764,5.090534926078792e-08
cogs_over_ceq,0.04067147504620693,0.04067147504620693,5.646749257204467e-08
txndbl_over_lt,0.040581128093671676,0.040581128093671676,6.041455675580401e-08
ap_over_emp,0.04056991836301402,0.04056991836301402,6.092254217038777e-08
oibdp_over_mktcap_pd,0.040543684223212556,0.040543684223212556,6.212760804988277e-08
ebitda_over_mktcap_pd,0.040543684223212556,0.040543684223212556,6.212760804988277e-08
capx_d_over_xsga,0.040514013425620374,0.040514013425620374,6.3518370648874e-08
dcpstk_over_dltt,-0.04045748347703327,0.04045748347703327,6.625204393562023e-08
caps_d_over_invt,-0.040448789040644265,0.040448789040644265,6.668247521386535e-08
capxv_d_over_xsga,0.04044278044759379,0.04044278044759379,6.698152130145722e-08
lifr_over_mktcap,0.040429601096635,0.040429601096635,6.764201072111543e-08
txndba_over_icapt,0.040378785116296945,0.040378785116296945,7.024823579240914e-08
reuna_over_mktcap,0.04037462669121212,0.04037462669121212,7.046576452863686e-08
lt_d_over_ppent,-0.04036119912309769,0.04036119912309769,7.117262917163111e-08
txfo_over_xsga,0.04035705171995799,0.04035705171995799,7.139234483080186e-08
invrm_over_icapt,0.04032797511590643,0.04032797511590643,7.295127947398804e-08
txndba_over_at,0.040229323844034125,0.040229323844034125,7.848997248625055e-08
dn_over_mktcap,0.04022912038662545,0.04022912038662545,7.850180566400103e-08
seq_over_xsga,0.04021679525806222,0.04021679525806222,7.922187198103736e-08
ivaeq_over_mktcap_d,-0.04017340505797592,0.04017340505797592,8.180808483951347e-08
invo_over_mktcap_d,0.040148186605319186,0.040148186605319186,8.334856236799315e-08
lifr_over_emp,0.04014384571871366,0.04014384571871366,8.361654488576108e-08
capx_over_at,0.04013089250929885,0.04013089250929885,8.442117312373381e-08
dd_d_over_seq,-0.04011421689877649,0.04011421689877649,8.546807345365683e-08
invt_over_act,0.04005080558688475,0.04005080558688475,8.9565034158535e-08
drc_over_sale,-0.04001666239776383,0.04001666239776383,9.184909527338206e-08
txndbl_over_mktcap,0.03988425524173,0.03988425524173,1.0125184937269202e-07
capxv_over_at,0.0398836959898433,0.0398836959898433,1.0129347402555676e-07
ceq_over_xsga,0.039842487683640834,0.039842487683640834,1.0440657028642905e-07
dp_over_icapt,0.03968563158913648,0.03968563158913648,1.1712544192229023e-07
pstkrv_over_ppent,-0.03966866235122787,0.03966866235122787,1.185880720738798e-07
ceql_over_lt,-0.039661637798396265,0.039661637798396265,1.1919869763075908e-07
caps_d_over_mktcap,-0.03960701428303636,0.03960701428303636,1.2405188947745974e-07
lifr_d_over_emp,0.03960496334175804,0.03960496334175804,1.242377858030942e-07
capxv_over_emp_d,0.03959773323760155,0.03959773323760155,1.2489527099679383e-07
dp_d_over_ceq,0.03957717135171926,0.03957717135171926,1.2678356242075579e-07
capx_over_emp_d,0.03955658919354506,0.03955658919354506,1.2870136094033446e-07
cstke_d_over_dltt,-0.039545532466753734,0.039545532466753734,1.297431575988186e-07
oibdp_d_over_mktcap,0.039533047202443786,0.039533047202443786,1.3092936239976332e-07
ebitda_d_over_mktcap,0.039533047202443786,0.039533047202443786,1.3092936239976332e-07
intan_over_ppent,-0.039519106504601664,0.039519106504601664,1.3226624238563404e-07
lifr_d_over_xsga,0.03947162560564342,0.03947162560564342,1.3691934532948625e-07
dltr_over_emp,0.0394385120056702,0.0394385120056702,1.4025776225348588e-07
reajo_over_mktcap,-0.03940223213393619,0.03940223213393619,1.4400576475978783e-07
loxdr_over_emp,0.03938232758896856,0.03938232758896856,1.4610302502429744e-07
aco_over_xsga,0.039345733777266204,0.039345733777266204,1.5003609277899616e-07
ivst_over_xsga,-0.03926862702480224,0.03926862702480224,1.5866141591055575e-07
txndba_over_ceq,0.03926235606162995,0.03926235606162995,1.593836057776994e-07
ebitda_d_over_act,0.039251262920121655,0.039251262920121655,1.6066892920005177e-07
oibdp_d_over_act,0.039251262920121655,0.039251262920121655,1.6066892920005177e-07
ceq_over_lt,-0.03922218237471284,0.03922218237471284,1.640861440662506e-07
txndbl_over_seq,0.03913689304585341,0.03913689304585341,1.745185432040153e-07
pstkl_over_ppent,-0.039081199567940705,0.039081199567940705,1.8167386308128345e-07
xsga_over_at,-0.03904430434525562,0.03904430434525562,1.8656932961761297e-07
dpact_over_cogs,0.03904036305643292,0.03904036305643292,1.8709975764455691e-07
cogs_over_seq,0.039017810518437265,0.039017810518437265,1.9016307978472084e-07
txndba_over_lct,0.038998032821882855,0.038998032821882855,1.9288934366712985e-07
oiadp_d_over_xsga,0.0389716101600761,0.0389716101600761,1.9659059048071561e-07
ebit_d_over_xsga,0.0389716101600761,0.0389716101600761,1.9659059048071561e-07
xsga_over_mktcap,0.038952843377526934,0.038952843377526934,1.9926100348572e-07
mrc4_over_ppent,-0.038937181243013076,0.038937181243013076,2.0151644752461557e-07
ppent_d_over_emp,0.03886323683557605,0.03886323683557605,2.1250235751001244e-07
esub_over_emp,0.03885024406591361,0.03885024406591361,2.1449154897485134e-07
invfg_over_mktcap,0.03884091049019659,0.03884091049019659,2.15931610769769e-07
sppe_over_xsga,0.038795198926376964,0.038795198926376964,2.2312035535235908e-07
recd_over_mktcap,0.0387850299383719,0.0387850299383719,2.2475072063162775e-07
tlcf_over_cogs,-0.03877684870278867,0.03877684870278867,2.2607074460104056e-07
tlcf_d_over_mktcap,-0.03875292234708702,0.03875292234708702,2.2997433626930695e-07
re_d_over_invt,0.038682695405383216,0.038682695405383216,2.4181163467521376e-07
ceql_over_xsga,0.03866089106608329,0.03866089106608329,2.4560517418581415e-07
revt_d_over_xsga,0.03849104604814881,0.03849104604814881,2.771880676189657e-07
sale_d_over_xsga,0.03849104604814881,0.03849104604814881,2.771880676189657e-07
revt_over_icapt,0.03847103696375771,0.03847103696375771,2.811573940870581e-07
sale_over_icapt,0.03847103696375771,0.03847103696375771,2.811573940870581e-07
dd_d_over_ceq,-0.038448796836303555,0.038448796836303555,2.8563371694806304e-07
dpvieb_over_cogs,0.03839957442504528,0.03839957442504528,2.9578685919200756e-07
dp_over_act_d,0.03837561127739857,0.03837561127739857,3.008550183423252e-07
pidom_over_act,0.03835021960641331,0.03835021960641331,3.063167736751387e-07
re_over_mktcap,0.03828674710627454,0.03828674710627454,3.2039173241283376e-07
fate_pd_minus_pd_lt,0.03828251384244171,0.03828251384244171,3.2135233955864175e-07
dcpstk_d_over_dltt,-0.03824746382598705,0.03824746382598705,3.2941337054052024e-07
cstke_over_dltt,-0.038229703587102676,0.038229703587102676,3.3357215032604453e-07
spi_over_sale,0.0382186933471907,0.0382186933471907,3.3617573366467175e-07
re_over_emp_d,0.03815577775764456,0.03815577775764456,3.5143383366648745e-07
cogs_over_act,0.03814683135023682,0.03814683135023682,3.5365704428761335e-07
lifr_d_over_lt,0.03814328765200578,0.03814328765200578,3.5454141247511257e-07
gp_over_lct,0.03813842217335983,0.03813842217335983,3.557591229391412e-07
dlto_over_mktcap,0.03813553956430734,0.03813553956430734,3.564824726731478e-07
txndbl_over_cogs,0.03813454237394542,0.03813454237394542,3.5673303369856695e-07
ch_over_seq,-0.038111740769667765,0.038111740769667765,3.6250892106203784e-07
fopo_over_emp,-0.03807676438880517,0.03807676438880517,3.7154457694957437e-07
txfo_over_act,0.037993919494887035,0.037993919494887035,3.938218261222931e-07
esub_over_lt,0.03797072629208999,0.03797072629208999,4.0028598537346523e-07
rect_over_lct,0.03793655691852437,0.03793655691852437,4.099961493821383e-07
xpr_over_ceq,0.037930444254929065,0.037930444254929065,4.1175702763217684e-07
ch_over_cogs,-0.03790815688420779,0.03790815688420779,4.182393704819083e-07
esub_over_sale,0.037883714696945577,0.037883714696945577,4.2546162953851674e-07
xint_over_xsga,0.03784899502654529,0.03784899502654529,4.359278816700361e-07
pidom_over_lct,0.03783009020042929,0.03783009020042929,4.4173073063116896e-07
txfo_over_seq,0.03774373351658415,0.03774373351658415,4.6919907177526423e-07
aox_over_ppent,-0.037738771015780645,0.037738771015780645,4.708266110906585e-07
ib_d_over_xsga,0.037670179445344364,0.037670179445344364,4.938878177224732e-07
tlcf_d_over_dltt,-0.03764913252604961,0.03764913252604961,5.011797915603276e-07
ni_over_invt,0.03764229368060352,0.03764229368060352,5.035714643516166e-07
ap_over_lct,0.03761409722268408,0.03761409722268408,5.135490415850238e-07
dd_d_over_emp,-0.03760543404255977,0.03760543404255977,5.166526810079398e-07
dd4_over_mktcap,0.03760406208376119,0.03760406208376119,5.171458499091051e-07
fatc_over_mktcap,0.037601197741991034,0.037601197741991034,5.181769392813078e-07
esub_over_cogs,0.03759654441936366,0.03759654441936366,5.198562429648773e-07
dxd4_over_mktcap,0.03758685005799058,0.03758685005799058,5.233716403129666e-07
intpn_over_mktcap,0.03755428163075687,0.03755428163075687,5.353503312879442e-07
lifr_over_seq,0.037545413955132285,0.037545413955132285,5.386573821537885e-07
txndbl_over_act,0.0375297792341123,0.0375297792341123,5.44536123897884e-07
xpr_over_seq,0.037506347278016855,0.037506347278016855,5.534626363278799e-07
txfo_over_at,0.03746692849645477,0.03746692849645477,5.687985863044626e-07
oibdp_d_over_emp,0.037449068936890144,0.037449068936890144,5.758809664692253e-07
ebitda_d_over_emp,0.037449068936890144,0.037449068936890144,5.758809664692253e-07
txfo_over_icapt,0.037429943591960446,0.037429943591960446,5.835595467981201e-07
lifr_d_over_sale,0.03740483606568956,0.03740483606568956,5.937898356369279e-07
pidom_over_emp,0.037401448724123515,0.037401448724123515,5.951832031134784e-07
txndbl_over_ceq,0.037357008969179054,0.037357008969179054,6.137577279150443e-07
lifr_d_over_ppent,0.03730825017584609,0.03730825017584609,6.347801256326021e-07
dpc_d_over_cogs,0.0372624460717861,0.0372624460717861,6.551595441166804e-07
ch_over_ceq,-0.03726051230318013,0.03726051230318013,6.560336525527809e-07
fatp_over_at,0.03724913208434795,0.03724913208434795,6.612005882418005e-07
dcpstk_over_sale,-0.03722141577422909,0.03722141577422909,6.739491387653444e-07
txfo_over_ceq,0.03718533314881329,0.03718533314881329,6.909011642732209e-07
ibc_d_over_xsga,0.03717224266937575,0.03717224266937575,6.971521898780773e-07
idit_over_emp,-0.03711900302998171,0.03711900302998171,7.231415247634896e-07
lifr_d_over_icapt,0.03711584912489851,0.03711584912489851,7.247100617605502e-07
reuna_over_invt,0.03710998424577644,0.03710998424577644,7.276355707725069e-07
txr_over_mktcap,0.037096419192278095,0.037096419192278095,7.344457204502782e-07
lifr_over_ceq,0.03708160103381261,0.03708160103381261,7.41955139647351e-07
dd_over_xsga_d,-0.037021232732074506,0.037021232732074506,7.733196512124189e-07
act_over_xsga,0.03701315293242854,0.03701315293242854,7.776132145391207e-07
caps_over_invt,-0.03697815050264992,0.03697815050264992,7.96479967277402e-07
dpc_over_emp_d,0.03696680996487665,0.03696680996487665,8.026866628447504e-07
rectr_over_lct,0.03695333052903096,0.03695333052903096,8.101245795010325e-07
niadj_over_invt,0.0369251383219373,0.0369251383219373,8.258961488965738e-07
reuna_d_over_dltt,0.03691759782490509,0.03691759782490509,8.301643960731108e-07
invrm_over_lct,0.036895259722679444,0.036895259722679444,8.429337677786525e-07
xpr_over_emp,0.0368764221124442,0.0368764221124442,8.53848927661742e-07
sppe_over_mktcap,0.03687319093173088,0.03687319093173088,8.557348083976041e-07
fatb_over_seq,0.036871618353004176,0.036871618353004176,8.566540954221533e-07
wcap_over_mktcap,0.03687069093618355,0.03687069093618355,8.571966839272715e-07
gp_over_at,0.03685489033611207,0.03685489033611207,8.664918860982372e-07
re_over_invt,0.036841753538017524,0.036841753538017524,8.742938417499363e-07
txndbl_d_over_cogs,0.03683844568996762,0.03683844568996762,8.7626901031916e-07
re_d_over_dltt,0.036822669162087374,0.036822669162087374,8.857486886913565e-07
fatb_over_ceq,0.03673829954318301,0.03673829954318301,9.381437755166918e-07
dm_over_emp,0.036733512842755126,0.036733512842755126,9.412041630017595e-07
dltp_over_emp,0.036725369310583726,0.036725369310583726,9.464328451433515e-07
txdbcl_over_act,0.03671306551401501,0.03671306551401501,9.543857639446914e-07
esub_over_lct,0.036696662120538216,0.036696662120538216,9.650886871507545e-07
acox_over_ppent,-0.03669111392424643,0.03669111392424643,9.687348651340147e-07
tlcf_d_over_xsga,-0.03664057750613378,0.03664057750613378,1.002562687169927e-06
oiadp_d_over_mktcap,0.03658145590476122,0.03658145590476122,1.0435810261167157e-06
txdb_over_emp,0.03657803523210571,0.03657803523210571,1.0460030536076432e-06
ebit_d_over_mktcap,0.03653964966964122,0.03653964966964122,1.0735558307156681e-06
dcvsr_over_dltt,-0.03649300722754427,0.03649300722754427,1.1079759316615044e-06
ppeveb_d_over_ceq,0.036449706455884835,0.036449706455884835,1.1408787084220399e-06
reuna_d_over_invt,0.03636679640163271,0.03636679640163271,1.2065214529722563e-06
ap_d_over_ppent,-0.03634571783083204,0.03634571783083204,1.2237806863102354e-06
dm_over_icapt,0.03632525013242328,0.03632525013242328,1.2407668564793991e-06
ppegt_d_over_ceq,0.03630050230012591,0.03630050230012591,1.2616081112294149e-06
acox_over_xsga,0.036293382930634194,0.036293382930634194,1.2676657500438543e-06
fatb_over_icapt,0.03617847485534703,0.03617847485534703,1.3693939397932124e-06
cstke_over_dltt_d,-0.0361321717606113,0.0361321717606113,1.4125669231919392e-06
lifr_d_over_lct,0.03608284878528968,0.03608284878528968,1.4599944030947266e-06
ivaeq_over_ceq_d,-0.03608176312465928,0.03608176312465928,1.461055369715595e-06
sale_over_emp_d,0.036063621726055185,0.036063621726055185,1.4788941974029378e-06
revt_over_emp_d,0.036063621726055185,0.036063621726055185,1.4788941974029378e-06
ibadj_d_over_xsga,0.036062509916763213,0.036062509916763213,1.4799942463102782e-06
cstk_d_over_sale,-0.03604011193360288,0.03604011193360288,1.5023235970480201e-06
txditc_over_emp,0.03601076746780754,0.03601076746780754,1.53206868705653e-06
ibcom_d_over_xsga,0.03600852213598374,0.03600852213598374,1.5343678433341194e-06
lifr_d_over_invt,0.035996781458705135,0.035996781458705135,1.546444082307059e-06
xsga_over_emp,-0.03593045289102047,0.03593045289102047,1.6164033604097005e-06
reajo_over_xsga,-0.0359241539465687,0.0359241539465687,1.623203041945243e-06
lcoxdr_over_mktcap,0.03592316701472756,0.03592316701472756,1.6242709184844838e-06
dilavx_d_over_xsga,0.03590562070174807,0.03590562070174807,1.643369415413293e-06
tlcf_d_over_cogs,-0.035903232556366856,0.035903232556366856,1.6459854489067053e-06
pidom_over_cogs,0.03588320354767293,0.03588320354767293,1.6680838267104872e-06
lifr_over_xsga,0.03586126075756599,0.03586126075756599,1.6926209749749637e-06
dltr_over_act,0.03583283740134822,0.03583283740134822,1.7249209557863937e-06
invrm_over_emp,0.03582914015404332,0.03582914015404332,1.729165749094262e-06
txdbcl_over_mktcap,0.0358064943499201,0.0358064943499201,1.7553851603794404e-06
gp_over_seq,0.0357895840661424,0.0357895840661424,1.775212668705967e-06
act_d_over_at,-0.03577277007510854,0.03577277007510854,1.7951405362830622e-06
loxdr_over_act,0.03565859847276339,0.03565859847276339,1.9362531454510855e-06
seq_over_lct,-0.035635720651803315,0.035635720651803315,1.9657833516898047e-06
dlto_over_emp,0.03561129451308026,0.03561129451308026,1.997789484661377e-06
dpc_over_ceq,0.03549671439322132,0.03549671439322132,2.1547270395904085e-06
reuna_over_emp_d,0.03549348299717594,0.03549348299717594,2.1593202812486025e-06
act_over_emp,-0.03547753594878456,0.03547753594878456,2.1821261262938797e-06
dd_d_over_icapt,-0.035412786690559195,0.035412786690559195,2.2771225941748994e-06
ivch_over_ppent,-0.03541152723444269,0.03541152723444269,2.2790091966045452e-06
ppeveb_d_over_seq,0.03540253948613097,0.03540253948613097,2.292516029411267e-06
revt_d_over_emp,0.03537212820992396,0.03537212820992396,2.3387905734657427e-06
sale_d_over_emp,0.03537212820992396,0.03537212820992396,2.3387905734657427e-06
xopr_over_ppent,-0.03536709534009455,0.03536709534009455,2.346534684189403e-06
gdwl_over_cogs,-0.035317619009242615,0.035317619009242615,2.4239863842375607e-06
xpr_over_icapt,0.03530869765101473,0.03530869765101473,2.4382108195635617e-06
pi_d_over_mktcap,0.035274911509368824,0.035274911509368824,2.4928100693852616e-06
ivaeq_over_seq_d,-0.03526857181442478,0.03526857181442478,2.5031851052296832e-06
intpn_over_ppent,-0.035245738441943335,0.035245738441943335,2.5408969098697468e-06
ppegt_d_over_seq,0.03523872224134416,0.03523872224134416,2.5525940421309383e-06
sale_over_xsga_d,0.035224872787271815,0.035224872787271815,2.575835180660375e-06
revt_over_xsga_d,0.035224872787271815,0.035224872787271815,2.575835180660375e-06
loxdr_over_lct,0.035214272655395645,0.035214272655395645,2.593760614078689e-06
txdi_over_emp,0.0352048361973222,0.0352048361973222,2.6098188849981316e-06
fatp_over_seq,0.0351882519358617,0.0351882519358617,2.6382722300442647e-06
dvp_over_ppent,-0.03515896577210583,0.03515896577210583,2.6892465879562004e-06
txt_d_over_emp,0.03515891951537064,0.03515891951537064,2.6893278432629844e-06
ppeveb_d_over_act,0.035147825273677095,0.035147825273677095,2.7088843570957807e-06
ivst,-0.035142106567122654,0.035142106567122654,2.7190183082626497e-06
dlc_over_sale,-0.03510552016936051,0.03510552016936051,2.784718048850311e-06
ppegt_d_over_act,0.035056120404396096,0.035056120404396096,2.875847988595035e-06
fatp_over_ceq,0.03504747908627481,0.03504747908627481,2.8920802634080487e-06
nopi_over_xsga,0.03501660763393223,0.03501660763393223,2.950791679241052e-06
dm_over_at,0.034997025128997,0.034997025128997,2.9886246047808906e-06
dd_d_over_at,-0.03498850337826431,0.03498850337826431,3.005233332322097e-06
lifr_d_over_act,0.03498345741378896,0.03498345741378896,3.0151095168209773e-06
gp_over_ceq,0.03497673566748809,0.03497673566748809,3.0283139857296415e-06
nopio_over_xsga,0.03494161350533033,0.03494161350533033,3.0982164867260946e-06
dltis_over_mktcap,0.03487897378769107,0.03487897378769107,3.2267453424610586e-06
txdbca_over_mktcap,0.03487489147927454,0.03487489147927454,3.2352968650754314e-06
xsga_over_icapt,-0.034866443341523015,0.034866443341523015,3.2530629058734746e-06
revt_over_at_d,0.03476594738199474,0.03476594738199474,3.4717081544465755e-06
sale_over_at_d,0.03476594738199474,0.03476594738199474,3.4717081544465755e-06
nopi_over_invt_d,0.034757911571148326,0.034757911571148326,3.489787014085265e-06
drlt_over_sale,-0.034661450491937675,0.034661450491937675,3.7139717678974383e-06
mrc5_over_ppent,-0.03465496572840033,0.03465496572840033,3.7295281726264827e-06
fate_d_over_mktcap,0.03462344060425457,0.03462344060425457,3.8060484369236517e-06
ap_over_ppent,-0.03461938246696839,0.03461938246696839,3.816007311047997e-06
capxv_over_lct,0.03459474422426165,0.03459474422426165,3.877009069154292e-06
lifr_d_over_at,0.034594255292798116,0.034594255292798116,3.878229019872567e-06
capx_over_lct,0.034583278944491765,0.034583278944491765,3.905713547727321e-06
reajo_over_emp,-0.03452518133219256,0.03452518133219256,4.054325674939059e-06
nopi_over_lt,-0.03451584236372749,0.03451584236372749,4.078714426290487e-06
dm_over_lct,0.034504355867167054,0.034504355867167054,4.108904286156811e-06
txndb_over_emp,-0.03450426542768974,0.03450426542768974,4.1091428349162604e-06
cogs_d_over_ceq,0.03449171452123988,0.03449171452123988,4.142376910121013e-06
fatb_over_at,0.0344861683703909,0.0344861683703909,4.157144711168494e-06
lct_over_lt,-0.034478932247509135,0.034478932247509135,4.176488281921579e-06
dpc_d_over_invt,0.03447521899927402,0.03447521899927402,4.186447974191335e-06
intc_over_emp_d,0.034406318136230366,0.034406318136230366,4.3754357396858364e-06
xrent_over_cogs,-0.03436278068657195,0.03436278068657195,4.499039568437677e-06
dpc_over_sale,-0.0343283410318839,0.0343283410318839,4.5991769982050715e-06
ceqt_over_lt,-0.03430789248729131,0.03430789248729131,4.6596400152154515e-06
capx_over_cogs,0.03428643582060385,0.03428643582060385,4.723902167373864e-06
caps_d_over_dltt,-0.03427158313225964,0.03427158313225964,4.76888180349772e-06
capxv_over_cogs,0.03425090242413576,0.03425090242413576,4.8321946060082385e-06
xint_over_sale,-0.03423716792000413,0.03423716792000413,4.874685986105324e-06
dd_over_seq_d,-0.034221828692382765,0.034221828692382765,4.922564962909801e-06
icapt_d_over_ppent,-0.0341935237542995,0.0341935237542995,5.012099047553827e-06
txdbcl_over_at,0.03417726705866596,0.03417726705866596,5.06422499188185e-06
txdc_d_over_emp,0.034136004796493966,0.034136004796493966,5.19887064611302e-06
dcpstk_over_lt,-0.03411551511742371,0.03411551511742371,5.266998940175543e-06
txndb_over_xsga,-0.03406634128703664,0.03406634128703664,5.434006863108647e-06
dltr_over_icapt,0.034066215698668356,0.034066215698668356,5.43443981595742e-06
mib_d_over_dltt,0.034062134042608334,0.034062134042608334,5.448528891336606e-06
dltis_over_xsga,0.034049890044173636,0.034049890044173636,5.491002844908355e-06
lifr_over_icapt,0.034012743206411886,0.034012743206411886,5.621811944066246e-06
txt_d_over_xsga,0.03400475595709844,0.03400475595709844,5.650325329861041e-06
sppe_over_ceq,0.03397837091121219,0.03397837091121219,5.74550348767557e-06
txdba_over_mktcap,0.033911733650589436,0.033911733650589436,5.992762288348228e-06
mii_over_mktcap,0.03390654016178943,0.03390654016178943,6.0124547321593186e-06
fincf_over_dltt,-0.033887834520650334,0.033887834520650334,6.0838963897680105e-06
ceql_over_lct,-0.03388608711563976,0.03388608711563976,6.0906115079912675e-06
txfo_over_lct,0.03387794995367873,0.03387794995367873,6.1219754007410815e-06
txndbl_d_over_xsga,0.033872533332645935,0.033872533332645935,6.1429388482090464e-06
cstk_d_over_ppent,-0.03387178551937133,0.03387178551937133,6.1458384312234395e-06
txdba_over_seq,0.03387133921758303,0.03387133921758303,6.1475695528024145e-06
dvt_over_ppent,-0.0338547428873157,0.0338547428873157,6.212275919044156e-06
lifr_d_over_cogs,0.03384782599362751,0.03384782599362751,6.239435699408406e-06
sale_d_over_ceq,0.03383221970892284,0.03383221970892284,6.301133087689383e-06
revt_d_over_ceq,0.03383221970892284,0.03383221970892284,6.301133087689383e-06
txdbcl_over_lct,0.03381911777171666,0.03381911777171666,6.353380177069221e-06
intan_over_lct,-0.03380532376312713,0.03380532376312713,6.408834854498563e-06
lifr_over_act,0.03369864452922423,0.03369864452922423,6.853621120488658e-06
ceq_over_lct,-0.03367884297362378,0.03367884297362378,6.9393667050954215e-06
invfg_over_xsga,0.03367685891301025,0.03367685891301025,6.948014502488403e-06
lt_over_ppent_pd,-0.03365879034898653,0.03365879034898653,7.027244557778967e-06
lifr_over_at,0.03358041928359867,0.03358041928359867,7.3810116822140875e-06
tlcf_over_invt,-0.03349027476308682,0.03349027476308682,7.808984115256189e-06
cogs_d_over_xsga,0.033489960083769234,0.033489960083769234,7.810518836212164e-06
xopr_over_cogs,-0.03346442266855859,0.03346442266855859,7.936033035480132e-06
lco_over_lt,-0.03344538752705905,0.03344538752705905,8.03084088340507e-06
esub_over_ppent,0.03342743592928369,0.03342743592928369,8.121243180126212e-06
txdbcl_over_sale,0.03342537171428724,0.03342537171428724,8.131700479669819e-06
fatp_over_emp,0.03342015376625524,0.03342015376625524,8.158191987992806e-06
dd1_over_mktcap,0.03341832975771004,0.03341832975771004,8.167471917141773e-06
wcap_d_over_at,-0.033377504131222854,0.033377504131222854,8.377838235293549e-06
gdwl_over_ppent,-0.033366577779972637,0.033366577779972637,8.435012011472073e-06
dxd3_over_mktcap,0.03334289610667271,0.03334289610667271,8.560212552969418e-06
gp_over_mktcap_d,0.03329125481135288,0.03329125481135288,8.839417550223372e-06
dcpstk_d_over_sale,-0.03326383723632317,0.03326383723632317,8.99116912419101e-06
dp_d_over_at,0.03325960891319986,0.03325960891319986,9.014792571143844e-06
lt_d_over_lt,-0.03325427596114539,0.03325427596114539,9.04467210130188e-06
lt_pd,-0.033254275961145385,0.033254275961145385,9.04467210130188e-06
txndbl_over_sale,0.03324437091312932,0.03324437091312932,9.100419482443408e-06
cogs_over_icapt,0.033199006172356584,0.033199006172356584,9.359961973087305e-06
xpr_over_at,0.03319287229079674,0.03319287229079674,9.395593391651636e-06
dpc_d_over_lct,0.03317609402332553,0.03317609402332553,9.493720698906082e-06
xopr_d_over_ppent,-0.03316889110841977,0.03316889110841977,9.536146445951177e-06
dltt_over_sale_pd,-0.033167744228523366,0.033167744228523366,9.542918352030034e-06
invwip_over_lct,0.0331333285374122,0.0331333285374122,9.748280846925741e-06
dpc_over_act_d,0.03312863699279313,0.03312863699279313,9.776600648816267e-06
txdb_over_at,0.03311992943225319,0.03311992943225319,9.82937092232929e-06
sppe_over_act,0.03311905232671234,0.03311905232671234,9.834701485213927e-06
dcvsr_over_ppent,-0.033111397082772095,0.033111397082772095,9.881343183564858e-06
txt_over_emp,0.03310493255372321,0.03310493255372321,9.920894578991806e-06
fate_over_lct,0.033087740077544246,0.033087740077544246,1.0026818991373351e-05
intc_d_over_emp,0.033059789020739784,0.033059789020739784,1.020133691443742e-05
dcvt_over_lt,-0.033041548292286185,0.033041548292286185,1.0316786593481003e-05
txdba_over_xsga,0.03302661864121768,0.03302661864121768,1.0412207163036286e-05
dd_over_ceq_d,-0.03302130068772613,0.03302130068772613,1.0446399148348952e-05
aox_over_mktcap,0.03300185317463368,0.03300185317463368,1.0572352881460306e-05
txdbcl_over_icapt,0.032992095568458765,0.032992095568458765,1.0636093981940109e-05
fopo_over_act,-0.03298457770910154,0.03298457770910154,1.0685454125854414e-05
ivst_over_dltt,-0.03296339881606553,0.03296339881606553,1.0825687462097056e-05
ivncf_over_xsga,-0.03295601639353895,0.03295601639353895,1.0874980905865623e-05
ivch_over_dltt,-0.03294529567698164,0.03294529567698164,1.0946946295257833e-05
dltt_over_invt_pd,-0.03294466143404084,0.03294466143404084,1.0951218016950248e-05
ppeveb_d_over_lct,0.03291853413531969,0.03291853413531969,1.1128578888780716e-05
revt_d_over_act,0.03291542811922208,0.03291542811922208,1.1149845022552084e-05
sale_d_over_act,0.03291542811922208,0.03291542811922208,1.1149845022552084e-05
gp_d_over_xsga,0.032882659988182565,0.032882659988182565,1.1376576777784817e-05
sppe_over_seq,0.0328779176634603,0.0328779176634603,1.140975255338148e-05
lifr_over_lct,0.03287123639948566,0.03287123639948566,1.145664925640763e-05
dcvsr_over_invt_d,-0.03287073712719539,0.03287073712719539,1.1460161094943646e-05
xopr_over_ceq,0.032870431451198806,0.032870431451198806,1.1462311700825845e-05
ppegt_d_over_lct,0.03279062141585138,0.03279062141585138,1.2037197388035413e-05
txditc_over_at,0.032753386738742715,0.032753386738742715,1.2314722756160208e-05
dp_d_over_icapt,0.032728591069683385,0.032728591069683385,1.2502910450083282e-05
txdbcl_d_over_emp,0.032719146936544846,0.032719146936544846,1.257530610167705e-05
ib_over_invt,0.03271215919510807,0.03271215919510807,1.2629129116973697e-05
fate_over_act,0.03270804549883324,0.03270804549883324,1.2660917534301118e-05
txdb_over_icapt,0.03267576528012785,0.03267576528012785,1.2913024974324581e-05
che_d_over_at,-0.03264691841312327,0.03264691841312327,1.314236400269673e-05
pifo_over_mktcap,0.032617063346835576,0.032617063346835576,1.3383807486296465e-05
dpc_over_seq,0.03259393094710417,0.03259393094710417,1.357378667302899e-05
at_over_ppent_pd,-0.03255183741966649,0.03255183741966649,1.3926105173480441e-05
lse_over_ppent_pd,-0.03255183741966649,0.03255183741966649,1.3926105173480441e-05
xrent_over_lt,-0.032523912565468466,0.032523912565468466,1.4164627093153575e-05
dm_over_act,0.032515889514930695,0.032515889514930695,1.4233873760440397e-05
dlto_over_at,0.0325103451716071,0.0325103451716071,1.428191529241025e-05
esub_over_at,0.032505109504642415,0.032505109504642415,1.4327424076607188e-05
am_over_sale,-0.032498423083421074,0.032498423083421074,1.4385744008521177e-05
dlto_over_icapt,0.032490579387109766,0.032490579387109766,1.445444639965045e-05
lo_over_ppent,-0.03245363255896912,0.03245363255896912,1.4782290401047502e-05
mib_d_over_ceq,0.03243562724458564,0.03243562724458564,1.4944616607069143e-05
txdba_over_ceq,0.03241925777940888,0.03241925777940888,1.5093668583517079e-05
capx_d_over_cogs,0.03239482900114329,0.03239482900114329,1.5318742924935785e-05
idit_over_icapt,-0.03239234073137401,0.03239234073137401,1.5341847285217177e-05
pidom_over_at,0.032358264145126624,0.032358264145126624,1.5661620760167104e-05
xrd_over_cogs,-0.03235180418410315,0.03235180418410315,1.5722952877684668e-05
dcom_over_ppent,-0.03235005192682167,0.03235005192682167,1.573962857819611e-05
lco_over_lct,-0.03234091616778682,0.03234091616778682,1.5826844254611784e-05
capxv_d_over_cogs,0.032337932643144794,0.032337932643144794,1.585542649452364e-05
lct_d_over_ppent,-0.03233225488856317,0.03233225488856317,1.5909955485021852e-05
txndbl_d_over_lct,0.03233109012108641,0.03233109012108641,1.5921163952430444e-05
dd2_over_cogs_d,-0.032330011245263364,0.032330011245263364,1.5931552605107988e-05
lse_d_over_at,-0.032325731389076594,0.032325731389076594,1.5972827653449643e-05
lse_pd,-0.032325731389076594,0.032325731389076594,1.5972827653449643e-05
at_pd,-0.032325731389076594,0.032325731389076594,1.5972827653449643e-05
at_d_over_at,-0.032325731389076594,0.032325731389076594,1.5972827653449643e-05
ibc_over_invt,0.03229858401590171,0.03229858401590171,1.6237020925810537e-05
txditc_over_icapt,0.032237484537525826,0.032237484537525826,1.6846947499308414e-05
dd_over_cogs_d,-0.03222499888471961,0.03222499888471961,1.6974243929139573e-05
dltt_over_ppent_pd,-0.03216675212871262,0.03216675212871262,1.7580301867581226e-05
dd_over_mktcap,0.03216148348831762,0.03216148348831762,1.763612742535507e-05
mrc1_over_lt,-0.032142824234711646,0.032142824234711646,1.7835198820755444e-05
dcpstk_over_at,-0.03213788297637465,0.03213788297637465,1.788827342643606e-05
ivch_over_sale,-0.03212547363047045,0.03212547363047045,1.80222278180067e-05
dpc_over_lct,0.032120762733949405,0.032120762733949405,1.8073330040384434e-05
lifr_d_over_seq,0.03211555675966377,0.03211555675966377,1.8129963249146542e-05
txdba,0.03211538779254594,0.03211538779254594,1.8131804187928255e-05
dp_d_over_seq,0.03205696049567303,0.03205696049567303,1.877917398602603e-05
dltt_pd_minus_pd_invt,-0.03205088138410203,0.03205088138410203,1.8847780422619616e-05
invt_pd_minus_pd_dltt,0.032050881384102003,0.032050881384102003,1.8847780422619616e-05
cstk_d_over_dltt,-0.032023865877473384,0.032023865877473384,1.91555647786525e-05
icapt_d_over_at,-0.03201995533530442,0.03201995533530442,1.9200511739619165e-05
dcpstk_over_icapt,-0.032002061077695765,0.032002061077695765,1.9407469054217066e-05
fate_over_xsga,0.03197934733701231,0.03197934733701231,1.9673227152098498e-05
dilavx_over_invt,0.03196031079241012,0.03196031079241012,1.9898626636670255e-05
ibadj_over_invt,0.031954960745752624,0.031954960745752624,1.9962414418380224e-05
cogs_over_at,0.031946391261436516,0.031946391261436516,2.006499293236722e-05
mib_d_over_seq,0.03194466480419369,0.03194466480419369,2.00857196384559e-05
txdbcl_d_over_cogs,0.03193793352397294,0.03193793352397294,2.01667257990801e-05
mii_over_lct,0.03193511901209388,0.03193511901209388,2.0200688584031167e-05
txdbcl_over_seq,0.031911846895326376,0.031911846895326376,2.0483608124304867e-05
cogs_over_xsga_d,0.03187346961830547,0.03187346961830547,2.095841827319941e-05
xopr_over_xsga_d,0.031873469618305464,0.031873469618305464,2.095841827319941e-05
lifr_over_sale,0.03185375658467314,0.03185375658467314,2.1206366301747713e-05
dd_d_over_xsga,-0.03181094794486507,0.03181094794486507,2.1754458175753026e-05
mrct_over_lt,-0.03179993273723989,0.03179993273723989,2.189765513124913e-05
sppe_over_emp,0.031762452197545116,0.031762452197545116,2.2391649007253816e-05
dlto_over_lt,0.03172296853381497,0.03172296853381497,2.2923506630035325e-05
dltp_over_mktcap,0.03170718980650931,0.03170718980650931,2.3139394975594606e-05
idit_over_cogs,-0.031687952558245205,0.031687952558245205,2.3405221234004824e-05
siv_over_ppent,-0.03167063388038755,0.03167063388038755,2.3647019265850877e-05
dltt_over_ceq_pd,-0.0316691041323792,0.0316691041323792,2.3668490993901645e-05
dxd2_over_cogs_d,-0.03164944929503955,0.03164944929503955,2.394602417554639e-05
dltt_over_at_pd,-0.03163173507881821,0.03163173507881821,2.419880529749989e-05
ib_d_over_mktcap,0.0316189312660683,0.0316189312660683,2.4383093520203395e-05
lse_over_act,0.03161472474221965,0.03161472474221965,2.4443929801172033e-05
at_over_act,0.03161472474221965,0.03161472474221965,2.4443929801172033e-05
dp_d_over_invt,0.031577898801372545,0.031577898801372545,2.4982720255823742e-05
lifr_d_over_dltt,0.031555396405074015,0.031555396405074015,2.53174868016628e-05
lifr_d_over_ceq,0.03155490786066511,0.03155490786066511,2.5324801947664054e-05
dltt_over_seq_pd,-0.031548783510198075,0.031548783510198075,2.5416674711206636e-05
dxd2_over_mktcap,0.03153081449969524,0.03153081449969524,2.568806487675508e-05
intan_over_invt_pd,-0.03148956815589644,0.03148956815589644,2.6321479209546872e-05
txdba_over_emp,0.031475764852915644,0.031475764852915644,2.6536751439368857e-05
mrc1_over_lct,-0.03145677724467374,0.03145677724467374,2.6835613418556706e-05
ivst_over_mktcap,-0.03144308962111639,0.03144308962111639,2.70530366104224e-05
msa_d_over_emp,0.03143582609005934,0.03143582609005934,2.7169094505008044e-05
caps_over_ppent_d,-0.03143550487706146,0.03143550487706146,2.7174237813660946e-05
che_d_over_act,-0.03143380669714878,0.03143380669714878,2.720144470237153e-05
fopo_over_ceq,-0.03140147123109097,0.03140147123109097,2.7724466031398036e-05
dltt_over_mktcap_pd,-0.03139996613854951,0.03139996613854951,2.7749042059692285e-05
xrent_over_mktcap,0.03137744486577651,0.03137744486577651,2.811926516707945e-05
dpc_over_at,0.031366144457383165,0.031366144457383165,2.8306795021237543e-05
xido,0.03135798420635161,0.03135798420635161,2.844295265706364e-05
mii_over_xsga,0.03132709560996761,0.03132709560996761,2.896400303225325e-05
dd_over_sale_d,-0.03132383394709507,0.03132383394709507,2.9019549581144148e-05
drlt_over_ppent,-0.03132343403385805,0.03132343403385805,2.902636712044558e-05
seq_over_at,-0.03131069789110375,0.03131069789110375,2.9244285068140124e-05
dcvt_over_icapt,-0.031309325626050336,0.031309325626050336,2.926785737461577e-05
dcvt_over_at,-0.03129681365200948,0.03129681365200948,2.94836184173546e-05
mrct_over_cogs,-0.03129423882652716,0.03129423882652716,2.9528206806953265e-05
lifr_over_ppent,0.0312855841775558,0.0312855841775558,2.967855002427681e-05
fincf_d_over_ppent,-0.03128177314933775,0.03128177314933775,2.9744983303598544e-05
wcap_d_over_act,-0.03125992225888357,0.03125992225888357,3.012862125521503e-05
ibcom_over_invt,0.031257770599789916,0.031257770599789916,3.016665138432016e-05
ibadj_d_over_mktcap,0.03124280285625456,0.03124280285625456,3.043246833613011e-05
dltt_over_icapt_pd,-0.031241301558296845,0.031241301558296845,3.045925284559376e-05
cstkcv_pd_minus_pd_dltt,0.03122301057149989,0.03122301057149989,3.0787384798083054e-05
dcpstk_d_over_lt,-0.03122252121212117,0.03122252121212117,3.0796209647852756e-05
rdip_over_emp,0.03120869153013056,0.03120869153013056,3.104660296887528e-05
txndba_over_sale,0.031205009274585898,0.031205009274585898,3.1113597432815836e-05
gp_pd_minus_pd_dltt,0.031204715558796194,0.031204715558796194,3.111894716961996e-05
xacc_d_over_mktcap,0.031195109600438416,0.031195109600438416,3.1294392500662826e-05
dm_over_lt,0.031189987211947396,0.031189987211947396,3.138833271753821e-05
intpn_over_emp,0.031174379161225563,0.031174379161225563,3.167622571845049e-05
dltr_over_ceq,0.031168128068766288,0.031168128068766288,3.179223022733346e-05
act_d_over_icapt,-0.031156233047641833,0.031156233047641833,3.20140874441879e-05
sppe_over_icapt,0.031146676660135417,0.031146676660135417,3.219339085965068e-05
reajo_over_at,-0.031123437531570698,0.031123437531570698,3.263340835785605e-05
txr_over_ceq,0.031070137922726584,0.031070137922726584,3.366427741436894e-05
mrc1_over_cogs,-0.03107006353534431,0.03107006353534431,3.366573752187853e-05
txdbcl_over_cogs,0.03106515718171208,0.03106515718171208,3.376217446584534e-05
dltr_over_at,0.031062409805888598,0.031062409805888598,3.3816290106369906e-05
ebitda_pd_minus_pd_dltt,0.031051184607651054,0.031051184607651054,3.403825231140873e-05
oibdp_pd_minus_pd_dltt,0.031051184607651054,0.031051184607651054,3.403825231140873e-05
dilavx_d_over_mktcap,0.03101712557011339,0.03101712557011339,3.4720220078527335e-05
dpc_d_over_ceq,0.0310151992316607,0.0310151992316607,3.4759176494134924e-05
siv_over_sale,-0.031011786436946888,0.031011786436946888,3.482829550050906e-05
ebitda_over_seq_pd,0.03100697248894663,0.03100697248894663,3.492601385940506e-05
oibdp_over_seq_pd,0.03100697248894663,0.03100697248894663,3.492601385940506e-05
ivch_over_lct,-0.03099326158996813,0.03099326158996813,3.5205760232509905e-05
txfo_d_over_emp,0.03098610708494762,0.03098610708494762,3.5352578597011946e-05
ao_over_mktcap,0.030975474319095274,0.030975474319095274,3.557184920219892e-05
niadj_over_dltt,0.030919799728537055,0.030919799728537055,3.6741221671053745e-05
dltr_over_seq,0.030911503464049306,0.030911503464049306,3.69185674368845e-05
drc_over_lct,-0.030905926194619186,0.030905926194619186,3.7038246850643455e-05
ibc_d_over_mktcap,0.03087390243241272,0.03087390243241272,3.773258641362655e-05
txditc_d_over_emp,0.030855274903446257,0.030855274903446257,3.814213384806722e-05
dd3_over_mktcap,0.030846550276582115,0.030846550276582115,3.833540230770642e-05
mrc2_over_lt,-0.030843468261062552,0.030843468261062552,3.840389719774311e-05
xopr_over_seq,0.030843081645407316,0.030843081645407316,3.8412497561109885e-05
txdi_d_over_emp,0.030832844029379254,0.030832844029379254,3.864090215952527e-05
txndba_over_cogs,0.030813947545864032,0.030813947545864032,3.906587835476711e-05
dltr_over_lct,0.030812644196802345,0.030812644196802345,3.9095353219881774e-05
dlto_over_xsga,0.030810060908840663,0.030810060908840663,3.915383591911999e-05
intpn_over_lt,0.030780401803548296,0.030780401803548296,3.9831260390659845e-05
txdb_d_over_emp,0.03077289845102509,0.03077289845102509,4.000439415731779e-05
dltt_pd_minus_pd_emp,-0.030758542054025968,0.030758542054025968,4.033764859106788e-05
emp_pd_minus_pd_dltt,0.03075854205402592,0.03075854205402592,4.033764859106788e-05
cstkcv_pd_minus_pd_lt,0.03075641836225714,0.03075641836225714,4.0387168853177715e-05
dltt_over_act_pd,-0.030739402507461544,0.030739402507461544,4.078603266966678e-05
ppent_d_over_xsga,0.030734422291388074,0.030734422291388074,4.090347773291126e-05
ibcom_d_over_mktcap,0.030719718486831825,0.030719718486831825,4.1252102681151495e-05
txr_over_seq,0.030717129613615574,0.030717129613615574,4.131377561325796e-05
mii_over_emp,0.03071518516125198,0.03071518516125198,4.136015446955787e-05
sppe_over_lct,0.03071244320392605,0.03071244320392605,4.1425639272038304e-05
txdbcl_over_ceq,0.030707534682116747,0.030707534682116747,4.154311279116681e-05
fopo_over_seq,-0.030701275336171265,0.030701275336171265,4.1693373522956484e-05
sstk_over_dltt,-0.030660422435211603,0.030660422435211603,4.268681890870544e-05
oancf_d_over_emp,0.030654436512001063,0.030654436512001063,4.283425487601341e-05
xrent_over_lct,-0.0306528136396935,0.0306528136396935,4.2874310103683424e-05
dd_d_over_sale,-0.030616689884323815,0.030616689884323815,4.377515707117322e-05
fate_pd_minus_pd_at,0.030593849343970334,0.030593849343970334,4.435398307839312e-05
msa_d_over_sale,0.030582395106214032,0.030582395106214032,4.4646982558911924e-05
icapt_over_ppent_pd,-0.030563643002818417,0.030563643002818417,4.5130627572352724e-05
lse_over_sale_pd,-0.030562412889102872,0.030562412889102872,4.516252709359639e-05
at_over_sale_pd,-0.030562412889102872,0.030562412889102872,4.516252709359639e-05
dltt_over_emp_pd,-0.030560626487462366,0.030560626487462366,4.520889044438e-05
txndbl_d_over_act,0.03055549327074608,0.03055549327074608,4.534236663731894e-05
nopio_over_invt_d,0.0305451136924692,0.0305451136924692,4.5613403711336623e-05
txdbcl_d_over_sale,0.030544667934807406,0.030544667934807406,4.5625077909845626e-05
lt_over_act,0.030519440936457913,0.030519440936457913,4.629039893733297e-05
nopio_d_over_invt,0.03048984749845343,0.03048984749845343,4.708260311335626e-05
lt_over_at,0.030489435374806712,0.030489435374806712,4.7093725713547075e-05
txdb_over_ceq,0.03048805907684702,0.03048805907684702,4.713088798877055e-05
dn_over_lct,0.030482758634245818,0.030482758634245818,4.7274268418092584e-05
act_d_over_ppent,-0.03046458723608724,0.03046458723608724,4.776896205635262e-05
nopi_d_over_invt,0.030461190218849053,0.030461190218849053,4.7861984424280985e-05
intan_over_invt,-0.03044611511893703,0.03044611511893703,4.827687001964992e-05
dltis_over_ppent,-0.030437542394080235,0.030437542394080235,4.851432038441195e-05
invt_over_dltt_d,0.03041458034574303,0.03041458034574303,4.9155797399728475e-05
pidom_over_icapt,0.030403781111070144,0.030403781111070144,4.9460261264403345e-05
wcap_d_over_icapt,-0.030387361031421124,0.030387361031421124,4.992662141150778e-05
oibdp_d_over_lct,0.03035986672333177,0.03035986672333177,5.071685472878454e-05
ebitda_d_over_lct,0.03035986672333177,0.03035986672333177,5.071685472878454e-05
intan_over_at,-0.030359089443373868,0.030359089443373868,5.073936645325608e-05
cstk_pd_minus_pd_dltt,0.03035828619610289,0.03035828619610289,5.0762640197300465e-05
reajo_over_seq,-0.030329961339707823,0.030329961339707823,5.1589839499532014e-05
txfo_d_over_xsga,0.03031776104665033,0.03031776104665033,5.19500587450048e-05
sale_d_over_seq,0.03031569669793035,0.03031569669793035,5.201124485400856e-05
revt_d_over_seq,0.03031569669793035,0.03031569669793035,5.201124485400856e-05
xopr_pd_minus_pd_dltt,0.030313893133348067,0.030313893133348067,5.2064757357322325e-05
dltt_d_over_dltt,-0.030308405028786834,0.030308405028786834,5.2227912772213905e-05
dltt_pd,-0.030308405028786824,0.030308405028786824,5.2227912772213905e-05
dcvt_over_sale,-0.03027072118224187,0.03027072118224187,5.3361366429520535e-05
pstkrv_d_over_ceq,-0.030264940440056544,0.030264940440056544,5.353728775562593e-05
oibdp_over_icapt_pd,0.03025336508141538,0.03025336508141538,5.3891205729623065e-05
ebitda_over_icapt_pd,0.03025336508141538,0.03025336508141538,5.3891205729623065e-05
ivch_over_emp,-0.03025111510351302,0.03025111510351302,5.3960255876949605e-05
ceqt_d_over_sale,0.030223385210792354,0.030223385210792354,5.481817713749123e-05
xsga_pd_minus_pd_dltt,0.030183729242220403,0.030183729242220403,5.606755222671292e-05
dltt_pd_minus_pd_xsga,-0.03018372924222039,0.03018372924222039,5.606755222671292e-05
mii_over_icapt,0.03018066464199451,0.03018066464199451,5.616521796365209e-05
dltp_over_lct,0.0301745905222315,0.0301745905222315,5.635927047589633e-05
esub_over_seq,0.03014859613005425,0.03014859613005425,5.71969211995579e-05
lifr_over_lt,0.030138769480425404,0.030138769480425404,5.751663836904914e-05
dd_d_over_cogs,-0.030113200924284232,0.030113200924284232,5.835647983127428e-05
lcox_over_mktcap,0.030087203237093765,0.030087203237093765,5.9222315324832105e-05
mii_over_lt,0.030063414544473727,0.030063414544473727,6.002522714480051e-05
txdb_over_seq,0.030051112631192506,0.030051112631192506,6.044447159020079e-05
intpn_over_at,0.030050545449756633,0.030050545449756633,6.046386761494329e-05
sppe_over_at,0.03000476226248721,0.03000476226248721,6.204910851255933e-05
xsga_d_over_ppent,-0.029991450082158522,0.029991450082158522,6.25173749654662e-05
reajo_over_icapt,-0.02998019350692628,0.02998019350692628,6.291594216804862e-05
ceql_over_seq_pd,0.029976071355862395,0.029976071355862395,6.306249798156735e-05
txt_d_over_mktcap,0.029963149399682195,0.029963149399682195,6.352401235871873e-05
txditc_over_ceq,0.029947311368425877,0.029947311368425877,6.40940367261575e-05
dp_pd_minus_pd_dltt,0.02991798387375315,0.02991798387375315,6.516236331902502e-05
txdbca_over_xsga,0.02991663335537085,0.02991663335537085,6.521196292569752e-05
dlto_over_lct,0.029908853173883195,0.029908853173883195,6.549839708636904e-05
xopr_pd_minus_pd_lt,0.0299026664882473,0.0299026664882473,6.572701468950832e-05
aqc_over_ppent,-0.029869055847339974,0.029869055847339974,6.698228733328237e-05
dcom_over_sale,-0.02985863029965475,0.02985863029965475,6.737624221077593e-05
ivch_over_at,-0.029848092538000616,0.029848092538000616,6.77766645861589e-05
dcpstk_over_emp,-0.029837982411870898,0.029837982411870898,6.81629528996737e-05
dn_over_cogs_d,-0.029832232008981045,0.029832232008981045,6.838359300340006e-05
msa_d_over_lct,0.029819489030426506,0.029819489030426506,6.887494495154336e-05
xint_over_mktcap,0.02981861980169093,0.02981861980169093,6.890858263205588e-05
pidom_over_lt,0.029817563686325037,0.029817563686325037,6.894947342273073e-05
dltt_over_cogs_pd,-0.029787522053780324,0.029787522053780324,7.012228858729083e-05
mrc2_over_cogs,-0.029781071642570576,0.029781071642570576,7.03765595897591e-05
dpact_pd_minus_pd_dltt,0.02976619501723507,0.02976619501723507,7.096631578824509e-05
msa_d_over_act,0.029745919446655278,0.029745919446655278,7.177763396544275e-05
xpr_over_act,0.02972511463815846,0.02972511463815846,7.261924398677943e-05
ap_over_seq,0.02971375937158932,0.02971375937158932,7.308252326510386e-05
dpvieb_d_over_cogs,0.029712730652918948,0.029712730652918948,7.31246313723098e-05
mii_over_at,0.029666998221660034,0.029666998221660034,7.501993231275111e-05
ni_d_over_act,0.029666629626545045,0.029666629626545045,7.503539512178467e-05
pi_d_over_act,0.029662660893387763,0.029662660893387763,7.52020771339565e-05
dcpstk_d_over_ppent,-0.029644958103709533,0.029644958103709533,7.594984601908226e-05
ppegt_d_over_icapt,0.029623105988550814,0.029623105988550814,7.68825797065529e-05
xsga_over_act,-0.029603511801717948,0.029603511801717948,7.77281358259512e-05
dpact_d_over_cogs,0.0295939199262602,0.0295939199262602,7.814525607582315e-05
txdbcl_over_lt,0.029571205799954044,0.029571205799954044,7.914147603137421e-05
ppegt_d_over_at,0.029541156113298696,0.029541156113298696,8.047788309839405e-05
txditc_over_seq,0.02953768424567223,0.02953768424567223,8.06336556312257e-05
lcox_over_ppent,-0.02953423100499831,0.02953423100499831,8.078887509003162e-05
dltt_pd_minus_pd_mktcap,-0.029519416489880965,0.029519416489880965,8.145798187614947e-05
dn_over_act,0.0295103047900516,0.0295103047900516,8.187211517344354e-05
cogs_d_over_seq,0.029508341809255004,0.029508341809255004,8.19615942000263e-05
ppeveb_d_over_icapt,0.02950594444041766,0.02950594444041766,8.207099940622452e-05
ppeveb_d_over_at,0.02949231739608753,0.02949231739608753,8.269550339206435e-05
rdip_over_act,0.0294862966843459,0.0294862966843459,8.297285025892458e-05
dpc_pd_minus_pd_dltt,0.029476235358391636,0.029476235358391636,8.343829270789298e-05
lifr_over_cogs,0.02947557634473118,0.02947557634473118,8.346886497741205e-05
dltp_over_lt,0.0294601399338072,0.0294601399338072,8.418800992226215e-05
rdip_over_xsga,0.0294337120919176,0.0294337120919176,8.543282926233856e-05
ppegt_pd_minus_pd_dltt,0.02942934821179606,0.02942934821179606,8.56400447712674e-05
dpact_over_lt,0.029422740832635783,0.029422740832635783,8.595469514994447e-05
reajo_over_lct,-0.02942171364526311,0.02942171364526311,8.600370888894171e-05
txc_d_over_emp,0.029409706853751168,0.029409706853751168,8.657859217855169e-05
dd_over_invt_d,-0.029399955040299137,0.029399955040299137,8.704817727470395e-05
dd2_over_mktcap,0.02938262443524133,0.02938262443524133,8.788865202874654e-05
ceqt_pd_minus_pd_dltt,0.0293806981613825,0.0293806981613825,8.798254163692316e-05
dn_over_invt_d,-0.029378570319972038,0.029378570319972038,8.80863661027627e-05
dltt_over_lt_pd,-0.029378220185033825,0.029378220185033825,8.810346143735409e-05
ppeveb_pd_minus_pd_dltt,0.02937361475279806,0.02937361475279806,8.83286135504691e-05
acchg_d_over_emp,0.029370397751517566,0.029370397751517566,8.848620984982405e-05
dltt_over_lct_pd,-0.02936249329835252,0.02936249329835252,8.887456660226851e-05
reajo_over_ceq,-0.02934952135877331,0.02934952135877331,8.951538724415475e-05
dpvieb_over_lt,0.02934802327871437,0.02934802327871437,8.958967367166764e-05
txdba_over_act,0.029345035842641337,0.029345035842641337,8.97379878012765e-05
pi_over_dltt,0.02934484722793771,0.02934484722793771,8.97473595383428e-05
dd_d_over_lt,-0.029343983056401797,0.029343983056401797,8.979030962699953e-05
act_over_ppent_pd,-0.029339697906246465,0.029339697906246465,9.000357235370666e-05
dpvieb_pd_minus_pd_dltt,0.029336223872864883,0.029336223872864883,9.017681860968922e-05
intc_d_over_cogs,0.029332928176172456,0.029332928176172456,9.034146251122445e-05
pidom_over_mktcap,0.029325518597871202,0.029325518597871202,9.071266191111597e-05
dltt_over_xsga_pd,-0.029316883777093235,0.029316883777093235,9.114706007239721e-05
dltp_over_xsga,0.029294241587603,0.029294241587603,9.229548630541481e-05
rdip_over_lct,0.02929264094449831,0.02929264094449831,9.237718697234147e-05
xopr_over_act,0.02927343955789706,0.02927343955789706,9.336261087467809e-05
xi_over_ppent,0.029266934287012276,0.029266934287012276,9.369870958039251e-05
intan_over_emp,-0.029265785427757145,0.029265785427757145,9.375818465924974e-05
ppent_over_emp_d,0.02926273947865225,0.02926273947865225,9.391604242396583e-05
lcoxdr_over_sale,-0.02925252611471371,0.02925252611471371,9.444718849166531e-05
txndb_over_emp_d,-0.029229230308668877,0.029229230308668877,9.566931963762126e-05
intc_d_over_act,0.029226726230933062,0.029226726230933062,9.580157223641243e-05
oancf_d_over_xsga,0.029205150443988352,0.029205150443988352,9.694826798878392e-05
cogs_pd_minus_pd_dltt,0.029195918610834103,0.029195918610834103,9.744286327354832e-05
dltt_pd_minus_pd_cogs,-0.029195918610833996,0.029195918610833996,9.744286327355645e-05
oiadp_d_over_act,0.029185771347118788,0.029185771347118788,9.798925050863544e-05
mrc3_over_cogs,-0.02918290478509085,0.02918290478509085,9.81441259042931e-05
che_d_over_icapt,-0.02918272814491853,0.02918272814491853,9.815367702230976e-05
ivaeq_over_xsga_d,-0.029179950470476237,0.029179950470476237,9.830398420660625e-05
esub_over_icapt,0.02917086869466974,0.02917086869466974,9.879694073732435e-05
rdip_over_at,0.02916296904040535,0.02916296904040535,9.922762878956602e-05
dd_over_at_d,-0.029156708499874798,0.029156708499874798,9.95702107896919e-05
icapt_pd,-0.02914709714003621,0.02914709714003621,0.00010009832588330377
icapt_d_over_icapt,-0.02914709714003621,0.02914709714003621,0.00010009832588330377
dcvsub_over_mktcap_d,-0.02914668268647503,0.02914668268647503,0.00010012115820824597
ivao_over_ppent,-0.0291269276715055,0.0291269276715055,0.0001012151850592764
mrc2_over_lct,-0.029041808710410295,0.029041808710410295,0.00010605938793775033
revt_pd_minus_pd_dltt,0.02904009182839395,0.02904009182839395,0.00010615931191523173
sale_pd_minus_pd_dltt,0.02904009182839395,0.02904009182839395,0.00010615931191523173
dltt_pd_minus_pd_sale,-0.02904009182839384,0.02904009182839384,0.00010615931191524013
dltt_over_emp,0.029009196940911385,0.029009196940911385,0.00010797267234167032
dilavx_over_dltt,0.02899750012745344,0.02899750012745344,0.00010866680661355993
mrct_over_lct,-0.02899361128603815,0.02899361128603815,0.00010889851654715254
mrc1_over_emp,-0.02899316848731641,0.02899316848731641,0.00010892492948625094
ebit_d_over_act,0.0289923288086708,0.0289923288086708,0.00010897503290633524
txdba_over_icapt,0.028990551184048887,0.028990551184048887,0.00010908117507934979
gdwl_over_invt,-0.028973033735179392,0.028973033735179392,0.00011013237302855689
dcpstk_over_cogs,-0.028965684709138212,0.028965684709138212,0.00011057621722336583
ivch_over_icapt,-0.02896038755283554,0.02896038755283554,0.00011089718465818802
cogs_d_over_act,0.028938722809717418,0.028938722809717418,0.00011221907339817231
xacc_over_lt,-0.028923400037416735,0.028923400037416735,0.00011316296031102384
ibcom_over_dltt,0.028911381274165142,0.028911381274165142,0.00011390855417460651
mii_over_act,0.028904204166582653,0.028904204166582653,0.00011435599881385783
acchg_d_over_invt,0.028893066036374995,0.028893066036374995,0.00011505367033950435
msa_d_over_lt,0.028888576754633362,0.028888576754633362,0.00011533600389125733
cstk_over_sale,-0.028881418212192176,0.028881418212192176,0.00011578756078015793
gp_d_over_emp,0.028881273223481586,0.028881273223481586,0.00011579672378987828
ap_over_ceq,0.028842537603354236,0.028842537603354236,0.00011826938800887388
intan_pd_minus_pd_invt,-0.028830573707528614,0.028830573707528614,0.0001190431034149971
lt_over_emp,0.028818394836822765,0.028818394836822765,0.00011983562151768864
rdip_over_lt,0.028811979969634662,0.028811979969634662,0.00012025505493982
ibadj_over_dltt,0.028793865885501695,0.028793865885501695,0.00012144692138140951
intc_over_act_d,0.028768494194159118,0.028768494194159118,0.0001231350561156951
dlto_over_ceq,0.02875149623635412,0.02875149623635412,0.000124278382044914
oibdp_over_ceq_pd,0.028711580500165552,0.028711580500165552,0.00012700267736906717
ebitda_over_ceq_pd,0.028711580500165552,0.028711580500165552,0.00012700267736906717
dcpstk_d_over_icapt,-0.0286985104760878,0.0286985104760878,0.0001279068857581676
nopio_d_over_xsga,0.02869430311025508,0.02869430311025508,0.00012819924756173875
xopr_pd_minus_pd_at,0.028690854363882072,0.028690854363882072,0.00012843936390318284
ppent_pd_minus_pd_dltt,0.02869060917731152,0.02869060917731152,0.00012845645095823627
dltt_pd_minus_pd_ppent,-0.028690609177311404,0.028690609177311404,0.00012845645095825472
dpvieb_pd_minus_pd_lt,0.02866999635004121,0.02866999635004121,0.00012990064420520027
intan_over_act,-0.02863871167241276,0.02863871167241276,0.0001321218002089593
dd_d_over_ppent,-0.02863582483694769,0.02863582483694769,0.00013232855380890498
mrc3_over_lt,-0.028634274694398946,0.028634274694398946,0.00013243969993620105
esub_over_xsga,0.028618047225771485,0.028618047225771485,0.00013360851078242543
pstkc_d_over_ceq,-0.02860577638603492,0.02860577638603492,0.00013449878407008003
rdip_over_sale,0.02859387749136288,0.02859387749136288,0.0001353674066773549
ap_over_ppent_pd,-0.02858801500083326,0.02858801500083326,0.00013579731077332296
intpn_over_icapt,0.028582519861036527,0.028582519861036527,0.0001362014440541265
txdb_over_lt,0.028562073806704627,0.028562073806704627,0.00013771509569113205
txndbl_d_over_sale,0.028558712986977926,0.028558712986977926,0.00013796541337997336
drlt_over_emp,-0.028535636473280244,0.028535636473280244,0.00013969578729397503
emp_d_over_lt,-0.028534425854201892,0.028534425854201892,0.0001397871265242676
ceq_d_over_sale,0.02852684699801136,0.02852684699801136,0.00014036021835032403
ni_over_dltt,0.028523436438289446,0.028523436438289446,0.00014061883660019547
ceql_pd_minus_pd_dltt,0.02852187223892538,0.02852187223892538,0.00014073759782808263
ap_pd,-0.028511891985599357,0.028511891985599357,0.00014149757164900125
ibc_over_dltt,0.028490578731296855,0.028490578731296855,0.00014313348649492904
gp_over_icapt,0.028481386957348247,0.028481386957348247,0.00014384449068792816
ib_over_dltt,0.028472951673702385,0.028472951673702385,0.00014449990392676983
seq_d_over_ppent,-0.028458243950202147,0.028458243950202147,0.00014564941027907417
lt_over_cogs_pd,-0.0284343619732094,0.0284343619732094,0.00014753430466612246
txdbcl_over_cogs_d,0.028431126894475973,0.028431126894475973,0.0001477913936332874
xpr_d_over_xsga,0.028404906431705783,0.028404906431705783,0.00014989072918574828
mrc4_over_cogs,-0.028381028096466695,0.028381028096466695,0.00015182693652491096
rdip_over_dltt_d,-0.028361474234987877,0.028361474234987877,0.00015342999599875841
ppeveb_pd_minus_pd_lt,0.028357159978337963,0.028357159978337963,0.0001537858250131931
acchg_over_emp_d,0.02833765674452056,0.02833765674452056,0.00015540411649753722
capxv_d_over_act,0.028329280279238363,0.028329280279238363,0.00015610406657563886
txr_over_xsga,0.028318097066398654,0.028318097066398654,0.00015704317827818287
dcpstk_over_seq,-0.028316552584160756,0.028316552584160756,0.00015717329343212927
capx_d_over_act,0.028315496865376242,0.028315496865376242,0.00015726229099668676
oibdp_over_xsga_d,0.028313629843298275,0.028313629843298275,0.00015741979789542945
ebitda_over_xsga_d,0.028313629843298275,0.028313629843298275,0.00015741979789542945
esubc,-0.02828429090579003,0.02828429090579003,0.00015991448665358292
mrc4_over_lt,-0.02827431570042196,0.02827431570042196,0.00016077111851638552
icapt_over_act,0.028272077537092665,0.028272077537092665,0.00016096391544737304
dpvieb_over_act_d,0.028267436277680448,0.028267436277680448,0.0001613644102287026
invt_over_emp,0.02825504009665894,0.02825504009665894,0.00016243867909391857
dn_over_icapt,0.028252051021076797,0.028252051021076797,0.0001626987211926576
rdip_over_icapt,0.028251621449043477,0.028251621449043477,0.00016273612505742022
siv_over_emp,-0.028249618518846914,0.028249618518846914,0.00016291063180869818
txditc_over_lt,0.02824447842018131,0.02824447842018131,0.00016335927263230277
mrct_over_emp,-0.028211200472053784,0.028211200472053784,0.00016629209886961704
rdip_over_ppent,0.028190804550879394,0.028190804550879394,0.00016811402267828178
ppegt_pd_minus_pd_lt,0.028176587879910356,0.028176587879910356,0.00016939505439933828
txdbcl_over_emp_d,0.028162019198921952,0.028162019198921952,0.00017071732627972606
at_over_cogs_pd,-0.02815252935566865,0.02815252935566865,0.00017158385100419523
lse_over_cogs_pd,-0.02815252935566865,0.02815252935566865,0.00017158385100419523
dltt_pd_minus_pd_at,-0.028139431359477045,0.028139431359477045,0.0001727866352646685
lse_pd_minus_pd_dltt,0.02813943135947692,0.02813943135947692,0.0001727866352646685
at_pd_minus_pd_dltt,0.02813943135947692,0.02813943135947692,0.0001727866352646685
rdip_over_mktcap,0.02811809065134824,0.02811809065134824,0.00017476334357117965
recta,0.028099119335680333,0.028099119335680333,0.00017653842001120605
txdbcl_d_over_xsga,0.02809281870297815,0.02809281870297815,0.00017713168756288428
xidoc_d_over_dltt,-0.028087828204448925,0.028087828204448925,0.00017760292278646948
reuna_over_ppent_d,0.028085288094534755,0.028085288094534755,0.00017784322886142632
lt_over_sale_pd,-0.028081995914013967,0.028081995914013967,0.00017815513917704038
icapt_over_sale_pd,-0.028062951338239567,0.028062951338239567,0.00017996959237916908
act_d_over_act,-0.028060785730242885,0.028060785730242885,0.0001801770151367543
act_pd,-0.028060785730242874,0.028060785730242874,0.0001801770151367543
xacc_pd_minus_pd_dltt,0.02805796276905963,0.02805796276905963,0.00018044773688697112
txt_over_mktcap,0.028048916387359367,0.028048916387359367,0.0001813178627366
dpact_pd_minus_pd_lt,0.028036328706308015,0.028036328706308015,0.000182535172877834
nopi_d_over_xsga,0.02802221505773254,0.02802221505773254,0.00018390918867141224
ap_pd_minus_pd_dltt,0.028019332715849155,0.028019332715849155,0.00018419098818612
fincf_d_over_at,-0.027973356128617583,0.027973356128617583,0.00018874124230503956
gp_over_xsga_d,0.027972066030081993,0.027972066030081993,0.00018887043304024721
ppegt_over_emp_d,0.02795606654782564,0.02795606654782564,0.00019047954641208582
dn_over_emp,0.02793993454817004,0.02793993454817004,0.00019211502487487243
nopi_over_xsga_d,0.027927998588129242,0.027927998588129242,0.0001933335883787935
reajo_over_lt,-0.027919121732595767,0.027919121732595767,0.00019424454767093317
txndb_d_over_cogs,-0.027881536835017696,0.027881536835017696,0.00019814645443875576
lct_pd_minus_pd_dltt,0.0278769243196983,0.0278769243196983,0.00019863034764836587
dltt_pd_minus_pd_lct,-0.027876924319698272,0.027876924319698272,0.00019863034764836587
acchg_over_invt_d,0.027860890157021315,0.027860890157021315,0.00020032112300528916
pstkl_d_over_ceq,-0.02786020831202056,0.02786020831202056,0.00020039332124319428
mrc3_over_lct,-0.027843640246289495,0.027843640246289495,0.00020215518878518912
mrc4_over_lct,-0.027840286295463958,0.027840286295463958,0.0002025136182748488
pstkn_over_icapt_d,-0.027831473695981775,0.027831473695981775,0.00020345824879097583
txdba_over_at,0.02781890261708208,0.02781890261708208,0.0002048129192123309
idit_over_act,-0.027812809700351507,0.027812809700351507,0.00020547254109843524
intc_d_over_sale,0.027799350017891605,0.027799350017891605,0.00020693677134790573
dpc_over_icapt,0.02779369241135672,0.02779369241135672,0.0002075551625147523
loxdr_over_at,0.02778749253202603,0.02778749253202603,0.0002082348183396299
ebitda_d_over_ceq,0.02777878163214798,0.02777878163214798,0.0002091932744117498
oibdp_d_over_ceq,0.02777878163214798,0.02777878163214798,0.0002091932744117498
reajo_over_act,-0.02777228364861612,0.02777228364861612,0.00020991094062124745
xsga_d_over_at,-0.027763671795272907,0.027763671795272907,0.00021086563507034245
txdi_over_xsga,0.027748166507017696,0.027748166507017696,0.00021259481060887457
emp_over_ppent,-0.027732677314337362,0.027732677314337362,0.00021433547861029562
rdip_over_ceq,0.027732626692714597,0.027732626692714597,0.00021434118931992348
ivch_over_act,-0.027729249578955242,0.027729249578955242,0.00021472248999637904
dm_d_over_dltt,-0.027727799700936986,0.027727799700936986,0.00021488638708909595
ivch_over_xsga,-0.027724969770040034,0.027724969770040034,0.00021520662653515005
dd_d_over_act,-0.027718296355813587,0.027718296355813587,0.00021596357572276794
dd2_over_sale_d,-0.027698274145591905,0.027698274145591905,0.00021824967472921036
ebitda_d_over_seq,0.02769381742504285,0.02769381742504285,0.00021876161682466558
oibdp_d_over_seq,0.02769381742504285,0.02769381742504285,0.00021876161682466558
invt_over_lct,0.027679831166819952,0.027679831166819952,0.00022037554385604362
cogs_over_at_d,0.027661412606274097,0.027661412606274097,0.00022251798677975986
seq_d_over_at,-0.027660939890989993,0.027660939890989993,0.0002225732293912837
mrc2_over_emp,-0.02765151231571791,0.02765151231571791,0.00022367765000446603
dpact_over_act_d,0.027648193740174777,0.027648193740174777,0.00022406763667394875
dltis_over_emp,0.02764710956551089,0.02764710956551089,0.00022419518310240764
dm_over_ceq,0.027639213880564947,0.027639213880564947,0.00022512611886332212
dltr_over_lt,0.027631607808899176,0.027631607808899176,0.00022602633792590654
dd_over_icapt_d,-0.027611252148821968,0.027611252148821968,0.00022845218684464604
ppeveb_over_emp_d,0.02760779062726674,0.02760779062726674,0.00022886713038466024
txc_over_emp_d,0.027601583784576014,0.027601583784576014,0.0002296129359778159
oibdp_over_act_d,0.027576644628712513,0.027576644628712513,0.0002326326439667508
ebitda_over_act_d,0.027576644628712513,0.027576644628712513,0.0002326326439667508
sale_over_act_d,0.02756985091066097,0.02756985091066097,0.00023346168315400206
revt_over_act_d,0.02756985091066097,0.02756985091066097,0.00023346168315400206
ebitda_over_act_pd,0.027555068693109207,0.027555068693109207,0.00023527514904961923
oibdp_over_act_pd,0.027555068693109207,0.027555068693109207,0.00023527514904961923
lct_over_act,0.027545691169572152,0.027545691169572152,0.0002364324160123229
wcap_over_act,-0.027545691169572145,0.027545691169572145,0.0002364324160123229
pstkr_d_over_ceq,-0.027545162679051154,0.027545162679051154,0.0002364977949978463
txfo_d_over_icapt,0.027541092849320742,0.027541092849320742,0.00023700183775261042
at_d_over_icapt,-0.027534440977463708,0.027534440977463708,0.0002378278332842345
lse_d_over_icapt,-0.027534440977463708,0.027534440977463708,0.0002378278332842345
intan_over_lt,-0.027530381369493668,0.027530381369493668,0.0002383332610215596
act_over_sale_pd,-0.02752166528822005,0.02752166528822005,0.00023942183360581233
re_over_ppent_d,0.02751984988069857,0.02751984988069857,0.00023964915042362414
invrm_d_over_xsga,0.027519263130654472,0.027519263130654472,0.0002397226637978494
dlc_over_ppent,-0.027518503724926632,0.027518503724926632,0.0002398178404535074
aco_pd_minus_pd_dltt,0.02751458515791797,0.02751458515791797,0.00024030951985324706
lt_d_over_sale,-0.027511983873653802,0.027511983873653802,0.00024063643622295112
dd5_over_mktcap,0.027497592012086555,0.027497592012086555,0.0002424526855507155
dltt_pd_minus_pd_lt,-0.02746091265537041,0.02746091265537041,0.00024713993078361946
lt_pd_minus_pd_dltt,0.027460912655370297,0.027460912655370297,0.00024713993078364174
rdip_over_seq,0.027443325843693432,0.027443325843693432,0.0002494173666475952
dn_over_sale_d,-0.027438794933535335,0.027438794933535335,0.0002500072855361115
dltt_pd_minus_pd_act,-0.027423015344806456,0.027423015344806456,0.0002520719983061804
act_pd_minus_pd_dltt,0.02742301534480632,0.02742301534480632,0.00025207199830621995
siv_over_lct,-0.02741212121557626,0.02741212121557626,0.0002535067821591616
aco_over_lt,-0.027387531590829614,0.027387531590829614,0.00025677349578902227
fopo_over_invt,-0.027369737219541647,0.027369737219541647,0.0002591620359168298
dcvt_over_cogs,-0.02736747513159833,0.02736747513159833,0.00025946716423846656
acchg_over_ppent,0.02736628048956622,0.02736628048956622,0.0002596284428849322
ib_d_over_act,0.027355175794775845,0.027355175794775845,0.000261132098809807
txr_over_icapt,0.027351088222603605,0.027351088222603605,0.00026168763842949035
dcpstk_d_over_seq,-0.027341449866967526,0.027341449866967526,0.0002630019714908727
siv_over_at,-0.02728999865980317,0.02728999865980317,0.000270123425977001
intan_over_icapt,-0.027272116302920934,0.027272116302920934,0.00027264059436366375
ppent_d_over_cogs,0.02726474567859137,0.02726474567859137,0.00027368448706315224
invt_over_ceq,0.027223196539565443,0.027223196539565443,0.000279639456416308
dcvt_over_emp,-0.02721347763813838,0.02721347763813838,0.0002810498173149898
ap_d_over_lt,-0.027209478926135858,0.027209478926135858,0.00028163202432937703
dp_over_at_d,0.027207729482811714,0.027207729482811714,0.0002818870960638924
dd1_over_xsga,0.027206430138398952,0.027206430138398952,0.0002820766826931744
cstk_d_over_lt,-0.027206167252071763,0.027206167252071763,0.00028211505482037506
ppegt_d_over_cogs,0.027197563518153597,0.027197563518153597,0.00028337359900203733
dcpstk_d_over_cogs,-0.027187829251951817,0.027187829251951817,0.0002848038577978548
dltr_over_cogs,0.027172607590955567,0.027172607590955567,0.0002870539443569124
dxd4_over_xsga,0.0271546944114908,0.0271546944114908,0.00028972322326168966
txdbcl_d_over_act,0.027146385363138053,0.027146385363138053,0.0002909692490657091
ivch_over_lt,-0.027139477077825793,0.027139477077825793,0.00029200903604489307
lifr_over_invt,0.027131346041072604,0.027131346041072604,0.0002932373217798914
xopr_over_at_d,0.02712470460021272,0.02712470460021272,0.0002942441759251514
dd4_over_xsga,0.027124481635967285,0.027124481635967285,0.0002942780338086327
ceql_over_ceq_pd,0.027121735827669427,0.027121735827669427,0.0002946952934709521
mrc5_over_lt,-0.027113586444647612,0.027113586444647612,0.0002959369585792781
oibdp_over_at_pd,0.027110958337647255,0.027110958337647255,0.0002963384287739478
ebitda_over_at_pd,0.027110958337647255,0.027110958337647255,0.0002963384287739478
fate_over_lt_pd,0.027103245720711086,0.027103245720711086,0.00029751955672385164
lco_pd_minus_pd_dltt,0.027100305580648566,0.027100305580648566,0.0002979709761411056
mrc1_over_mktcap,0.02705467771265093,0.02705467771265093,0.0003050592638608649
txfo_d_over_seq,0.02705098056426057,0.02705098056426057,0.0003056404771699958
dcvt_over_seq,-0.02704994328893311,0.02704994328893311,0.00030580372906500796
esub_over_dltt,0.027049905740318656,0.027049905740318656,0.0003058096401961303
invt_over_seq,0.027048346795949633,0.027048346795949633,0.0003060551531436734
ppeveb_d_over_cogs,0.027039769719450574,0.027039769719450574,0.0003074092324643204
dp_d_over_sale,0.0270391045137581,0.0270391045137581,0.00030751448378476344
seq_over_icapt,-0.027033892338176747,0.027033892338176747,0.0003083403422507968
mrc4_over_emp,-0.027020571113641863,0.027020571113641863,0.00031046050809658985
txfo_over_lt,0.02701518601656398,0.02701518601656398,0.0003113214514439302
ceq_d_over_at,-0.026999663729655884,0.026999663729655884,0.0003138156029528269
spi_over_lct,0.026987272460311695,0.026987272460311695,0.0003158200695577839
txpd_over_ppent,-0.026977220860163856,0.026977220860163856,0.00031745485827267374
fatl_over_ppent,-0.026961513012683874,0.026961513012683874,0.0003200254458123584
che_d_over_seq,-0.02694061211317925,0.02694061211317925,0.0003234760916435765
dltt_over_icapt,0.02693935346513564,0.02693935346513564,0.0003236849964438066
dp_over_xsga_d,0.02693147874398174,0.02693147874398174,0.0003249948764408209
seq_d_over_icapt,-0.02692070649112597,0.02692070649112597,0.0003267947672578446
wcap_d_over_ceq,-0.026917538056153295,0.026917538056153295,0.00032732594057198624
esub_over_act,0.026878235610498284,0.026878235610498284,0.00033398233245683135
fatl_over_emp,-0.02687573387536191,0.02687573387536191,0.0003344102931489147
emp_d_over_sale,-0.026858267544588206,0.026858267544588206,0.00033741250670449926
mrc5_d_over_dltt,-0.026856566434183098,0.026856566434183098,0.00033770624696724365
fincf_d_over_icapt,-0.02685005084044006,0.02685005084044006,0.0003388335454941957
xopr_d_over_xsga,0.026846766867168748,0.026846766867168748,0.0003394030570683719
lifr_over_emp_d,0.02682724855376334,0.02682724855376334,0.0003428064723919058
xsga_d_over_lct,-0.026794704907080247,0.026794704907080247,0.00034855219933827946
recch_over_mktcap,-0.02679229560838278,0.02679229560838278,0.00034898113310131534
ibc_d_over_act,0.026782080994717735,0.026782080994717735,0.000350805156898858
msa_over_dltt_d,0.026776510724861965,0.026776510724861965,0.00035180359313974937
rectr_pd_minus_pd_dltt,0.026772617183951818,0.026772617183951818,0.0003525030634882352
lcoxdr_over_xsga,0.026768582762586573,0.026768582762586573,0.0003532292147428044
loxdr_over_seq,0.02676289512931166,0.02676289512931166,0.0003542553023352502
rect_pd_minus_pd_dltt,0.026758482567572253,0.026758482567572253,0.00035505327776502846
gp_d_over_mktcap,0.02674902244216683,0.02674902244216683,0.00035676973166603006
pi_over_invt,0.026747206614424934,0.026747206614424934,0.0003571000834930118
mrc3_pd_minus_pd_dltt,0.02674289186514925,0.02674289186514925,0.0003578862094637874
ivch_over_ceq,-0.026726434950349175,0.026726434950349175,0.0003608994588691442
xsga_d_over_lt,-0.026721440311933107,0.026721440311933107,0.0003618186553932809
dxd2_over_sale_d,-0.02669940540390005,0.02669940540390005,0.0003659000775608444
dltt_over_sale_d,-0.026699374466413173,0.026699374466413173,0.00036590583810505446
esub_over_ceq,0.026690733906253702,0.026690733906253702,0.00036751802883287077
dd_d_over_lct,-0.026662779406722133,0.026662779406722133,0.00037277950411480004
dltt_pd_minus_pd_icapt,-0.02665806764806362,0.02665806764806362,0.00037367323498873153
icapt_pd_minus_pd_dltt,0.026658067648063527,0.026658067648063527,0.00037367323498877045
esub,0.026655529210649523,0.026655529210649523,0.0003741555579956197
intc_d_over_lct,0.02664018652709174,0.02664018652709174,0.00037708319817448806
recch_over_xsga,-0.02663974646020881,0.02663974646020881,0.00037716748530282123
loxdr_over_icapt,0.026639591187798968,0.026639591187798968,0.0003771972292244717
dcpstk_d_over_at,-0.026627312844951966,0.026627312844951966,0.00037955621713654553
dcpstk_over_sale_d,-0.02662063533512645,0.02662063533512645,0.00038084492116663323
wcap_d_over_seq,-0.026620486535158455,0.026620486535158455,0.00038087368484938293
dxd4_over_icapt,0.026617346068263777,0.026617346068263777,0.00038148122460182973
txfo_d_over_mktcap,0.026610793535965186,0.026610793535965186,0.0003827517636594094
ivaeq_over_lct_d,-0.026600776288864383,0.026600776288864383,0.0003847017586231963
dltt_pd_minus_pd_ceq,-0.02659756813162919,0.02659756813162919,0.00038532823071365504
ceq_pd_minus_pd_dltt,0.026597568131629185,0.026597568131629185,0.00038532823071365504
drc_over_emp,-0.02658318032746889,0.02658318032746889,0.000388149548438026
txc_over_mktcap,0.02654399710319661,0.02654399710319661,0.0003959311946559916
msa_d_over_ppent,0.026532414984556725,0.026532414984556725,0.0003982591214696867
intc_d_over_invt,0.026505715035341177,0.026505715035341177,0.0004036744323615621
dltt_pd_minus_pd_seq,-0.026496636996006215,0.026496636996006215,0.0004055312641817846
seq_pd_minus_pd_dltt,0.026496636996006132,0.026496636996006132,0.0004055312641817846
ceq_over_sale_d,0.026456710848532725,0.026456710848532725,0.000413792900092646
txfo_d_over_dltt,0.026446103650523883,0.026446103650523883,0.0004160140517957531
dd_over_lt_d,-0.0264359401088242,0.0264359401088242,0.00041815274249734494
lt_over_icapt,0.02643273408967131,0.02643273408967131,0.0004188295050109098
che_over_invt,-0.02642961916032853,0.02642961916032853,0.00041948801876580654
txdbcl_over_dltt,0.026417409073786872,0.026417409073786872,0.000422078634159204
acox_pd_minus_pd_dltt,0.026387987194817553,0.026387987194817553,0.000428382572459251
acchg_d_over_xsga,0.02638092461507044,0.02638092461507044,0.00042990882990348535
dn_over_lt,0.026378578589930163,0.026378578589930163,0.0004304169394345135
xopr_d_over_ceq,0.026363167776023662,0.026363167776023662,0.0004337686246567529
xopr_pd_minus_pd_icapt,0.026360849921670374,0.026360849921670374,0.0004342748356486287
mrc3_over_emp,-0.02635449893145478,0.02635449893145478,0.00043566469595408846
msa_d_over_ceq,0.02634888236358424,0.02634888236358424,0.00043689729276778837
msa_d_over_seq,0.0263395077136858,0.0263395077136858,0.0004389618816486961
ebitda_pd_minus_pd_mktcap,0.026333954631119923,0.026333954631119923,0.0004401891338898284
oibdp_pd_minus_pd_mktcap,0.026333954631119923,0.026333954631119923,0.0004401891338898284
dcvt_over_ceq,-0.02631757127832188,0.02631757127832188,0.00044382860488190954
mrc5_over_cogs,-0.026314833319007885,0.026314833319007885,0.00044443955936069587
loxdr_over_ceq,0.0263072016254864,0.0263072016254864,0.0004461466584543249
txc_d_over_ceq,0.02628627957353185,0.02628627957353185,0.00045085805358442607
dcpstk_d_over_emp,-0.026277482663036603,0.026277482663036603,0.00045285284311286485
lse_d_over_lt,-0.02627259976601074,0.02627259976601074,0.0004539636413758873
at_d_over_lt,-0.02627259976601074,0.02627259976601074,0.0004539636413758873
acchg_d_over_dltt,0.026270435345468742,0.026270435345468742,0.00045445683290503243
rdip_over_invt,0.02627031380396051,0.02627031380396051,0.0004544845425478872
dcvsr_over_at,-0.02626944366166161,0.02626944366166161,0.00045468296800492533
mib_d_over_icapt,0.026259777279394544,0.026259777279394544,0.00045689271356840264
pstkn_over_mktcap_d,-0.026227546697218603,0.026227546697218603,0.0004643332779395229
txdbcl_d_over_lct,0.026223585406228385,0.026223585406228385,0.0004652555190355605
ds_over_mktcap,0.026217946865805045,0.026217946865805045,0.0004665711936709623
esubc_over_dltt_d,0.026206582151383166,0.026206582151383166,0.0004692335454230116
dv_over_ppent,-0.026200363373480997,0.026200363373480997,0.00047069637807149354
dd1_over_sale,-0.026192158388540443,0.026192158388540443,0.0004726329322670424
cstkcv_pd_minus_pd_at,0.02618678161864528,0.02618678161864528,0.0004739059944576575
ivaeq_over_lt_d,-0.026185969559609477,0.026185969559609477,0.0004740985441183272
ceql_d_over_at,-0.026168919676356442,0.026168919676356442,0.00047815817988641296
dltp_over_at,0.026160437150859958,0.026160437150859958,0.0004801899541984494
dcvsr_over_sale,-0.026146332834448893,0.026146332834448893,0.00048358612005149873
ib_over_at_pd,0.026145471742504214,0.026145471742504214,0.00048379418543039186
txdba_over_lct,0.02614468201612115,0.02614468201612115,0.000483985080161206
che_over_dltt,-0.026135294518561333,0.026135294518561333,0.00048625963740263714
dcpstk_over_lct,-0.02612889967398025,0.02612889967398025,0.0004878147893984143
fate_over_at_d,0.026122854221076554,0.026122854221076554,0.0004892892370428844
cogs_over_ppent,-0.026102798207747954,0.026102798207747954,0.0004942105870465828
siv_over_icapt,-0.02609294437028734,0.02609294437028734,0.0004966453966628115
fincf_over_invt,-0.026077299799531585,0.026077299799531585,0.0005005340382215444
dcvsr_over_lt,-0.026069149811668173,0.026069149811668173,0.0005025710407059748
ibc_over_at_pd,0.026067331436571778,0.026067331436571778,0.000503026577405406
ceq_d_over_ppent,-0.02605681895451538,0.02605681895451538,0.0005056677033715491
txt_over_emp_d,0.026056683222530824,0.026056683222530824,0.0005057018886629543
recco_over_mktcap,0.02604779897921193,0.02604779897921193,0.0005079441545367308
cstk_over_ppent_pd,-0.025996915502179124,0.025996915502179124,0.000520966029628914
cstk_pd,-0.025996267359303757,0.025996267359303757,0.0005211338884278093
dn_over_at,0.025995860881222323,0.025995860881222323,0.0005212391855660573
ceql_d_over_icapt,-0.025988231420214267,0.025988231420214267,0.000523219260891132
dcvt_over_sale_d,-0.025984334235600714,0.025984334235600714,0.0005242334005099259
txc_d_over_seq,0.02597588956190213,0.02597588956190213,0.000526437192503231
txfo_over_sale,0.02596663661432224,0.02596663661432224,0.0005288618285180569
txndb_d_over_act,-0.02595840517578236,0.02595840517578236,0.0005310275308846469
pstkn_over_ppent_d,-0.0259524928457633,0.0259524928457633,0.0005325881688385628
dp_d_over_mktcap,0.025949148386569157,0.025949148386569157,0.0005334728745765349
fate_pd_minus_pd_icapt,0.02594743673442355,0.02594743673442355,0.0005339261853771954
txfo_over_emp_d,0.025941114026044015,0.025941114026044015,0.0005356037930590138
fate_over_lt,0.025939515089129887,0.025939515089129887,0.0005360288171808592
dd2_d_over_cogs,-0.02593531278590116,0.02593531278590116,0.0005371473581788754
act_over_cogs_pd,-0.025935223311823845,0.025935223311823845,0.0005371711974169477
xrent_pd_minus_pd_dltt,0.025914761074150614,0.025914761074150614,0.0005426490663629692
pstkn_d_over_lt,-0.025900336946254363,0.025900336946254363,0.0005465417176434568
acchg_over_dltt_d,0.02589158359835857,0.02589158359835857,0.000548916656519791
txdbca_over_xsga_d,-0.025873294512910122,0.025873294512910122,0.0005539098677748563
dcpstk_d_over_act,-0.02587079982720783,0.02587079982720783,0.0005545942260854562
dlto_over_seq,0.025836911623323296,0.025836911623323296,0.0005639690040386426
mib_d_over_ppent,0.02583425062316614,0.02583425062316614,0.0005647113529896959
xi_over_emp,0.025816312903140303,0.025816312903140303,0.0005697392942340239
rdip_over_cogs,0.025801445011269908,0.025801445011269908,0.0005739383235800696
xrent_over_emp,-0.025799650105633953,0.025799650105633953,0.0005744471902482685
xi_d_over_dltt,0.02578626066078722,0.02578626066078722,0.0005782564546894956
txdbca_over_emp_d,-0.02577865851432955,0.02577865851432955,0.0005804297002332727
cstk_over_ppent,-0.025747118424460307,0.025747118424460307,0.0005895276158436768
mrc5_over_emp,-0.025738650902883978,0.025738650902883978,0.0005919926244226866
dn_over_seq,0.025732232860485267,0.025732232860485267,0.0005938673901613329
siv_over_ceq,-0.025731829929918192,0.025731829929918192,0.0005939852738279943
fatl_d_over_emp,-0.025729490357238233,0.025729490357238233,0.0005946701830524159
dd5_over_xsga,0.025720915402667313,0.025720915402667313,0.0005971867877878391
dcvsr_over_icapt,-0.02571018474970649,0.02571018474970649,0.0006003500169754435
txndb_d_over_xsga,-0.02570861526594602,0.02570861526594602,0.0006008139813205601
gp_over_act_d,0.025708548124416288,0.025708548124416288,0.0006008338368649913
lifr,0.025703485859119055,0.025703485859119055,0.0006023326439842041
txdbca_over_seq,0.025688320059260878,0.025688320059260878,0.0006068437011959483
emp_over_cogs,-0.025677845671394958,0.025677845671394958,0.0006099776344712309
dn_over_ceq,0.025676856777011335,0.025676856777011335,0.0006102742880582557
dcom_over_icapt,-0.025669901672701827,0.025669901672701827,0.0006123645112477373
txt_d_over_act,0.02566600457292692,0.02566600457292692,0.0006135386198854157
txdbcl_over_act_d,0.02563816433668827,0.02563816433668827,0.0006219873842589301
niadj_d_over_act,0.02563814209375947,0.02563814209375947,0.0006219941774551883
wcap_over_ceq,-0.025622673873345717,0.025622673873345717,0.0006267350657911876
ceq_d_over_icapt,-0.0255878184978207,0.0255878184978207,0.0006375414504285741
icapt_over_cogs_pd,-0.02557990931137205,0.02557990931137205,0.0006400175798430672
fatl_d_over_sale,-0.02556745579240493,0.02556745579240493,0.0006439345398645167
txdbcl_over_sale_d,0.025566205283392804,0.025566205283392804,0.0006443290872114808
re_over_xsga_d,0.02555977851052697,0.02555977851052697,0.0006463603436944328
xacc_d_over_xsga,0.02555768562052757,0.02555768562052757,0.0006470231103525842
dcvsr_over_sale_d,-0.025545859178260476,0.025545859178260476,0.0006507801441142146
acchg_d_over_cogs,0.025536783468246428,0.025536783468246428,0.0006536770699802315
txndbl_over_ceq_d,-0.025533773956105867,0.025533773956105867,0.0006546403371226683
txdbcl,0.02551803405246044,0.02551803405246044,0.0006596998136059963
oibdp_over_seq_d,0.025505342648175677,0.025505342648175677,0.0006638058236889347
ebitda_over_seq_d,0.025505342648175677,0.025505342648175677,0.0006638058236889347
ceq_over_at,-0.025487896703208064,0.025487896703208064,0.0006694888435041106
ivst_over_invt,-0.025480770404697144,0.025480770404697144,0.0006718232217144134
msa_d_over_dltt,0.025466335627605922,0.025466335627605922,0.0006765748591611588
pidom_over_ppent,0.02545250233271805,0.02545250233271805,0.0006811577980175143
lct_d_over_lt,-0.025449742335743302,0.025449742335743302,0.0006820756246101113
spi_over_lt,0.025440460501382628,0.025440460501382628,0.0006851707036470192
ivch_over_seq,-0.02542168650925644,0.02542168650925644,0.0006914709384758121
cstk_d_over_lct,-0.02540230461825483,0.02540230461825483,0.0006980316238273743
ceql_d_over_sale,0.02538541128982766,0.02538541128982766,0.0007037970746301005
dcom_over_at,-0.025342589650373237,0.025342589650373237,0.0007186103145360169
txdba_over_sale,0.02533579282927973,0.02533579282927973,0.0007209879946799998
fate_over_lt_d,0.025331968476116226,0.025331968476116226,0.0007223290498397126
emp_d_over_ppent,-0.025316338100148585,0.025316338100148585,0.0007278341518887651
txdc_over_emp_d,0.02531384859428481,0.02531384859428481,0.0007287145586265591
dd4_over_icapt,0.02530735881094052,0.02530735881094052,0.0007310143048487777
ceql_over_at,-0.02529656106803892,0.02529656106803892,0.0007348555813573352
txdfed_over_emp,0.025285181016894587,0.025285181016894587,0.0007389242978152462
mrc1_over_invt,-0.025281628196493842,0.025281628196493842,0.0007401988189588654
ivaeq_over_icapt_d,-0.025279761615713006,0.025279761615713006,0.0007408692446600937
txdc_over_xsga,0.02527618435397991,0.02527618435397991,0.000742155677302813
act_over_invt,-0.02527547515507468,0.02527547515507468,0.0007424109612756072
txr_over_at,0.025241716555395016,0.025241716555395016,0.0007546574969244054
drlt_over_cogs,-0.025230744861325864,0.025230744861325864,0.0007586778894185966
msa_over_act_d,0.02521890350229296,0.02521890350229296,0.0007630392632272272
cogs_over_emp,0.02520869495608813,0.02520869495608813,0.0007668179162866026
txdbca_over_ceq,0.025203736070003764,0.025203736070003764,0.0007686596904381973
tlcf_over_emp_d,-0.025189268937037906,0.025189268937037906,0.0007740564048354974
txdbcl_over_dltt_d,0.02518754606183521,0.02518754606183521,0.0007747014321737377
oibdp_d_over_at,0.02516116826610023,0.02516116826610023,0.0007846395202711024
ebitda_d_over_at,0.02516116826610023,0.02516116826610023,0.0007846395202711024
mib_d_over_mktcap,0.02515484051640463,0.02515484051640463,0.0007870410939107603
pi_d_over_ceq,0.025152729289507996,0.025152729289507996,0.0007878438853869997
fincf_over_ppent_d,-0.025135647607069184,0.025135647607069184,0.0007943671789098231
txfo_d_over_ceq,0.02512306014323579,0.02512306014323579,0.000799206222064523
dcvsub_over_seq_d,-0.025113424232634834,0.025113424232634834,0.0008029290587573644
xint_pd_minus_pd_dltt,0.02510441864553712,0.02510441864553712,0.0008064229106379258
invrm_over_lt,0.025101837712791095,0.025101837712791095,0.0008074268196408229
mrc5_over_lct,-0.025099527443780564,0.025099527443780564,0.0008083264316298359
txfo_over_emp,0.02508553122063728,0.02508553122063728,0.0008137964337129506
mii_over_ceq,0.025048984862557563,0.025048984862557563,0.0008282418074944198
ib_over_mktcap_pd,0.025040195407626302,0.025040195407626302,0.0008317512436652303
ibc_over_mktcap_pd,0.025032745982070035,0.025032745982070035,0.0008347364293411804
oibdp_pd_minus_pd_act,0.025025026439108082,0.025025026439108082,0.0008378403405059303
ebitda_pd_minus_pd_act,0.025025026439108082,0.025025026439108082,0.0008378403405059303
dcvt_over_lct,-0.025019248456067806,0.025019248456067806,0.0008401705809402436
siv_over_lt,-0.025011447685042855,0.025011447685042855,0.0008433261410859632
icapt_over_lct,-0.025005007001142082,0.025005007001142082,0.0008459398004642857
dxd2_d_over_cogs,-0.024990293037580272,0.024990293037580272,0.0008519390046569715
fatl_d_over_ppent,-0.024986788604325277,0.024986788604325277,0.0008533736440583771
seq_d_over_sale,0.0249806613738063,0.0249806613738063,0.0008558873840517697
txdbcl_over_invt,0.024980322321404826,0.024980322321404826,0.0008560266829980576
dltt_over_act,0.024964792530885,0.024964792530885,0.0008624296437191953
ch_d_over_act,-0.024961421081599624,0.024961421081599624,0.0008638255522515275
pi_d_over_seq,0.024960550259506012,0.024960550259506012,0.0008641864460661856
siv_over_act,-0.024959425011905186,0.024959425011905186,0.0008646529881862369
che_d_over_ceq,-0.024959066782416276,0.024959066782416276,0.0008648015637367021
fatb_over_xsga,0.02495767770032711,0.02495767770032711,0.000865377908908183
dd2_d_over_dltt,-0.024949354174730865,0.024949354174730865,0.0008688388966921362
oiadp_d_over_lct,0.024943494275203315,0.024943494275203315,0.0008712831821578344
nopio_over_xsga_d,0.02493972901513488,0.02493972901513488,0.000872857112692
ebit_over_invt,0.024937948171127676,0.024937948171127676,0.000873602447802936
capxv_pd_minus_pd_dltt,0.02493730315560756,0.02493730315560756,0.0008738725511177659
recco_over_xsga,0.024933156270282666,0.024933156270282666,0.0008756109288065601
pstkn_over_at_d,-0.024924701253908273,0.024924701253908273,0.0008791652144532185
lcoxdr_over_ppent,-0.024913141404253977,0.024913141404253977,0.0008840463433062888
gdwl_over_lct,-0.02490816916637224,0.02490816916637224,0.0008861535794964172
capx_pd_minus_pd_dltt,0.02488529286970825,0.02488529286970825,0.0008959086827858134
spi_over_ppent,0.024878472802924035,0.024878472802924035,0.0008988361553897249
dltp_over_icapt,0.02487544108717271,0.02487544108717271,0.0009001403453995187
dcom_over_lct,-0.024868431028604993,0.024868431028604993,0.0009031626661755491
xopr_d_over_lt,-0.024865741773799924,0.024865741773799924,0.0009043246069101643
drc_over_act,-0.024864846005978013,0.024864846005978013,0.000904711946919315
tlcf_over_at_d,-0.024860996141327824,0.024860996141327824,0.0009063784223831164
cstkcv_pd_minus_pd_icapt,0.02486032644731159,0.02486032644731159,0.0009066686004362529
txr_over_act,0.02484579323534634,0.02484579323534634,0.0009129870784822836
dm_over_seq,0.024842162301285407,0.024842162301285407,0.0009145720258259784
dcvsub_over_ceq_d,-0.024816439455164638,0.024816439455164638,0.000925873580992325
at_over_ppent_d,-0.024811748765675642,0.024811748765675642,0.000927948372749918
lse_over_ppent_d,-0.024811748765675642,0.024811748765675642,0.000927948372749918
xsga_over_mktcap_d,0.02480547537651552,0.02480547537651552,0.0009307299593564355
oiadp_over_invt,0.02479659913060815,0.02479659913060815,0.0009346788370405433
mii_over_seq,0.02479144835337765,0.02479144835337765,0.0009369774333102938
fate_pd_minus_pd_dltt,0.02479019560730172,0.02479019560730172,0.0009375372774334973
acchg_over_cogs_d,0.024785562409831926,0.024785562409831926,0.000939610516832763
dd_over_seq,0.024766640170624972,0.024766640170624972,0.000948121911365698
msa_over_lt_d,0.024763081349467874,0.024763081349467874,0.0009497306582218546
sstk_over_xsga,-0.02476113563238255,0.02476113563238255,0.0009506112783072964
dcvsr_over_ppent_d,-0.024750574700083582,0.024750574700083582,0.0009554043012541751
ebit_d_over_lct,0.024740835136535886,0.024740835136535886,0.000959844379558893
fate_d_over_ceq,0.02473220603588755,0.02473220603588755,0.0009637941773650104
mrc2_pd_minus_pd_dltt,0.024722453675289188,0.024722453675289188,0.0009682762405906102
cogs_over_lct,0.024720892500673983,0.024720892500673983,0.0009689955266186824
dpc_d_over_at,0.02471980597920278,0.02471980597920278,0.0009694964158390578
dc_over_mktcap_d,-0.024719441915022827,0.024719441915022827,0.0009696643039926205
oiadp_over_dltt,0.02470636590498543,0.02470636590498543,0.0009757121829483452
ebit_over_dltt,0.02470412117214916,0.02470412117214916,0.0009767539163438928
rdip,0.024682634096605486,0.024682634096605486,0.0009867778566672585
xi_d_over_emp,0.02467638078498311,0.02467638078498311,0.0009897129326170888
fincf_over_xsga,-0.024660751682833798,0.024660751682833798,0.0009970840421877378
reuna_over_dltt,0.024645311654254223,0.024645311654254223,0.0010044158523326997
drlt_over_lt,-0.02463845124180792,0.02463845124180792,0.0010076895551626307
esubc_d_over_dltt,0.02462512054696429,0.02462512054696429,0.0010140790537509037
sppe_over_cogs,0.024615977418928386,0.024615977418928386,0.0010184830779688253
dilavx_over_at_pd,0.024608323648451454,0.024608323648451454,0.0010221833184098684
dcvt_over_act,-0.024588814305043182,0.024588814305043182,0.0010316715214097568
dcpstk_d_over_ceq,-0.024555903250880223,0.024555903250880223,0.0010478624376576802
mii_over_sale,0.02455516188453507,0.02455516188453507,0.0010482298529540352
gp_over_emp_d,0.02454712391918181,0.02454712391918181,0.001052221063835708
txt_over_icapt_d,0.024536183236570204,0.024536183236570204,0.0010576761984500327
ap_pd_minus_pd_emp,-0.024523091127687524,0.024523091127687524,0.0010642384387668602
dpc_d_over_seq,0.02451863281984301,0.02451863281984301,0.0010664816871501779
invrm_over_at_d,0.024515261234835273,0.024515261234835273,0.0010681810422572954
txt_over_at_d,0.0245075582999187,0.0245075582999187,0.001072072897973846
xsga,-0.024505705018486437,0.024505705018486437,0.001073011211201936
dvp_over_lt,-0.024497559735276217,0.024497559735276217,0.001077144166818478
msa_over_emp_d,0.024493460883640787,0.024493460883640787,0.0010792295079510926
msa_d_over_at,0.024490303890956137,0.024490303890956137,0.0010808382115958816
ebitda_pd_minus_pd_icapt,0.024472594414345086,0.024472594414345086,0.001089903589861643
oibdp_pd_minus_pd_icapt,0.024472594414345086,0.024472594414345086,0.001089903589861643
dc_over_seq_d,-0.024463195780798218,0.024463195780798218,0.0010947432074603243
msa_d_over_cogs,0.024461122281703204,0.024461122281703204,0.0010958135820008847
mib_d_over_lt,0.02445116630109624,0.02445116630109624,0.0011009665161117023
dcpstk_over_act,-0.024442378767292352,0.024442378767292352,0.0011055333014677539
mib_over_mktcap,0.024413829930122644,0.024413829930122644,0.0011204909818804546
mrc1_pd_minus_pd_dltt,0.02440666226851611,0.02440666226851611,0.0011242756274713343
dcvsr_over_ceq_d,-0.0244028449769191,0.0244028449769191,0.0011262960408571295
ib_over_emp_pd,0.024400460240790213,0.024400460240790213,0.0011275599351397033
dcvt_over_invt,-0.024398128314304497,0.024398128314304497,0.0011287971084173948
xrent_over_invt,-0.02438890646221574,0.02438890646221574,0.001133701945460388
msa_d_over_mktcap,0.024382885525718243,0.024382885525718243,0.001136914929946859
txr_over_dltt,0.024380904292575983,0.024380904292575983,0.001137974025066597
lo_over_sale,-0.0243785650952846,0.0243785650952846,0.0011392256487278883
dd4_over_ceq,0.024375770986380083,0.024375770986380083,0.0011407223474962425
ibcom_over_at_pd,0.024374745899424455,0.024374745899424455,0.0011412719034736977
ibc_over_emp_pd,0.024370262726221333,0.024370262726221333,0.0011436782392309454
mrct_over_invt,-0.024358749604099002,0.024358749604099002,0.0011498793894819225
xopr_over_xsga_pd,0.024356862129451238,0.024356862129451238,0.0011508989731339608
invch,-0.024350794421310776,0.024350794421310776,0.0011541823151540094
re_over_dltt,0.024348367581888304,0.024348367581888304,0.0011554979418539045
pstkn_d_over_invt,-0.024347709930749625,0.024347709930749625,0.0011558547031717827
ib_over_icapt_pd,0.024333302280355917,0.024333302280355917,0.001163696126240948
msa_d_over_xsga,0.024320406198985848,0.024320406198985848,0.0011707565343138638
ni_d_over_mktcap,0.02429075092692785,0.02429075092692785,0.0011871427682897495
dp_over_sale,-0.024269896034454695,0.024269896034454695,0.0011987929047063489
ibc_over_icapt_pd,0.024267821636934594,0.024267821636934594,0.0011999574787166466
txc_d_over_xsga,0.02426776739202412,0.02426776739202412,0.0011999879460152826
txt_over_act_d,0.024266132703095702,0.024266132703095702,0.001200906423784232
revt_over_icapt_d,0.024264115478941455,0.024264115478941455,0.001202040730583153
sale_over_icapt_d,0.024264115478941455,0.024264115478941455,0.001202040730583153
pstkr_over_ceq_d,-0.024255483577304823,0.024255483577304823,0.0012069057286412032
ni_over_xsga_d,0.024250659804821575,0.024250659804821575,0.0012096323546460061
msa_d_over_icapt,0.024244380923347558,0.024244380923347558,0.0012131900006844684
txt_over_xsga_d,0.024243003610919266,0.024243003610919266,0.0012139716842202153
dcvsr_d_over_invt,-0.02424250287675916,0.02424250287675916,0.0012142559874930125
ceql_d_over_ppent,-0.024237206915408024,0.024237206915408024,0.0012172666576137554
dltp_over_act,0.024231058319629677,0.024231058319629677,0.0012207706848308467
ib_pd_minus_pd_icapt,0.02422523898212918,0.02422523898212918,0.0012240956492286026
txfo_d_over_act,0.024219682791081897,0.024219682791081897,0.0012272780638463968
reuna_over_at_d,0.0241951326804419,0.0241951326804419,0.0012414312825996504
txpd_d_over_xsga,0.024179871315041592,0.024179871315041592,0.0012503053142802188
siv_over_seq,-0.024173126260062523,0.024173126260062523,0.0012542459956349382
txs_d_over_mktcap,0.024146082175976788,0.024146082175976788,0.0012701614667050133
ibc_pd_minus_pd_icapt,0.024144522251301547,0.024144522251301547,0.001271085146435183
dd_over_emp_d,-0.024143708300177882,0.024143708300177882,0.0012715673582556022
recd_pd_minus_pd_dltt,0.024126533310040842,0.024126533310040842,0.0012817818535627115
invrm_over_icapt_d,0.024117614440855355,0.024117614440855355,0.0012871160053869494
rect_over_cogs_pd,-0.0240943020354304,0.0240943020354304,0.0013011554838028583
lo_over_act,0.024093340487677577,0.024093340487677577,0.0013017375821109851
dcpstk_d_over_invt,-0.0240729749000406,0.0240729749000406,0.00131412301544741
nopi_over_lct,-0.024071440392912,0.024071440392912,0.001315060624828516
nopio_over_act,0.02406017224738314,0.02406017224738314,0.001321964580658307
reajo_over_sale,-0.024060134454148036,0.024060134454148036,0.001321987792615453
dcvt_over_ceq_d,-0.02405146411441904,0.02405146411441904,0.0013273229168484038
ivaeq_over_at_d,-0.024045277077044347,0.024045277077044347,0.0013311421270022189
ibadj_over_at_pd,0.02404386793360023,0.02404386793360023,0.0013320133966512576
msa_over_ppent_d,0.024033950160783562,0.024033950160783562,0.001338160427060787
dcpstk_d_over_lct,-0.02402757517201911,0.02402757517201911,0.0013421254475740447
msa_over_cogs_d,0.02402144975004051,0.02402144975004051,0.0013459454533520528
rdip_over_dltt,0.024019835602409778,0.024019835602409778,0.0013469537549422727
mrc2_over_mktcap,0.02401952419908405,0.02401952419908405,0.001347148357872706
tlcf_over_sale_pd,-0.02401231960433286,0.02401231960433286,0.0013516579184036145
emp_d_over_lct,-0.024001147684026464,0.024001147684026464,0.0013586782847677488
capx_d_over_mktcap,0.023981372014291326,0.023981372014291326,0.0013711877086005487
capxv_d_over_mktcap,0.02397287884311227,0.02397287884311227,0.0013765927380527333
mrc3_over_invt,-0.023972366088947546,0.023972366088947546,0.001376919681391955
siv_over_invt,-0.02397186890292076,0.02397186890292076,0.0013772367665226728
recd_over_cogs,-0.0239646180007121,0.0239646180007121,0.0013818687572529468
sppiv_d_over_xsga,-0.023936213647933767,0.023936213647933767,0.0014001526114173876
dclo_over_mktcap,0.023925665675172906,0.023925665675172906,0.0014069989371499208
txdfed_d_over_emp,0.023922618761413512,0.023922618761413512,0.001408982321529228
xpr_pd_minus_pd_dltt,0.023883692714577943,0.023883692714577943,0.0014345490192637618
fatp_over_ppent,0.023878702297607024,0.023878702297607024,0.0014378574806170675
dxd4_over_lt,0.023874795522908138,0.023874795522908138,0.0014404524336612682
seq_over_cogs,-0.0238661035525761,0.0238661035525761,0.0014462412953928777
pi_over_xsga_d,0.023862196837984444,0.023862196837984444,0.0014488501493079716
txfed_over_emp_d,0.0238615272733809,0.0238615272733809,0.0014492977110948414
invt_over_at,0.023854617439819297,0.023854617439819297,0.0014539239480658695
pstk_over_ppent,-0.023853339645185503,0.023853339645185503,0.0014547809402644897
txt_over_xsga,0.02385084444080894,0.02385084444080894,0.0014564557679102286
spi_over_dltt_d,-0.023848777665457684,0.023848777665457684,0.0014578443712698831
ceql_over_cogs,-0.023848732009640668,0.023848732009640668,0.0014578750597901494
dxd4_over_at,0.023846322833287335,0.023846322833287335,0.0014594952832950492
invo_over_seq_d,0.023845368304694217,0.023845368304694217,0.001460137683376009
xopr_over_emp_d,0.023834201891129947,0.023834201891129947,0.0014676720850268657
xido_over_invt,0.023812080861673794,0.023812080861673794,0.0014827038672774664
ap_over_ppent_d,-0.02381186719651333,0.02381186719651333,0.0014828497471627822
ivaeq_over_mktcap,0.023811690358863952,0.023811690358863952,0.0014829704930667382
xi_over_emp_d,0.023809826028066854,0.023809826028066854,0.001484244021624566
pstkn_over_sale_d,-0.023805411597426485,0.023805411597426485,0.0014872635478217597
act_d_over_seq,-0.023798349341185257,0.023798349341185257,0.0014921059917026296
pstkn_d_over_mktcap,-0.023795027884981695,0.023795027884981695,0.0014943884644330913
nopi_over_mktcap,0.023793807518293283,0.023793807518293283,0.0014952278963846063
dlto_over_act,0.023788080781374087,0.023788080781374087,0.0014991728503174707
tlcf_over_mktcap,-0.023781910597830126,0.023781910597830126,0.0015034340085533016
ap_over_at,0.02378063453253802,0.02378063453253802,0.0015043166564657794
ceql_pd_minus_pd_seq,0.02377518664512622,0.02377518664512622,0.0015080903044631397
drlt_over_lct,-0.023769140471641994,0.023769140471641994,0.0015122885815334478
dd4_over_seq,0.023767105263675977,0.023767105263675977,0.0015137041874002753
ib_pd_minus_pd_mktcap,0.023744157330377245,0.023744157330377245,0.001529750502203759
aco_d_over_lt,-0.02374401313007805,0.02374401313007805,0.001529851827547594
fate_d_over_seq,0.023739569494892653,0.023739569494892653,0.001532977272060101
txndba,0.023732179050658303,0.023732179050658303,0.0015381883895669568
ivncf_over_act,-0.02372391854922755,0.02372391854922755,0.0015440323022107975
txdbca_d_over_emp,-0.023718859198849043,0.023718859198849043,0.0015476216412673434
txdbcl_d_over_at,0.023713129924419277,0.023713129924419277,0.0015516955316924633
ivaeq_over_sale_d,-0.023701261305765393,0.023701261305765393,0.0015601663334108126
dd_over_ceq,0.023690892175447974,0.023690892175447974,0.0015676017559529006
mib_d_over_at,0.023687278162009738,0.023687278162009738,0.0015702009248194364
ibc_pd_minus_pd_mktcap,0.023670225755514272,0.023670225755514272,0.001582518487830223
dcpstk_over_ceq_d,-0.023656446644808128,0.023656446644808128,0.0015925365434367267
txdi_over_emp_d,0.023623030058471613,0.023623030058471613,0.0016170748976651614
spi_over_at,0.02361944904194909,0.02361944904194909,0.0016197250373580635
invwip_over_emp,0.023613113828641508,0.023613113828641508,0.001624423219429692
dudd_over_mktcap_d,0.023612120547451217,0.023612120547451217,0.0016251609711098094
txfo_d_over_sale,0.023609649137594047,0.023609649137594047,0.0016269979293010264
re_over_at_d,0.023606019270507882,0.023606019270507882,0.0016296994140078704
icapt_d_over_seq,-0.023605069994100794,0.023605069994100794,0.0016304065820734492
dcvt_d_over_sale,-0.02360232156679001,0.02360232156679001,0.0016324556289660289
wcap_over_seq,-0.023590810404008802,0.023590810404008802,0.0016410633684800775
invfg_over_act,0.023567740764449403,0.023567740764449403,0.0016584400769125084
cstkcv_over_ceq_d,-0.023564354936116243,0.023564354936116243,0.0016610045771847477
icapt_d_over_ceq,-0.023561970259037116,0.023561970259037116,0.0016628129727619672
msa_over_seq_d,0.023559438451478204,0.023559438451478204,0.0016647349255147364
pstk_d_over_ceq,-0.023558836329466034,0.023558836329466034,0.0016651923107548368
txndbl_d_over_dltt,0.023545703599152853,0.023545703599152853,0.0016751970277254203
drlt_over_seq,-0.02353401449184046,0.02353401449184046,0.0016841484509833035
xsga_over_invt,-0.023526976613104777,0.023526976613104777,0.0016895591996969645
acchg_over_xsga_d,0.023521287184190862,0.023521287184190862,0.001693944937279044
intpn_pd_minus_pd_dltt,0.023513079743171482,0.023513079743171482,0.0017002901525713181
oibdp_pd_minus_pd_at,0.02350878125159092,0.02350878125159092,0.001703622054208012
ebitda_pd_minus_pd_at,0.02350878125159092,0.02350878125159092,0.001703622054208012
dcvsub_over_ppent,-0.023508070610087792,0.023508070610087792,0.0017041734738009707
txs_over_at_d,0.023505457551804766,0.023505457551804766,0.0017062024782876417
dd_over_xsga,0.023492561095038278,0.023492561095038278,0.0017162489824764703
xopr_pd_minus_pd_act,0.023467341342560608,0.023467341342560608,0.0017360528696524092
mrc2_over_invt,-0.023466252752922783,0.023466252752922783,0.001736912399743267
ivncf_over_ppent,0.023466232209292684,0.023466232209292684,0.001736928624371815
niadj_d_over_mktcap,0.023464478157547517,0.023464478157547517,0.0017383144260621284
acchg_d_over_sale,0.02346383044722949,0.02346383044722949,0.00173882641139329
sstk_d_over_act,-0.023453710620884506,0.023453710620884506,0.001746843697089631
mii_over_cogs,0.02344850456972237,0.02344850456972237,0.0017509813415764418
dltt_over_lt,0.02341869451816286,0.02341869451816286,0.00177484766526268
wcap_over_invt,-0.023370232482502487,0.023370232482502487,0.001814285992916812
txp_over_ppent,-0.02336719520433358,0.02336719520433358,0.0018167843423099136
intan_over_invt_d,-0.023357108935849937,0.023357108935849937,0.0018251036207168469
ceqt_d_over_emp,0.02335471027974307,0.02335471027974307,0.0018270872069442244
tlcf_over_seq_d,-0.02334802281594707,0.02334802281594707,0.001832627918608138
lcox_over_lct,-0.02333264760124624,0.02333264760124624,0.0018454252217399852
fatl_over_mktcap,0.02331856361664475,0.02331856361664475,0.001857219785566401
txdbcl_d_over_dltt,0.0233178212439268,0.0233178212439268,0.0018578433990283799
txdbcl_d_over_lt,0.023304777890967934,0.023304777890967934,0.0018688316006022067
dcvsr_over_seq_d,-0.02329285006860869,0.02329285006860869,0.001878932262161727
ib_pd_minus_pd_at,0.02328673863750592,0.02328673863750592,0.0018841269197399139
pstkr_over_mktcap_d,-0.023273417634992435,0.023273417634992435,0.00189549538374874
ao_pd,-0.023267145528309878,0.023267145528309878,0.0019008699342856102
dltis_d_over_emp,0.023261982858282907,0.023261982858282907,0.001905304308321588
ceql_pd_minus_pd_ceq,0.023258408936072315,0.023258408936072315,0.0019083796207678267
reuna_over_xsga_d,0.023235709090957637,0.023235709090957637,0.0019280191924842085
rect_d_over_mktcap,0.02322621006839132,0.02322621006839132,0.0019362925467641665
ibc_pd_minus_pd_at,0.02319635114420834,0.02319635114420834,0.001962511463199907
ceqt_d_over_cogs,0.023189103551905163,0.023189103551905163,0.001968924484348623
xi_d_over_invt,0.023186784564365254,0.023186784564365254,0.0019709804954727867
ib_over_act_pd,0.023173226874719035,0.023173226874719035,0.001983040214759311
dxd3_over_xsga,0.023161386136021454,0.023161386136021454,0.0019936280493242785
cstk_d_over_at,-0.023159266212708248,0.023159266212708248,0.0019955291239371793
mrc1_d_over_ppent,-0.023152351455313542,0.023152351455313542,0.002001741610874783
caps_over_dltt,-0.023129598195345515,0.023129598195345515,0.0020223095267641856
dpc_d_over_icapt,0.02311477228618638,0.02311477228618638,0.0020358156282165203
oibdp_over_ceq_d,0.023108482138938256,0.023108482138938256,0.0020415707881297784
ebitda_over_ceq_d,0.023108482138938256,0.023108482138938256,0.0020415707881297784
itci_over_emp,-0.023102307743175066,0.023102307743175066,0.002047234554619581
lt_over_lct,0.023098827707980732,0.023098827707980732,0.0020504331353378264
ibc_over_act_pd,0.023098276263211544,0.023098276263211544,0.0020509404015450964
txfo_d_over_at,0.023096816797182687,0.023096816797182687,0.0020522834992112416
xopr_over_icapt,0.02309669426781356,0.02309669426781356,0.0020523962955888548
txc_d_over_mktcap,0.023085161603141748,0.023085161603141748,0.002063038369351201
rect_pd,-0.023071938337051005,0.023071938337051005,0.0020753027688035362
dp_over_cogs,0.023071543168918403,0.023071543168918403,0.002075670308860757
txndbl_over_emp_d,0.023066542219426275,0.023066542219426275,0.0020803267798566393
oiadp_d_over_emp,0.023048367177800833,0.023048367177800833,0.0020973306778634647
invt_over_icapt,0.023039258442205477,0.023039258442205477,0.002105900335637908
txndbr_over_lt_d,0.023015340576496384,0.023015340576496384,0.0021285557649874357
drlt_over_at,-0.02300901239004474,0.02300901239004474,0.0021345872077420946
ppeveb_over_ppent,-0.023003278673240434,0.023003278673240434,0.0021400655835918
ppegt_over_ppent,-0.023002791486119705,0.023002791486119705,0.002140531668374845
dpact_over_ppent,-0.023002791486119688,0.023002791486119688,0.002140531668374845
che,-0.02300011598408956,0.02300011598408956,0.0021430929413283418
lifr_over_ppent_d,0.022999952895947213,0.022999952895947213,0.002143249157331869
dc_d_over_icapt,-0.022999909481464575,0.022999909481464575,0.0021432907441929568
fatp_over_lct,0.022979750546300685,0.022979750546300685,0.0021626811700693194
cstk_d_over_cogs,-0.022940659280543636,0.022940659280543636,0.002200741162998523
txpd_pd_minus_pd_dltt,0.022933228300045173,0.022933228300045173,0.002208045171290939
ibcom_over_mktcap_pd,0.02293089689765022,0.02293089689765022,0.002210341311439662
dltt_over_at,0.022913656066011947,0.022913656066011947,0.0022273894164600615
rectr_pd,-0.022901466478320507,0.022901466478320507,0.0022395153575167593
ceq_over_seq_pd,0.022896818214352372,0.022896818214352372,0.002244155258999632
dpvieb_over_emp_d,0.022893679939308523,0.022893679939308523,0.002247292866913997
ao_over_lct_pd,-0.022876421330102658,0.022876421330102658,0.0022646197488326906
msa_over_lct_d,0.02286746476337075,0.02286746476337075,0.002273659902600853
invwip_over_lt,0.022860307175365024,0.022860307175365024,0.0022809080400207097
dcom_over_lt,-0.02285831337339242,0.02285831337339242,0.002282930830850604
nopi_over_sale_d,0.02285787939646874,0.02285787939646874,0.0022833713352702267
drc_over_lt,-0.02285285978716367,0.02285285978716367,0.0022884721063642305
ib_pd_minus_pd_act,0.02285166736695476,0.02285166736695476,0.002289685339866399
txdb_over_act,0.02285123391201999,0.02285123391201999,0.0022901265065909805
dilavx_over_icapt_pd,0.02284460048070367,0.02284460048070367,0.0022968876761523616
emp_pd_minus_pd_lt,0.02284365833303846,0.02284365833303846,0.0022978494478385187
lt_pd_minus_pd_emp,-0.022843658333038447,0.022843658333038447,0.0022978494478385187
sstk_d_over_at,-0.02284088374254751,0.02284088374254751,0.002300683973355112
txc_over_at_d,0.022840218054068585,0.022840218054068585,0.0023013645177978014
acchg_over_sale_d,0.02283677224999456,0.02283677224999456,0.002304890168925318
xi_over_invt_d,0.022830585135571707,0.022830585135571707,0.002311233070440881
lct_over_lt_d,0.0228263370000924,0.0228263370000924,0.0023155974227016987
ivaeq_over_xsga,0.022824839811599235,0.022824839811599235,0.002317137367773385
cogs_over_act_d,0.022823741701537056,0.022823741701537056,0.0023182674337004945
nopio_over_ppent,-0.022823152902106902,0.022823152902106902,0.002318873575500371
siv_over_dltt_d,-0.02281488448098722,0.02281488448098722,0.002327400876245382
txfo_over_xsga_d,0.022812568448932515,0.022812568448932515,0.0023297945647696877
ib_pd_minus_pd_seq,0.022810488055668664,0.022810488055668664,0.002331946635292503
oibdp_pd_minus_pd_seq,0.022810182959774234,0.022810182959774234,0.0023322623958787537
ebitda_pd_minus_pd_seq,0.022810182959774234,0.022810182959774234,0.0023322623958787537
txndbr_over_lct_d,0.02280751484616729,0.02280751484616729,0.002335025442722058
nopio_d_over_emp,0.022799398184707886,0.022799398184707886,0.0023434493391963967
ivncf_over_emp,-0.022794465989858487,0.022794465989858487,0.0023485818119920523
ap_over_cogs_pd,-0.022786179091276046,0.022786179091276046,0.0023572283888190666
dltis_over_act,0.022775319051559776,0.022775319051559776,0.002368603914159029
txfed_d_over_emp,0.022774708480054688,0.022774708480054688,0.002369244956954597
dd2_d_over_emp,-0.0227654647918335,0.0227654647918335,0.0023789693864020665
fate_over_sale,-0.022763925154725112,0.022763925154725112,0.002380592641389291
dd4_over_at,0.022762768859739414,0.022762768859739414,0.00238181240150408
ebit_d_over_emp,0.02275917421808998,0.02275917421808998,0.0023856079956418243
recch_over_icapt_d,-0.02275401100011489,0.02275401100011489,0.0023910695433241843
ibc_pd_minus_pd_act,0.022751569892994414,0.022751569892994414,0.0023936556797968783
dilavx_over_mktcap_pd,0.022749345942794326,0.022749345942794326,0.0023960139863255236
dpvieb_over_ppent,-0.022736702438476794,0.022736702438476794,0.0024094617896317353
fatl_pd,-0.02273483146276316,0.02273483146276316,0.0024114576420816913
ivch_over_cogs,-0.022732835558698424,0.022732835558698424,0.002413588429078284
ibc_pd_minus_pd_seq,0.022731355484074754,0.022731355484074754,0.002415169639510437
ivao_over_sale,-0.022721160312351368,0.022721160312351368,0.0024260872465228147
ceqt_over_mktcap_d,0.02271937630912467,0.02271937630912467,0.002428002301807414
txndbl_d_over_lt,0.022716065952791714,0.022716065952791714,0.002431559500983987
dilavx_pd_minus_pd_icapt,0.022699440154517685,0.022699440154517685,0.0024494972659504445
ibcom_over_icapt_pd,0.02269285129280963,0.02269285129280963,0.00245663950494306
dcvt_over_seq_d,-0.022672538466401406,0.022672538466401406,0.002478778433231149
ap_pd_minus_pd_lct,-0.022623866241001184,0.022623866241001184,0.002532570878146849
ppegt_over_act_d,0.022602912745054052,0.022602912745054052,0.002556055688276444
reajo_over_ppent,-0.02259381456448869,0.02259381456448869,0.002566314858258378
dilavx_d_over_act,0.022593515822812146,0.022593515822812146,0.002566652358961368
ceq_over_cogs,-0.02259236026260741,0.02259236026260741,0.0025679582247896487
caps_over_at_d,-0.022580234160476165,0.022580234160476165,0.0025816982724247675
mib_d_over_invt,0.022579904532659633,0.022579904532659633,0.0025820727093384334
drlt_over_act,-0.02257539336869337,0.02257539336869337,0.002587202106100668
dxd5_over_mktcap,0.022565632263564925,0.022565632263564925,0.002598332825402433
ppeveb_over_act_d,0.022554016814952154,0.022554016814952154,0.0026116351137960795
txpd_d_over_emp,0.022533617963157112,0.022533617963157112,0.002635147126064593
dcvsub_over_dltt,-0.02253145222758371,0.02253145222758371,0.0026376547119443482
drc_over_invt,-0.022531047375199214,0.022531047375199214,0.002638123710104527
dvp_over_dltt,-0.02252098829532434,0.02252098829532434,0.0026498010764648616
txdi_d_over_sale,0.022520774375153717,0.022520774375153717,0.0026500499239333884
ibadj_d_over_act,0.022514023226963165,0.022514023226963165,0.0026579143314767843
cstkcv_pd_minus_pd_act,0.02250645042782618,0.02250645042782618,0.002666761257037294
dd4_over_lt,0.022504636181790164,0.022504636181790164,0.002668884742643871
txditc_over_act,0.022502975852070697,0.022502975852070697,0.0026708294308128945
wcap_over_dltt,-0.022502254502296974,0.022502254502296974,0.0026716747268975363
ebitda_over_invt_pd,0.022493909751460414,0.022493909751460414,0.002681471107353362
oibdp_over_invt_pd,0.022493909751460414,0.022493909751460414,0.002681471107353362
aco_over_cogs,-0.022488255778267487,0.022488255778267487,0.0026881272724314765
ibadj_over_mktcap_pd,0.022486217487953392,0.022486217487953392,0.0026905305588179117
dlc_over_mktcap,0.022480926334926998,0.022480926334926998,0.0026967783630921574
fatp_over_xsga,0.022468768354417138,0.022468768354417138,0.0027111847882758324
txc_over_xsga_d,0.022457279428564722,0.022457279428564722,0.0027248630079081183
txfed_over_ppent,-0.02245062212409433,0.02245062212409433,0.0027328177277078833
ib_over_seq_pd,0.02243850521783706,0.02243850521783706,0.0027473505148382787
xopr_pd_minus_pd_xsga,0.022426912735726168,0.022426912735726168,0.0027613203608087065
lt_over_ceq_pd,-0.022421137740897334,0.022421137740897334,0.0027683038648028116
emp_d_over_cogs,-0.02241832482703467,0.02241832482703467,0.0027717112643017116
fatl_over_emp_d,-0.022413151659626696,0.022413151659626696,0.0027779877388798137
msa_d_over_invt,0.022410433496454146,0.022410433496454146,0.0027812908177872295
txt_d_over_icapt,0.02240915808949884,0.02240915808949884,0.0027828419128485327
ibc_over_seq_pd,0.022408849633648812,0.022408849633648812,0.0027832171621969834
xsga_d_over_act,-0.0224056080851998,0.0224056080851998,0.002787163435970575
intan_over_cogs_pd,-0.02240554478892223,0.02240554478892223,0.0027872405439452034
ap_over_icapt,0.022405266186423793,0.022405266186423793,0.0027875799626460437
dd2_d_over_sale,-0.022404801331477656,0.022404801331477656,0.002788146374919039
ib_over_sale_pd,0.022401710003350794,0.022401710003350794,0.0027919157429364986
recd_over_sale,-0.022398186716046646,0.022398186716046646,0.002796217488539582
spi_over_cogs,0.022396147505421894,0.022396147505421894,0.0027987100203413547
fatl_d_over_lct,-0.022395634573332455,0.022395634573332455,0.002799337297683501
icapt_over_emp_pd,-0.022388217488314637,0.022388217488314637,0.0028084221967302294
ds_over_at,0.022384404162404458,0.022384404162404458,0.002813103463079961
gp_over_at_d,0.02237718399138327,0.02237718399138327,0.002821986519035044
intan,-0.02237179945041369,0.02237179945041369,0.00282862784340696
cogs_over_emp_d,0.02236234881836457,0.02236234881836457,0.0028403188218020597
xi_d_over_xsga,0.022361672776043173,0.022361672776043173,0.002841156813630193
invrm_over_emp_d,0.022360310091022455,0.022360310091022455,0.002842846623116509
caps_d_over_xsga,-0.02234784228238758,0.02234784228238758,0.002858350095098091
txp_over_mktcap,0.022336305471077417,0.022336305471077417,0.002872764603432415
dd_over_ppent_d,-0.02232964418853183,0.02232964418853183,0.0028811176365111995
dpc_d_over_mktcap,0.022327357880831445,0.022327357880831445,0.0028839896988817355
ao_over_xsga,0.0223217593210794,0.0223217593210794,0.002891033654011648
ib_d_over_seq,0.022316688979906792,0.022316688979906792,0.002897426565679519
ivaeq_over_ppent_d,-0.022316385327148903,0.022316385327148903,0.0028978098337609985
nopio_over_mktcap,0.022313948772369925,0.022313948772369925,0.002900886909408959
spi_over_invt,0.02230854162788333,0.02230854162788333,0.0029077261373130466
capx_over_xsga_d,0.022304672371248908,0.022304672371248908,0.002912629196808945
sppe_over_lt,0.022283869621270113,0.022283869621270113,0.002939119677625607
ceqt_d_over_xsga,0.02228126378550472,0.02228126378550472,0.002942453430305195
invrm_d_over_mktcap,0.022272351152459114,0.022272351152459114,0.0029538818267501486
pstkn_d_over_lct,-0.02226997600544314,0.02226997600544314,0.0029569342320601706
capxv_over_xsga_d,0.022269537193551486,0.022269537193551486,0.0029574984832798985
ibcom_pd_minus_pd_icapt,0.022266966116303973,0.022266966116303973,0.0029608065065087623
acox_over_lt,-0.022264196305055307,0.022264196305055307,0.00296437400384593
dcvsr_over_seq,-0.02226160839332717,0.02226160839332717,0.00296771075937507
xi_over_cogs,0.02225616895621468,0.02225616895621468,0.002974735337106108
siv_over_xsga,-0.022254073588570348,0.022254073588570348,0.002977445373843503
ibadj_over_icapt_pd,0.022253912789880773,0.022253912789880773,0.0029776534353186885
recd_over_ppent,-0.02225314258187994,0.02225314258187994,0.002978650210791774
xi_d_over_sale,0.02224903084499898,0.02224903084499898,0.0029839766248010756
cogs_over_icapt_d,0.022244541253355468,0.022244541253355468,0.0029898024407282522
fatp_d_over_mktcap,0.022240513956324745,0.022240513956324745,0.0029950371969941283
ib_over_ceq_pd,0.02222376205638967,0.02222376205638967,0.0030169014700530284
capxv_d_over_ppent,-0.022210121247390836,0.022210121247390836,0.003034812635677162
drlt_over_ceq,-0.022208118871810692,0.022208118871810692,0.0030374500175540534
cogs_d_over_ppent,-0.022202843238184687,0.022202843238184687,0.003044408706113957
capx_d_over_ppent,-0.02220035041248667,0.02220035041248667,0.0030477018589442403
ibc_over_ceq_pd,0.022200033394386066,0.022200033394386066,0.003048120889153299
seq_pd,-0.02219102738009871,0.02219102738009871,0.003060046885884959
seq_d_over_seq,-0.022191027380098698,0.022191027380098698,0.003060046885884959
dcom_over_emp,-0.022189184416063015,0.022189184416063015,0.0030624926249431155
dpc_over_xsga_d,0.022188654245262743,0.022188654245262743,0.0030631965278563075
lt_over_emp_pd,-0.022187204994222005,0.022187204994222005,0.00306512143810749
txdc_over_cogs,0.02217333537801299,0.02217333537801299,0.003083599074322686
dn_d_over_invt,-0.022168050873928282,0.022168050873928282,0.0030906659738401195
ceqt_pd_minus_pd_icapt,0.022162668865734935,0.022162668865734935,0.0030978784392921475
txdb_over_mktcap_d,-0.022151585052136744,0.022151585052136744,0.003112780297913644
dilavx_over_emp_pd,0.022132150796875548,0.022132150796875548,0.0031390669126906503
txndbl,0.022129220630389537,0.022129220630389537,0.003143047739227709
at_d_over_seq,-0.022128707118048693,0.022128707118048693,0.003143745853675402
lse_d_over_seq,-0.022128707118048693,0.022128707118048693,0.003143745853675402
dcom_over_cogs,-0.022127511192179705,0.022127511192179705,0.0031453722498187985
niadj_over_xsga_d,0.022124942851572398,0.022124942851572398,0.0031488676501037847
ibcom_over_emp_pd,0.022115156460175107,0.022115156460175107,0.003162218977282484
txndba_over_lt,0.022112960249769508,0.022112960249769508,0.003165222291578056
gp_pd_minus_pd_mktcap,0.02210513205115733,0.02210513205115733,0.003175948500924331
ceqt_over_icapt_pd,0.022097983124791217,0.022097983124791217,0.0031857728992513543
lo_over_cogs_d,-0.022089234083351707,0.022089234083351707,0.0031978339369340626
dxd4_over_ceq,0.02207456294656278,0.02207456294656278,0.0032181523336744
dd3_d_over_dltt,-0.022074054409070277,0.022074054409070277,0.0032188587237143985
ap_over_sale_pd,-0.022073815984582586,0.022073815984582586,0.0032191899587232704
dxd4_over_emp,0.02207068839721832,0.02207068839721832,0.0032235378859231663
cstkcv_over_mktcap_d,-0.02207016956382286,0.02207016956382286,0.003224259677895549
dcpstk_over_at_d,-0.022069811177354695,0.022069811177354695,0.003224758344887486
txc_d_over_icapt,0.022069628700686884,0.022069628700686884,0.003225012274024486
dd_over_icapt,0.02206474052027528,0.02206474052027528,0.0032318213058054692
txdba_over_cogs,0.022058276179087573,0.022058276179087573,0.0032408459779027367
ceq_d_over_seq,-0.022057273770498265,0.022057273770498265,0.003242247464727198
dp_d_over_lt,0.022054663845190274,0.022054663845190274,0.0032458990425021468
gp_over_mktcap_pd,0.022047028750236654,0.022047028750236654,0.0032566029183778425
dd2_over_mktcap_d,-0.022037950368714962,0.022037950368714962,0.003269372025406381
seq_over_ppent_pd,-0.02203010626946831,0.02203010626946831,0.0032804417754633284
ch_over_invt,-0.02202070693494405,0.02202070693494405,0.0032937512646992262
txdi_d_over_xsga,0.022019073877318267,0.022019073877318267,0.0032960686884724996
seq_d_over_ceq,-0.022014636290467668,0.022014636290467668,0.0033023734393108407
txndb_d_over_sale,-0.02201049131241753,0.02201049131241753,0.0033082723822675988
txditc_over_mktcap_d,-0.02199530478736197,0.02199530478736197,0.003329967233566598
dltis_d_over_dltt,-0.02199080836053763,0.02199080836053763,0.0033364154593740424
pi_d_over_lct,0.02198605149507447,0.02198605149507447,0.0033432495502416578
ibadj_pd_minus_pd_icapt,0.02197827989806917,0.02197827989806917,0.00335444227343119
ibc_d_over_seq,0.02197732316867287,0.02197732316867287,0.0033558225197853108
ibc_over_sale_pd,0.021973437703237265,0.021973437703237265,0.0033614332867292498
invt_d_over_ppent,-0.021972723156782923,0.021972723156782923,0.0033624660496477184
tlcf_over_ppent_d,-0.021964914966580144,0.021964914966580144,0.0033737703858684955
xi_over_sale_d,0.021964312171737416,0.021964312171737416,0.0033746445214371634
dcpstk_over_ceq,-0.02194327425683073,0.02194327425683073,0.0034052818819875594
txndbl_over_seq_d,-0.02194123867888834,0.02194123867888834,0.003408259673836132
siv_over_dltt,-0.021938027331487878,0.021938027331487878,0.003412962286874217
fatb_over_sale_d,-0.02193690385554712,0.02193690385554712,0.003414608869735822
ibc_over_dltt_d,-0.021935232274866826,0.021935232274866826,0.003417060101349906
dilavx_pd_minus_pd_dltt,0.021926795158887763,0.021926795158887763,0.0034294568811908004
rect_over_at_d,0.02192627494270378,0.02192627494270378,0.003430222580748242
invo_over_lct,-0.021920254256059698,0.021920254256059698,0.0034390956814163522
dd_over_at,0.021916490073178297,0.021916490073178297,0.003444653825290326
lt_over_ppent_d,-0.021914056924482308,0.021914056924482308,0.003448250930378498
sppiv_over_xsga_d,-0.021911150220506614,0.021911150220506614,0.0034525526089205357
invo_over_seq,-0.021909537180721354,0.021909537180721354,0.003454941879391802
ib_over_dltt_d,-0.02189383648374641,0.02189383648374641,0.0034782768329662678
cstk_over_sale_pd,-0.021888474411310768,0.021888474411310768,0.003486278938038278
dcvsub_over_cogs,-0.02188074330958279,0.02188074330958279,0.0034978459622028073
txt_d_over_at,0.02187832736727504,0.02187832736727504,0.0035014677717657094
oiadp_d_over_ceq,0.021875689729048076,0.021875689729048076,0.0035054258282218387
fate_over_emp,0.021870194369870456,0.021870194369870456,0.0035136852779644456
nopio_d_over_cogs,0.021861884082375712,0.021861884082375712,0.0035262091644678987
xi_over_dltt_d,0.0218617947785078,0.0218617947785078,0.0035263439687216454
che_over_ppent_d,-0.021856795380913965,0.021856795380913965,0.0035338980454100426
lco_over_lt_d,0.02185565162599612,0.02185565162599612,0.003535628324093084
dn_over_xsga_d,-0.021852673961023507,0.021852673961023507,0.0035401365676931257
dcom_over_ceq,-0.021829592929142817,0.021829592929142817,0.0035752594683146643
ibadj_over_emp_pd,0.021826241149144963,0.021826241149144963,0.0035803862168852403
ao_over_cogs,-0.021824821274197916,0.021824821274197916,0.0035825600163478704
ibadj_pd_minus_pd_dltt,0.021818626312810105,0.021818626312810105,0.0035920584267459662
pi_d_over_emp,0.021814911256597482,0.021814911256597482,0.003597765508709445
msa_over_ceq_d,0.02180518653862951,0.02180518653862951,0.003612743721900177
np_over_dltt_d,0.021803109159591248,0.021803109159591248,0.0036159506861543566
wcap_d_over_ppent,-0.02180250758102531,0.02180250758102531,0.003616879859347727
act_over_icapt,-0.021792027470648408,0.021792027470648408,0.00363310188043843
ebit_d_over_ceq,0.02179017032939953,0.02179017032939953,0.0036359834155217205
ibcom_d_over_act,0.021784364674259052,0.021784364674259052,0.0036450048618111813
intc_over_lt_d,0.0217835028696194,0.0217835028696194,0.0036463457593037653
ibcom_pd_minus_pd_dltt,0.021781608407132017,0.021781608407132017,0.003649294964740458
dcom_over_seq,-0.021781461777179826,0.021781461777179826,0.003649523321400984
chech_d_over_act,-0.021775116820206337,0.021775116820206337,0.0036594172028375825
lt_over_seq_pd,-0.02177221017326533,0.02177221017326533,0.003663957764277902
esubc_over_ppent_d,0.021755224741772564,0.021755224741772564,0.003690593802076302
fatb_over_emp,0.021754406582852107,0.021754406582852107,0.003691881246801461
txfo_d_over_lct,0.021747043723099733,0.021747043723099733,0.003703485734978229
invrm_d_over_act,0.02174323878004407,0.02174323878004407,0.0037094956324259577
ebitda_pd_minus_pd_lt,0.021735557691570144,0.021735557691570144,0.003721654911509355
oibdp_pd_minus_pd_lt,0.021735557691570144,0.021735557691570144,0.003721654911509355
act_over_ppent_d,-0.02172940663008685,0.02172940663008685,0.003731418244795367
seq_over_sale_d,0.02172622351623108,0.02172622351623108,0.0037364798093806766
ceqt_pd_minus_pd_mktcap,0.021721339737985894,0.021721339737985894,0.003744257784403367
txt_d_over_ceq,0.021709438885469737,0.021709438885469737,0.0037632729095885354
txdb_over_lct,0.021697147601339818,0.021697147601339818,0.003783003952167688
dcpstk_over_icapt_d,-0.021696859304337436,0.021696859304337436,0.0037834678779608147
txndb_over_act_d,-0.021684879715457253,0.021684879715457253,0.00380279112755939
lt_over_invt_pd,-0.021678357270718356,0.021678357270718356,0.0038133495868561944
dp_over_lct_d,0.02166374859349971,0.02166374859349971,0.0038370946493169857
intan_over_sale_pd,-0.021658727329451427,0.021658727329451427,0.0038452872212000363
icapt_over_at,-0.02165172247225181,0.02165172247225181,0.0038567427227514522
txdc_over_sale,0.02165018019880795,0.02165018019880795,0.0038592690639954004
icapt_over_ceq_pd,-0.021646675565266334,0.021646675565266334,0.0038650154651158467
cstk_over_ceq_pd,-0.02164172878471473,0.02164172878471473,0.0038731397226070257
txfo_d_over_cogs,0.021640102305254254,0.021640102305254254,0.0038758143290372016
prstkc_over_lct,-0.021639754244092445,0.021639754244092445,0.0038763869037367594
ebitda_over_lt_pd,0.021631079776093624,0.021631079776093624,0.003890681596224194
oibdp_over_lt_pd,0.021631079776093624,0.021631079776093624,0.003890681596224194
cstk_d_over_icapt,-0.02163037728951148,0.02163037728951148,0.003891841319904655
dpact_over_cogs_d,-0.02162434712746244,0.02162434712746244,0.003901809339183666
txdbca_over_act,0.02161180171708485,0.02161180171708485,0.00392262157684919
dilavx_over_cogs_pd,0.02160709701338301,0.02160709701338301,0.0039304524128740605
ds_over_icapt,0.021606894367932093,0.021606894367932093,0.003930790028744965
dilavx_pd_minus_pd_at,0.02160534796778437,0.02160534796778437,0.003933367264041411
xacc_over_act,0.021597758711359345,0.021597758711359345,0.003946037800966624
txt_over_ceq_d,0.021593340203376284,0.021593340203376284,0.003953431718429531
ivao_over_dltt,-0.021591060599439393,0.021591060599439393,0.003957251317920668
dd2_over_emp_d,-0.021590571416159925,0.021590571416159925,0.003958071407471696
gdwl_over_lt,-0.0215610349194494,0.0215610349194494,0.004007874646595018
invo_over_ceq_d,0.02155430950320841,0.02155430950320841,0.004019293987990232
caps_over_ppent_pd,-0.02154598491467371,0.02154598491467371,0.004033469526048666
dltp_over_cogs,0.02154575075203504,0.02154575075203504,0.0040338689256505115
dilavx_over_sale_pd,0.021543650820042316,0.021543650820042316,0.0040374522803399695
lco_d_over_mktcap,0.021540791991939857,0.021540791991939857,0.0040423352707034356
icapt_over_ppent_d,-0.02153685539709461,0.02153685539709461,0.004049067901416717
ch_d_over_at,-0.021534804013634185,0.021534804013634185,0.004052580348381964
drlt_over_dltt,-0.021532767850675538,0.021532767850675538,0.004056069468855635
invo_over_ppent,-0.021530583252988757,0.021530583252988757,0.004059815975210291
xi_over_dltt,0.0215107871004653,0.0215107871004653,0.004093909118104146
dcvt_over_mktcap,-0.02150903536305839,0.02150903536305839,0.004096938456080845
gdwl_over_emp,-0.021506856100106966,0.021506856100106966,0.00410070996758721
ib_d_over_ceq,0.021501975076296986,0.021501975076296986,0.0041091686775886335
lco_over_cogs,-0.02149593734508904,0.02149593734508904,0.004119653840532152
invrm_over_xsga_d,0.021478336975269297,0.021478336975269297,0.004150357430147935
ibcom_over_cogs_pd,0.02147038475091332,0.02147038475091332,0.004164297940745178
ppeveb_pd_minus_pd_at,0.021467594316258925,0.021467594316258925,0.00416919972349663
ib_over_cogs_pd,0.02144947761124779,0.02144947761124779,0.004201151723359191
txfo_d_over_lt,0.021442298830424946,0.021442298830424946,0.0042138740926206215
gdwl_d_over_ppent,-0.021440484951944217,0.021440484951944217,0.004217094207196826
txditc_over_lct,0.021429513574079552,0.021429513574079552,0.004236618928973019
txndb_d_over_lct,-0.021429220737771912,0.021429220737771912,0.0042371411834803635
dilavx_pd_minus_pd_act,0.021427764250120745,0.021427764250120745,0.0042397396019477835
txt_over_lt_d,0.021414420979550177,0.021414420979550177,0.00426361175300153
gp_d_over_act,0.021394263802083417,0.021394263802083417,0.004299905714518301
ppegt_pd_minus_pd_at,0.02139276366405986,0.02139276366405986,0.004302617951772683
ibcom_pd_minus_pd_at,0.021391427290622926,0.021391427290622926,0.0043050354102490505
ib_pd,0.021376922796909958,0.021376922796909958,0.004331352923267562
at_over_ceq,0.02137474625921641,0.02137474625921641,0.004335314677961247
lse_over_ceq,0.02137474625921641,0.02137474625921641,0.004335314677961247
txt_over_seq_d,0.02137445753899239,0.02137445753899239,0.004335840455979057
lo_over_mktcap_d,-0.021372695015539348,0.021372695015539348,0.004339051377787133
txdbca,0.021370616305853005,0.021370616305853005,0.004342841090106843
txo_over_lt_d,-0.0213590781662087,0.0213590781662087,0.0043639309667889105
aqc_over_dltt,-0.021356817776842653,0.021356817776842653,0.004368073456243699
dcvsr_d_over_act,-0.0213482003457383,0.0213482003457383,0.004383898857540816
capx_d_over_sale,0.02134555414653378,0.02134555414653378,0.004388768863788088
txs_over_icapt_d,0.021341751024743057,0.021341751024743057,0.004395776632376315
sstk_d_over_icapt,-0.021340113761068577,0.021340113761068577,0.004398796634622082
txditc_over_sale_d,-0.021339226780123403,0.021339226780123403,0.004400433493742162
ibcom_over_sale_pd,0.021335574283395307,0.021335574283395307,0.004407179730542279
intc_d_over_at,0.02133162032779953,0.02133162032779953,0.0044144933323758215
pstkn_d_over_icapt,-0.021330884741007937,0.021330884741007937,0.004415855154524577
recch_over_at_d,-0.02132278535433139,0.02132278535433139,0.004430875077257463
txt_d_over_sale,0.021322113554330856,0.021322113554330856,0.004432122974855962
capxv_d_over_sale,0.021315858242684158,0.021315858242684158,0.004443757784964096
prstkc_over_sale,-0.02130877713093362,0.02130877713093362,0.004456961966157772
invo_over_mktcap,-0.02130732610198042,0.02130732610198042,0.004459672091217702
txs_over_emp_d,0.021292553227076984,0.021292553227076984,0.004487348884891647
itci_over_sale,-0.021292048506751267,0.021292048506751267,0.004488297215156596
ibc_pd,0.021290669256084714,0.021290669256084714,0.004490889646068633
che_over_xsga,-0.021287287197632548,0.021287287197632548,0.004497252284488506
invo_over_emp,-0.021285372968901817,0.021285372968901817,0.004500857125188604
ibcom_over_act_pd,0.02127990631607252,0.02127990631607252,0.0045111662429528805
dxd4_over_seq,0.021275473879640426,0.021275473879640426,0.004519540713662045
invo_over_act,-0.02127468738950874,0.02127468738950874,0.0045210281473700995
oiadp_d_over_seq,0.021274460713913902,0.021274460713913902,0.004521456925360537
wcap_pd_minus_pd_dltt,0.021259242499931944,0.021259242499931944,0.0045503279869863935
dd2_d_over_ceq,-0.021256713252373726,0.021256713252373726,0.004555142469373352
ibc_over_cogs_pd,0.021254515368149738,0.021254515368149738,0.004559329939956117
txs_over_lt_d,0.021252371298555804,0.021252371298555804,0.004563418240577144
rect_over_sale_pd,-0.021244711801892115,0.021244711801892115,0.004578050459729139
acchg_over_lct_d,0.021242977752131707,0.021242977752131707,0.004581368971889421
dcvsr_over_ceq,-0.021240700381084724,0.021240700381084724,0.00458573056640466
dcvt_d_over_ppent,-0.021232643030333107,0.021232643030333107,0.004601192115013891
ivch,-0.021224845511488108,0.021224845511488108,0.004616199995572598
pstkrv_over_lt,-0.02122322095492085,0.02122322095492085,0.00461933235275173
txdb_over_sale_d,-0.021207741338655377,0.021207741338655377,0.004649275754673283
ebit_d_over_seq,0.021192260904860663,0.021192260904860663,0.004679396377548602
ibcom_pd_minus_pd_act,0.021186694952043304,0.021186694952043304,0.004690269277633206
dn_over_icapt_d,-0.02118034117999282,0.02118034117999282,0.004702709106543487
acox_over_cogs,-0.02117674763674024,0.02117674763674024,0.004709757994583956
ibc_d_over_ceq,0.02116877337580036,0.02116877337580036,0.004725434015900481
txpd_over_emp_d,0.02116831785961531,0.02116831785961531,0.004726330906385067
ibcom_pd_minus_pd_mktcap,0.02116759998526086,0.02116759998526086,0.00472774468082521
oibdp_over_emp_pd,0.021167114074675912,0.021167114074675912,0.004728701845394882
ebitda_over_emp_pd,0.021167114074675912,0.021167114074675912,0.004728701845394882
dd3_over_ppent,-0.021162963403920144,0.021162963403920144,0.004736885140331437
ibadj_over_cogs_pd,0.02116117150538764,0.02116117150538764,0.004740421934581107
ds_over_lt,0.021160312981397075,0.021160312981397075,0.004742117309560928
txndbl_over_act_d,0.021156536577460937,0.021156536577460937,0.004749581301780253
dvc_over_sale_d,-0.02115631644179544,0.02115631644179544,0.004750016723613266
txc_over_lt_d,0.021153103575633787,0.021153103575633787,0.0047563757904303325
ppent_d_over_act,0.021148701396441455,0.021148701396441455,0.0047651013158414015
ebit_over_dltt_d,-0.02114605121293375,0.02114605121293375,0.004770361206856895
ibadj_over_dltt_d,-0.021142038362390522,0.021142038362390522,0.00477833562161416
oiadp_over_dltt_d,-0.02114031562816035,0.02114031562816035,0.00478176277208874
dcpstk_over_ppent_d,-0.021140131304291272,0.021140131304291272,0.004782129591589846
lct_d_over_xsga,0.02112855375483513,0.02112855375483513,0.004805220950164987
re_over_mktcap_pd,0.021127237889740594,0.021127237889740594,0.004807851810688038
dilavx_over_act_pd,0.021127168861508283,0.021127168861508283,0.004807989857502078
recta_d_over_mktcap,0.02112360452329564,0.02112360452329564,0.004815122911254118
spi_over_emp,0.021121900877307004,0.021121900877307004,0.004818535676275157
dc_over_ceq_d,-0.02111785008501617,0.02111785008501617,0.004826659064122816
txfo_over_icapt_d,0.021099376145930954,0.021099376145930954,0.0048638637085620055
dilavx_pd_minus_pd_mktcap,0.021097637177780466,0.021097637177780466,0.0048673791395651665
dcvsub_over_invt,-0.021096415747039073,0.021096415747039073,0.004869849710885515
caps_over_icapt_d,-0.02108746849941233,0.02108746849941233,0.004887981803643936
np_over_sale,-0.021069762561197036,0.021069762561197036,0.004924043973367127
rdip_d_over_dltt,-0.021064288820262723,0.021064288820262723,0.004935241084830511
fatb_over_ppent,0.021061155420608484,0.021061155420608484,0.004941661141374113
oiadp_d_over_at,0.021060916193646792,0.021060916193646792,0.004942151606283093
dxd5_over_xsga,0.021054958035022775,0.021054958035022775,0.004954381278431052
txc_over_icapt_d,0.021052342642299625,0.021052342642299625,0.004959758252059979
tstk_over_mktcap,0.021043926434101422,0.021043926434101422,0.004977096927203227
dpvieb_over_cogs_d,-0.02103056107915521,0.02103056107915521,0.005004744254450002
dcvsub_over_icapt_d,-0.0210299460396836,0.0210299460396836,0.0050060198492579994
dvc_over_invt_d,-0.02102951530014617,0.02102951530014617,0.0050069133801345905
ibadj_over_sale_pd,0.021029141095477207,0.021029141095477207,0.005007689751498852
dltt_over_mktcap_d,-0.02102637061786236,0.02102637061786236,0.005013441114348538
dd5_over_emp,0.021012973109874294,0.021012973109874294,0.005041337978205931
dd4_over_emp,0.02100144282543513,0.02100144282543513,0.005065459101464162
dd2_d_over_lt,-0.020989707311564996,0.020989707311564996,0.005090116638832662
gdwl_over_dltt,-0.020988114095688695,0.020988114095688695,0.005093472502010649
ibadj_pd_minus_pd_at,0.02098438399439213,0.02098438399439213,0.005101337207124443
ib_pd_minus_pd_dltt,0.020973305668134056,0.020973305668134056,0.005124759970886408
ebit_d_over_at,0.02097110281184735,0.02097110281184735,0.00512942900988746
mrc4_over_invt,-0.020970068142395566,0.020970068142395566,0.005131623358326396
invo_over_ceq,-0.020969339061417683,0.020969339061417683,0.005133170117854796
ao_pd_minus_pd_emp,-0.0209690420047534,0.0209690420047534,0.0051338004501602875
ceqt_over_sale_d,0.020965991616328335,0.020965991616328335,0.005140277197317841
invwip_over_sale,0.02096447707783045,0.02096447707783045,0.005143495688532967
act_d_over_ceq,-0.020960851314292154,0.020960851314292154,0.005151208067400268
dpvieb_over_at_d,0.020954821632780223,0.020954821632780223,0.005164056973525869
mib_d_over_lct,0.020937384017974563,0.020937384017974563,0.005201378672152566
dcvsr_over_lct,-0.020933217755198213,0.020933217755198213,0.005210331708227812
itcb_over_cogs_d,-0.020929104590087268,0.020929104590087268,0.005219184295957805
txdbca_over_icapt,0.02092652574040466,0.02092652574040466,0.005224741570932457
lt_over_ceq,0.020921260948475195,0.020921260948475195,0.0052361034987421055
pi_over_dltt_d,-0.02090771997152893,0.02090771997152893,0.005265428829218891
dilavx_over_dltt_d,-0.02090749079611184,0.02090749079611184,0.005265926422367264
dlc_over_cogs,-0.020900326486034928,0.020900326486034928,0.00528150324028754
ibcom_over_seq_pd,0.020896128856652325,0.020896128856652325,0.005290649151841252
ivaeq_over_emp_d,-0.020891216743376215,0.020891216743376215,0.00530136996269482
pifo_over_icapt,0.02089034314163568,0.02089034314163568,0.005303278674132362
at_over_emp_pd,-0.02088965807115231,0.02088965807115231,0.00530477590231961
lse_over_emp_pd,-0.02088965807115231,0.02088965807115231,0.00530477590231961
ibcom_over_dltt_d,-0.020888714507069903,0.020888714507069903,0.005306838695764225
ibc_pd_minus_pd_dltt,0.020879367026175922,0.020879367026175922,0.005327313066820841
ap_over_emp_pd,-0.020878866785342984,0.020878866785342984,0.005328410783784276
ibadj_pd_minus_pd_act,0.02087873022737962,0.02087873022737962,0.005328710478922587
dcpstk_over_invt,-0.020874764882269182,0.020874764882269182,0.005337419612662365
txpd_over_xsga_d,0.020867704141030174,0.020867704141030174,0.00535295902676729
txt_d_over_seq,0.020867148899257927,0.020867148899257927,0.005354182744301804
ibadj_over_act_pd,0.020864258634682078,0.020864258634682078,0.0053605567841925415
txndbl_d_over_invt,0.020862472114026677,0.020862472114026677,0.0053645001100197836
gp_pd_minus_pd_at,0.020858192436554093,0.020858192436554093,0.005373957149996043
dltt_over_at_d,-0.020855610022250917,0.020855610022250917,0.0053796709330694945
txndbl_d_over_ceq,0.020851718644547112,0.020851718644547112,0.00538829125512841
act_d_over_lt,-0.020850855433488275,0.020850855433488275,0.005390205161034721
fiao_over_mktcap,-0.020848195907844244,0.020848195907844244,0.005396105703017297
drc,-0.0208364028825206,0.0208364028825206,0.005422340556303893
dcvsr_over_emp,-0.020824336048327202,0.020824336048327202,0.005449303658186542
mib_d_over_xsga,0.02082219816097025,0.02082219816097025,0.005454093325911672
dcvsr_over_act,-0.020820251365682753,0.020820251365682753,0.0054584581812115885
ib_over_lt_pd,0.02081746581438866,0.02081746581438866,0.005464709071234226
dcvsub_over_at_d,-0.020816747330132064,0.020816747330132064,0.005466322426875421
itci_over_lct,-0.02081606823160721,0.02081606823160721,0.0054678477370971095
ivch_over_invt,-0.020813640342969033,0.020813640342969033,0.005473304113721842
lo_over_lct,0.020813315260038164,0.020813315260038164,0.005474035069968219
intpn_over_act,0.020812105004358976,0.020812105004358976,0.00547675713161497
xpr_over_lct,0.02080869521202028,0.02080869521202028,0.0054844328796246535
intpn_over_lct,0.02080729847152812,0.02080729847152812,0.005487579869737389
txndbl_d_over_at,0.020798601344786803,0.020798601344786803,0.005507212024292345
rectr_over_cogs_pd,-0.02079365296349642,0.02079365296349642,0.005518410349709437
dvp_over_sale,-0.020791872435150863,0.020791872435150863,0.005522444759663763
fatb_over_lct,0.02078378198995922,0.02078378198995922,0.00554081003831666
xi_over_xsga_d,0.020783096764345105,0.020783096764345105,0.005542368026429157
intan_d_over_ppent,-0.020781989939607823,0.020781989939607823,0.005544885433672151
dcvsub_over_sale,-0.02077694725295654,0.02077694725295654,0.005556367789022167
recch_d_over_ceq,-0.02076371935380829,0.02076371935380829,0.005586590154049889
intan_over_ppent_pd,-0.020749395357007077,0.020749395357007077,0.005619484006230749
dcvt_d_over_seq,-0.020747100033443475,0.020747100033443475,0.005624771235089359
invfg_over_seq,0.020741442932861894,0.020741442932861894,0.005637821410151652
dilavx_pd_minus_pd_seq,0.02074042715437646,0.02074042715437646,0.005640167565622256
aox_pd,-0.020739835997792264,0.020739835997792264,0.0056415333722914345
dvpa_d_over_seq,-0.020739301509394327,0.020739301509394327,0.005642768509729181
dd_over_lct_d,-0.020735610963702123,0.020735610963702123,0.005651303569223168
invrm_over_sale,0.02073410238247082,0.02073410238247082,0.005654795789830992
ppeveb_over_lt_d,0.02073078114624643,0.02073078114624643,0.005662490993426579
rectr_d_over_ppent,-0.02072798652113527,0.02072798652113527,0.005668973371188682
nopio_over_emp_d,0.020723306918914223,0.020723306918914223,0.0056798431076631635
caps_over_emp_d,-0.02071547203377363,0.02071547203377363,0.005698083994051118
dvpa_d_over_icapt,-0.02071345270816939,0.02071345270816939,0.005702793867295353
ppegt_over_lt_d,0.020712448634563653,0.020712448634563653,0.005705137074314448
txs_over_ceq_d,0.02070755473382502,0.02070755473382502,0.005716570406851722
ebitda_pd_minus_pd_ceq,0.0207041380636203,0.0207041380636203,0.005724564816644005
oibdp_pd_minus_pd_ceq,0.0207041380636203,0.0207041380636203,0.005724564816644005
invch_d_over_mktcap,-0.020701306420709897,0.020701306420709897,0.0057311980035934925
ib_pd_minus_pd_ceq,0.020695079616706486,0.020695079616706486,0.005745808815588715
ibcom_over_ceq_pd,0.02069197555430486,0.02069197555430486,0.0057531048441121216
ibadj_pd_minus_pd_mktcap,0.020684840871659504,0.020684840871659504,0.00576990643092328
rect_over_ppent_pd,-0.0206835620866784,0.0206835620866784,0.005772922534790417
cstk_d_over_invt,-0.02067847148418794,0.02067847148418794,0.005784943174503538
pstkn_d_over_at,-0.020678078795132407,0.020678078795132407,0.005785871383470656
ibc_over_lt_pd,0.020677260219206454,0.020677260219206454,0.005787806703609542
fincf_over_sale_d,0.02067597669710817,0.02067597669710817,0.0057908424489146815
dilavx_over_seq_pd,0.020674844562078652,0.020674844562078652,0.005793521329839098
spi,0.020659821787065095,0.020659821787065095,0.005829174452858162
fatb_over_act,0.020659333220743238,0.020659333220743238,0.005830337266934559
fate_d_over_icapt,0.02065191733083042,0.02065191733083042,0.005848013176360162
drlt_over_icapt,-0.02065146444192939,0.02065146444192939,0.005849094208749743
mrct_pd_minus_pd_dltt,0.0206511326619945,0.0206511326619945,0.0058498862719356705
gp_over_at_pd,0.020641771813938076,0.020641771813938076,0.005872273445999303
ap_over_lct_pd,-0.020635550187159554,0.020635550187159554,0.005887195622606601
dc_d_over_dltt,-0.020623414799824075,0.020623414799824075,0.0059163999547297485
ibc_pd_minus_pd_ceq,0.020609678348461842,0.020609678348461842,0.005949614794231669
cstk_d_over_ceq,-0.02060570079381848,0.02060570079381848,0.005959263870774257
intc_d_over_lt,0.020600526933896277,0.020600526933896277,0.005971836140821514
msa_over_at_d,0.020600421357719265,0.020600421357719265,0.005972092935271965
xopr_d_over_seq,0.02058629684859597,0.02058629684859597,0.006006538017857092
ceql_over_sale_d,0.020584240700288577,0.020584240700288577,0.0060115671907298
ceql_d_over_seq,-0.020579962529426968,0.020579962529426968,0.006022043411162545
aox_over_cogs,-0.02057909865107603,0.02057909865107603,0.006024160838005007
rectr_d_over_mktcap,0.02057134610436562,0.02057134610436562,0.006043192914682772
dcvsub_over_emp,-0.020566026190820662,0.020566026190820662,0.006056284328282165
txs_d_over_lt,0.020550005204741532,0.020550005204741532,0.00609586372747746
ch_over_dltt,-0.020545867119879067,0.020545867119879067,0.0061061245348030925
txdbca_over_sale_d,-0.020489173870156877,0.020489173870156877,0.00624827609867473
drc_over_ppent,-0.020465596318120262,0.020465596318120262,0.0063082659624775625
ds_over_act,0.020463001359343428,0.020463001359343428,0.006314900045934621
dm_over_sale_d,-0.020460027944512148,0.020460027944512148,0.006322509381408449
drc_over_at,-0.020457652278438654,0.020457652278438654,0.006328594933141329
lo_over_emp,0.02045531269859186,0.02045531269859186,0.0063345931970086415
ao_pd_minus_pd_dltt,0.020455263172507777,0.020455263172507777,0.006334720228301058
dc_over_xsga,0.02045074782369029,0.02045074782369029,0.006346311450835136
ceql_over_invt,-0.020449103487346996,0.020449103487346996,0.006350537318028468
np_over_cogs,-0.020448994172489146,0.020448994172489146,0.006350818341823719
seq_over_invt,-0.02044879036175955,0.02044879036175955,0.0063513423230314135
idit_over_ceq,-0.020447011694889057,0.020447011694889057,0.006355916785814868
dvpa_d_over_dltt,-0.020444953027242398,0.020444953027242398,0.006361215069714299
pstkl_over_lt,-0.02044429806478843,0.02044429806478843,0.00636290154503772
txfed_d_over_ceq,0.020444203165233123,0.020444203165233123,0.006363145937081543
aqc_over_sale,-0.02043539785930047,0.02043539785930047,0.006385858767558805
capx_pd,-0.02042773874942875,0.02042773874942875,0.006405674336687268
dvpa_d_over_mktcap,-0.020420157864480697,0.020420157864480697,0.006425341982484276
dvpa_over_mktcap_d,-0.020420157864480697,0.020420157864480697,0.006425341982484276
caps_over_seq_d,-0.020416619856685088,0.020416619856685088,0.006434539475510005
ibadj_over_seq_pd,0.02040808623904175,0.02040808623904175,0.006456772434960782
dcvt_over_at_d,-0.0204077662104127,0.0204077662104127,0.0064576075604980895
tstkc_over_mktcap,0.020406939762362047,0.020406939762362047,0.00645976465412959
donr,0.0203964380724328,0.0203964380724328,0.006487231383953096
capxv_pd,-0.020392851233860244,0.020392851233860244,0.0064966366485745015
sstk_d_over_seq,-0.020386097289157863,0.020386097289157863,0.006514379868201868
mib_over_xsga,0.02036793239714414,0.02036793239714414,0.00656231711213344
rectr_over_sale_pd,-0.02036718927589615,0.02036718927589615,0.006564284949678935
mrc4_over_at,-0.020346389506115798,0.020346389506115798,0.0066195799383392175
ao_over_sale_pd,-0.020344590600666974,0.020344590600666974,0.006624381844672756
ds_over_lct,0.02034318606532724,0.02034318606532724,0.006628133216503268
siv_over_cogs,-0.020338847104598427,0.020338847104598427,0.006639734208713286
reuna_over_seq_d,0.020332977728714223,0.020332977728714223,0.006655456088755646
fincf_d_over_seq,-0.02032226289770781,0.02032226289770781,0.006684243480852825
ibcom_pd_minus_pd_seq,0.02031997981458683,0.02031997981458683,0.006690391855947939
itci_over_ppent,-0.020319182202118966,0.020319182202118966,0.006692541035518529
dvpa_over_lt_d,-0.0203188271558248,0.0203188271558248,0.006693497913031594
seq_over_sale_pd,-0.020317333265755164,0.020317333265755164,0.006697525410960406
dcvt_d_over_ceq,-0.020313642671003822,0.020313642671003822,0.006707484520415877
xopr_d_over_sale,-0.02030889035223199,0.02030889035223199,0.006720328308360785
txndb_over_cogs_d,-0.02030626707811735,0.02030626707811735,0.006727427528204582
at_d_over_ceq,-0.020296237311090287,0.020296237311090287,0.006754632717787857
lse_d_over_ceq,-0.020296237311090287,0.020296237311090287,0.006754632717787857
txt_d_over_lt,0.020288566755555088,0.020288566755555088,0.006775505354093749
tlcf_over_xsga_d,-0.02027183795742788,0.02027183795742788,0.006821227887892873
dvpa_d_over_ppent,-0.020269734368793226,0.020269734368793226,0.006826996917772114
dvpa_d_over_at,-0.020269734368793226,0.020269734368793226,0.006826996917772114
dvpa_d_over_lt,-0.020269734368793226,0.020269734368793226,0.006826996917772114
txc_over_seq_d,0.020269228612049106,0.020269228612049106,0.006828384594286722
txs_d_over_emp,0.020255376375792583,0.020255376375792583,0.006866490507083315
ibadj_pd_minus_pd_seq,0.020248917769134935,0.020248917769134935,0.006884322607872813
ceql_over_icapt_pd,0.020247060993241695,0.020247060993241695,0.006889456827293538
oancf_pd_minus_pd_dltt,0.020242912869352696,0.020242912869352696,0.006900939340676844
ceq_over_icapt_pd,0.020242784987455742,0.020242784987455742,0.006901293606381594
recch_over_act,-0.02024211175748129,0.02024211175748129,0.006903158895749351
oiadp_over_seq_d,0.02020740975912836,0.02020740975912836,0.006999921681624782
chech_d_over_icapt,-0.02019851153061968,0.02019851153061968,0.007024928833133741
txs_over_seq_d,0.020197529012415442,0.020197529012415442,0.007027694966886314
idit_d_over_mktcap,-0.020194669375225485,0.020194669375225485,0.007035751416347225
cstk_over_seq_pd,-0.02019349256619917,0.02019349256619917,0.007039069245672358
acchg_d_over_ppent,0.020184073067197824,0.020184073067197824,0.0070656767186179715
re_over_icapt_pd,0.020160077023988584,0.020160077023988584,0.007133867372434779
invt_pd_minus_pd_lt,0.02015811417319474,0.02015811417319474,0.0071394713477325655
lt_pd_minus_pd_invt,-0.0201581141731947,0.0201581141731947,0.0071394713477325655
dm_over_cogs,0.020156051644795912,0.020156051644795912,0.007145364161751731
ib_pd_minus_pd_sale,0.020153596393652818,0.020153596393652818,0.007152384708773557
ib_pd_minus_pd_emp,0.020149653175953703,0.020149653175953703,0.007163672906139549
ceq_over_invt,-0.02014903556779301,0.02014903556779301,0.00716544237255451
capx_over_ceq_pd,-0.02014510577529837,0.02014510577529837,0.0071767105414949515
ibc_pd_minus_pd_emp,0.02014377219278777,0.02014377219278777,0.00718053802869144
pstkrv_over_dltt,-0.020141951017142598,0.020141951017142598,0.0071857679060307825
dvp_over_at,-0.020138335287856263,0.020138335287856263,0.007196161342859175
dvpa_over_dltt_d,-0.02012948522022905,0.02012948522022905,0.007221657866990329
rectr_pd_minus_pd_invt,-0.020117651417024107,0.020117651417024107,0.0072558770232571635
re_over_at_pd,0.020115601800062256,0.020115601800062256,0.007261818547650572
ebit_over_seq_d,0.02011187999237703,0.02011187999237703,0.007272618657799001
idit_over_seq,-0.020108374116016736,0.020108374116016736,0.007282805348622937
acchg_over_ppent_d,0.020105346582402844,0.020105346582402844,0.0072916124637699455
capxv_over_ceq_pd,-0.02009626403598872,0.02009626403598872,0.0073180910134603375
ceq_over_icapt,-0.020095443771209094,0.020095443771209094,0.007320486591558686
dilavx_over_ceq_pd,0.02009449551293773,0.02009449551293773,0.007323256850583419
xi_over_cogs_d,0.020094389129484774,0.020094389129484774,0.0073235676998125694
itci_over_ceq,-0.020087496354653206,0.020087496354653206,0.007343733426405948
ap_d_over_sale,-0.02008622208124282,0.02008622208124282,0.007347466933130149
dcvsr_over_cogs,-0.020081316793761655,0.020081316793761655,0.007361854883364181
dvpa_d_over_lct,-0.020078423902286438,0.020078423902286438,0.0073703520144988224
dvpa_d_over_act,-0.020078423902286438,0.020078423902286438,0.0073703520144988224
txndb_over_act,-0.020073993635477343,0.020073993635477343,0.007383381846786168
txndb,-0.020071504145334415,0.020071504145334415,0.007390712735812915
dcvt_over_icapt_d,-0.020066621188155127,0.020066621188155127,0.007405110715345535
dvpa_over_ceq_d,-0.02006282789514492,0.02006282789514492,0.007416313047918573
dvpa_over_seq_d,-0.020062827895144915,0.020062827895144915,0.007416313047918573
dvpa_d_over_emp,-0.020057094787701547,0.020057094787701547,0.007433272876705456
lse_over_seq,0.02005703046318147,0.02005703046318147,0.0074334633603461145
at_over_seq,0.02005703046318147,0.02005703046318147,0.0074334633603461145
ibc_pd_minus_pd_sale,0.02005572813071298,0.02005572813071298,0.007437320887805193
txdi_over_cogs,0.020050079268489337,0.020050079268489337,0.00745407368863028
txdbcl_d_over_icapt,0.02003847697409906,0.02003847697409906,0.007488588725872547
dp_pd_minus_pd_lt,0.020034077757441243,0.020034077757441243,0.007501713141718638
nopi_d_over_cogs,0.02003068875973061,0.02003068875973061,0.007511837778072064
gdwl_over_act,-0.020030636592878855,0.020030636592878855,0.007511993722332922
dvpa_over_lct_d,-0.02002565617638404,0.02002565617638404,0.007526895235856174
dvpa_d_over_cogs,-0.02001841178576994,0.02001841178576994,0.00754861792304121
dvpa_d_over_sale,-0.02001841178576994,0.02001841178576994,0.00754861792304121
reajo_over_cogs_d,0.020014400532984804,0.020014400532984804,0.007560670037254065
caps_pd_minus_pd_dltt,0.020014099299252804,0.020014099299252804,0.007561575812929766
re_pd_minus_pd_lt,0.02000891023222733,0.02000891023222733,0.00757719402788935
dvpa_d_over_ceq,-0.02000592860722239,0.02000592860722239,0.007586181291850595
dilavx_d_over_seq,0.02000493628776419,0.02000493628776419,0.00758917447641012
ao_over_ceq_pd,-0.020003259780499355,0.020003259780499355,0.007594233817335191
ap_over_ceq_pd,-0.01999783851453695,0.01999783851453695,0.007610614742633126
ao_over_ppent_pd,-0.019992352747457934,0.019992352747457934,0.007627222797570722
fatp_over_act,0.019983302908168042,0.019983302908168042,0.007654692021679321
ib_over_lct_pd,0.01997702836151654,0.01997702836151654,0.007673789338863295
ao_pd_minus_pd_ppent,-0.019976968396167433,0.019976968396167433,0.007673972056226877
intc_over_sale_d,0.019976497227346866,0.019976497227346866,0.0076754078664402646
txfed_d_over_xsga,0.019968025750392405,0.019968025750392405,0.007701264423891534
dxd2_over_icapt,0.019967367801837756,0.019967367801837756,0.007703275870781283
txc_d_over_sale,0.019963279380349468,0.019963279380349468,0.007715785340419318
mrc5_over_at,-0.01996237773329001,0.01996237773329001,0.007718546586543832
dpc_d_over_sale,0.019959470483608917,0.019959470483608917,0.007727455915505729
che_d_over_ppent,-0.01995944998807174,0.01995944998807174,0.007727518757215782
txt_d_over_lct,0.019956627988517498,0.019956627988517498,0.007736175710861032
sale_d_over_ppent,-0.0199450055623785,0.0199450055623785,0.007771921104882333
revt_d_over_ppent,-0.0199450055623785,0.0199450055623785,0.007771921104882333
fate_pd_minus_pd_act,0.019937845837201124,0.019937845837201124,0.0077940148112603325
dd3_over_xsga,0.01993731488736591,0.01993731488736591,0.007795655471964591
dpvieb_pd_minus_pd_act,0.01993426842445014,0.01993426842445014,0.0078050751720713536
pstkn_over_seq_d,-0.019934180724893582,0.019934180724893582,0.007805346491088482
dilavx_pd,0.019933431523457973,0.019933431523457973,0.007807664664760138
fate_d_over_at,0.0199306084422387,0.0199306084422387,0.007816405364162064
ibc_over_lct_pd,0.019929490553030678,0.019929490553030678,0.007819868945486046
ivncf_d_over_ppent,0.019928291528697156,0.019928291528697156,0.007823585437724491
xopr_over_lt_pd,0.01991605833350859,0.01991605833350859,0.007861593934333036
mrc2_d_over_ppent,-0.01991476311261328,0.01991476311261328,0.007865627848598651
mrct_over_at,-0.019897607298974967,0.019897607298974967,0.007919234137165325
re_over_cogs_d,0.019896654832520157,0.019896654832520157,0.007922219846490863
rectr_over_ppent_pd,-0.019896226685114936,0.019896226685114936,0.007923562294282994
txc_over_lct_d,0.019893377302259596,0.019893377302259596,0.007932501668977627
recch_d_over_mktcap,-0.019893019096384138,0.019893019096384138,0.00793362610785002
dvpa_d_over_xsga,-0.01988790935570003,0.01988790935570003,0.007949681568695723
lt_over_lct_pd,-0.019879982710863386,0.019879982710863386,0.007974645685577238
ibcom_pd,0.01987430986528022,0.01987430986528022,0.007992554774682477
fatl_over_cogs_d,-0.019873671460973935,0.019873671460973935,0.007994572460254448
xido_over_cogs,0.019869540190430884,0.019869540190430884,0.008007640426062236
aco_over_ceq,0.019858585124097824,0.019858585124097824,0.008042385956523459
fatc_d_over_sale,0.019852560866263053,0.019852560866263053,0.008061550198853734
xpr_d_over_mktcap,0.019848574970941703,0.019848574970941703,0.008074252507408888
emp_pd_minus_pd_icapt,0.019848482014871258,0.019848482014871258,0.008074548954821563
icapt_pd_minus_pd_emp,-0.01984848201487125,0.01984848201487125,0.008074548954821563
xi_d_over_cogs,0.019836419803884144,0.019836419803884144,0.008113099469603579
invch_over_dltt,-0.019835834657707982,0.019835834657707982,0.008114973764403106
dpc_over_sale_pd,-0.01983354519530139,0.01983354519530139,0.008122310917942334
dcvsub_over_lt,-0.019821190222074788,0.019821190222074788,0.008162008085432437
dpact_over_at_d,0.019817900171401982,0.019817900171401982,0.00817260842195331
ceq_over_sale_pd,-0.019815953704493527,0.019815953704493527,0.008178885615170564
ib_d_over_lct,0.019815821307955866,0.019815821307955866,0.008179312739627331
txdbca_over_act_d,-0.019806733328662746,0.019806733328662746,0.008208679223263902
ibadj_over_ceq_pd,0.019803365898317597,0.019803365898317597,0.008219584518311803
txdfed_d_over_sale,0.01980262126309864,0.01980262126309864,0.008221997740706852
np_over_invt,-0.019800734190732944,0.019800734190732944,0.0082281162258995
txdbca_over_invt_d,-0.019800430883465274,0.019800430883465274,0.008229100023894967
ib_pd_minus_pd_lt,0.0197994108980054,0.0197994108980054,0.008232409189087766
fopo_over_dltt_d,0.019798524864767592,0.019798524864767592,0.008235284735970832
ibadj_d_over_seq,0.019796916600862014,0.019796916600862014,0.008240506518401032
dn_over_dltt,0.019792585821600938,0.019792585821600938,0.008254582617159625
invrm_over_cogs,0.01977225546484013,0.01977225546484013,0.008320949230061034
dpact_pd_minus_pd_act,0.019767561087144385,0.019767561087144385,0.008336341270459497
dp_pd_minus_pd_at,0.019767326577521255,0.019767326577521255,0.008337110853847262
dltp_over_ceq,0.01975627184759339,0.01975627184759339,0.008373461024347462
icapt_over_dltt,-0.01974138456280177,0.01974138456280177,0.008422637379941384
txdb_over_cogs,0.019734936863879074,0.019734936863879074,0.00844401574891749
ni_pd_minus_pd_icapt,0.019731389833079413,0.019731389833079413,0.008455797170632997
dpvieb_pd_minus_pd_icapt,0.019725302131902184,0.019725302131902184,0.008476051666117227
dvpa_over_emp_d,-0.019723022499321476,0.019723022499321476,0.008483647427967615
itci_over_lt,-0.019722207838007124,0.019722207838007124,0.008486363364614386
ibc_pd_minus_pd_lt,0.019721278869744938,0.019721278869744938,0.008489461329087282
txfo_over_lt_d,0.01971687686898238,0.01971687686898238,0.00850415506894395
dcvsub_over_icapt,-0.01971316062742702,0.01971316062742702,0.008516577463082787
invwip,0.019712426984835184,0.019712426984835184,0.008519031749260352
dlc_over_dltt_d,0.019710764225525527,0.019710764225525527,0.008524596590470166
ebitda_over_emp_d,0.019696872351600735,0.019696872351600735,0.008571216380454353
oibdp_over_emp_d,0.019696872351600735,0.019696872351600735,0.008571216380454353
dpvieb_pd_minus_pd_at,0.01969377104070001,0.01969377104070001,0.00858165514950991
txfo_d_over_ppent,0.01968828531942819,0.01968828531942819,0.008600147489348729
at_over_lct,-0.019683967657293036,0.019683967657293036,0.008614727349120074
lse_over_lct,-0.019683967657293036,0.019683967657293036,0.008614727349120074
lse_over_lct_pd,-0.01967890646865182,0.01967890646865182,0.008631846069981802
at_over_lct_pd,-0.01967890646865182,0.01967890646865182,0.008631846069981802
txc_d_over_lt,0.019677276282736435,0.019677276282736435,0.008637366402493279
pi_d_over_at,0.01967581138208074,0.01967581138208074,0.008642329717594686
txc_d_over_act,0.019673570344264334,0.019673570344264334,0.008649927640945337
dcvsub_over_seq,-0.01967177335656406,0.01967177335656406,0.00865602438706446
ivch_over_mktcap,-0.019667183121674866,0.019667183121674866,0.00867161538597724
am_over_emp,-0.01966706814482979,0.01966706814482979,0.008672006233477848
drlt_over_invt,-0.019666935649159886,0.019666935649159886,0.008672456653266927
prstkc,-0.01966155744740049,0.01966155744740049,0.00869075753883214
seq_over_dltt,-0.0196581581668057,0.0196581581668057,0.008702342365828782
re_over_seq_d,0.019655648721568112,0.019655648721568112,0.008710903465311746
dd_over_act_d,-0.019653295897851867,0.019653295897851867,0.00871893707781766
dxd2_over_ceq,0.019649051383074857,0.019649051383074857,0.00873344653206625
intan_over_xsga,-0.01964459966903899,0.01964459966903899,0.008748687453570438
nopi_over_emp_d,0.019643515692553477,0.019643515692553477,0.008752402159547177
re_pd_minus_pd_at,0.01963709609042879,0.01963709609042879,0.0087744305550357
cstk_over_lct_pd,-0.019635577890558007,0.019635577890558007,0.008779647383963763
lo_over_ceq_d,-0.0196300701029431,0.0196300701029431,0.008798596479485615
mib_d_over_act,0.019609407398904374,0.019609407398904374,0.008870010902102368
mrc5_over_invt,-0.019605348318075377,0.019605348318075377,0.00888410058531827
dpvieb_over_lt_d,0.019592046651110563,0.019592046651110563,0.008930412877426856
dd_d_over_invt,-0.019591038320462998,0.019591038320462998,0.008933932348948646
re_over_act_pd,0.0195907415186573,0.0195907415186573,0.008934968540212303
invrm_over_ppent_d,0.019589163339421047,0.019589163339421047,0.008940480065391582
ceqt_pd_minus_pd_seq,0.019586739846088275,0.019586739846088275,0.008948949618855506
invo_over_lt,-0.019582211106112742,0.019582211106112742,0.008964795733599894
pstkn_over_ppent,-0.01957798639323964,0.01957798639323964,0.008979600638735801
pstkrv_over_at,-0.01957618619565303,0.01957618619565303,0.00898591580582573
reuna_over_icapt_d,0.019573665415277868,0.019573665415277868,0.008994765471631454
aox_pd_minus_pd_dltt,0.019573021002254394,0.019573021002254394,0.008997029051406973
ceqt_pd_minus_pd_ceq,0.019572657931967927,0.019572657931967927,0.008998304604320256
dvpa_over_sale_d,-0.019565787387061946,0.019565787387061946,0.009022472933785207
dvpa_over_cogs_d,-0.019565787387061946,0.019565787387061946,0.009022472933785207
mrc3_over_mktcap,0.019563475825263674,0.019563475825263674,0.00903061727250686
dd2_d_over_seq,-0.019561117979558847,0.019561117979558847,0.009038931445231727
dxd4_over_act,0.01956101146232467,0.01956101146232467,0.009039307204756427
lct_over_cogs,-0.0195570114343434,0.0195570114343434,0.00905342815325528
siv,-0.01954949838913883,0.01954949838913883,0.009080004042359226
txc_d_over_at,0.019546732690538582,0.019546732690538582,0.009089804669333262
dpact_over_lt_d,0.019544357543597634,0.019544357543597634,0.009098228859725525
ibadj_pd,0.01953776180769773,0.01953776180769773,0.009121659230429171
ni_over_lt_pd,0.01953643356696778,0.01953643356696778,0.009126384118113125
cogs_d_over_icapt,0.019533449020149557,0.019533449020149557,0.009137008875021743
mrct_over_mktcap,0.019532182995448726,0.019532182995448726,0.00914151915947143
intc_over_lct,0.019528143626571678,0.019528143626571678,0.00915592292709979
re_over_act_d,0.019519008730690932,0.019519008730690932,0.009188571287005677
act_over_dltt,-0.019509881285100988,0.019509881285100988,0.009221296751336669
icapt_over_seq_pd,-0.019509764147391535,0.019509764147391535,0.009221717410981998
dltt_over_lt_d,-0.019508866821588228,0.019508866821588228,0.00922494041492536
txdc_d_over_sale,0.019508465742210088,0.019508465742210088,0.009226381332010572
txc_d_over_lct,0.019505399671968085,0.019505399671968085,0.009237403128620633
fiao_over_emp,-0.01950396865069856,0.01950396865069856,0.009242551331649874
fate_pd_minus_pd_lct,0.019497937353427894,0.019497937353427894,0.00926427750842875
dpc_over_lct_d,0.0194843513437363,0.0194843513437363,0.009313384589761118
txditc_over_cogs,0.019477161252730867,0.019477161252730867,0.009339467273107993
icapt_over_lct_pd,-0.019476295743171557,0.019476295743171557,0.009342611374870148
fate_pd_minus_pd_seq,0.01946932918653984,0.01946932918653984,0.009367952912413968
txdc_d_over_xsga,0.01946525991259437,0.01946525991259437,0.009382783650521944
ni,0.019464925653643696,0.019464925653643696,0.00938400280971313
dpc_over_at_d,0.019464657061954823,0.019464657061954823,0.00938498255984568
mib_d_over_cogs,0.019464193624241708,0.019464193624241708,0.009386673270333929
ebit_pd_minus_pd_dltt,0.01945618217745794,0.01945618217745794,0.009415943554200314
aox_over_lct_pd,-0.019450924461934395,0.019450924461934395,0.009435197139871695
niadj,0.019447154034678997,0.019447154034678997,0.009449025934675472
oiadp_pd_minus_pd_dltt,0.01944465924664653,0.01944465924664653,0.009458186002496307
ceql_over_icapt,-0.01944118834881688,0.01944118834881688,0.00947094320828669
dcpstk_over_seq_d,-0.019441166609780344,0.019441166609780344,0.009471023157952242
dvpa_over_xsga_d,-0.019429456378526496,0.019429456378526496,0.009514177467810492
txdc_over_mktcap,0.019424000358409615,0.019424000358409615,0.009534343695429461
acchg_d_over_lct,0.019423029181024204,0.019423029181024204,0.009537937298651088
lt_over_seq,0.019410396184870723,0.019410396184870723,0.009584792749296127
oancf_over_mktcap_pd,0.01940630478471288,0.01940630478471288,0.009600011578376953
txdfed_over_mktcap,0.019397600105040033,0.019397600105040033,0.009632462171730222
fatl_d_over_at,-0.019396046089745583,0.019396046089745583,0.009638265735729176
capxv_d_over_seq,0.019394366883635956,0.019394366883635956,0.009644540335984088
reuna_over_act_d,0.019393436253920683,0.019393436253920683,0.009648019338582095
fatl_d_over_lt,-0.019383293841386838,0.019383293841386838,0.009686007635487277
dd5_over_seq,0.019382543191632868,0.019382543191632868,0.009688824477622123
dcvsr_over_invt,-0.019376658928101243,0.019376658928101243,0.009710930710129406
ppent_pd_minus_pd_lt,0.019372890535503787,0.019372890535503787,0.009725111557891465
lt_pd_minus_pd_ppent,-0.019372890535503774,0.019372890535503774,0.009725111557891465
capx_d_over_seq,0.0193684495461458,0.0193684495461458,0.009741847144923156
re_over_ceq_pd,0.019364625510531187,0.019364625510531187,0.009756278341093364
pstkc_d_over_mktcap,-0.019358268983276153,0.019358268983276153,0.009780308845166695
cstk_d_over_act,-0.019352314723417887,0.019352314723417887,0.009802866427206925
fincf_d_over_lt,-0.019345938915398896,0.019345938915398896,0.009827072423071447
fatp_over_lt,0.0193371854182545,0.0193371854182545,0.009860392152591999
ibc_d_over_lct,0.019332001772402786,0.019332001772402786,0.009880170845643793
act_over_lct_pd,-0.019324727722643452,0.019324727722643452,0.009907985270832111
lct_over_ceq,0.01932049637592169,0.01932049637592169,0.00992419711438145
chech_d_over_dltt,-0.01931681539057402,0.01931681539057402,0.009938319535982214
txdbca_over_emp,0.019314184598164048,0.019314184598164048,0.009948423766699008
rea_over_ceq_d,0.01931383904572733,0.01931383904572733,0.009949751628815383
txdi_d_over_cogs,0.01930910998214709,0.01930910998214709,0.009967939978421632
txfed_over_lt_d,0.01930884016476946,0.01930884016476946,0.009968978609682736
txs_over_ppent,-0.01930515301563518,0.01930515301563518,0.009983181532202826
dpact_pd_minus_pd_icapt,0.01929634109602193,0.01929634109602193,0.010017198133615813
dd2_over_mktcap_pd,-0.019293253498882116,0.019293253498882116,0.01002914156496345
pstkrv_over_invt_d,-0.019290094656413553,0.019290094656413553,0.010041373709396196
ppeveb_over_at_d,0.019289581295887856,0.019289581295887856,0.01004336287568588
rect_d_over_ppent,-0.01928461096311214,0.01928461096311214,0.010062640044600984
dd_over_act,0.019277283136414403,0.019277283136414403,0.010091120724091006
cstkcv_over_seq_d,-0.01927427206630476,0.01927427206630476,0.010102844483406235
itci_over_seq,-0.01927274704158595,0.01927274704158595,0.010108786872421097
dvp_over_icapt,-0.019258721393627356,0.019258721393627356,0.010163585103250244
dpact_over_emp_d,0.01925781232261946,0.01925781232261946,0.01016714595392848
dd_over_lct,0.019241461397321583,0.019241461397321583,0.010231382795932354
gp_over_lt,0.019240108891642002,0.019240108891642002,0.010236712441186013
invo_over_at,-0.019233492523882043,0.019233492523882043,0.010262820339941768
dilavx_pd_minus_pd_sale,0.019233078410001894,0.019233078410001894,0.010264456384250976
pstkn_d_over_xsga,-0.019232632675159966,0.019232632675159966,0.01026621761323515
dd2_d_over_xsga,-0.019232013095062044,0.019232013095062044,0.010268666202547523
fopo_d_over_dltt,0.01922776388767238,0.01922776388767238,0.010285473141228574
ao_over_seq_pd,-0.01922631623967702,0.01922631623967702,0.010291204628529619
pstkrv_d_over_invt,-0.019220334357909614,0.019220334357909614,0.010314918077410981
dxd2_d_over_sale,-0.01921834299854239,0.01921834299854239,0.010322823030002004
mrc1_over_lt_d,0.019210077267232704,0.019210077267232704,0.010355692555362297
xint_over_sale_pd,-0.019204730154134205,0.019204730154134205,0.010377005476113208
lifr_over_at_d,0.019203151455559408,0.019203151455559408,0.010383305428467349
xacc_pd_minus_pd_lt,0.01920103878156206,0.01920103878156206,0.010391741586763693
ibcom_pd_minus_pd_sale,0.019189223329056166,0.019189223329056166,0.010439034615360795
ds_over_seq,0.019184238584811157,0.019184238584811157,0.010459044128116572
ceq_pd,-0.019181265374288547,0.019181265374288547,0.010470995280662374
ceq_d_over_ceq,-0.019181265374288537,0.019181265374288537,0.010470995280662374
ppeveb_pd_minus_pd_icapt,0.01918044961780161,0.01918044961780161,0.010474276428278324
txdbcl_d_over_seq,0.01918000691485317,0.01918000691485317,0.010476057457361469
ap_over_seq_pd,-0.019166034589740408,0.019166034589740408,0.010532407837536891
tlcf_over_at_pd,-0.019152392826347387,0.019152392826347387,0.010587685006489645
ceq_over_ppent_pd,-0.019150606067521687,0.019150606067521687,0.010594944127171114
tlcf_over_cogs_d,-0.019150396489854997,0.019150396489854997,0.0105957958748419
ppegt_over_at_d,0.0191499960268853,0.0191499960268853,0.010597423571622541
xopr_over_at,0.01914998268945995,0.01914998268945995,0.010597477785914154
txo_d_over_lt,-0.019140552760487102,0.019140552760487102,0.010635870583379434
txdi_d_over_lct,0.019139282086431918,0.019139282086431918,0.010641053421467818
dxd4_over_lct,0.019128620614874456,0.019128620614874456,0.010684628086258188
ch_d_over_ceq,-0.019122078113300765,0.019122078113300765,0.010711446530086472
oancf_over_dltt_d,-0.019121156051379352,0.019121156051379352,0.010715230972428243
txfed_over_xsga_d,0.01911974909215323,0.01911974909215323,0.01072100788202604
xint_d_over_ppent,-0.01911776998784789,0.01911776998784789,0.010729138679765608
ivao_d_over_invt,0.019115920963665507,0.019115920963665507,0.010736740019459122
txc_d_over_invt,0.019114795839038145,0.019114795839038145,0.010741367750232626
dltp_over_seq,0.019107135584750176,0.019107135584750176,0.010772922172471324
ppegt_pd_minus_pd_icapt,0.019085759209965667,0.019085759209965667,0.010861412821053662
txditc_over_emp_d,0.01908214878619233,0.01908214878619233,0.010876422304035765
dcpstk_over_emp_d,-0.01906325728647877,0.01906325728647877,0.010955260212720277
txc_over_ceq_d,0.01906237205517296,0.01906237205517296,0.010958966878111152
dd5_over_ceq,0.01906135921293218,0.01906135921293218,0.010963209246450644
ceql_over_dltt,-0.019058373015212723,0.019058373015212723,0.010975725662031696
dpvieb_d_over_lt,0.019056318667607826,0.019056318667607826,0.01098434367041921
ib_pd_minus_pd_cogs,0.019055930892989358,0.019055930892989358,0.010985971063119118
pstkl_over_at,-0.019047059884412333,0.019047059884412333,0.011023259010974992
txc_d_over_cogs,0.019044093690258064,0.019044093690258064,0.011035752020773615
dvpa_over_invt_d,-0.0190428297716377,0.0190428297716377,0.011041079211026225
emp_over_at_d,0.019042718935685852,0.019042718935685852,0.01104154647361185
txdbca_over_cogs_d,-0.01902864425207242,0.01902864425207242,0.0111010255200212
nopi_pd_minus_pd_invt,0.019022329983574816,0.019022329983574816,0.011127801719242499
idit_over_sale_d,0.01902064320833103,0.01902064320833103,0.0111349643368625
dvpa_d_over_invt,-0.019020479517879288,0.019020479517879288,0.011135659639750725
invfg_over_ceq,0.019018265967935155,0.019018265967935155,0.011145065854892111
tlcf_pd,-0.01901818343725647,0.01901818343725647,0.01114541669553395
ceqt_over_ceq_d,0.019013682828741524,0.019013682828741524,0.011164563789743282
lct_d_over_sale,-0.019013429322133353,0.019013429322133353,0.011165643160230727
pstkl_over_dltt,-0.019012530176318425,0.019012530176318425,0.011169472255319684
dilavx_pd_minus_pd_emp,0.019006233978486265,0.019006233978486265,0.011196317882736222
intc_d_over_xsga,0.01900593324893936,0.01900593324893936,0.01119760156113237
esub_over_invt,0.019002400650699525,0.019002400650699525,0.011212690412881867
ceqt_over_seq,0.019000586759394002,0.019000586759394002,0.011220445133589012
aqc_over_invt,-0.019000513564110044,0.019000513564110044,0.01122075815690458
invrm_over_lt_d,0.01899926605961067,0.01899926605961067,0.011226094365153235
txfed_over_at_d,0.018998864130013723,0.018998864130013723,0.011227814101415929
revt_over_seq_d,0.018997419629287998,0.018997419629287998,0.011233996618340647
sale_over_seq_d,0.018997419629287998,0.018997419629287998,0.011233996618340647
mrc3_pd_minus_pd_lt,0.018996988858928785,0.018996988858928785,0.01123584091659958
dpact_pd_minus_pd_at,0.018996566908184374,0.018996566908184374,0.011237647715253384
ibc_pd_minus_pd_cogs,0.018989347427929598,0.018989347427929598,0.011268601620246697
dcvsub_over_ceq,-0.01898421308049334,0.01898421308049334,0.011290661448410937
xrent_d_over_mktcap,0.018981486769363915,0.018981486769363915,0.01130239067770962
tlcf_over_ppent_pd,-0.01897148191772829,0.01897148191772829,0.011345526640093006
icapt_over_xsga_pd,-0.018964887437209033,0.018964887437209033,0.011374038624522197
txdb_over_emp_d,0.0189572822837173,0.0189572822837173,0.011406999326944068
gdwl_d_over_cogs,-0.018956643078883017,0.018956643078883017,0.011409773496489483
intc_d_over_icapt,0.01895542585863237,0.01895542585863237,0.011415057927551773
sppiv_d_over_mktcap,-0.018953197020190386,0.018953197020190386,0.0114247398214296
invch_over_ppent,0.018952346358805928,0.018952346358805928,0.011428436946985894
fopo_d_over_act,-0.018948600315550998,0.018948600315550998,0.0114447305543017
tlcf_over_lct_d,-0.018945312726864838,0.018945312726864838,0.011459047073432352
ib_over_ppent_pd,0.018941749054950857,0.018941749054950857,0.011474583807371189
ceqt_over_mktcap_pd,0.01893191954520326,0.01893191954520326,0.01151753499611192
ibcom_pd_minus_pd_emp,0.018930740680874296,0.018930740680874296,0.011522695750537389
txdi_d_over_lt,0.018928801682541112,0.018928801682541112,0.011531188632771139
txs_over_mktcap,0.018926988767431506,0.018926988767431506,0.011539134290082341
ib_over_xsga_d,0.01890849624032253,0.01890849624032253,0.011620461411950129
dltt_over_seq_d,-0.018907569576340037,0.018907569576340037,0.011624550075826932
gdwl_d_over_dltt,-0.018893928850889554,0.018893928850889554,0.011684884071459406
ibcom_d_over_seq,0.01889039434242224,0.01889039434242224,0.011700562721937017
ds_over_ceq,0.018890293387398248,0.018890293387398248,0.01170101082014638
invo_over_icapt,-0.018889107086594716,0.018889107086594716,0.011706277466441933
txditc_d_over_xsga,0.018884077041015423,0.018884077041015423,0.011728631991139344
gdwl_over_at,-0.018882067420898048,0.018882067420898048,0.01173757372342765
re_pd_minus_pd_act,0.018880652641612868,0.018880652641612868,0.011743872359005774
icapt_over_ceq_d,-0.018880008942086392,0.018880008942086392,0.011746739118803787
dxd2_over_at,0.01887603783057859,0.01887603783057859,0.011764438464472393
txdb_d_over_xsga,0.018873354247688177,0.018873354247688177,0.011776412650487058
mrc3_over_at,-0.01886893994749129,0.01886893994749129,0.011796132836499183
icapt_d_over_lt,-0.018863322128467988,0.018863322128467988,0.011821271898690647
oibdp_over_invt,0.018861359722957678,0.018861359722957678,0.011830064616310578
ebitda_over_invt,0.018861359722957678,0.018861359722957678,0.011830064616310578
invrm,0.01885614682672645,0.01885614682672645,0.011853449592633777
ap_pd_minus_pd_ppent,-0.018854649143703196,0.018854649143703196,0.01186017575226391
txpd_d_over_lct,0.018854358368743426,0.018854358368743426,0.011861482027501523
lcox_over_xsga,0.018851064981065358,0.018851064981065358,0.01187628612496444
invo,-0.018846771538270614,0.018846771538270614,0.011895610166040644
pstkrv_d_over_mktcap,-0.01884334167333491,0.01884334167333491,0.011911067418258507
itci_over_at,-0.018842875914106553,0.018842875914106553,0.011913167811751035
intc_over_xsga_d,0.018842447160747955,0.018842447160747955,0.011915101613392758
ppent_over_lt_d,0.01883747107544708,0.01883747107544708,0.01193756556384974
ao_pd_minus_pd_lct,-0.018821655619352777,0.018821655619352777,0.012009212084614945
fatb_over_xsga_d,-0.01881980060971105,0.01881980060971105,0.012017640497160713
ao_over_at_pd,-0.018813329624100508,0.018813329624100508,0.012047083096583795
ibc_over_ppent_pd,0.01881054894318064,0.01881054894318064,0.01205975465623805
seq_over_icapt_pd,0.018803272283987305,0.018803272283987305,0.01209297030410314
xrent_pd_minus_pd_lt,0.018803023411322797,0.018803023411322797,0.012094107761595137
dltp_over_dltt_d,0.018802806637840862,0.018802806637840862,0.012095098588970394
tlcf_over_emp_pd,-0.01880018361180906,0.01880018361180906,0.012107093609070547
pstkrv_over_icapt,-0.018793619395852147,0.018793619395852147,0.012137157787189537
ao_over_lt,-0.0187924479179805,0.0187924479179805,0.012142530119326728
recd_over_invt,-0.018789180867146975,0.018789180867146975,0.012157523766517969
lt_over_act_pd,-0.018788967096701303,0.018788967096701303,0.01215850540599935
xint_over_ppent_pd,-0.01878553461307746,0.01878553461307746,0.012174277081163195
ibadj_pd_minus_pd_sale,0.01878488053485914,0.01878488053485914,0.012177284514152764
re_over_icapt_d,0.01878335855983742,0.01878335855983742,0.01218428506003054
rectr_d_over_sale,-0.01877486280696205,0.01877486280696205,0.01222342806031154
prstkc_over_ppent,-0.018773491085782093,0.018773491085782093,0.01222975851054639
aox_pd_minus_pd_emp,-0.018765303503506178,0.018765303503506178,0.012267604391283694
lt_d_over_lct,-0.018761304895495195,0.018761304895495195,0.012286125041611503
at_d_over_lct,-0.01876057166737947,0.01876057166737947,0.01228952387496879
lse_d_over_lct,-0.01876057166737947,0.01876057166737947,0.01228952387496879
lcox_over_lt,-0.018756930043383715,0.018756930043383715,0.012306416740668376
rectr_over_at_d,0.01874962090789057,0.01874962090789057,0.012340384644156944
mrc2_over_lt_d,0.018742791134748586,0.018742791134748586,0.012372199823543715
re_pd_minus_pd_icapt,0.018735522219271755,0.018735522219271755,0.01240614044612862
chech_d_over_at,-0.01872665750683004,0.01872665750683004,0.012447643877899216
aco_d_over_dltt,-0.01872265010139223,0.01872265010139223,0.012466446350015816
ib_pd_minus_pd_ppent,0.018718290165572426,0.018718290165572426,0.012486931431978805
re_over_seq_pd,0.018713704337513702,0.018713704337513702,0.012508510021431753
at_over_icapt,0.01871234146325275,0.01871234146325275,0.012514929380102128
lse_over_icapt,0.01871234146325275,0.01871234146325275,0.012514929380102128
dltt_over_cogs_d,-0.01871065487043264,0.01871065487043264,0.012522877543954373
dpact_d_over_lt,0.01870926572967139,0.01870926572967139,0.012529427304323392
dd2_d_over_lct,-0.018708216649954215,0.018708216649954215,0.012534375696235072
txs_d_over_ceq,0.018704743746102655,0.018704743746102655,0.01255076934330681
intc_over_xsga,0.01870162609697609,0.01870162609697609,0.012565502196690738
dd1_over_seq,0.018698109308369987,0.018698109308369987,0.012582139609869149
acchg_over_dltt,0.0186967506199104,0.0186967506199104,0.012588572587209235
intpn_over_ceq,0.01869467247842532,0.01869467247842532,0.012598417588764713
mrc1_d_over_lt,-0.018694173493017177,0.018694173493017177,0.012600782500130274
fincf_d_over_ceq,-0.01869371393395005,0.01869371393395005,0.01260296090034464
dxd2_d_over_emp,-0.01869212293252107,0.01869212293252107,0.01261050513466571
mib_over_mktcap_d,-0.01869153528879657,0.01869153528879657,0.012613292643250637
acox_d_over_lt,-0.018688905223924496,0.018688905223924496,0.01262577513264529
capx_d_over_invt,0.018688574944759596,0.018688574944759596,0.012627343435418782
ni_d_over_lct,0.018685771312442267,0.018685771312442267,0.012640663193298426
invt_over_lt_d,0.01867957639713398,0.01867957639713398,0.01267013868314371
acchg_over_emp,0.01867948754733247,0.01867948754733247,0.012670561873824813
ibc_pd_minus_pd_ppent,0.018679220005984303,0.018679220005984303,0.012671836246040872
gdwl_over_ppent_d,-0.018676977477080994,0.018676977477080994,0.012682522482645257
dilavx_d_over_ceq,0.0186764902206658,0.0186764902206658,0.012684845441400874
dcvsub_over_at,-0.018660124164421556,0.018660124164421556,0.012763088463630804
ao_over_mktcap_d,-0.0186601095376775,0.0186601095376775,0.0127631585819218
re_pd_minus_pd_seq,0.018659324425804816,0.018659324425804816,0.012766922783988457
ceq_over_dltt,-0.018659218828353426,0.018659218828353426,0.012767429143654205
ibcom_pd_minus_pd_lt,0.018658344948745315,0.018658344948745315,0.012771620243078834
lco_pd_minus_pd_lt,0.018657685749149947,0.018657685749149947,0.012774782549352479
acchg_d_over_act,0.0186529887414443,0.0186529887414443,0.012797335055970015
txdfed_d_over_lt,0.018650458944271472,0.018650458944271472,0.01280949637363323
mrc4_over_act,-0.018647893767228252,0.018647893767228252,0.01282183821083448
capxv_d_over_invt,0.01864383882979766,0.01864383882979766,0.012841369194916614
txt_over_mktcap_d,0.018640487769270124,0.018640487769270124,0.012857529750898157
icapt_over_seq_d,-0.018637202428159628,0.018637202428159628,0.012873390838770182
ao_over_mktcap_pd,-0.018634189620238974,0.018634189620238974,0.01288795139467096
oibdp_over_lct_pd,0.01863367982251722,0.01863367982251722,0.01289041662944924
ebitda_over_lct_pd,0.01863367982251722,0.01863367982251722,0.01289041662944924
cogs_d_over_emp,0.01862373468787179,0.01862373468787179,0.012938591953687642
wcap_d_over_emp,-0.018619904798801663,0.018619904798801663,0.012957186791140541
pi_over_ceq_d,0.018618538675839447,0.018618538675839447,0.012963825294606544
ppent_over_sale,0.018617331534002288,0.018617331534002288,0.01296969375270384
do,0.018614837566133174,0.018614837566133174,0.012981825492243172
fatl_d_over_cogs,-0.018613522095730018,0.018613522095730018,0.012988228552372472
re_pd_minus_pd_ceq,0.01860106117645723,0.01860106117645723,0.013049020843829444
tlcf_over_lct_pd,-0.018599827822516745,0.018599827822516745,0.013055051593508992
ibcom_pd_minus_pd_invt,0.018597509324869213,0.018597509324869213,0.013066395059276993
aco_over_seq,0.018596925360875798,0.018596925360875798,0.013069253531346116
msa_over_sale_d,0.018592787000398125,0.018592787000398125,0.013089526431950734
dxd2_over_xsga,0.018592783436186092,0.018592783436186092,0.013089543904205197
recco_over_act,0.018590456903830543,0.018590456903830543,0.013100953285462824
rectr_over_invt_pd,-0.018590387596126072,0.018590387596126072,0.0131012933072772
ibadj_pd_minus_pd_emp,0.018585992983450778,0.018585992983450778,0.013122869104986262
dcvsub_over_mktcap,-0.01857315169935935,0.01857315169935935,0.013186094837087381
loxdr_over_lt,0.01856862961400006,0.01856862961400006,0.013208423947633056
sppe_over_dltt,0.01856491462894508,0.01856491462894508,0.013226792770549809
intan_over_xsga_pd,-0.018559451392608978,0.018559451392608978,0.013253846884254917
dilavx_pd_minus_pd_lt,0.018557898560138297,0.018557898560138297,0.013261545480760493
xsga_pd_minus_pd_icapt,0.018557395130509555,0.018557395130509555,0.013264042220775285
icapt_pd_minus_pd_xsga,-0.01855739513050954,0.01855739513050954,0.013264042220775285
recch_over_ceq_d,-0.018554383595236243,0.018554383595236243,0.013278986494206283
dcvsub_d_over_sale,-0.018553190693097795,0.018553190693097795,0.01328491019885635
lco_pd_minus_pd_at,0.01855218040986055,0.01855218040986055,0.013289928882605651
fatb_d_over_dltt,-0.018551669948834195,0.018551669948834195,0.013292465286407318
dilavx_pd_minus_pd_invt,0.018549026656065705,0.018549026656065705,0.013305606254981764
ivao_over_mktcap_d,-0.01854775523880789,0.01854775523880789,0.013311931117182738
dcvsub,-0.018547471252492693,0.018547471252492693,0.013313344214142889
dd1_over_ppent,-0.01853563432797426,0.01853563432797426,0.013372362020682423
sstk_d_over_ppent,-0.018534323697083153,0.018534323697083153,0.013378910901406795
ao_pd_minus_pd_invt,-0.0185322865333374,0.0185322865333374,0.01338909570404843
mrc4_d_over_dltt,-0.018528374444884903,0.018528374444884903,0.013408673409742708
dp_over_cogs_d,0.01852725980058908,0.01852725980058908,0.013414256178754086
fatl_d_over_icapt,-0.018523204908442753,0.018523204908442753,0.013434582703415255
dd2_over_xsga,0.01852294061796124,0.01852294061796124,0.01343590849354938
msa_over_xsga_d,0.018519544040760873,0.018519544040760873,0.013452957420019227
itci_over_act,-0.01851733630829802,0.01851733630829802,0.013464049255724558
dcvt_over_ppent_d,-0.018515356340424678,0.018515356340424678,0.01347400365507756
emp_d_over_at,-0.01848733216532017,0.01848733216532017,0.01361559575315042
cstk_d_over_seq,-0.018484786330613633,0.018484786330613633,0.013628523469060126
gp_d_over_ceq,0.018483942899958854,0.018483942899958854,0.01363280878942331
xrd_over_mktcap,-0.018482849615381953,0.018482849615381953,0.013638365344154338
at_pd_minus_pd_invt,-0.01848010518483968,0.01848010518483968,0.013652322565846423
lse_pd_minus_pd_invt,-0.01848010518483968,0.01848010518483968,0.013652322565846423
invt_pd_minus_pd_at,0.018480105184839602,0.018480105184839602,0.013652322565847017
cstk_d_over_emp,-0.018473011821900687,0.018473011821900687,0.013688455408563368
recco_over_ppent,-0.01847202915140731,0.01847202915140731,0.013693467683326407
rdip_over_sale_d,-0.018470163311834754,0.018470163311834754,0.013702989170204124
itci_over_xsga,-0.018468202730552774,0.018468202730552774,0.013713000428903012
txndbl_d_over_icapt,0.01845980950634404,0.01845980950634404,0.013755931556469151
aox_over_xsga,0.01845537098039447,0.01845537098039447,0.013778682446021753
gdwl_over_icapt,-0.018453506403301314,0.018453506403301314,0.013788249756840776
pstkn_d_over_seq,-0.018451664248231275,0.018451664248231275,0.013797707778264364
msa_over_icapt_d,0.01845145183434445,0.01845145183434445,0.013798798725238875
txfed_d_over_seq,0.018448421313093242,0.018448421313093242,0.013814371625978598
dltp_d_over_ppent,0.01844526891896682,0.01844526891896682,0.01383058725787528
pstkc_d_over_seq,-0.018438166196410925,0.018438166196410925,0.013867184628090484
intan_pd_minus_pd_emp,-0.018432647133890312,0.018432647133890312,0.013895681058551566
dm_over_lt_d,-0.0184239972122059,0.0184239972122059,0.013940446979537396
tlcf_over_dltt,-0.018421900700083458,0.018421900700083458,0.013951316202100054
txndbl_over_invt,0.01842105874769393,0.01842105874769393,0.013955683351096886
ao_over_act_pd,-0.018420304137354234,0.018420304137354234,0.013959598488256626
oibdp_over_dltt_d,-0.01841464260712289,0.01841464260712289,0.013989003083803464
ebitda_over_dltt_d,-0.01841464260712289,0.01841464260712289,0.013989003083803464
fopo,-0.018414282423662883,0.018414282423662883,0.013990875636377128
dc_over_at_d,-0.01841283045856677,0.01841283045856677,0.01399842648039759
sppiv_d_over_act,-0.018411169871186656,0.018411169871186656,0.01400706665910489
xrent_over_at,-0.018409731166047286,0.018409731166047286,0.014014556170596427
txds_over_emp,0.018407076751601664,0.018407076751601664,0.014028383613880835
txpd,-0.018407054987456515,0.018407054987456515,0.014028497037968771
txt_over_lct_d,0.018406490083865888,0.018406490083865888,0.014031441322548372
seq_over_cogs_pd,-0.01838678201562557,0.01838678201562557,0.014134502015624235
intan_d_over_lt,-0.018383984282417415,0.018383984282417415,0.014149186394966434
intc_over_emp,0.01838124077260643,0.01838124077260643,0.014163599243783895
ivncf_over_ceq,-0.01837121341481117,0.01837121341481117,0.014216387563346623
ibadj_d_over_ceq,0.018369464695548277,0.018369464695548277,0.014225611326135458
acox_over_seq,0.018368978421425788,0.018368978421425788,0.01422817715676164
pstkc_over_ceq_d,-0.01836799100052881,0.01836799100052881,0.014233388549981539
pstkn_d_over_cogs,-0.018366701048001435,0.018366701048001435,0.014240199176294597
ap_d_over_xsga,0.018364474532883743,0.018364474532883743,0.014251961382312602
lt_pd_minus_pd_lct,-0.018362414671570362,0.018362414671570362,0.014262850823114476
lct_pd_minus_pd_lt,0.018362414671570328,0.018362414671570328,0.014262850823114476
mrc1_over_at,-0.01836217742639149,0.01836217742639149,0.014264105489135629
mrc2_over_at,-0.018353212591184307,0.018353212591184307,0.014311587231951962
xacc_over_lt_d,0.018350393608904426,0.018350393608904426,0.014326546596241793
ivaco_over_xsga,0.018347998119466344,0.018347998119466344,0.01433926946813517
ibcom_d_over_ceq,0.018347217483842743,0.018347217483842743,0.014343417715596904
cstk_over_cogs_pd,-0.018342165069106877,0.018342165069106877,0.014370291525145613
ebitda_over_mktcap_d,0.01834163849891509,0.01834163849891509,0.014373094907231107
oibdp_over_mktcap_d,0.01834163849891509,0.01834163849891509,0.014373094907231107
ao_over_emp_pd,-0.018335316076506052,0.018335316076506052,0.0144067922332249
dvp_over_lct,-0.01833143481417605,0.01833143481417605,0.014427513129416807
ni_over_emp_pd,0.01832942321783747,0.01832942321783747,0.014438262776024767
mrc4_pd_minus_pd_dltt,0.01832866387069709,0.01832866387069709,0.014442322440639444
xacc_d_over_ceq,0.018320068694941197,0.018320068694941197,0.014488344681810088
txdfed_over_emp_d,0.01831920098976961,0.01831920098976961,0.014492997924132828
cstkcv_pd_minus_pd_seq,0.01831892250118538,0.01831892250118538,0.014494491654103738
tlcf_over_seq_pd,-0.01831767180487226,0.01831767180487226,0.014501201691137333
esubc_d_over_ppent,0.018314267843652605,0.018314267843652605,0.014519477955766
lct_over_lt_pd,0.018312886332828893,0.018312886332828893,0.014526901240259132
ibadj_pd_minus_pd_invt,0.01830962891721899,0.01830962891721899,0.014544417588526754
xrent_pd_minus_pd_mktcap,0.01830895356328752,0.01830895356328752,0.014548051550149906
ivaeq_over_lct,0.01830307043640637,0.01830307043640637,0.014579741502362562
ivaco_d_over_dltt,0.0182986169652053,0.0182986169652053,0.014603770948835295
chech_over_dltt,-0.01829561695553435,0.01829561695553435,0.014619977674918537
txndbr_d_over_dltt,0.01829481858736289,0.01829481858736289,0.014624293309213296
dd5_over_icapt,0.018294367690663157,0.018294367690663157,0.014626731158630476
capx_over_seq_pd,-0.018293942106447008,0.018293942106447008,0.014629032480431691
txdi_over_sale,0.01828790305828262,0.01828790305828262,0.014661722695468072
act_d_over_lct,-0.018284638876738996,0.018284638876738996,0.014679418961142226
dcvsr_over_emp_d,-0.01828341881210244,0.01828341881210244,0.014686038188396717
intan_over_dltt,-0.018279597906815076,0.018279597906815076,0.01470678480183202
capxv_over_seq_pd,-0.01826837430697609,0.01826837430697609,0.014767875749885051
reuna_over_cogs_d,0.018261960477741396,0.018261960477741396,0.014802887052387283
at_over_cogs,-0.018259054961106864,0.018259054961106864,0.014818771513364856
lse_over_cogs,-0.018259054961106864,0.018259054961106864,0.014818771513364856
dd2_over_sale,-0.018257248247978527,0.018257248247978527,0.01482865638657165
tlcf_over_xsga,-0.01825596721129199,0.01825596721129199,0.0148356687031149
dlto_over_cogs,0.018255180568248743,0.018255180568248743,0.014839976186896026
tlcf_over_act_d,-0.018254624797411422,0.018254624797411422,0.014843020129672025
dxd3_over_ppent,-0.018250759930405272,0.018250759930405272,0.014864203127095688
pstkl_over_icapt,-0.018247069578764784,0.018247069578764784,0.014884454475055892
ib_over_ceq_d,0.018245748265075266,0.018245748265075266,0.014891711286134307
dilavx_pd_minus_pd_cogs,0.01824558887167402,0.01824558887167402,0.014892586904203857
dv_over_dltt,-0.018241187658527436,0.018241187658527436,0.014916782628892051
ni_over_dltt_d,-0.018231884955287967,0.018231884955287967,0.014968038344344806
intc_over_cogs_d,0.018226845997058802,0.018226845997058802,0.014995866549145134
ibc_over_xsga_d,0.018226100952487674,0.018226100952487674,0.014999985005158345
dxd4_over_dltt,0.018217898704226843,0.018217898704226843,0.015045391279511615
pifo_over_at,0.01820641848474519,0.01820641848474519,0.015109147135571018
ni_pd_minus_pd_at,0.018200678586708385,0.018200678586708385,0.015141113012929324
loxdr_over_cogs,0.018200357528783326,0.018200357528783326,0.01514290276344726
xsga_pd_minus_pd_at,0.018175823835603875,0.018175823835603875,0.015280219052888193
at_pd_minus_pd_xsga,-0.018175823835603844,0.018175823835603844,0.015280219052888193
lse_pd_minus_pd_xsga,-0.018175823835603844,0.018175823835603844,0.015280219052888193
nopi_over_dltt,-0.01817127181292481,0.01817127181292481,0.01530581716475257
lct_over_seq,0.01817040759817782,0.01817040759817782,0.015310681302271544
invfg_over_at,0.018169714961662174,0.018169714961662174,0.015314580712895078
gp_pd_minus_pd_icapt,0.01816230670660566,0.01816230670660566,0.015356342478421308
ch_d_over_icapt,-0.018160890715483657,0.018160890715483657,0.015364336094945497
fatb_over_lct_d,-0.01815734331078437,0.01815734331078437,0.015384378146054579
aco_d_over_lct,-0.018154719162917967,0.018154719162917967,0.015399218803807194
fate_d_over_act,0.018146949547854504,0.018146949547854504,0.01544323314633808
chech_over_dltt_d,-0.018145356189126244,0.018145356189126244,0.015452273083682116
intc_over_dltt_d,0.018134338110552945,0.018134338110552945,0.015514911806770722
ceqt_over_dltt,-0.018128763640250234,0.018128763640250234,0.015546688184017296
ibcom_pd_minus_pd_cogs,0.018127162172935238,0.018127162172935238,0.015555827674896237
ni_pd_minus_pd_seq,0.018126527540867004,0.018126527540867004,0.015559450794862529
dxd5_over_emp,0.01812247320784435,0.01812247320784435,0.015582614544964799
rect_d_over_sale,-0.018118719007464347,0.018118719007464347,0.015604090586314089
txfed_over_icapt_d,0.01811362740805093,0.01811362740805093,0.01563325887339991
dvc_over_invt,-0.018109377164866984,0.018109377164866984,0.01565764399693904
mrc5_over_act,-0.018100849404240463,0.018100849404240463,0.015706671663956014
nopi_pd_minus_pd_dltt,0.01809908561376291,0.01809908561376291,0.015716828856695553
reajo_over_cogs,-0.01809796764681166,0.01809796764681166,0.015723269917474393
dn_d_over_cogs,-0.018097474131998453,0.018097474131998453,0.015726113994974495
ni_over_at_pd,0.018096777712618216,0.018096777712618216,0.01573012816140135
dpvieb_pd_minus_pd_mktcap,0.018091018143162316,0.018091018143162316,0.01576336092430093
wcap_over_ppent_pd,-0.01808214366632357,0.01808214366632357,0.015814687606667696
am_over_invt,-0.018077987118367514,0.018077987118367514,0.015838778036839227
intc_over_icapt_d,0.018075786512828616,0.018075786512828616,0.01585154531903476
ibadj_pd_minus_pd_lt,0.018072701088708162,0.018072701088708162,0.015869461304145197
intan_pd_minus_pd_sale,-0.01806757323729991,0.01806757323729991,0.015899276343255636
dltt_over_ceq,0.018062018355270326,0.018062018355270326,0.015931629847002835
lo_over_ceq,0.01805131342109798,0.01805131342109798,0.015994142285505292
xopr_over_icapt_d,0.018044322715787504,0.018044322715787504,0.01603508144107758
mrc2_d_over_dltt,-0.01804409193288243,0.01804409193288243,0.01603643452736316
txfo_over_at_d,0.01804362211001845,0.01804362211001845,0.0160391894214033
fate_over_at_pd,0.018042825507140724,0.018042825507140724,0.01604386140172779
txndbr_over_dltt_d,0.01803987914831319,0.01803987914831319,0.016061151839183593
ib_pd_minus_pd_invt,0.018039153866109367,0.018039153866109367,0.01606541060291691
cstk_d_over_mktcap,-0.01803795300225161,0.01803795300225161,0.016072464103239054
xacc_pd_minus_pd_at,0.01803692838657463,0.01803692838657463,0.016078484528612505
mrc3,-0.01803424788570682,0.01803424788570682,0.0160942439626366
itci_over_icapt,-0.018026278190081083,0.018026278190081083,0.016141180312258353
txdbca_d_over_act,-0.018017714605623687,0.018017714605623687,0.016191748325827798
intc_over_at_d,0.018013579571610556,0.018013579571610556,0.016216215528010804
fopo_d_over_xsga,-0.018012111271555803,0.018012111271555803,0.016224911345768027
dd4_over_lct,0.018005264085654466,0.018005264085654466,0.016265517052435154
ib_pd_minus_pd_lct,0.017995089590303336,0.017995089590303336,0.016326019543987363
txr_over_cogs,0.017994670749140518,0.017994670749140518,0.016328514408619783
dn_over_ceq_d,-0.01799229559197373,0.01799229559197373,0.016342668579874476
ibc_pd_minus_pd_invt,0.017987376651189064,0.017987376651189064,0.016372016092343098
mii_over_ppent,0.01798701722671348,0.01798701722671348,0.016374162313921886
dudd_over_lt_d,-0.017984309451240823,0.017984309451240823,0.016390339126279393
recch_over_seq_d,-0.0179774761134777,0.0179774761134777,0.01643122533871317
xi_d_over_act,0.017973925084935984,0.017973925084935984,0.016452507718588378
recch_d_over_at,-0.01797117486905548,0.01797117486905548,0.016469007221759827
fato_d_over_dltt,-0.01796875866609446,0.01796875866609446,0.01648351485615466
rdip_d_over_ppent,-0.01796617280085056,0.01796617280085056,0.016499053629025227
dcom_over_invt,-0.01796168853052975,0.01796168853052975,0.01652603064563217
icapt_pd_minus_pd_invt,-0.01796166065346796,0.01796166065346796,0.016526198472924653
invt_pd_minus_pd_icapt,0.0179616606534679,0.0179616606534679,0.016526198472926412
gp_over_icapt_pd,0.017953605589708353,0.017953605589708353,0.016574754835244367
txndba_over_ceq_d,-0.0179450692840806,0.0179450692840806,0.01662634883923705
dd2_over_lct_d,-0.01793968945737665,0.01793968945737665,0.016658937267963192
dcpstk_over_cogs_d,-0.017935110206489455,0.017935110206489455,0.016686720361100332
dilavx_pd_minus_pd_ceq,0.017928103801173705,0.017928103801173705,0.016729308152004886
icapt_over_seq,0.01792209610487284,0.01792209610487284,0.016765901339340177
mrc5,-0.01792152982866487,0.01792152982866487,0.016769354177811557
txdc_over_act,0.01792005765941962,0.01792005765941962,0.01677833357093998
dltp_d_over_cogs,0.017915578668289255,0.017915578668289255,0.016805678823315
nopi_pd_minus_pd_lt,0.01790607048569684,0.01790607048569684,0.016863858124735107
intc_over_invt_d,0.017901672320759957,0.017901672320759957,0.01689082965367306
dilavx_over_ppent_pd,0.01789875574454566,0.01789875574454566,0.01690873628310718
prstkc_over_lt,-0.01789798793462749,0.01789798793462749,0.01691345310299757
txfed_over_lct_d,0.01789598285501895,0.01789598285501895,0.016925776179692917
txs_d_over_act,0.017895659339210866,0.017895659339210866,0.016927765222890596
dvpa_over_icapt_d,-0.017889859633464334,0.017889859633464334,0.01696345784979788
dxd2_over_seq,0.0178887208862259,0.0178887208862259,0.016970473694528084
gp_pd_minus_pd_lt,0.01788798269272817,0.01788798269272817,0.01697502307973914
ibc_pd_minus_pd_lct,0.017886246362611487,0.017886246362611487,0.01698572806315923
dvpa_over_at_d,-0.01788052732227619,0.01788052732227619,0.017021029520702054
ibc_over_ceq_d,0.01787354878788282,0.01787354878788282,0.017064192542660256
xopr_pd_minus_pd_seq,0.01787050426511692,0.01787050426511692,0.017083053325912
aox_over_lt,-0.017866553452786482,0.017866553452786482,0.017107555826677105
mrc4,-0.017866261363157502,0.017866261363157502,0.017109368557581144
recd_over_at_d,0.017862880533174065,0.017862880533174065,0.017130362516686645
lt_d_over_at,-0.017862028998275693,0.017862028998275693,0.017135653859169663
che_pd_minus_pd_dltt,0.0178588802510671,0.0178588802510671,0.01715523227664369
pstkc_over_ppent,-0.017857567371350174,0.017857567371350174,0.01716340135205733
esubc_over_cogs,-0.017852644337310222,0.017852644337310222,0.01719406413184304
dltt_over_ceq_d,-0.017851564223367748,0.017851564223367748,0.017200797971338097
txdb_over_sale,0.017851245254475682,0.017851245254475682,0.017202786986610524
wcap_over_ppent_d,-0.017850749000214394,0.017850749000214394,0.017205881912996664
dd5_over_at,0.017845487865223053,0.017845487865223053,0.017238723417037614
dilavx_over_lct_pd,0.01783954467554029,0.01783954467554029,0.01727588862209273
xopr_over_act_d,0.017838822426864912,0.017838822426864912,0.017280409924812484
ni_over_mktcap_pd,0.017835278325875687,0.017835278325875687,0.01730261116772233
dd2_over_act_pd,-0.01783119894047899,0.01783119894047899,0.01732819654503401
sppiv_over_xsga,-0.017831008410669393,0.017831008410669393,0.017329392333871967
lt_over_at_pd,-0.01782969541369999,0.01782969541369999,0.017337634834309043
icapt_over_ceq,0.017828862963682038,0.017828862963682038,0.017342862422563075
mib_d_over_emp,0.017827547591895986,0.017827547591895986,0.017351125462236446
reuna_over_ceq_pd,0.017821702908823255,0.017821702908823255,0.017387882965432335
xsga_d_over_icapt,-0.017819896122559648,0.017819896122559648,0.017399259741661163
lcox_over_cogs,-0.01780583235766168,0.01780583235766168,0.01748803827826819
acchg_over_lt_d,0.017804946795431088,0.017804946795431088,0.017493641720551456
dxd2_d_over_dltt,-0.01780161622031399,0.01780161622031399,0.0175147302065002
xint_over_emp_pd,-0.017800230939126974,0.017800230939126974,0.017523508069452107
fate_pd_minus_pd_ppent,0.017798536831582574,0.017798536831582574,0.017534248058607965
invo_over_dltt_d,-0.01779410984443209,0.01779410984443209,0.017562340696057912
ivao_over_lt,-0.017793632009126474,0.017793632009126474,0.017565375286203024
sale_over_ceq_d,0.017788530324337408,0.017788530324337408,0.017597803231621845
revt_over_ceq_d,0.017788530324337408,0.017788530324337408,0.017597803231621845
txc_over_ppent,-0.017784384513482375,0.017784384513482375,0.01762419396949731
ibadj_pd_minus_pd_cogs,0.017778725904219993,0.017778725904219993,0.017660270616300676
ivaco_over_lt,0.017775893844141404,0.017775893844141404,0.017678350796597825
dltt_over_lct,0.0177721975764907,0.0177721975764907,0.01770197257271518
capxv_d_over_ceq,0.017770266700992618,0.017770266700992618,0.01771432323380097
txs_over_act_d,0.017764561219491333,0.017764561219491333,0.017750861934747453
reuna_over_mktcap_pd,0.017763499450565465,0.017763499450565465,0.017757668934978845
txndba_d_over_cogs,0.017761235297233634,0.017761235297233634,0.01777219206072028
rect_d_over_xsga,0.01776121363808244,0.01776121363808244,0.017772331040850842
mrct_over_lt_d,0.017760289848055423,0.017760289848055423,0.017778259604742743
oiadp_over_xsga_d,0.017758540095226642,0.017758540095226642,0.017789493660941194
ebit_over_xsga_d,0.017758540095226642,0.017758540095226642,0.017789493660941194
intpn_over_sale_pd,-0.01775708804244122,0.01775708804244122,0.01779882109546815
oibdp_over_ppent_pd,0.017750240950795592,0.017750240950795592,0.017842861971899625
ebitda_over_ppent_pd,0.017750240950795592,0.017750240950795592,0.017842861971899625
txt_over_sale_d,0.01774952420791877,0.01774952420791877,0.01784747761750958
fatb_over_lt,0.01774801709706597,0.01774801709706597,0.01785718644842784
ivncf_over_seq,-0.0177472835544343,0.0177472835544343,0.017861913615022443
dc_d_over_ceq,-0.017740260853075583,0.017740260853075583,0.017907225505071213
recch_d_over_seq,-0.017737445048198245,0.017737445048198245,0.017925421909442078
invwip_d_over_mktcap,0.01773594241904314,0.01773594241904314,0.01793513888458694
re_over_lt_pd,0.017731697459877474,0.017731697459877474,0.017962614477867872
dm_d_over_lt,-0.017725859193126144,0.017725859193126144,0.018000463008871655
nopi_pd_minus_pd_mktcap,0.017721884476935002,0.017721884476935002,0.018026270392447585
oibdp_pd,0.017714855894744908,0.017714855894744908,0.018071985506076225
ebitda_pd,0.017714855894744908,0.017714855894744908,0.018071985506076225
invo_over_sale,-0.01770746302933372,0.01770746302933372,0.018120179507283493
aoloch_over_mktcap,0.01770535050421108,0.01770535050421108,0.018133971691347204
capx_d_over_ceq,0.017704538696893427,0.017704538696893427,0.01813927423654484
dpact_pd_minus_pd_mktcap,0.017696580935692544,0.017696580935692544,0.018191324491471532
xi_over_invt,0.01769292338265934,0.01769292338265934,0.018215291707096203
ceq_over_act,0.017692006276292676,0.017692006276292676,0.018221305655586332
ebitda_over_xsga_pd,0.017690781464638365,0.017690781464638365,0.018229340100422098
oibdp_over_xsga_pd,0.017690781464638365,0.017690781464638365,0.018229340100422098
dp_pd_minus_pd_mktcap,0.01769040163024328,0.01769040163024328,0.01823183234492147
fatl_over_sale_d,-0.01768365173842377,0.01768365173842377,0.018276170847461765
ibcom_over_lt_pd,0.017681634475717408,0.017681634475717408,0.018289440094601823
ppent_over_act_d,0.0176800707329118,0.0176800707329118,0.01829973195873343
tstk_over_invt,-0.017678118861111567,0.017678118861111567,0.018312585429495612
reuna_over_lct_d,0.017672782671979068,0.017672782671979068,0.01834776565884106
dd_over_emp,0.017671443196868548,0.017671443196868548,0.01835660578357066
intc_over_lct_d,0.01767128196139785,0.01767128196139785,0.01835767013955096
icapt_d_over_sale,0.017666072207127983,0.017666072207127983,0.018392090123448657
ib_over_xsga_pd,0.01766361806195335,0.01766361806195335,0.018408323816078074
invfg_over_lct,0.017662670205761472,0.017662670205761472,0.01841459705655598
lo_over_seq,0.01765960852394325,0.01765960852394325,0.018434873111220103
txdc_over_lct,0.017659597773870318,0.017659597773870318,0.01843494433822111
txr_over_emp,0.017657188928003005,0.017657188928003005,0.018450910757446256
xacc_over_cogs,-0.017652002579454117,0.017652002579454117,0.018485328226236247
aox_over_sale_pd,-0.017646557140793315,0.017646557140793315,0.018521525508506918
dcom_over_act,-0.01764612210856,0.01764612210856,0.01852441995730113
dcvt_d_over_icapt,-0.01763912064140585,0.01763912064140585,0.018571058079706753
intan_over_emp_pd,-0.01763302534963483,0.01763302534963483,0.0186117436117677
dd5_over_lct,0.017631197718174327,0.017631197718174327,0.01862395807678777
mib_d_over_sale,0.017630620700754066,0.017630620700754066,0.01862781586807022
dd2_over_icapt,0.0176284350148617,0.0176284350148617,0.018642435146714247
ceqt_d_over_icapt,-0.017620182608155843,0.017620182608155843,0.01869772310328057
dn_over_seq_d,-0.017618032477164425,0.017618032477164425,0.018712151688083437
txt_d_over_cogs,0.017614782572191727,0.017614782572191727,0.0187339788590482
dcvsub_over_xsga,-0.01761283723420003,0.01761283723420003,0.018747054885794374
txditc_d_over_cogs,0.017609386114245278,0.017609386114245278,0.018770272008989
ibc_over_xsga_pd,0.017609323599502128,0.017609323599502128,0.018770692803536156
fatl_over_ppent_pd,-0.017608170475323245,0.017608170475323245,0.018778456106351215
pstkl_d_over_invt,-0.01760773935591166,0.01760773935591166,0.018781359299416284
ceq_over_cogs_pd,-0.017607205311631336,0.017607205311631336,0.018784956141222994
esubc_over_invt,-0.017605218164592634,0.017605218164592634,0.018798345068039693
dcvsub_over_sale_d,-0.017604705344427665,0.017604705344427665,0.018801801683627783
xint_over_lct_pd,-0.017600334054416952,0.017600334054416952,0.018831288519970096
ppent_pd_minus_pd_at,0.017597908038708122,0.017597908038708122,0.01884767081999798
at_pd_minus_pd_ppent,-0.017597908038708112,0.017597908038708112,0.01884767081999798
lse_pd_minus_pd_ppent,-0.017597908038708112,0.017597908038708112,0.01884767081999798
ppegt_over_sale_pd,-0.01759422923721575,0.01759422923721575,0.018872536660384645
dltt_over_seq,0.017594208601097484,0.017594208601097484,0.01887267622538942
ibcom_over_ppent_pd,0.017590676515647795,0.017590676515647795,0.01889657752383565
ni_over_icapt_pd,0.01759051502263726,0.01759051502263726,0.018897670964732615
ni_pd_minus_pd_act,0.01758555258537885,0.01758555258537885,0.01893129774074999
dclo_over_dltt,-0.01758330543232529,0.01758330543232529,0.018946542241759616
intan_pd_minus_pd_cogs,-0.01757643886530073,0.01757643886530073,0.01899319099526665
nopio_over_sale,-0.017575894712866004,0.017575894712866004,0.01899689204328951
dcvsr_d_over_ppent,-0.017574708344602966,0.017574708344602966,0.019004963302638143
seq_over_ppent_d,-0.01756960042411235,0.01756960042411235,0.019039748443852877
ibcom_over_lct_pd,0.01756918641309612,0.01756918641309612,0.01904257031231687
txdbca_over_at,0.01756387289049099,0.01756387289049099,0.019078819361184707
intan_over_act_pd,-0.017556910560393206,0.017556910560393206,0.019126407928178293
txdb_d_over_cogs,0.01755640395921881,0.01755640395921881,0.01912987466892602
tlcf_over_ceq_pd,-0.01754865502282171,0.01754865502282171,0.019182970188497378
txditc_over_sale,0.01754073954730979,0.01754073954730979,0.019237339769135907
txdbcl_over_lct_d,0.017539944110969045,0.017539944110969045,0.01924281087782942
ibcom_pd_minus_pd_ceq,0.01753544934059769,0.01753544934059769,0.019273752018347124
ibadj_pd_minus_pd_ceq,0.017527558413565927,0.017527558413565927,0.019328176823129758
oibdp_d_over_lt,0.017519871227209424,0.017519871227209424,0.01938132548379832
ebitda_d_over_lt,0.017519871227209424,0.017519871227209424,0.01938132548379832
lt_over_ceq_d,-0.017519803221318717,0.017519803221318717,0.01938179624094921
dc_over_ppent,-0.017513935780520587,0.017513935780520587,0.01942245005727164
chech_d_over_lt,-0.01750733135991795,0.01750733135991795,0.019468299299409214
rdip_d_over_sale,-0.017506785009278946,0.017506785009278946,0.0194720964085025
ibadj_over_ppent_pd,0.01750457340060903,0.01750457340060903,0.019487473586805103
dm,0.017504403578327242,0.017504403578327242,0.019488654789053827
txpd_d_over_invt,0.017503695495474585,0.017503695495474585,0.0194935805474539
dcvt_d_over_at,-0.017500215688438764,0.017500215688438764,0.01951780353541532
xint_pd,-0.017497375651723393,0.017497375651723393,0.01953759255449875
dpact_over_dltt_d,0.01749715518027815,0.01749715518027815,0.019539129504633455
invo_over_cogs,-0.0174956790956227,0.0174956790956227,0.019549422303997803
nopi_over_cogs_d,0.017484511890232503,0.017484511890232503,0.019627445251173953
xacc_over_ceq,0.01748191559516949,0.01748191559516949,0.01964562394167423
intan_over_ppent_d,-0.017473356897503792,0.017473356897503792,0.01970565424089583
ivncf_over_dltt,0.01747300609953647,0.01747300609953647,0.01970811813465033
fiao_over_xsga,-0.017467781689142592,0.017467781689142592,0.019744844587155246
xint_over_emp,0.017467291399002587,0.017467291399002587,0.01974829428398392
dltt_d_over_lt,-0.017464671170348493,0.017464671170348493,0.019766739218000928
recch_d_over_icapt,-0.017459559379729987,0.017459559379729987,0.01980276664638415
txndb_over_cogs,-0.017458293579705856,0.017458293579705856,0.019811696739012424
dd2_over_ceq,0.017454222501892512,0.017454222501892512,0.019840441628214283
nopi_d_over_emp,0.017449904988750372,0.017449904988750372,0.019870966313810697
dd4_over_act,0.017446652821569136,0.017446652821569136,0.019893986099488167
dltis_over_lct,0.01742819849306944,0.01742819849306944,0.020025052547760113
ao_pd_minus_pd_xsga,-0.017424553596059284,0.017424553596059284,0.020051028294356472
oibdp_d_over_icapt,0.017420386873403165,0.017420386873403165,0.020080758904440724
ebitda_d_over_icapt,0.017420386873403165,0.017420386873403165,0.020080758904440724
dd2_over_xsga_d,-0.01741625729033447,0.01741625729033447,0.020110262463718564
tstkc_over_invt,-0.0174138657963522,0.0174138657963522,0.020127365639434087
dilavx_pd_minus_pd_ppent,0.01740986509784159,0.01740986509784159,0.020156005692511737
txc_over_act_d,0.017409645148971854,0.017409645148971854,0.020157581285078403
pstkc_over_mktcap_d,-0.017408877041061515,0.017408877041061515,0.020163084430099544
ni_d_over_seq,0.01740740468501959,0.01740740468501959,0.020173636858613325
mrct,-0.01740729147400223,0.01740729147400223,0.020174448445495336
intc_over_act,0.01740521084409726,0.01740521084409726,0.020189369134104396
ds_over_emp,0.01740350969591877,0.01740350969591877,0.020201575622883133
invrm_d_over_ceq,0.017401162848667873,0.017401162848667873,0.02021842585598315
dxd2_over_lt,0.017394350788139838,0.017394350788139838,0.020267405544887884
fatl_over_sale_pd,-0.017384262822920517,0.017384262822920517,0.02034012960072103
dm_d_over_mktcap,-0.017382564342542147,0.017382564342542147,0.020352396293556757
invt_over_at_d,0.01737903324518246,0.01737903324518246,0.020377919088975377
aox_pd_minus_pd_ppent,-0.017377397300430864,0.017377397300430864,0.020389753168608825
txdbcl_over_ppent,0.01737597936689481,0.01737597936689481,0.02040001504977315
rea_over_seq_d,0.017373984382041956,0.017373984382041956,0.020414460799127593
ppegt_pd_minus_pd_act,0.017370776121968,0.017370776121968,0.020437710623978627
tlcf_over_icapt_d,-0.01736480732983941,0.01736480732983941,0.020481027102490803
ppeveb_pd_minus_pd_act,0.017359214754823327,0.017359214754823327,0.02052168594264437
xint_over_invt_pd,-0.017356427098371756,0.017356427098371756,0.0205419788866439
aco_over_invt,-0.017344174982698995,0.017344174982698995,0.020631376631969
xrent_d_over_ppent,-0.01734256548121932,0.01734256548121932,0.020643145553192008
mrc1_d_over_dltt,-0.017339186098860766,0.017339186098860766,0.020667875161889653
dcvsub_over_lct,-0.017335959156075775,0.017335959156075775,0.020691513351591383
dpc_over_sale_d,0.017328958140957907,0.017328958140957907,0.020742878644105938
ppeveb_over_sale_pd,-0.01732754285525197,0.01732754285525197,0.020753275856971405
xrent_over_mktcap_d,0.01732744434890751,0.01732744434890751,0.020753999690119495
xrd_d_over_at,-0.0173257144583043,0.0173257144583043,0.02076671466303825
txc_over_sale_d,0.01732364362712467,0.01732364362712467,0.02078194453259834
xrent_pd_minus_pd_act,0.017321897256228354,0.017321897256228354,0.02079479573414264
intpn_over_ppent_pd,-0.01731823387824553,0.01731823387824553,0.020821776322407257
xrd_d_over_lct,-0.01731391732424456,0.01731391732424456,0.020853606669293912
tlcf_over_act_pd,-0.017308230603242887,0.017308230603242887,0.02089560538281381
intan_pd_minus_pd_xsga,-0.01730649618700486,0.01730649618700486,0.020908429402478754
xrent_over_act_d,0.0173048157495668,0.0173048157495668,0.02092086085196712
mrc1_d_over_lct,-0.017301667007198374,0.017301667007198374,0.02094417179090682
ibadj_d_over_lct,0.017300745308492484,0.017300745308492484,0.02095099964128626
cstk_over_dltt,-0.017298840689820898,0.017298840689820898,0.02096511500835466
drc_over_xsga,-0.017295628767636198,0.017295628767636198,0.020988937736022072
ibadj_over_lct_pd,0.017294813786522333,0.017294813786522333,0.020994986176164878
xacc_over_ppent_d,-0.017293303267405857,0.017293303267405857,0.02100620061698982
mrc1_d_over_sale,-0.017286035727209964,0.017286035727209964,0.021060229499120023
itci_over_cogs,-0.017284943900063424,0.017284943900063424,0.021068356892606017
dilavx_d_over_lct,0.0172841959391135,0.0172841959391135,0.02107392617599742
invch_d_over_xsga,-0.01728148456462746,0.01728148456462746,0.0210941257009702
dc_over_sale_d,-0.017278567142123787,0.017278567142123787,0.021115879103934122
dc_over_icapt_d,-0.017277232151394834,0.017277232151394834,0.021125839814096197
intan_pd,-0.017275032059530696,0.017275032059530696,0.02114226419823176
prstkc_over_act,-0.017272151804481647,0.017272151804481647,0.021163783028819747
xint_pd_minus_pd_invt,-0.017266992005445573,0.017266992005445573,0.02120238039012509
xopr_d_over_act,0.0172563487188214,0.0172563487188214,0.021282190149666327
lse_over_ceq_d,-0.017252152491049114,0.017252152491049114,0.02131372782486686
at_over_ceq_d,-0.017252152491049114,0.017252152491049114,0.02131372782486686
txdbca_over_lct_d,-0.0172488786675338,0.0172488786675338,0.021338361223101454
mrc1_over_act_d,0.017247943308685832,0.017247943308685832,0.02134540374370261
ibcom_pd_minus_pd_ppent,0.017247903346520214,0.017247903346520214,0.021345704672635017
dd5_over_lt,0.017244554961131166,0.017244554961131166,0.021370932299982107
ao_over_invt_pd,-0.01724055751926384,0.01724055751926384,0.021401084087732468
emp_over_sale_pd,-0.01723568630811471,0.01723568630811471,0.021437876582610326
ebitda_over_at_d,0.017233343064697332,0.017233343064697332,0.021455594823873287
oibdp_over_at_d,0.017233343064697332,0.017233343064697332,0.021455594823873287
re_pd_minus_pd_mktcap,0.017229993716413164,0.017229993716413164,0.02148094277995161
dxd4_d_over_invt,0.017228627797410245,0.017228627797410245,0.021491287572931735
xopr_pd_minus_pd_emp,0.01722797592818909,0.01722797592818909,0.021496226035733083
oiadp_over_mktcap_pd,0.01722747394759129,0.01722747394759129,0.02150002963824881
nopio_pd_minus_pd_mktcap,0.017222008381047697,0.017222008381047697,0.021541481210879974
cstk_over_xsga_d,-0.017217195425936534,0.017217195425936534,0.021578040881698953
re_over_lct_d,0.01721475806163512,0.01721475806163512,0.021596575929328597
dcvsr_over_at_d,-0.017206446154813974,0.017206446154813974,0.02165988845656324
tstk_over_ppent,-0.017206281056974294,0.017206281056974294,0.021661147655884765
am_over_ppent,-0.0172050266412867,0.0172050266412867,0.02167071715118071
ceql_over_act,0.01720377201398791,0.01720377201398791,0.021680291941005552
recch,-0.017203358672875858,0.017203358672875858,0.0216834471933916
oibdp_over_sale_pd,0.017203042494482273,0.017203042494482273,0.021685861020881575
ebitda_over_sale_pd,0.017203042494482273,0.017203042494482273,0.021685861020881575
dilavx_over_lt_pd,0.01720081873701626,0.01720081873701626,0.021702844648450716
cld2_over_dltt,-0.017200641623423527,0.017200641623423527,0.0217041978255886
intan_over_seq_d,-0.01719755872185572,0.01719755872185572,0.021727763468842372
gp_d_over_seq,0.01719739621330405,0.01719739621330405,0.021729006298827954
xacc_over_seq,0.017179103621190475,0.017179103621190475,0.02186930007619002
acox_over_ceq,0.017174169268982194,0.017174169268982194,0.02190727845709915
txpd_d_over_seq,0.01717204588076344,0.01717204588076344,0.021923639255700213
txfed_d_over_lt,0.017169539687240498,0.017169539687240498,0.02194296326225007
txs_d_over_lct,0.017167783462763823,0.017167783462763823,0.02195651346043671
fatl_over_cogs,-0.017167312552468117,0.017167312552468117,0.021960148019128677
cogs_over_seq_d,0.017164985273880256,0.017164985273880256,0.02197811800223511
ni_over_cogs_pd,0.017164758664700512,0.017164758664700512,0.021979868438652097
fate_pd_minus_pd_ceq,0.017161489186324142,0.017161489186324142,0.022005136935721707
niadj_over_dltt_d,-0.017156214332654397,0.017156214332654397,0.022045957452091463
icapt_over_cogs,-0.017150529556628335,0.017150529556628335,0.022090023962283985
loxdr_over_ppent,-0.01714950342083265,0.01714950342083265,0.022097986385845148
txdbcl_d_over_ceq,0.01714152195298779,0.01714152195298779,0.022160004805037024
xi_over_sale,0.01714107452671639,0.01714107452671639,0.022163485918626748
ppent_over_sale_pd,-0.017140657606942177,0.017140657606942177,0.02216673011033854
dvt_over_sale,-0.01713975565903416,0.01713975565903416,0.022173749880704505
xido_over_xsga,0.017134579839476503,0.017134579839476503,0.022214070155876824
mii_d_over_emp,0.01713200110040571,0.01713200110040571,0.022234182637144207
rect_pd_minus_pd_invt,-0.017131387890534158,0.017131387890534158,0.022238967603496192
txw_over_seq,0.017125679400084044,0.017125679400084044,0.02228355477346271
caps_over_ceq_pd,-0.017105133304582663,0.017105133304582663,0.022444677606576893
ao_pd_minus_pd_lt,-0.017104691243701665,0.017104691243701665,0.022448155355424552
xint_over_mktcap_d,-0.017098589398535535,0.017098589398535535,0.02249620721956954
aqc_over_cogs,-0.017096699633577635,0.017096699633577635,0.022511107187456466
ap_pd_minus_pd_cogs,-0.017094675435847,0.017094675435847,0.022527076612567584
ebit_over_mktcap_pd,0.017092721405182153,0.017092721405182153,0.022542501810619127
xi_d_over_ppent,0.01709045120034762,0.01709045120034762,0.022560434427806385
dcvsr_over_icapt_d,-0.01708575291021892,0.01708575291021892,0.022597586161825164
emp_over_lt_d,0.017079839439045612,0.017079839439045612,0.02264442250612438
dd2_pd_minus_pd_mktcap,-0.017071395070324392,0.017071395070324392,0.022711450492221164
aox_pd_minus_pd_lct,-0.01706863059389834,0.01706863059389834,0.02273343121284121
ds_over_sale_d,-0.01706740473749968,0.01706740473749968,0.02274318407430482
txndba_over_xsga_d,-0.01705992213814933,0.01705992213814933,0.022802794170318105
txdbcl_over_at_d,0.017057095890444646,0.017057095890444646,0.02282534475102606
lt_pd_minus_pd_xsga,-0.017049846277629142,0.017049846277629142,0.022883277888618467
xsga_pd_minus_pd_lt,0.01704984627762913,0.01704984627762913,0.022883277888618467
pi_over_seq_d,0.017049000573740876,0.017049000573740876,0.022890044393089625
tstkc_over_ppent,-0.017045219042552462,0.017045219042552462,0.022920321812383855
ni_pd_minus_pd_mktcap,0.017042893578483546,0.017042893578483546,0.022938958271535737
caps_over_ceq_d,-0.017038058279559953,0.017038058279559953,0.022977750891423333
spi_over_icapt,0.017036656714480538,0.017036656714480538,0.022989006008970934
ivao_d_over_emp,0.01703414872160622,0.01703414872160622,0.02300915812590112
xpr_d_over_emp,0.017029878243658897,0.017029878243658897,0.023043507390521977
txfed_d_over_invt,0.017028029943817746,0.017028029943817746,0.023058387851914604
reajo_over_invt_d,0.017020633730748937,0.017020633730748937,0.02311801749814062
ib_over_invt_pd,0.017020467272163782,0.017020467272163782,0.0231193610574628
invch_over_xsga_d,-0.01701919555139773,0.01701919555139773,0.023129627904346313
dp_over_sale_pd,-0.01701548021807354,0.01701548021807354,0.023159645187249032
ceql_over_sale_pd,-0.01701345440554313,0.01701345440554313,0.023176026574180632
txndbl_d_over_seq,0.01700937287047567,0.01700937287047567,0.023209061765619442
dvc_over_ppent,-0.01700361028684837,0.01700361028684837,0.02325577265643592
ibc_over_invt_pd,0.016998401776886798,0.016998401776886798,0.023298062483309605
lct_d_over_mktcap,0.016988623510196515,0.016988623510196515,0.023377636191631135
txdfed_over_xsga,0.016983123604349525,0.016983123604349525,0.02342249697120144
dd1_over_icapt,0.0169802014544272,0.0169802014544272,0.023446362290358066
xrent_d_over_lt,-0.01697314825612132,0.01697314825612132,0.02350405301263325
txdbcl_d_over_mktcap,0.016973147820644244,0.016973147820644244,0.023504056578359883
intan_pd_minus_pd_ppent,-0.01697242524858106,0.01697242524858106,0.02350997371414569
dd2_over_sale_pd,-0.016970318856935455,0.016970318856935455,0.02352723031271066
dxd4_over_invt_d,0.01697009525610381,0.01697009525610381,0.02352906280609105
sppiv_d_over_seq,-0.01696131089354685,0.01696131089354685,0.023601152056658106
txr_over_sale,0.016958683968438977,0.016958683968438977,0.02362274722068657
nopio_d_over_sale,0.016957660367119896,0.016957660367119896,0.023631166580856112
txpd_over_act_d,0.016956967933381983,0.016956967933381983,0.02363686348640967
lifr_over_lt_d,0.016954104342140324,0.016954104342140324,0.023660435953807592
oiadp_over_ceq_d,0.016953390241844116,0.016953390241844116,0.023666317450081714
intan_over_lct_pd,-0.01695335544213327,0.01695335544213327,0.023666604101011277
at_over_dltt,-0.016949158757746448,0.016949158757746448,0.023701194971331777
lse_over_dltt,-0.016949158757746448,0.016949158757746448,0.023701194971331777
ao_over_cogs_pd,-0.016946042975598055,0.016946042975598055,0.023726904944131117
dilavx_pd_minus_pd_lct,0.016943898531948116,0.016943898531948116,0.02374461393973824
ibadj_over_lt_pd,0.01694178128673179,0.01694178128673179,0.02376210957564589
txdfed_over_sale_d,0.016934369375463987,0.016934369375463987,0.023823445257231783
intc_d_over_dltt,0.016924599916784796,0.016924599916784796,0.023904500070300247
txpd_over_icapt_d,0.016912963299744458,0.016912963299744458,0.02400135824166467
ppeveb_pd_minus_pd_mktcap,0.01689283346404246,0.01689283346404246,0.02416971392798316
ivaco_over_sale_d,-0.016887965363719983,0.016887965363719983,0.0242105816273659
reuna_over_seq_pd,0.016885243712251145,0.016885243712251145,0.024233455985104645
lct_over_emp,0.01688512273177235,0.01688512273177235,0.024234473210834665
pstkn_over_cogs_d,-0.016882147354301782,0.016882147354301782,0.024259502373426892
txs_d_over_invt,0.01688128084665488,0.01688128084665488,0.024266795730852046
dd2_over_cogs_pd,-0.01688091504797389,0.01688091504797389,0.024269875212999604
do_over_seq_d,-0.016878166073292702,0.016878166073292702,0.024293028340248286
dc_over_invt_d,-0.016876443233646173,0.016876443233646173,0.024307548643531213
dd2_over_at_pd,-0.016874672421268756,0.016874672421268756,0.024322481105454007
mrc4_d_over_ppent,-0.016870937090709748,0.016870937090709748,0.02435400553739554
xacc_over_at_d,0.016870836784015106,0.016870836784015106,0.02435485256666959
cstkcv_over_ceq_pd,-0.01686759888569835,0.01686759888569835,0.02438220837351992
ebit_over_ceq_d,0.016867230417441606,0.016867230417441606,0.024385323112579623
dd2_d_over_at,-0.01686379783230521,0.01686379783230521,0.02441435604324895
aox_pd_minus_pd_xsga,-0.016863328467358194,0.016863328467358194,0.024418328276150997
mrc5_over_icapt,-0.016861700366595896,0.016861700366595896,0.024432111224575264
cstk_d_over_xsga,-0.016859289171130786,0.016859289171130786,0.024452535971877846
xrd_d_over_act,-0.016850947442490743,0.016850947442490743,0.024523311236542913
dd2_over_at,0.016849815984329646,0.016849815984329646,0.024532924731814742
dpvieb_over_lt_pd,0.016844679635533856,0.016844679635533856,0.02457660706217757
ibadj_pd_minus_pd_ppent,0.016842071146892915,0.016842071146892915,0.02459881687004684
dd2_over_seq,0.0168304931218982,0.0168304931218982,0.02469760720754838
intan_d_over_invt,-0.01682860189078685,0.01682860189078685,0.024713776883360457
mrc2,-0.016824189479461037,0.016824189479461037,0.0247515378399887
tlcf_over_icapt_pd,-0.0168226998722807,0.0168226998722807,0.024764297020753286
ivch_d_over_sale,0.016820706670681588,0.016820706670681588,0.02478137863325032
ppegt_pd_minus_pd_mktcap,0.016820423300028392,0.016820423300028392,0.024783807930247412
dudd_d_over_ppent,-0.016815395162219936,0.016815395162219936,0.024826947763555308
txdfed_d_over_mktcap,0.016810849466248973,0.016810849466248973,0.024866004352748473
apalch_over_xsga,0.01680746215610724,0.01680746215610724,0.024895142683932118
pstkl_d_over_mktcap,-0.01680611365171857,0.01680611365171857,0.024906751018709684
mrc4_d_over_lct,-0.016800440263884716,0.016800440263884716,0.024955640616403565
dxd2_d_over_lt,-0.016797882203858076,0.016797882203858076,0.02497771149253157
xint_pd_minus_pd_emp,-0.01679490969048884,0.01679490969048884,0.025003379488847996
invfg_over_icapt,0.016793997530973746,0.016793997530973746,0.025011260669375913
nopio_pd_minus_pd_lt,0.016792018975074534,0.016792018975074534,0.02502836305002176
ds_over_invt,0.01678938034132309,0.01678938034132309,0.025051186811580074
txndbl_over_dltt,0.01678631703812881,0.01678631703812881,0.025077706495719745
ceqt_pd_minus_pd_lt,0.016786096339854506,0.016786096339854506,0.02507961806703456
ppeveb_over_lt_pd,0.01678594413738243,0.01678594413738243,0.025080936437556257
rect_over_lt,0.01678153825604355,0.01678153825604355,0.0251191259837403
txs_over_lct_d,0.01677937924222028,0.01677937924222028,0.025137858374580983
apalch,0.01677861157368686,0.01677861157368686,0.025144521860067503
dvt_over_at,-0.016771847601445882,0.016771847601445882,0.025203300333148628
txr,0.016770168990391035,0.016770168990391035,0.02521790575795852
acchg_over_act_d,0.01677010810235066,0.01677010810235066,0.025218435676280956
txc_over_invt_d,0.016767934830087636,0.016767934830087636,0.025237356323370704
ni_over_xsga_pd,0.01676550760983834,0.01676550760983834,0.02525850237973367
oancf_over_invt,0.016763397868760733,0.016763397868760733,0.02527689499748
dpvieb_pd_minus_pd_seq,0.016762564211309887,0.016762564211309887,0.025284165975873962
txr_over_dltt_d,0.016762378755186144,0.016762378755186144,0.025285783729816574
nopi_over_act,0.016761492219856036,0.016761492219856036,0.025293518311557264
ibcom_pd_minus_pd_lct,0.01675993913303984,0.01675993913303984,0.025307073160208454
ch_pd_minus_pd_dltt,0.01675957110159751,0.01675957110159751,0.025310286142938194
dn_d_over_dltt,-0.016755178266762566,0.016755178266762566,0.025348663666348022
fatl_d_over_ceq,-0.016754499803987313,0.016754499803987313,0.025354595469382665
dd_over_lt,0.016752514726241893,0.016752514726241893,0.025371957911699425
xi_over_lt,0.01674980304579932,0.01674980304579932,0.025395692194817174
lcox_over_invt,-0.016747847434020066,0.016747847434020066,0.02541282082402791
ivao_over_emp,-0.01673553797402052,0.01673553797402052,0.025520865412489862
intan_d_over_at,-0.016734175763449422,0.016734175763449422,0.025532846414357626
invch_over_mktcap_d,-0.01673372497929136,0.01673372497929136,0.02553681225147797
ceq_pd_minus_pd_seq,0.016732515294603314,0.016732515294603314,0.0255474572566508
seq_pd_minus_pd_ceq,-0.01673251529460286,0.01673251529460286,0.025547457256655148
mrct_over_act_d,0.016732414492576245,0.016732414492576245,0.0255483444693862
pstkr_over_invt_d,-0.01672965222524772,0.01672965222524772,0.025572667041051315
xrd_d_over_seq,-0.016726047664283275,0.016726047664283275,0.025604436375692957
txpd_over_at_d,0.01672003390054084,0.01672003390054084,0.025657515569854163
fatl_over_xsga_d,-0.01671355098135624,0.01671355098135624,0.0257148422358288
dvt_over_dltt,-0.016711782089451052,0.016711782089451052,0.02573050328192261
nopio_over_cogs_d,0.016711453513850238,0.016711453513850238,0.025733413264253213
spi_over_act,0.016707321574792787,0.016707321574792787,0.02577003148611454
dcvsr_over_lct_d,-0.01670201915419696,0.01670201915419696,0.025817088801173053
rectr_over_lt,0.01669842181105094,0.01669842181105094,0.025849056378790605
recd_d_over_dltt,0.01669814763099599,0.01669814763099599,0.025851494266794842
lifr_over_mktcap_d,-0.01669604522610893,0.01669604522610893,0.025870194530661448
dcvt_over_invt_d,-0.016695209170691033,0.016695209170691033,0.025877634243772735
dcvsr_d_over_sale,-0.016690240830708913,0.016690240830708913,0.025921883627819213
lifr_over_dltt,0.016679814756470745,0.016679814756470745,0.026014953794023354
intan_over_at_pd,-0.016677156792025912,0.016677156792025912,0.026038726732958276
sppe_d_over_act,0.016666586273696656,0.016666586273696656,0.026133455801683525
tlcf_over_ceq_d,-0.01666453216114482,0.01666453216114482,0.026151898521441095
lt_d_over_cogs,-0.016648291507323842,0.016648291507323842,0.02629811066608676
dltt_over_sale,-0.016640317915171142,0.016640317915171142,0.026370153870739873
txdc_over_lt,0.016638563999556773,0.016638563999556773,0.026386023753719443
txfo_over_cogs,0.016637802684003812,0.016637802684003812,0.026392914901914668
ds_over_cogs_d,-0.016637217652696528,0.016637217652696528,0.02639821144646965
ceq_over_icapt_d,0.01663589190565046,0.01663589190565046,0.026410217413377946
reuna_pd_minus_pd_lt,0.016635056131526868,0.016635056131526868,0.026417788609016824
txw_over_cogs,0.016628270508703975,0.016628270508703975,0.02647932834373527
invrm_over_ppent,0.01662637166976664,0.01662637166976664,0.026496571331885353
dd3_over_cogs_d,-0.01662246116310411,0.01662246116310411,0.026532112442847297
pstkrv_over_ceq_d,-0.016613319361928048,0.016613319361928048,0.026615359497976148
dcvsub_d_over_emp,-0.016608564211031848,0.016608564211031848,0.026658749964624768
txdba_over_lt,0.01660501806421218,0.01660501806421218,0.02669114809601115
ib_over_seq_d,0.016599732339888585,0.016599732339888585,0.02673950238015416
txndbl_over_dltt_d,0.016597148799369257,0.016597148799369257,0.02676316435207832
drc_over_cogs,-0.01659456868879975,0.01659456868879975,0.026786812952045644
dpact_over_lt_pd,0.016592496277038918,0.016592496277038918,0.02680582118597411
dltp_d_over_emp,0.016590005592760467,0.016590005592760467,0.026828681238670448
niadj_d_over_lct,0.01658301639051375,0.01658301639051375,0.026892919596285723
dltis_over_emp_d,0.016582625522658403,0.016582625522658403,0.026896516013707544
dcpstk_over_mktcap,-0.016580996330873718,0.016580996330873718,0.026911510856096048
wcap_pd,-0.016580279576298464,0.016580279576298464,0.026918110045735702
do_d_over_lct,-0.016576073749963324,0.016576073749963324,0.026956861422768482
ceqt_over_icapt_d,0.016562263329504823,0.016562263329504823,0.027084445878376957
xrd_d_over_xsga,-0.016558635444808373,0.016558635444808373,0.027118047583483504
am_over_dltt,-0.016553779019383274,0.016553779019383274,0.027163084424342808
txfed_over_seq_d,0.016551480824175898,0.016551480824175898,0.027184419597184338
ch_d_over_seq,-0.01654882025838418,0.01654882025838418,0.027209136877646974
gp_pd_minus_pd_emp,0.016547560646532088,0.016547560646532088,0.027220845729908495
ni_d_over_ceq,0.016538437636072115,0.016538437636072115,0.027305779472519148
dpvieb_over_dltt_d,0.01653648478405515,0.01653648478405515,0.027323989888016216
txpd_d_over_sale,0.016528188796327253,0.016528188796327253,0.0274014671235584
rea_d_over_ceq,0.016524729615218933,0.016524729615218933,0.027433828779665926
dcvsr_over_lt_d,-0.01652378114093647,0.01652378114093647,0.027442707792648905
lt_d_over_icapt,-0.016519448336690036,0.016519448336690036,0.02748330028481171
dcvsr_d_over_ceq,-0.016509037590110666,0.016509037590110666,0.027581046627418244
dlc_over_xsga,0.016506758277451992,0.016506758277451992,0.02760248702209027
re_over_sale_pd,0.01650478355040452,0.01650478355040452,0.02762107394639456
xint_over_at_pd,-0.016503801435034094,0.016503801435034094,0.027630322029173773
dd2_over_act_d,-0.016503584362870544,0.016503584362870544,0.027632366448034844
xacc_d_over_seq,0.016500763632941028,0.016500763632941028,0.027658944377979555
lse_over_xsga_pd,-0.01649842273715635,0.01649842273715635,0.02768101787433248
at_over_xsga_pd,-0.01649842273715635,0.01649842273715635,0.02768101787433248
intan_d_over_icapt,-0.016491666513177128,0.016491666513177128,0.027744810955144795
mrc4_over_icapt,-0.016490893890848297,0.016490893890848297,0.027752114219000562
ao_over_lt_pd,-0.01649049805575535,0.01649049805575535,0.027755856518607794
txfed_d_over_lct,0.016485399217428143,0.016485399217428143,0.02780410081193102
recd_over_xsga,0.016465502299009033,0.016465502299009033,0.02799305404113408
dd2_over_emp_pd,-0.016465396388250935,0.016465396388250935,0.027994062788190357
fincf_d_over_act,-0.016456703163576752,0.016456703163576752,0.028076968311753846
dvp_d_over_dltt,0.016453854610207007,0.016453854610207007,0.028104180377403004
ao_over_dltt,-0.016447947226334476,0.016447947226334476,0.028160685724389553
seq_over_act,0.016447542670965324,0.016447542670965324,0.028164558959309086
ap_over_xsga_d,0.016447275043481247,0.016447275043481247,0.028167121491556896
recta_over_emp,0.016446187403172892,0.016446187403172892,0.028177537711281328
ivaeq_over_act,0.01643914486335969,0.01643914486335969,0.02824506375355501
dilavx_over_xsga_d,0.016436796022231696,0.016436796022231696,0.028267616150978767
dxd3_over_icapt,0.01643141054399472,0.01643141054399472,0.028319383393116713
cstkcv_pd_minus_pd_ceq,0.016419660222206017,0.016419660222206017,0.028432615480956557
invch_over_xsga,-0.016411839592171743,0.016411839592171743,0.028508195032850365
dc_d_over_at,-0.01640673723244271,0.01640673723244271,0.028557598099529385
ibadj_pd_minus_pd_lct,0.01640234615730983,0.01640234615730983,0.02860017324084792
ibcom_d_over_lct,0.016394775375883335,0.016394775375883335,0.028673706662249065
emp_over_icapt_d,0.016388996390704073,0.016388996390704073,0.028729946248874056
dlcch,0.01638731877331965,0.01638731877331965,0.028746290163670828
dudd_d_over_xsga,-0.016387030464285492,0.016387030464285492,0.028749099773546217
pstkn_d_over_sale,-0.016386900314829183,0.016386900314829183,0.028750368174759677
re_pd_minus_pd_lct,0.01638116024088866,0.01638116024088866,0.02880635731836377
lco_over_invt,-0.01637726829583484,0.01637726829583484,0.02884437304287374
do_over_ceq_d,-0.01636619145013199,0.01636619145013199,0.028952805881906876
caps_over_act_d,-0.016359965139785288,0.016359965139785288,0.029013910031951088
acchg_over_seq_d,0.016357978115883427,0.016357978115883427,0.029033433758192697
rectr_d_over_xsga,0.016356574971984124,0.016356574971984124,0.02904722731635643
aqc_over_lt,-0.01635517596115464,0.01635517596115464,0.029060985859143202
ao_over_icapt_pd,-0.016354541676129576,0.016354541676129576,0.029067225569574664
reuna_pd_minus_pd_at,0.01635096968529379,0.01635096968529379,0.029102386177257775
dltt_over_icapt_d,-0.01633856665602263,0.01633856665602263,0.029224758744964788
capxv_d_over_lct,0.016337455982830786,0.016337455982830786,0.02923573859710531
txpd_d_over_ceq,0.016331724587248412,0.016331724587248412,0.029292454247611392
dd2_over_lct_pd,-0.016329126229856262,0.016329126229856262,0.02931819774525867
fatl_over_lct,-0.016326266358128852,0.016326266358128852,0.029346554722100456
re_over_xsga_pd,0.016322886588532568,0.016322886588532568,0.02938009714713006
nopi_d_over_dltt,0.01632126628525261,0.01632126628525261,0.029396189491762734
emp_pd_minus_pd_at,0.016319558850334676,0.016319558850334676,0.029413155404562782
lse_pd_minus_pd_emp,-0.016319558850334665,0.016319558850334665,0.029413155404562782
at_pd_minus_pd_emp,-0.016319558850334665,0.016319558850334665,0.029413155404562782
pi_over_emp_pd,0.01631597799050781,0.01631597799050781,0.02944876394520025
dp_over_sale_d,0.016315267209768593,0.016315267209768593,0.029455836451078035
nopi_pd_minus_pd_icapt,0.01631062130274645,0.01631062130274645,0.029502100772156488
xido_over_ppent,0.016310113400389317,0.016310113400389317,0.029507162292841515
fiao_over_cogs,-0.016304650546005644,0.016304650546005644,0.02956164981462681
emp_over_invt,-0.01629914619673915,0.01629914619673915,0.029616638710129668
dd2_d_over_icapt,-0.016297469074822196,0.016297469074822196,0.029633410767732397
ebitda_pd_minus_pd_emp,0.016294970464465448,0.016294970464465448,0.02965841326849698
oibdp_pd_minus_pd_emp,0.016294970464465448,0.016294970464465448,0.02965841326849698
intan_pd_minus_pd_at,-0.01629058553584647,0.01629058553584647,0.029702335182401375
wcap_over_sale_pd,-0.016287639041393468,0.016287639041393468,0.029731880337041123
capx_d_over_lct,0.016282677404085566,0.016282677404085566,0.02978168887761391
lo_over_ppent_d,-0.01628203232853937,0.01628203232853937,0.029788169884053212
at_over_invt_pd,-0.016280716696793415,0.016280716696793415,0.029801391656776442
lse_over_invt_pd,-0.016280716696793415,0.016280716696793415,0.029801391656776442
rectr_d_over_cogs,-0.016278450999007092,0.016278450999007092,0.029824173183640168
ivaeq_d_over_lt,-0.016277063472611396,0.016277063472611396,0.029838132112666678
ceqt_d_over_at,-0.016274716437154457,0.016274716437154457,0.029861756774265006
ni_over_sale_pd,0.016273638092437783,0.016273638092437783,0.029872616507674157
ppegt_over_lt_pd,0.016269339550686233,0.016269339550686233,0.02991593976665516
rdip_over_lct_d,-0.016268800537133272,0.016268800537133272,0.02992137607449524
txw_over_sale,0.01626360220246402,0.01626360220246402,0.02997384831328025
invt_over_icapt_d,0.01626341105606671,0.01626341105606671,0.029975779260792118
xrent_d_over_sale,-0.016257232162974374,0.016257232162974374,0.030038255620086423
gdwl_over_cogs_pd,-0.01624483842349619,0.01624483842349619,0.030163909292760686
emp_over_cogs_pd,-0.01624365214320649,0.01624365214320649,0.030175960021333034
dcvsr_over_mktcap,-0.016241191695240242,0.016241191695240242,0.030200967463592927
dd5_over_act,0.01624099270060754,0.01624099270060754,0.030202990778586347
act_over_emp_pd,-0.01624071014446421,0.01624071014446421,0.030205863920907957
txditc_over_seq_d,-0.01623932721113784,0.01623932721113784,0.030219929520171423
txdbca_d_over_xsga,-0.016234874367559427,0.016234874367559427,0.03026525693644577
invrm_d_over_lct,0.016234595250965284,0.016234595250965284,0.03026810012912878
at_over_ceq_pd,-0.01623175807301591,0.01623175807301591,0.03029701377646816
lse_over_ceq_pd,-0.01623175807301591,0.01623175807301591,0.03029701377646816
ni_pd,0.016230761217575454,0.016230761217575454,0.030307178350301032
lt_over_icapt_pd,-0.01623055443033221,0.01623055443033221,0.030309287251774383
xint_over_icapt_pd,-0.016227538946868042,0.016227538946868042,0.030340054720687407
pstkc_d_over_act,-0.0162202437341964,0.0162202437341964,0.030414599956406666
ib_pd_minus_pd_xsga,0.016219041945485457,0.016219041945485457,0.030426895368294106
ap_over_act_pd,-0.01621715139757709,0.01621715139757709,0.030446246065843226
ibc_over_seq_d,0.016215571714174443,0.016215571714174443,0.030462423015991686
xopr_over_lt,-0.016211805709878492,0.016211805709878492,0.03050101904793977
dp_over_lt_d,0.0162112137836611,0.0162112137836611,0.030507089243189303
sale_d_over_icapt,0.016207496722145706,0.016207496722145706,0.030545231378177187
revt_d_over_icapt,0.016207496722145706,0.016207496722145706,0.030545231378177187
dcvsr_over_dltt_d,-0.01619732466680802,0.01619732466680802,0.030649820037815582
txs_d_over_at,0.016194822436099585,0.016194822436099585,0.030675594948964095
ebitda_pd_minus_pd_lct,0.01619462615249647,0.01619462615249647,0.03067761760887085
oibdp_pd_minus_pd_lct,0.01619462615249647,0.01619462615249647,0.03067761760887085
rect_over_ceq_pd,-0.016193479322519345,0.016193479322519345,0.030689437732130218
xopr_over_invt,-0.01619203637544675,0.01619203637544675,0.030704315424184954
pstkrv_over_seq,-0.016187265564846638,0.016187265564846638,0.030753549577066594
txdb_over_seq_d,-0.01618146764031682,0.01618146764031682,0.03081347464136658
mib_over_act,0.01618051091620044,0.01618051091620044,0.030823372594371064
ni_pd_minus_pd_emp,0.01617930910219628,0.01617930910219628,0.03083581003455385
intan_over_ceq_pd,-0.016176145048444474,0.016176145048444474,0.03086857508110579
pstkc_d_over_invt,-0.01617294500717344,0.01617294500717344,0.03090174318655163
msa_over_invt_d,0.01617219519126762,0.01617219519126762,0.030909519375311546
xrd_d_over_ceq,-0.016171844645493455,0.016171844645493455,0.030913155390636337
esubc_over_lct,-0.016161785177887807,0.016161785177887807,0.031017653175118558
ibc_pd_minus_pd_xsga,0.016161729156619512,0.016161729156619512,0.03101823597208518
txfed_d_over_mktcap,0.01615748991298935,0.01615748991298935,0.03106236467948305
txpd_d_over_act,0.01615105805438688,0.01615105805438688,0.031129420449905347
mib_over_lct,0.016145506742188252,0.016145506742188252,0.031187395861944054
txdfed_over_lt_d,0.0161370134717016,0.0161370134717016,0.03127627506363228
recch_over_seq,-0.01613214252246934,0.01613214252246934,0.03132734588576869
reuna_over_at_pd,0.016129551085667812,0.016129551085667812,0.031354545669716335
gp_over_icapt_d,0.0161282659006929,0.0161282659006929,0.03136804251596212
ni_pd_minus_pd_ceq,0.0161281243129346,0.0161281243129346,0.03136952975701116
ibcom_over_invt_pd,0.016127687318511115,0.016127687318511115,0.03137412033787694
dc_d_over_seq,-0.016121780860886482,0.016121780860886482,0.03143622361462898
dd2_over_lt_pd,-0.01611901113812225,0.01611901113812225,0.031465382081831084
dltr_over_sale,0.01611022492000526,0.01611022492000526,0.03155803322667743
lo_over_icapt,0.016097463214687413,0.016097463214687413,0.03169302276731361
capxv_over_act_d,0.01609386265056588,0.01609386265056588,0.03173119790383023
ib_d_over_at,0.01609308766086533,0.01609308766086533,0.03173941992000764
acox_over_invt,-0.01608817699776136,0.01608817699776136,0.03179156056734001
dltis_over_seq,0.016083462232779257,0.016083462232779257,0.03184169028227623
dpc_pd_minus_pd_lt,0.016083262138045697,0.016083262138045697,0.031843819286679204
dd1_over_ceq,0.016082301794079948,0.016082301794079948,0.031854039027817894
txr_over_lct,0.016080726045171686,0.016080726045171686,0.0318708138467247
dc_over_ppent_d,-0.016079143990067768,0.016079143990067768,0.031887663416782945
txpd_over_lct_d,0.01607378598306507,0.01607378598306507,0.0319447852421873
mii_over_dltt,0.016066225424385246,0.016066225424385246,0.03202553770689323
intc_d_over_seq,0.016055720303460388,0.016055720303460388,0.03213803070770195
cld2_over_mktcap,0.016050105239096543,0.016050105239096543,0.03219829778993178
esub_d_over_ppent,-0.016048735471716164,0.016048735471716164,0.03221301433343239
ao_over_ppent_d,-0.016040851590126307,0.016040851590126307,0.032297829489566665
dcpstk_d_over_xsga,-0.01602927046311163,0.01602927046311163,0.03242276669485457
siv_d_over_dltt,-0.016021146761400748,0.016021146761400748,0.0325106520453191
ibadj_over_xsga_d,0.01601739681804336,0.01601739681804336,0.03255128916650101
fatc_over_dltt,-0.01601001278969902,0.01601001278969902,0.032631435066629425
txdbcl_over_xsga_d,0.016008985693510863,0.016008985693510863,0.032642596497442965
pstkl_over_invt_d,-0.016007243870460056,0.016007243870460056,0.03266153232219906
dd2_d_over_act,-0.016003749236975392,0.016003749236975392,0.03269955178774861
mrct_over_ppent_pd,-0.015998545063397224,0.015998545063397224,0.03275624023482184
dd2_pd_minus_pd_cogs,-0.015980871160038025,0.015980871160038025,0.03294938853253728
pstkrv_over_sale,-0.01597873157819932,0.01597873157819932,0.03297283685907358
mrc3_d_over_lct,-0.015973502197122336,0.015973502197122336,0.03303020735870817
xsga_over_at_d,0.015970912163200675,0.015970912163200675,0.03305865372873414
intan_over_seq,-0.015962622391686252,0.015962622391686252,0.033149841372589244
capx_over_act_d,0.01595894642830683,0.01595894642830683,0.033190345876013036
nopi_pd_minus_pd_seq,0.015956267750121107,0.015956267750121107,0.033219888216070144
intan_over_seq_pd,-0.01595522394905885,0.01595522394905885,0.033231406076282104
reuna_over_act_pd,0.01595450011373013,0.01595450011373013,0.03323939526942139
ibadj_over_invt_pd,0.015949934668144816,0.015949934668144816,0.03328982337915799
nopi_pd_minus_pd_sale,0.01594444032983885,0.01594444032983885,0.03335059844943247
esubc_over_lt,-0.01593652886557391,0.01593652886557391,0.033438277052307556
txdi_over_act,0.015929758557743843,0.015929758557743843,0.03351346531812946
niadj_d_over_emp,0.015929208330333712,0.015929208330333712,0.03351958226732042
txdc,0.015928062869905307,0.015928062869905307,0.03353231956232381
ni_d_over_emp,0.015926321125316445,0.015926321125316445,0.03355169535346272
txfed_over_ceq_d,0.015923288741984357,0.015923288741984357,0.03358545152142823
ni_pd_minus_pd_dltt,0.015921363313658916,0.015921363313658916,0.03360690025787961
dd2_pd,-0.015918788318998834,0.015918788318998834,0.03363560329200722
sale_over_mktcap_d,0.015911236041027114,0.015911236041027114,0.033719908216675185
revt_over_mktcap_d,0.015911236041027114,0.015911236041027114,0.033719908216675185
txs_d_over_sale,0.015910195566366036,0.015910195566366036,0.033731537025942164
intpn_over_seq,0.01590950416118758,0.01590950416118758,0.03373926637524549
dn_d_over_mktcap,-0.015906583698687363,0.015906583698687363,0.03377193148939692
ivch_over_mktcap_d,-0.015905073499109988,0.015905073499109988,0.033788833542359356
reuna_over_ceq_d,0.01590463124850078,0.01590463124850078,0.033793784550655855
txdfed_d_over_at,0.015903667828454236,0.015903667828454236,0.033804572213330136
dltr_over_ppent,-0.01589676188879808,0.01589676188879808,0.033881986031862786
xsga_d_over_sale,-0.015894850426641988,0.015894850426641988,0.03390343979632893
dvp_d_over_sale,0.01588371055524324,0.01588371055524324,0.034028702075606404
prstkc_d_over_invt,0.015880864651735424,0.015880864651735424,0.034060766203683576
rect_pd_minus_pd_xsga,-0.015880002213189647,0.015880002213189647,0.0340704881940082
do_over_icapt_d,-0.015878782559237428,0.015878782559237428,0.03408424100666999
ap_d_over_lct,-0.015873767617254782,0.015873767617254782,0.034140839346227886
recta_over_xsga,0.01586788819570325,0.01586788819570325,0.03420729641822139
xint_pd_minus_pd_sale,-0.015862815425704828,0.015862815425704828,0.03426472444556197
dudd_over_dltt_d,-0.015858480815292914,0.015858480815292914,0.034313861139512784
pi_over_act_d,0.015850393039596615,0.015850393039596615,0.03440570430958864
prstkc_over_at,-0.015845927126002395,0.015845927126002395,0.03445650827764493
lct_over_cogs_pd,-0.01584239994881802,0.01584239994881802,0.03449667851912281
emp,-0.01583962288034494,0.01583962288034494,0.03452833408029463
ibcom_over_cogs_d,-0.015837681814056294,0.015837681814056294,0.03455047485570438
recch_over_icapt,-0.015835490922494394,0.015835490922494394,0.03457547983121215
xsga_pd_minus_pd_mktcap,0.015825668932655735,0.015825668932655735,0.03468776974743101
ap_pd_minus_pd_invt,-0.015822829037418853,0.015822829037418853,0.034720294841582594
dxd2_d_over_ceq,-0.015821064269831334,0.015821064269831334,0.03474051970241571
dudd_d_over_act,-0.015820780410541906,0.015820780410541906,0.034743773769373536
wcap_over_dltt_pd,-0.015820332707642763,0.015820332707642763,0.034748906613105965
esub_over_ppent_d,-0.015819503589228658,0.015819503589228658,0.034758414036147635
ppent_pd,-0.015815517160319606,0.015815517160319606,0.03480415706394196
ppent_d_over_ppent,-0.015815517160319606,0.015815517160319606,0.03480415706394196
dd2_over_ppent_pd,-0.0158053918354228,0.0158053918354228,0.0349205731593665
mib_over_ceq,0.015805173211810093,0.015805173211810093,0.03492309045029075
xrd_over_ppent_pd,-0.0158046394222534,0.0158046394222534,0.034929237297361235
xint_over_cogs_pd,-0.015804033945986926,0.015804033945986926,0.03493621076992542
nopio_pd_minus_pd_act,0.01580138355338423,0.01580138355338423,0.034966750218352625
cld4_over_sale_d,0.01579350015980371,0.01579350015980371,0.035057722258198656
txdfed_d_over_xsga,0.015792244743107278,0.015792244743107278,0.03507222802944346
caps_over_xsga_d,-0.01579143550859876,0.01579143550859876,0.035081581082966884
ap_d_over_at,-0.015789591114471823,0.015789591114471823,0.03510290636688822
pi_pd_minus_pd_icapt,0.01578329266577785,0.01578329266577785,0.03517581382277165
pstkl_over_seq,-0.01577834621718939,0.01577834621718939,0.035233161819594745
ibcom_over_xsga_d,0.015777795598439538,0.015777795598439538,0.035239550500408764
dm_over_sale_pd,-0.01577138795689005,0.01577138795689005,0.035313969359060414
cld2_over_sale,-0.0157688968754442,0.0157688968754442,0.035342937158269846
mrc3_over_act,-0.015767300262403635,0.015767300262403635,0.03536151419920654
sppiv_d_over_lt,-0.015765427811366854,0.015765427811366854,0.03538331130735637
aox_over_ppent_pd,-0.015763351151908012,0.015763351151908012,0.0354074990022117
intc_d_over_ppent,0.015759738592635648,0.015759738592635648,0.03544960956247672
seq_over_icapt_d,0.015759689663851675,0.015759689663851675,0.03545018020433754
acox_over_dltt,-0.015747387190583887,0.015747387190583887,0.03559390922909392
dd2_pd_minus_pd_sale,-0.015747126874588263,0.015747126874588263,0.03559695584701013
gp_over_emp_pd,0.015746748058858433,0.015746748058858433,0.035601389728340094
ivaeq_d_over_at,-0.01574330539059381,0.01574330539059381,0.03564170633468217
pstk_over_lt,-0.015735744347163353,0.015735744347163353,0.035730389362655754
ivaco_over_mktcap_d,-0.01573555272679634,0.01573555272679634,0.03573263930945524
lco_over_at_d,0.01573426628606362,0.01573426628606362,0.03574774742562138
dvt_over_lt,-0.015734206872630628,0.015734206872630628,0.03574844531578818
dn_over_at_d,-0.01572601000634745,0.01572601000634745,0.03584483991426739
oibdp_pd_minus_pd_ppent,0.015718639060674628,0.015718639060674628,0.03593171092841673
ebitda_pd_minus_pd_ppent,0.015718639060674628,0.015718639060674628,0.03593171092841673
nopi_over_lt_d,0.01571669199447764,0.01571669199447764,0.035954688220657546
dxd2_d_over_seq,-0.01570435103362428,0.01570435103362428,0.03610061520494776
ivaeq_over_cogs_d,-0.01569930729159075,0.01569930729159075,0.036160400635881836
esubc_over_emp,-0.01569528286491917,0.01569528286491917,0.03620816424160491
ppeveb_d_over_ppent,-0.01569114459411977,0.01569114459411977,0.03625733506464497
rectr_over_ceq_pd,-0.015689690804688818,0.015689690804688818,0.036274622454710935
txdfed_over_at_d,0.015675321917545098,0.015675321917545098,0.03644586481096371
dcvt_d_over_emp,-0.015674638054226243,0.015674638054226243,0.03645403194911733
ppegt_d_over_ppent,-0.01567299501985329,0.01567299501985329,0.03647366050286173
ceqt_over_seq_pd,0.015668445729666733,0.015668445729666733,0.036528055710852575
mrc1,-0.015667341601931263,0.015667341601931263,0.036541268025279613
dm_over_cogs_d,-0.01566533272001927,0.01566533272001927,0.03656531733505416
oiadp_over_icapt_pd,0.01566518290433496,0.01566518290433496,0.036567111392211346
ivaeq_over_act_d,-0.015665001227558532,0.015665001227558532,0.036569287089606606
re_pd_minus_pd_xsga,0.015664123840168718,0.015664123840168718,0.03657979592590232
fatl_over_emp_pd,-0.015663992220133975,0.015663992220133975,0.03658137261609435
gp_over_lt_pd,0.015663785121491986,0.015663785121491986,0.036583853589652125
pstkrv_over_mktcap_d,-0.015663717884698697,0.015663717884698697,0.03658465909512489
invrm_d_over_at,0.01566352826178635,0.01566352826178635,0.03658693088351789
oiadp_d_over_lt,0.0156607596055727,0.0156607596055727,0.036620114621411015
ceq_over_ppent_d,-0.015658178259347365,0.015658178259347365,0.0366510764475065
ivncf_d_over_emp,-0.015654251164318442,0.015654251164318442,0.036698222556449146
txpd_over_lt,-0.015648588768221994,0.015648588768221994,0.03676629248005053
cstk_over_ceq_d,-0.015647419747954923,0.015647419747954923,0.036780359123990906
do_d_over_invt,-0.015647240668133635,0.015647240668133635,0.03678251436919955
txdbca_over_ceq_d,-0.015646653772672672,0.015646653772672672,0.036789578474093525
pi_pd_minus_pd_mktcap,0.01564593653341702,0.01564593653341702,0.03679821301710219
rectr_pd_minus_pd_ppent,-0.01564141201760634,0.01564141201760634,0.03685272156315932
ivncf_d_over_cogs,-0.015638817480508715,0.015638817480508715,0.03688400993913416
sppiv_d_over_ceq,-0.015634117003199045,0.015634117003199045,0.03694075215883882
dvt_over_icapt,-0.01563110556388441,0.01563110556388441,0.03697714406229542
intan_pd_minus_pd_lct,-0.015630923165034297,0.015630923165034297,0.03697934925134889
aoloch_over_lt,0.01562572205673016,0.01562572205673016,0.03704227741753813
pstk_over_invt_d,-0.015624208125449674,0.015624208125449674,0.03706061158278656
mrc4_d_over_at,-0.015622502346744071,0.015622502346744071,0.03708127833451337
dpact_d_over_ppent,-0.015622378904885131,0.015622378904885131,0.0370827743032162
intc_over_mktcap,0.015618118072663773,0.015618118072663773,0.03713444203340637
ib_d_over_emp,0.015616773363366617,0.015616773363366617,0.037150760973363645
xint_pd_minus_pd_cogs,-0.015613556680323907,0.015613556680323907,0.03718982232827893
dp_over_icapt_d,0.015606895092269616,0.015606895092269616,0.03727082760481995
do_d_over_mktcap,-0.015604757176464574,0.015604757176464574,0.03729685659143628
reuna_over_icapt_pd,0.015604088165039965,0.015604088165039965,0.03730500493995723
xrent_pd_minus_pd_at,0.015603341081656778,0.015603341081656778,0.03731410597104895
nopio_over_lt_d,0.015603017814951275,0.015603017814951275,0.037318044618316934
dd2_over_icapt_pd,-0.015599594628186676,0.015599594628186676,0.03735977408014845
gdwl,-0.015599336613916279,0.015599336613916279,0.037362920944373226
ebit_d_over_lt,0.015599128166250049,0.015599128166250049,0.037365463435565335
dpc_over_cogs_pd,-0.015595259361578125,0.015595259361578125,0.0374126790017665
ibcom_over_xsga_pd,0.01558774105068493,0.01558774105068493,0.037504578996601215
dn_d_over_ceq,-0.015586397546972837,0.015586397546972837,0.03752102151384784
fatl_d_over_act,-0.015584262475822352,0.015584262475822352,0.03754716427624932
ceqt_over_ceq,0.015583592685343513,0.015583592685343513,0.03755536868230134
niadj_pd_minus_pd_icapt,0.01558252512972748,0.01558252512972748,0.03756844855129541
ibcom,0.01558232231414372,0.01558232231414372,0.037570933919652966
dudd_d_over_cogs,-0.015578990654000431,0.015578990654000431,0.03761178119939381
mrc4_d_over_lt,-0.015577861434202447,0.015577861434202447,0.03762563438656863
dilavx_over_xsga_pd,0.015575557083202953,0.015575557083202953,0.03765391746722782
pstkl_over_sale,-0.015571784652931157,0.015571784652931157,0.037700258462284614
invch_over_dltt_d,-0.015571509810657403,0.015571509810657403,0.03770363655375235
xido_over_sale,0.015566524881342076,0.015566524881342076,0.037764951116347624
ebit_over_icapt_pd,0.015565882643485199,0.015565882643485199,0.03777285679761547
lct_over_ppent_pd,-0.015564866001868613,0.015564866001868613,0.037785374111664806
prstkc_over_cogs,-0.015563789853971772,0.015563789853971772,0.03779862793582923
ivaco_over_emp,0.015559254462520234,0.015559254462520234,0.03785452922121932
xopr_pd_minus_pd_ceq,0.015557771548369174,0.015557771548369174,0.037872822231355935
invrm_d_over_seq,0.01555634015042927,0.01555634015042927,0.03789048687597677
acchg_d_over_lt,0.015550207896477576,0.015550207896477576,0.03796624334218115
pstkl_over_ceq_d,-0.015547396154348726,0.015547396154348726,0.03800102201071415
acox_d_over_lct,-0.015540152376454244,0.015540152376454244,0.038090745720272955
dcom_over_dltt,-0.01553805144819815,0.01553805144819815,0.038116802151777054
oancf_d_over_act,0.015534485512484902,0.015534485512484902,0.038161062799303806
drc_over_ceq,-0.015533716740331441,0.015533716740331441,0.038170610577496
txs_d_over_seq,0.015529495477294597,0.015529495477294597,0.03822307282297105
aox_pd_minus_pd_invt,-0.015521958683610301,0.015521958683610301,0.03831689322195947
ni_over_lct_pd,0.015517532213588803,0.015517532213588803,0.038372086518371595
txdfed_d_over_lct,0.015514645464256939,0.015514645464256939,0.03840811755602243
ch_over_mktcap_d,0.015512601381330475,0.015512601381330475,0.038433648217465435
re_pd,0.015510357359469991,0.015510357359469991,0.03846169273035194
txs,-0.01550821233365448,0.01550821233365448,0.03848851630295296
ebitda_pd_minus_pd_cogs,0.015506047561274624,0.015506047561274624,0.038515602923605764
oibdp_pd_minus_pd_cogs,0.015506047561274624,0.015506047561274624,0.038515602923605764
lct_d_over_lct,-0.015505202671548467,0.015505202671548467,0.038526178964033826
lct_pd,-0.015505202671548464,0.015505202671548464,0.038526178964033826
esubc_over_icapt_d,0.015495074545044006,0.015495074545044006,0.03865315161983798
dd2_over_ceq_d,-0.015490090610389314,0.015490090610389314,0.038715763829559706
ap_over_dltt_d,0.015481504351979244,0.015481504351979244,0.03882383344415256
nopi_d_over_sale,0.015481082712099577,0.015481082712099577,0.03882914694385817
dd2_pd_minus_pd_lct,-0.015474432615675762,0.015474432615675762,0.038913033106374735
invfg_over_act_d,-0.015469751096413232,0.015469751096413232,0.038972179375678304
txs_d_over_icapt,0.015466113111623273,0.015466113111623273,0.03901819434779431
oiadp_over_ppent_d,0.015462981396441183,0.015462981396441183,0.039057842729631365
ebit_over_ppent_d,0.01546123474456725,0.01546123474456725,0.03907997068569857
capxv_over_cogs_d,0.015460343096270708,0.015460343096270708,0.03909127088983527
capx_over_cogs_d,0.015452577952839152,0.015452577952839152,0.03918979891978877
pi_over_at_pd,0.01544923748745075,0.01544923748745075,0.03923224924122967
ppent_d_over_seq,0.015449094186707996,0.015449094186707996,0.03923407116666345
niadj_d_over_seq,0.015441494852852832,0.015441494852852832,0.039330792059778664
dilavx_over_invt_pd,0.0154411100420205,0.0154411100420205,0.03933569513847966
dc_over_lt_d,-0.01543881011387482,0.01543881011387482,0.03936501056181746
oancf_d_over_lct,0.0154322322571332,0.0154322322571332,0.03944895586411168
reajo_d_over_invt,0.01542980565744107,0.01542980565744107,0.03947996199225317
emp_d_over_icapt,-0.015424608684588403,0.015424608684588403,0.03954643644607459
ibadj_d_over_emp,0.015423722809127868,0.015423722809127868,0.03955777714612683
dcpstk_over_act_d,-0.015418412578293307,0.015418412578293307,0.03962581493556921
invfg_d_over_ceq,-0.015418237315969651,0.015418237315969651,0.03962806219109079
aox_pd_minus_pd_lt,-0.015418165577549745,0.015418165577549745,0.03962898206950405
xopr_pd_minus_pd_mktcap,0.015416149259445781,0.015416149259445781,0.03965484407373297
xsga_over_sale_pd,-0.01541612164074219,0.01541612164074219,0.03965519842034041
dp_pd_minus_pd_act,0.015414620009275227,0.015414620009275227,0.03967446832323726
aco_over_lct,-0.015413274940338603,0.015413274940338603,0.03969173586103669
dd2_pd_minus_pd_ppent,-0.015412607534978183,0.015412607534978183,0.03970030615120388
mrc3_over_lt_d,0.015409462540737766,0.015409462540737766,0.03974071280977275
ibc,0.01540472794796413,0.01540472794796413,0.039801608323817704
re_over_ceq_d,0.015401480276539557,0.015401480276539557,0.039843425077208186
ib,0.015387554696259294,0.015387554696259294,0.04002315254471669
aox_over_dltt_d,-0.015384459114305499,0.015384459114305499,0.040063198290260366
dd2_over_lt_d,-0.01538138880348465,0.01538138880348465,0.04010295068365714
aox_over_emp_pd,-0.015369697942453108,0.015369697942453108,0.040254622726648114
ivaeq_d_over_icapt,-0.015369074906835076,0.015369074906835076,0.04026271934855492
ceqt_d_over_mktcap,0.015366003638352745,0.015366003638352745,0.040302652018908675
pstk_over_mktcap_d,-0.015359358922493552,0.015359358922493552,0.040389161633855204
txs_over_sale_d,0.015359291759042567,0.015359291759042567,0.04039003685874602
fatl_over_ppent_d,-0.015358661623927282,0.015358661623927282,0.04039824910112373
aox_over_act_pd,-0.015357741508763394,0.015357741508763394,0.04041024305425717
sale_over_lt,0.015350512872266603,0.015350512872266603,0.04050457538056131
revt_over_lt,0.015350512872266603,0.015350512872266603,0.04050457538056131
xrd_d_over_lt,-0.015350158547698892,0.015350158547698892,0.04050920404396036
xrd_d_over_ppent,-0.015347940621629079,0.015347940621629079,0.04053818776247377
dcvsr_d_over_seq,-0.015347476684585169,0.015347476684585169,0.04054425268525742
xint_over_ceq_pd,-0.015345218968297878,0.015345218968297878,0.04057377817676752
dn_over_lct_d,-0.015344833133034268,0.015344833133034268,0.04057882579584675
re_pd_minus_pd_emp,0.015340866998424347,0.015340866998424347,0.04063074288978459
ibadj_over_cogs_d,-0.015338601255583117,0.015338601255583117,0.04066042694813284
dn_over_emp_d,-0.015334937678896762,0.015334937678896762,0.04070846326274978
cogs_over_ceq_d,0.015332872298201065,0.015332872298201065,0.04073556544574023
intpn_over_cogs_pd,-0.015332508358958163,0.015332508358958163,0.04074034268621055
rea_d_over_seq,0.01533036791573696,0.01533036791573696,0.040768448776113644
oancf_d_over_cogs,0.015328973730889622,0.015328973730889622,0.04078676460773774
drc_over_seq,-0.015322813981703329,0.015322813981703329,0.040867770599002456
icapt_over_invt_pd,-0.015321294004001736,0.015321294004001736,0.04088778056850959
txpd_over_seq_d,0.015317184047721017,0.015317184047721017,0.040941928267926635
oancf_pd_minus_pd_icapt,0.01531649905428606,0.01531649905428606,0.04095095879834118
lse_pd_minus_pd_icapt,0.01531081147897707,0.01531081147897707,0.0410260054801425
at_pd_minus_pd_icapt,0.01531081147897707,0.01531081147897707,0.0410260054801425
icapt_pd_minus_pd_at,-0.015310811478977056,0.015310811478977056,0.0410260054801425
chech_d_over_ceq,-0.015308238370691613,0.015308238370691613,0.04105999550953752
dilavx,0.015304456569487595,0.015304456569487595,0.041109995325556245
dltt_d_over_sale,-0.015303625501378317,0.015303625501378317,0.04112098992363405
dcvt_d_over_act,-0.015302485212006191,0.015302485212006191,0.04113607941125788
txditc_over_ceq_d,-0.015302467550699712,0.015302467550699712,0.04113631316080465
emp_d_over_act,-0.01529798551798776,0.01529798551798776,0.041195669794934164
gp_pd_minus_pd_act,0.015292218091720457,0.015292218091720457,0.041272155926013396
txfo_over_invt,0.015285750597152141,0.015285750597152141,0.041358069207557135
dltis_over_ceq,0.015284530914932693,0.015284530914932693,0.04137428825577137
ibc_d_over_at,0.015282003359353058,0.015282003359353058,0.04140791624446641
dlto_over_dltt,0.015281892029873697,0.015281892029873697,0.041409397965067395
dpact_pd_minus_pd_seq,0.015277951662348155,0.015277951662348155,0.041461870535033016
sale_pd_minus_pd_at,0.01527760880737072,0.01527760880737072,0.04146643888264097
revt_pd_minus_pd_at,0.01527760880737072,0.01527760880737072,0.04146643888264097
lse_pd_minus_pd_sale,-0.015277608807370665,0.015277608807370665,0.04146643888264097
at_pd_minus_pd_sale,-0.015277608807370665,0.015277608807370665,0.04146643888264097
ao_pd_minus_pd_at,-0.015276961909717742,0.015276961909717742,0.0414750595867403
itci_over_cogs_d,-0.015272811929603052,0.015272811929603052,0.04153039926006393
reuna_pd_minus_pd_icapt,0.01526559899764076,0.01526559899764076,0.041626731926123685
intc_over_ppent_d,0.015262468999435735,0.015262468999435735,0.041668593587690116
rect_over_seq_pd,-0.015254519281462722,0.015254519281462722,0.04177507605222863
rdip_d_over_lct,-0.015254049261766989,0.015254049261766989,0.041781378933917396
pi_d_over_icapt,0.015254008637232294,0.015254008637232294,0.04178192373958941
txdbcl_d_over_ppent,0.015249040572789559,0.015249040572789559,0.04184859457939324
dvp_over_act,-0.015247108901426902,0.015247108901426902,0.041874541681082705
niadj_over_lt_pd,0.015245487750972469,0.015245487750972469,0.04189632822962594
txt_over_cogs,0.015244155474601567,0.015244155474601567,0.0419142397962694
cld5_d_over_mktcap,0.015243197905350236,0.015243197905350236,0.041927117678204076
dvp_d_over_cogs,0.015239889295719351,0.015239889295719351,0.04197163933079231
txndbl_d_over_mktcap,0.015238978040025409,0.015238978040025409,0.04198390848757923
mrct_over_act,-0.015238220515367721,0.015238220515367721,0.041994110117991944
ds_over_mktcap_d,-0.015237693582348008,0.015237693582348008,0.04200120759382573
dcvsr_over_cogs_d,-0.01523657418632326,0.01523657418632326,0.04201628856423528
aox_over_cogs_pd,-0.015235188034990922,0.015235188034990922,0.04203496972323072
ni_pd_minus_pd_sale,0.015234322446478803,0.015234322446478803,0.04204663882234335
lco_over_lt_pd,0.01522881118628381,0.01522881118628381,0.04212100106333225
reajo_over_mktcap_d,0.015227706098328223,0.015227706098328223,0.04213592516078739
dcvt_over_xsga,-0.015227308973934924,0.015227308973934924,0.04214128937686008
txfed_over_invt,-0.01522522564994837,0.01522522564994837,0.04216943964836062
lco_pd_minus_pd_icapt,0.015224216322333926,0.015224216322333926,0.04218308359560513
caps_over_sale_pd,-0.015216977957335641,0.015216977957335641,0.04228104025551209
capx_over_sale_pd,-0.015209988087830485,0.015209988087830485,0.04237581658711475
txdb_over_ceq_d,-0.015208235158031517,0.015208235158031517,0.04239961289778602
txpd_over_ceq_d,0.015207758080565851,0.015207758080565851,0.042406091259178956
prstkc_over_invt,-0.015206309793102203,0.015206309793102203,0.04242576306727645
ibadj_over_xsga_pd,0.015203670585371375,0.015203670585371375,0.04246163076199186
txndb_d_over_lt,-0.015201493466647861,0.015201493466647861,0.042491237816112123
lse_over_invt,-0.015200233141951411,0.015200233141951411,0.042508385190109035
at_over_invt,-0.015200233141951411,0.015200233141951411,0.042508385190109035
cstk_over_cogs,-0.015198499042303547,0.015198499042303547,0.042531988083947085
ibadj,0.015196185089667576,0.015196185089667576,0.04256350063834881
intpn_over_sale,-0.01519371336061748,0.01519371336061748,0.04259718367668548
ch_over_ppent_pd,-0.015191193697066518,0.015191193697066518,0.0426315431301865
dd2_pd_minus_pd_emp,-0.015178827436665232,0.015178827436665232,0.04280051586935785
ceqt_d_over_invt,0.015176555252052795,0.015176555252052795,0.04283162452076782
mrct_over_icapt,-0.015175474500045189,0.015175474500045189,0.042846427884770104
lco_pd_minus_pd_act,0.01517514223966418,0.01517514223966418,0.04285097981771307
ni_pd_minus_pd_lt,0.015174630502936453,0.015174630502936453,0.04285799135773407
dilavx_over_cogs_d,-0.01517404113733009,0.01517404113733009,0.04286606772831072
rdip_d_over_lt,-0.015173369414783507,0.015173369414783507,0.042875274245776133
re_over_emp_pd,0.01517303097680003,0.01517303097680003,0.04287991345364141
recd_over_ppent_d,0.015173000833802332,0.015173000833802332,0.04288032666552893
dilavx_d_over_emp,0.01517071557192175,0.01517071557192175,0.04291166372243479
lifr_over_invt_d,0.015170173065599814,0.015170173065599814,0.0429191057786054
rectr_pd_minus_pd_emp,-0.015169579007384621,0.015169579007384621,0.042927256270639785
dpc_over_invt_d,0.015168832146329596,0.015168832146329596,0.04293750507736212
dvp_d_over_invt,-0.015166605492229625,0.015166605492229625,0.04296807263112815
txo_over_xsga_d,-0.01516428578194327,0.01516428578194327,0.042999937221937116
dcvsub_over_act,-0.015163722478239756,0.015163722478239756,0.0430076780297083
dn_d_over_xsga,-0.015162853241342953,0.015162853241342953,0.0430196252216023
sppe_d_over_ceq,0.01515686733113111,0.01515686733113111,0.04310197451530834
dltt_d_over_mktcap,-0.015156058352126049,0.015156058352126049,0.04311311400336253
ivncf_over_emp_d,-0.015154569142522178,0.015154569142522178,0.043133626499736004
dudd_over_at_d,-0.015153179182467114,0.015153179182467114,0.04315277936501067
esubc_over_ppent,-0.015151660356654592,0.015151660356654592,0.04317371614400656
nopio_pd_minus_pd_cogs,0.015149281721424096,0.015149281721424096,0.04320652251024202
ivncf_d_over_icapt,0.015148319142639578,0.015148319142639578,0.043219804475009206
aqc_over_lct,-0.015147736481061798,0.015147736481061798,0.043227845898727656
niadj_over_cogs_pd,0.015144655255610963,0.015144655255610963,0.043270391501641026
ni_over_ceq_d,0.015144530292146999,0.015144530292146999,0.04327211774511405
ivao_d_over_sale,0.015139896269852368,0.015139896269852368,0.04333617315991918
dd2_pd_minus_pd_at,-0.015138436529972505,0.015138436529972505,0.04335636751576521
txfo_d_over_invt,0.015137119453984162,0.015137119453984162,0.043374595050592074
xido_over_emp,0.015137015113529452,0.015137015113529452,0.043376039336062454
emp_over_dltt_d,0.01513523881311532,0.01513523881311532,0.04340063320351609
xi_over_ppent_d,0.015129768473976086,0.015129768473976086,0.04347644710375921
dd1_over_at,0.015125106672934457,0.015125106672934457,0.043541143662986816
xido_over_xsga_d,0.015124072615906332,0.015124072615906332,0.043555505338787354
dxd3_over_cogs_d,-0.015115521071004473,0.015115521071004473,0.04367442834559147
rect_over_lct_pd,-0.015110704938426344,0.015110704938426344,0.043741525048441296
dxd3_over_at,0.015104813201362612,0.015104813201362612,0.04382372505696825
gdwl_over_invt_d,-0.015100408036138054,0.015100408036138054,0.0438852699776054
am_over_lt,-0.01509819949105513,0.01509819949105513,0.043916153193623624
rdip_d_over_invt,-0.015094770967016353,0.015094770967016353,0.043964132349455044
ceql_d_over_ceq,-0.01508301881407575,0.01508301881407575,0.04412892925475431
rect_over_invt_pd,-0.015072437183250962,0.015072437183250962,0.04427775806130802
ibc_d_over_emp,0.015070351687614723,0.015070351687614723,0.04430714010898231
xopr_over_mktcap_d,0.015070026413605584,0.015070026413605584,0.04431172429933543
oibdp_pd_minus_pd_xsga,0.015067967360775465,0.015067967360775465,0.04434075247439411
ebitda_pd_minus_pd_xsga,0.015067967360775465,0.015067967360775465,0.04434075247439411
dxd5_over_lct,0.015059119432242564,0.015059119432242564,0.044465671745915925
lifr_over_icapt_d,0.015058302200961306,0.015058302200961306,0.04447722477091639
txdbca_over_seq_d,-0.015052990822608612,0.015052990822608612,0.044552372330191284
txfo_over_dltt_d,0.015051418813820286,0.015051418813820286,0.04457463428683792
gdwl_d_over_lt,-0.015051386542992986,0.015051386542992986,0.044575091387493014
lo_over_at,0.015050669906388085,0.015050669906388085,0.04458524321731929
recch_over_ceq,-0.015048140735242984,0.015048140735242984,0.04462108688883195
dxd2_over_lt_d,-0.015047458506903344,0.015047458506903344,0.04463075966015363
txdi_d_over_act,0.015046977713555712,0.015046977713555712,0.0446375775078589
do_d_over_at,-0.015045984959386183,0.015045984959386183,0.044651657950750344
lo_pd_minus_pd_dltt,0.015041501104157917,0.015041501104157917,0.044715300102580534
lt_over_seq_d,-0.015038627040168007,0.015038627040168007,0.04475613370798063
dvt_over_lct,-0.015034095960001246,0.015034095960001246,0.0448205734400984
reuna_pd_minus_pd_seq,0.015033652940188293,0.015033652940188293,0.04482687813881696
lcox_d_over_lt,-0.015032953166856544,0.015032953166856544,0.04483683826910002
icapt_over_invt,-0.015032705267614644,0.015032705267614644,0.044840367157517255
pstkn_d_over_ceq,-0.015032588205456544,0.015032588205456544,0.04484203363892262
cstk_over_cogs_d,-0.01502759415560826,0.01502759415560826,0.044913176931945666
dcvt_over_emp_d,-0.015026218476838507,0.015026218476838507,0.04493279102897158
xopr_over_lt_d,0.015025648200421418,0.015025648200421418,0.044940924010402894
fate_pd_minus_pd_emp,0.015021444840799744,0.015021444840799744,0.045000908409567754
emp_d_over_emp,-0.015010172019437568,0.015010172019437568,0.045162111536543786
emp_pd,-0.015010172019437565,0.015010172019437565,0.045162111536543786
txdi_over_sale_d,0.015006417283040956,0.015006417283040956,0.04521591282081672
txndbl_over_ppent,-0.015006190619017644,0.015006190619017644,0.04521916239792886
fatc_over_mktcap_d,-0.015004813315965914,0.015004813315965914,0.045238912386534734
xi_over_lct_d,0.01500283075421301,0.01500283075421301,0.04526735431466751
ap_over_at_pd,-0.01499822476632086,0.01499822476632086,0.04533349023218258
aox_over_lt_pd,-0.014995274358378503,0.014995274358378503,0.04537589697935133
seq_over_ceq_pd,-0.014994597521356512,0.014994597521356512,0.045385629993436184
txndba_d_over_xsga,0.014985370239810275,0.014985370239810275,0.04551849522782008
xsga_over_cogs_pd,-0.014982399087718307,0.014982399087718307,0.04556134706254548
re_over_lct_pd,0.01497260595918147,0.01497260595918147,0.045702830495945986
ceql_d_over_xsga,0.014967990400064858,0.014967990400064858,0.045769640698347054
txfed_d_over_icapt,0.014966342361015732,0.014966342361015732,0.04579351598248149
sstk_over_ppent_d,-0.014965660354435773,0.014965660354435773,0.045803399339425566
ppeveb_over_cogs_d,-0.014964876289010746,0.014964876289010746,0.045814763911103264
xopr_over_at_pd,0.01496281206584449,0.01496281206584449,0.04584469498239513
txr_over_invt,0.014962351596104748,0.014962351596104748,0.04585137400334318
invrm_d_over_emp,0.014954371894537159,0.014954371894537159,0.045967248204178794
dxd2_over_emp_d,-0.014948211136547965,0.014948211136547965,0.046056877927528425
dd2_pd_minus_pd_act,-0.014948203656003089,0.014948203656003089,0.046056986847550975
ni_pd_minus_pd_invt,0.01494199345882956,0.01494199345882956,0.04614748492069749
pi_pd_minus_pd_at,0.014940615453156383,0.014940615453156383,0.04616758618826354
dc_d_over_lt,-0.01493856797388378,0.01493856797388378,0.046197466827309776
ppent_d_over_sale,0.014931612556776629,0.014931612556776629,0.04629909489600596
cstkcv_over_ppent,-0.014929001235289611,0.014929001235289611,0.04633729840721053
rect_over_ppent,-0.014927713209566443,0.014927713209566443,0.04635615193422186
am_over_cogs,-0.01492722714019286,0.01492722714019286,0.046363268471844396
intan_d_over_seq,-0.014921854390607817,0.014921854390607817,0.046441992139010624
dltp_d_over_lct,0.014921069277263836,0.014921069277263836,0.04645350534931414
xint_d_over_lt,-0.014920598124262737,0.014920598124262737,0.04646041567528465
ceqt_over_at_pd,0.014917466965330025,0.014917466965330025,0.046506361870270276
capxv_over_sale_pd,-0.014914296310170948,0.014914296310170948,0.04655292659192575
dpvieb_d_over_ppent,-0.014910552258063299,0.014910552258063299,0.04660796282744539
cstkcv_pd_minus_pd_mktcap,0.01490916349022929,0.01490916349022929,0.0466283911388014
ppegt_d_over_lt,0.01490746772320456,0.01490746772320456,0.04665334552303575
dm_d_over_sale,-0.014906900250902546,0.014906900250902546,0.04666169877964687
dxd2_over_lct,0.014904602412865117,0.014904602412865117,0.04669553608384103
xsga_pd,-0.014902229118974628,0.014902229118974628,0.0467305062032379
xsga_d_over_xsga,-0.014902229118974621,0.014902229118974621,0.0467305062032379
ivao_over_at,-0.014899330356476276,0.014899330356476276,0.04677324891484236
emp_over_ppent_pd,-0.014898363144084461,0.014898363144084461,0.04678751793170676
txt_d_over_invt,0.014895228409612448,0.014895228409612448,0.046833788976242414
sppiv_over_act_d,-0.01489238620494913,0.01489238620494913,0.04687577533344111
intan_pd_minus_pd_ceq,-0.014889097521990372,0.014889097521990372,0.04692439678967507
dd2_pd_minus_pd_lt,-0.014888985916368547,0.014888985916368547,0.04692604756443913
fate_d_over_xsga,0.014887892142987687,0.014887892142987687,0.046942228309159
reuna_pd_minus_pd_act,0.014887234570960006,0.014887234570960006,0.04695195836481509
ppegt_over_cogs_d,-0.014885971255617102,0.014885971255617102,0.046970656330522255
aoloch_over_sale,0.014878404289895503,0.014878404289895503,0.04708278397805905
capx_pd_minus_pd_emp,-0.01487070929861078,0.01487070929861078,0.04719703951509165
dd2_pd_minus_pd_icapt,-0.014870020366370956,0.014870020366370956,0.047207280171583675
che_d_over_emp,-0.014867830740204601,0.014867830740204601,0.047239840352119006
wcap_d_over_lt,-0.014866472926253847,0.014866472926253847,0.04726004080344109
txfo_over_act_d,0.014862639836305295,0.014862639836305295,0.0473171055987525
oancf_over_icapt_pd,0.014860393211334543,0.014860393211334543,0.047350578957621105
dcpstk_over_lt_d,-0.01485930866479894,0.01485930866479894,0.047366745172548054
gdwl_over_xsga,-0.014857624561670231,0.014857624561670231,0.04739185755659425
ds_over_sale,0.014852505256312251,0.014852505256312251,0.04746826245817222
ao_d_over_ppent,-0.01485092484184719,0.01485092484184719,0.047491870828844394
dd2_over_at_d,-0.01484756422391522,0.01484756422391522,0.04754210484991644
cld4_d_over_mktcap,0.014847449308041757,0.014847449308041757,0.04754382338496812
dcvsub_over_lt_d,-0.014842780002492478,0.014842780002492478,0.04761369573965588
do_over_at_d,-0.01484215997733446,0.01484215997733446,0.047622980399952206
niadj_pd_minus_pd_dltt,0.014840347245717199,0.014840347245717199,0.04765013415258344
capxv_pd_minus_pd_emp,-0.014837398175928534,0.014837398175928534,0.04769433745255427
act_over_xsga_pd,-0.014824810047643945,0.014824810047643945,0.0478834073334622
xpr_over_sale,-0.014814726056368412,0.014814726056368412,0.04803531983510354
sppe_d_over_seq,0.014809543841798146,0.014809543841798146,0.04811354583273803
txr_over_lt,0.014800774723060302,0.014800774723060302,0.04824616024271754
oiadp_over_seq_pd,0.014797350430730717,0.014797350430730717,0.048298028726593153
aox_over_at_pd,-0.01479064380031991,0.01479064380031991,0.04839975118653875
lt_d_over_dltt,-0.014789015089029734,0.014789015089029734,0.04842448171390003
txdfed_over_mktcap_d,0.014781867091655746,0.014781867091655746,0.048533143198270845
niadj_over_mktcap_pd,0.014778015401209668,0.014778015401209668,0.04859178015809239
dc_over_mktcap,0.014770164772724999,0.014770164772724999,0.048711479924820195
pstkl_over_mktcap_d,-0.01476791515196561,0.01476791515196561,0.048745825843268926
dudd_d_over_sale,-0.014767550925206646,0.014767550925206646,0.04875138856015877
txo_d_over_mktcap,-0.014766098157147549,0.014766098157147549,0.04877358151666946
niadj_over_emp_pd,0.014756814952327519,0.014756814952327519,0.04891559510344307
niadj_over_at_pd,0.01475603641526433,0.01475603641526433,0.048927520847465884
emp_pd_minus_pd_mktcap,0.014754173225725097,0.014754173225725097,0.04895607136487469
fate_d_over_lct,0.014749993383668057,0.014749993383668057,0.04902017189643347
invo_over_sale_d,0.01473847234329697,0.01473847234329697,0.04919721910675372
ni_pd_minus_pd_cogs,0.014738437151000535,0.014738437151000535,0.04919776073798632
sppe_over_sale,0.01473817463847255,0.01473817463847255,0.04920180112617005
dltp_d_over_act,0.014729621479145916,0.014729621479145916,0.04933359708429861
txp_over_invt,-0.014726162720166816,0.014726162720166816,0.04938697727098008
ppeveb_d_over_lt,0.014724715237613883,0.014724715237613883,0.04940933113188354
rdip_over_lt_d,-0.014722717561981465,0.014722717561981465,0.049440195711481456
lifr_over_xsga_d,0.014714736319698536,0.014714736319698536,0.04956366929881425
aco_d_over_at,-0.014713334520746987,0.014713334520746987,0.049585382470563925
dpc_pd_minus_pd_at,0.014707825668228529,0.014707825668228529,0.04967078916425269
fopo_over_dltt,-0.014707773634663725,0.014707773634663725,0.04967159645625628
at_over_seq_d,-0.014707360648855677,0.014707360648855677,0.04967800425184589
lse_over_seq_d,-0.014707360648855677,0.014707360648855677,0.04967800425184589
ebitda_over_cogs_pd,0.014700208042361837,0.014700208042361837,0.04978909251389787
oibdp_over_cogs_pd,0.014700208042361837,0.014700208042361837,0.04978909251389787
ebit_over_seq_pd,0.014695491771597237,0.014695491771597237,0.04986245555552299
ppegt_over_dltt_d,0.014692614942745574,0.014692614942745574,0.049907250000672504
txdfed_d_over_cogs,0.014683816828462891,0.014683816828462891,0.0500444528467685
dcvt,-0.014682814419234228,0.014682814419234228,0.050060105037437734
mib_over_icapt,0.014682532385862515,0.014682532385862515,0.050064509607350295
sppiv_d_over_icapt,-0.014679506930209368,0.014679506930209368,0.050111779172547895
dltis_over_mktcap_d,-0.014676340763835208,0.014676340763835208,0.05016128724891466
esubc_over_at_d,0.014675688225082154,0.014675688225082154,0.05017149582978648
ivaco_over_dltt,0.014667546686944201,0.014667546686944201,0.050299011817951614
cld4_over_cogs_d,0.014666552640239553,0.014666552640239553,0.050314599559094286
txfed_d_over_sale,0.014664737117938574,0.014664737117938574,0.05034307938590817
cld5_d_over_xsga,0.014663756125503016,0.014663756125503016,0.05035847368838236
txdbca_over_sale,0.01465957854191727,0.01465957854191727,0.050424074928121544
pstk_over_lct,-0.014653846141656966,0.014653846141656966,0.050514208221378365
ceql_over_ceq_d,0.014650959176961029,0.014650959176961029,0.0505596524441499
txdi_over_lct,0.014649171226086806,0.014649171226086806,0.05058781406661993
ap_pd_minus_pd_sale,-0.014649097115853434,0.014649097115853434,0.05058898164424485
reajo_d_over_cogs,0.014648954087091213,0.014648954087091213,0.05059123507005866
pifo_over_emp,0.014647942847270981,0.014647942847270981,0.05060716960670814
dm_pd_minus_pd_dltt,0.014641557139986333,0.014641557139986333,0.05070788904830403
invfg_d_over_seq,-0.014639115052675216,0.014639115052675216,0.050746451563903464
rdip_over_emp_d,-0.01463801193682831,0.01463801193682831,0.0507638786992511
txt_over_sale,0.014636167903693783,0.014636167903693783,0.050793022114211564
aox_over_ceq_pd,-0.014631664733669763,0.014631664733669763,0.050864249882205385
ppent_d_over_icapt,0.014627794094876056,0.014627794094876056,0.05092553957925811
dclo_over_dltt_d,0.014626151114769129,0.014626151114769129,0.050951574067511725
aco_d_over_ppent,-0.014625846823664832,0.014625846823664832,0.05095639705508485
ds_over_xsga,0.014623478011840742,0.014623478011840742,0.050993955590451584
ppeveb_over_dltt_d,0.014623150271926776,0.014623150271926776,0.0509991538734949
fatp_over_at_d,0.014621694737188436,0.014621694737188436,0.051022245472730966
dxd2_over_act,0.014619122079155767,0.014619122079155767,0.05106308129278175
nopio_pd_minus_pd_at,0.014619094599442153,0.014619094599442153,0.051063517626150336
dd2_pd_minus_pd_seq,-0.014618011112225202,0.014618011112225202,0.0510807241375755
ao_over_invt,-0.014614347097627708,0.014614347097627708,0.051138947143072495
cstk_over_lt_d,-0.014611215522065617,0.014611215522065617,0.05118875345669715
dvt_d_over_dltt,0.014609586573061615,0.014609586573061615,0.05121467721681082
pi_pd_minus_pd_act,0.014597493031661479,0.014597493031661479,0.051407482672034134
xpr_over_sale_pd,-0.014594986414902143,0.014594986414902143,0.051447521190721185
cogs_d_over_sale,-0.01458991270369645,0.01458991270369645,0.05152864412814857
tlcf_over_mktcap_pd,-0.014589505585418083,0.014589505585418083,0.05153515812851759
dvp_over_emp,-0.014588853747869815,0.014588853747869815,0.051545589137050984
act_over_invt_pd,-0.01458447296864113,0.01458447296864113,0.051615738258099876
pstkn_d_over_emp,-0.014581270197336932,0.014581270197336932,0.05166707455434074
rect_pd_minus_pd_emp,-0.01457543101752403,0.01457543101752403,0.05176077902987698
mrc3_d_over_dltt,-0.014571363437454098,0.014571363437454098,0.051826137672405216
xsga_over_seq,-0.014570525336612735,0.014570525336612735,0.051839613009490214
ao_over_xsga_pd,-0.014561742934304909,0.014561742934304909,0.051980996529923815
txdb_over_invt_d,-0.014560054909015427,0.014560054909015427,0.052008208128953126
ni_over_act_pd,0.0145598247506404,0.0145598247506404,0.05201191929090599
ds_over_seq_d,-0.014559632228272555,0.014559632228272555,0.05201502376556799
dlc_over_cogs_d,-0.014559238900243406,0.014559238900243406,0.052021366766989444
xint_over_cogs_d,-0.014551882180028317,0.014551882180028317,0.05214012412275905
dv_over_invt,-0.014549298444468681,0.014549298444468681,0.0521818863609027
dp_pd_minus_pd_icapt,0.014543924638398521,0.014543924638398521,0.05226883553057004
mrc2_over_act_d,0.014536430302631156,0.014536430302631156,0.05239029751711335
itci,-0.014534487223416574,0.014534487223416574,0.052421827830654015
nopio_over_seq,0.01453000223023168,0.01453000223023168,0.052494666313330204
recco,0.014529317893101974,0.014529317893101974,0.05250578771907625
fatl_pd_minus_pd_emp,-0.014528265043175585,0.014528265043175585,0.05252290180330646
ivaeq_over_seq,0.014521327982084197,0.014521327982084197,0.05263578040696178
sppe_over_ppent,0.014519173177938991,0.014519173177938991,0.052670884237081404
seq_over_mktcap_d,0.014518978319706673,0.014518978319706673,0.05267405962944363
pstk_over_sale,-0.014513617586549064,0.014513617586549064,0.05276148042814425
pi_over_mktcap_pd,0.014504841798258556,0.014504841798258556,0.0529048543561437
aox_over_invt_pd,-0.014503655052407454,0.014503655052407454,0.052924267712375773
dltp_over_ppent,-0.014503458798799152,0.014503458798799152,0.052927478696256754
aox_over_dltt,-0.01450251691116509,0.01450251691116509,0.05294289156245293
txdc_over_at,0.014499993821115583,0.014499993821115583,0.05298419739694583
ivaeq_over_at,0.014498516421239708,0.014498516421239708,0.053008396598745504
ivaeq_over_dltt_d,-0.014497895501546986,0.014497895501546986,0.05301856976334035
ebitda_pd_minus_pd_invt,0.014495966615954016,0.014495966615954016,0.05305018308057257
oibdp_pd_minus_pd_invt,0.014495966615954016,0.014495966615954016,0.05305018308057257
recta_over_cogs,0.0144900111157829,0.0144900111157829,0.05314788966769726
dxd4_d_over_mktcap,0.014479167578377718,0.014479167578377718,0.053326175961565164
re_over_cogs_pd,0.014478170850664794,0.014478170850664794,0.0533425889069281
sppiv_d_over_emp,-0.014477740852003712,0.014477740852003712,0.053349670924148634
dcvsr_over_act_d,-0.014476530012566022,0.014476530012566022,0.053369617497755845
xrd_pd,-0.014472563829625903,0.014472563829625903,0.053434997408861366
oiadp_over_ceq_pd,0.014468789003268754,0.014468789003268754,0.05349728504201914
dvp_over_cogs,-0.014465888338723608,0.014465888338723608,0.05354518949531665
intan_pd_minus_pd_act,-0.014464779734092683,0.014464779734092683,0.05356350755066276
acox_pd_minus_pd_lt,0.01446412564497789,0.01446412564497789,0.05357431786209559
caps_over_lct_pd,-0.014453352671679283,0.014453352671679283,0.05375262800956392
dilavx_pd_minus_pd_xsga,0.014452948747815768,0.014452948747815768,0.05375932322784605
ao_pd_minus_pd_act,-0.01445217686451412,0.01445217686451412,0.053772119474294174
nopio,0.014451632600748238,0.014451632600748238,0.05378114378279383
dltp_over_ppent_d,0.014451609955047968,0.014451609955047968,0.053781519293177066
chech_d_over_seq,-0.014448837390369762,0.014448837390369762,0.0538275104255566
ibcom_pd_minus_pd_xsga,0.014444365671880267,0.014444365671880267,0.05390175618776831
pstkrv_over_emp,-0.014443791245271563,0.014443791245271563,0.053911299818987714
xint_pd_minus_pd_ppent,-0.014442908366518136,0.014442908366518136,0.05392597088154866
txdbca_over_at_d,-0.014442504840421793,0.014442504840421793,0.05393267750591259
mrc4_over_mktcap,0.014442308914622703,0.014442308914622703,0.05393593405376921
lse_over_emp,0.0144415684141702,0.0144415684141702,0.05394824364038806
at_over_emp,0.0144415684141702,0.0144415684141702,0.05394824364038806
lse_over_seq_pd,-0.014438318002670257,0.014438318002670257,0.05400230405584543
at_over_seq_pd,-0.014438318002670257,0.014438318002670257,0.05400230405584543
dxd5_over_at,0.014435789193837215,0.014435789193837215,0.05404439413397529
caps_pd,-0.014434718166737602,0.014434718166737602,0.05406222880749891
nopio_pd_minus_pd_lct,0.014432445358062295,0.014432445358062295,0.054100091740052654
txditc_over_invt_d,-0.01443222095405337,0.01443222095405337,0.0541038313074305
txpd_over_sale_d,0.014430385741049014,0.014430385741049014,0.05413442220256506
esubc_d_over_act,0.01442797795014383,0.01442797795014383,0.05417457920308905
dcvsr_d_over_at,-0.014426362802051285,0.014426362802051285,0.05420153047815797
ceqt_over_lct,-0.014426099180707187,0.014426099180707187,0.05420593047492351
xidoc_over_dltt_d,-0.014425097522201986,0.014425097522201986,0.05422265146776226
intan_pd_minus_pd_seq,-0.014424633689282772,0.014424633689282772,0.054230395830752745
invt_over_lt_pd,0.01442306571913574,0.01442306571913574,0.05425658219870175
mrc2_d_over_lt,-0.014419303122024147,0.014419303122024147,0.05431946364543286
pi_over_icapt_pd,0.014418960048666683,0.014418960048666683,0.05432520019500391
ch_over_sale_pd,-0.014418615900588443,0.014418615900588443,0.05433095522283345
aco_over_dltt,-0.014417339912070483,0.014417339912070483,0.0543522974229048
dxd5_over_icapt,0.01441519550842875,0.01441519550842875,0.054388180498964205
recch_over_mktcap_d,-0.014414363875318937,0.014414363875318937,0.0544021018315952
pstk_over_dltt,-0.014403778096549752,0.014403778096549752,0.054579565030532726
ceqt_pd_minus_pd_at,0.014399783785711351,0.014399783785711351,0.05464665220969845
dcvsub_over_cogs_d,-0.014396750503153317,0.014396750503153317,0.05469764419234586
dd1_over_dltt_d,0.014396262717991342,0.014396262717991342,0.05470584796579457
dvp_over_seq,-0.014394560537588908,0.014394560537588908,0.05473448398109977
ivncf_over_ppent_d,0.014391253296070262,0.014391253296070262,0.05479015789801632
niadj_over_icapt_pd,0.014390054359359179,0.014390054359359179,0.05481035238938331
ebit_over_ceq_pd,0.014387103926889772,0.014387103926889772,0.05486007492362437
fatl_d_over_xsga,-0.014382436332696806,0.014382436332696806,0.054938812950988875
spi_over_xsga,0.014379710588082417,0.014379710588082417,0.054984837318851454
fate_over_emp_pd,0.014377644423395227,0.014377644423395227,0.05501974605193549
dltt_over_xsga_d,-0.014376217924089588,0.014376217924089588,0.05504385814549827
dvc_over_mktcap_d,-0.014371759640773642,0.014371759640773642,0.05511927322556387
txo_over_lct_d,-0.01436798696542137,0.01436798696542137,0.05518315801191321
fiao_over_act,-0.01435873065183585,0.01435873065183585,0.05534016176267768
dltis_over_icapt,0.014358663825981884,0.014358663825981884,0.05534129660155883
txndb_over_sale,-0.014344796734520267,0.014344796734520267,0.05557720792852069
pstkrv_over_act,-0.014344703128699085,0.014344703128699085,0.05557880322267583
xopr_over_seq_d,0.014343088393096568,0.014343088393096568,0.05560632865243111
dcvt_over_lt_d,-0.014337940645091677,0.014337940645091677,0.0556941550509441
siv_over_mktcap,-0.014334577148016956,0.014334577148016956,0.055751602506041345
ch_over_sale_d,0.01432814768965979,0.01432814768965979,0.05586155295586439
lcox_over_cogs_d,-0.01432388577084488,0.01432388577084488,0.05593453570577064
invo_over_xsga_d,0.014322744601844505,0.014322744601844505,0.0559540909985296
ni_over_ppent_pd,0.014321639572558194,0.014321639572558194,0.05597303241978676
ao_pd_minus_pd_cogs,-0.01431393500693231,0.01431393500693231,0.056105245632333205
mrc3_over_icapt,-0.014313382242467322,0.014313382242467322,0.05611474126529044
pstkrv_over_lct,-0.014311250249518463,0.014311250249518463,0.056151378119766664
fopo_over_xsga_d,-0.014309563980447512,0.014309563980447512,0.056180369615089
dd2_over_ppent,-0.014309488224876458,0.014309488224876458,0.05618167234933208
aox_over_mktcap_pd,-0.014302413668947578,0.014302413668947578,0.056303441176626015
lco_d_over_sale,-0.014296603706447631,0.014296603706447631,0.05640360777788457
oancf_over_at_pd,0.01429500123406064,0.01429500123406064,0.05643126127090888
ibcom_over_ceq_d,0.0142876516871818,0.0142876516871818,0.056558235298929484
ceql_over_ppent_d,-0.014287633590593008,0.014287633590593008,0.056558548236821445
dd1_over_act,0.014284683470032165,0.014284683470032165,0.0566095828947694
pstkl_over_act,-0.014284186547040213,0.014284186547040213,0.05661818302370498
reuna_pd_minus_pd_mktcap,0.014280268901736672,0.014280268901736672,0.05668602286910546
niadj_pd_minus_pd_seq,0.014279211522190685,0.014279211522190685,0.056704344553391656
xpr_over_invt,-0.014278654449245521,0.014278654449245521,0.056713999185080716
esub_d_over_dltt,-0.014278093872760723,0.014278093872760723,0.0567237159173405
gdwl_d_over_invt,-0.014277345435758603,0.014277345435758603,0.056736691082413665
rectr_pd_minus_pd_xsga,-0.014274603553838146,0.014274603553838146,0.05678424640215934
ceql_over_ppent_pd,-0.014274470795133712,0.014274470795133712,0.05678654981645171
do_d_over_ceq,-0.014273725525198077,0.014273725525198077,0.05679948197808671
oiadp_over_act_d,0.01427283304519507,0.01427283304519507,0.05681497179988852
np_over_ppent,-0.014272076790065053,0.014272076790065053,0.056828100062856046
gdwl_over_sale_pd,-0.014270697878127762,0.014270697878127762,0.05685204387598139
cstk_over_at_pd,-0.01427047792398606,0.01427047792398606,0.05685586399740457
cstkcv_pd_minus_pd_emp,0.014269027164361937,0.014269027164361937,0.05688106586279213
intan_over_icapt_pd,-0.014265736024544876,0.014265736024544876,0.056938272343348875
dd2_over_lt,0.01426367563152749,0.01426367563152749,0.05697411038019825
txdi_over_lt_d,0.014259733857887286,0.014259733857887286,0.05704272503989442
emp_over_seq,0.014255884150312871,0.014255884150312871,0.057109803432921685
cstkcv_over_seq_pd,-0.014254782065044005,0.014254782065044005,0.057129018553281334
invo_over_dltt,-0.014254700000173976,0.014254700000173976,0.05713044958901398
gdwl_over_lct_pd,-0.01425421516614273,0.01425421516614273,0.057138904665468754
recch_over_act_d,-0.014253141588207357,0.014253141588207357,0.05715763061842573
ceqt_over_ceq_pd,0.01424922345123672,0.01424922345123672,0.05722601628951792
dxd2_d_over_xsga,-0.014247502112809283,0.014247502112809283,0.057256081381340876
ni_over_seq_pd,0.014245676339278982,0.014245676339278982,0.05728798490268567
cstk_over_lt,-0.014245006552865792,0.014245006552865792,0.05729969243957396
cogs_over_lt_d,0.014240981370245596,0.014240981370245596,0.05737009256504869
lco_d_over_lt,-0.014238735926930349,0.014238735926930349,0.057409396432989555
xido_d_over_xsga,0.014237576689576079,0.014237576689576079,0.057429696293046124
re_pd_minus_pd_cogs,0.014235458659939203,0.014235458659939203,0.057466801354845616
pi_over_ceq_pd,0.014233745577181581,0.014233745577181581,0.057496826864264425
do_d_over_seq,-0.01423282200568219,0.01423282200568219,0.05751301987863039
wcap_d_over_lct,-0.014228881125180629,0.014228881125180629,0.05758215809883447
reajo_over_emp_d,0.01422405743822369,0.01422405743822369,0.05766687817466789
dilavx_d_over_at,0.014212925142383748,0.014212925142383748,0.05786279406655067
seq_over_emp_pd,-0.014211968028294822,0.014211968028294822,0.05787966399165831
nopi_over_cogs,-0.014209909931144737,0.014209909931144737,0.05791595349615529
fincf_d_over_lct,-0.014205010575006944,0.014205010575006944,0.05800241773337056
ibcom_d_over_emp,0.014197134489655323,0.014197134489655323,0.0581416403313192
oancf_over_seq_pd,0.014193151063990286,0.014193151063990286,0.05821215950017587
ivstch_d_over_ppent,0.014191037866521572,0.014191037866521572,0.05824959858205721
txdbcl_over_icapt_d,0.014190493025026842,0.014190493025026842,0.058259254668840764
intc_d_over_mktcap,0.01418615329751013,0.01418615329751013,0.05833621403886216
reuna_pd_minus_pd_ceq,0.014186104921694065,0.014186104921694065,0.05833707239613197
ppent_d_over_mktcap,0.014184083669528221,0.014184083669528221,0.058372945902430674
ppent_d_over_lct,0.01418178020213017,0.01418178020213017,0.05841385054735767
dpvieb_pd_minus_pd_ceq,0.014178558335045402,0.014178558335045402,0.058471103938442244
dpc_over_cogs_d,0.014173239460674161,0.014173239460674161,0.05856572365382424
mib_over_at,0.014171201717990222,0.014171201717990222,0.05860200759738577
recco_d_over_seq,0.014170538567546926,0.014170538567546926,0.058613819645993624
niadj_pd_minus_pd_at,0.014170322498461514,0.014170322498461514,0.05861766869976099
dcvsr_d_over_icapt,-0.01416834447694714,0.01416834447694714,0.058652914923404395
xi_d_over_lct,0.014166734924941929,0.014166734924941929,0.058681608399876406
xrent_over_xsga_d,0.014162238349890582,0.014162238349890582,0.058761830594208204
sale_d_over_at,0.014161207783735993,0.014161207783735993,0.0587802294700201
revt_d_over_at,0.014161207783735993,0.014161207783735993,0.0587802294700201
ebit_over_act_d,0.014161168031477586,0.014161168031477586,0.058780939269762925
am_over_xsga,-0.014159039096329703,0.014159039096329703,0.0588189630446428
gdwl_d_over_emp,-0.01415810923860351,0.01415810923860351,0.058835577143625736
esubc_over_sale,-0.014158050293602328,0.014158050293602328,0.058836630466250664
dcvsub_d_over_icapt,-0.014155360048144328,0.014155360048144328,0.05888472069730251
txc_over_dltt_d,0.014149453099411468,0.014149453099411468,0.05899042649082125
pstkn_d_over_act,-0.01414637037100032,0.01414637037100032,0.059045654930575064
dp_over_mktcap_d,0.014143517220647207,0.014143517220647207,0.05909680861373653
mib_over_ppent_d,0.014143255817001573,0.014143255817001573,0.05910149711728851
dlto_over_mktcap_d,-0.01414160022842283,0.01414160022842283,0.05913119871986986
intan_pd_minus_pd_icapt,-0.014139389850767943,0.014139389850767943,0.059170872663429054
txt_over_act,0.014138610540185977,0.014138610540185977,0.05918486573139058
fatl_d_over_dltt,-0.014138237796697858,0.014138237796697858,0.0591915595729309
ivstch_over_dltt,-0.01413356701160293,0.01413356701160293,0.059275492237109505
pstkl_over_emp,-0.01413305152713357,0.01413305152713357,0.05928476139299629
dltp_over_dltt,0.014129288091748175,0.014129288091748175,0.05935246985274547
dpc_d_over_lt,0.014126359000639039,0.014126359000639039,0.0594052119075534
recco_over_ceq,0.014124105674059998,0.014124105674059998,0.059445812411552355
txdfed_over_lt,0.014119520293048821,0.014119520293048821,0.059528503032965974
tlcf_pd_minus_pd_emp,-0.01411288908698555,0.01411288908698555,0.059648255873111594
fate_over_icapt_d,0.014110528219568074,0.014110528219568074,0.059690938946007355
lco_pd_minus_pd_mktcap,0.01410071986365925,0.01410071986365925,0.05986853951461171
fatb_over_sale,0.014098772863466873,0.014098772863466873,0.05990384605646419
cstkcv_d_over_dltt,0.014097325194842279,0.014097325194842279,0.059930109002488234
mrc5_over_dltt,-0.014081019885679539,0.014081019885679539,0.06022657244177354
rect_d_over_cogs,-0.014078458414677524,0.014078458414677524,0.060273255466271256
rect_over_emp_pd,-0.01407755816495699,0.01407755816495699,0.06028966971510144
pstk_over_act,-0.014076433643232272,0.014076433643232272,0.060310178319144
pi_over_seq_pd,0.01407545825092409,0.01407545825092409,0.060327971839974105
ivncf_over_sale_d,-0.01407524183284233,0.01407524183284233,0.06033192042035016
dvp_over_ceq_d,0.014074639062474949,0.014074639062474949,0.06034291918538721
fatp_over_icapt_d,0.014063815746533825,0.014063815746533825,0.060540695499368295
ibadj_pd_minus_pd_xsga,0.014060105141326456,0.014060105141326456,0.06060862355618654
txdi_over_lt,0.014059518227947897,0.014059518227947897,0.06061937364687691
mrc3_over_dltt_d,0.014057287233921228,0.014057287233921228,0.0606602516564906
acox_d_over_dltt,-0.014051366360684044,0.014051366360684044,0.06076884926389743
aco_d_over_sale,-0.01405126256689099,0.01405126256689099,0.06077075443184985
revt_d_over_lct,0.014050944223015182,0.014050944223015182,0.06077659804317505
sale_d_over_lct,0.014050944223015182,0.014050944223015182,0.06077659804317505
nopio_pd_minus_pd_sale,0.014048725894427185,0.014048725894427185,0.060817331244018946
lo_over_sale_d,-0.014044663839417328,0.014044663839417328,0.06089197778317039
dilavx_over_ceq_d,0.014042762283208495,0.014042762283208495,0.060926947889936474
ppent_pd_minus_pd_mktcap,0.014041250740084422,0.014041250740084422,0.06095475742252746
pstk_d_over_mktcap,-0.014040167799503398,0.014040167799503398,0.060974687943930815
dltt_d_over_ppent,-0.014032521137789104,0.014032521137789104,0.06111557136687971
dxd2_over_lct_d,-0.014030714676949857,0.014030714676949857,0.06114889325310071
donr_over_lt,0.014021713885501438,0.014021713885501438,0.06131514572922236
pstkc_over_sale,-0.014017812436297544,0.014017812436297544,0.061387325089221095
ivao_over_lct,-0.014013611795588564,0.014013611795588564,0.06146511832349046
invo_over_cogs_d,0.014010867073903468,0.014010867073903468,0.06151599292344745
lct_over_mktcap_d,0.014010247845690781,0.014010247845690781,0.06152747540356556
dcvsub_d_over_lct,-0.014009091704157643,0.014009091704157643,0.06154891873026591
ni_pd_minus_pd_ppent,0.014003720241344752,0.014003720241344752,0.061648626126448294
aox_over_seq_pd,-0.014001124514153012,0.014001124514153012,0.06169685702196166
ivch_d_over_invt,0.013999959488119693,0.013999959488119693,0.06171851438321709
rectr_over_emp_pd,-0.013997997669300766,0.013997997669300766,0.06175499801799616
ivch_over_dltt_d,-0.01399766535000166,0.01399766535000166,0.0617611798750517
ni_over_invt_pd,0.013997650238010431,0.013997650238010431,0.06176146100291809
ni_over_ceq_pd,0.013982198764297649,0.013982198764297649,0.06204945890280608
ni_pd_minus_pd_xsga,0.01397964432475242,0.01397964432475242,0.06209717761514967
xint_over_lt_d,-0.013979493267534648,0.013979493267534648,0.06210000041989049
mrc1_over_mktcap_d,0.013979140207658683,0.013979140207658683,0.062106598460346864
intan_over_lt_pd,-0.013975326333064308,0.013975326333064308,0.062177909749213466
txdi_over_mktcap,0.013974541102251374,0.013974541102251374,0.06219260028983188
invrm_over_ceq_d,0.01397439502757048,0.01397439502757048,0.06219533345402233
txt_over_cogs_d,0.013971006674733909,0.013971006674733909,0.06225875990524263
dvc_over_dltt,-0.013965403753840195,0.013965403753840195,0.06236375815716198
acchg_over_at_d,0.013957951749207843,0.013957951749207843,0.06250363498078827
fiao_over_dltt,-0.01395762125743695,0.01395762125743695,0.06250984443456431
dxd3_over_ceq,0.013955464031908157,0.013955464031908157,0.06255038805997465
dd1_pd_minus_pd_invt,-0.013954007912545585,0.013954007912545585,0.06257776715051218
donr_over_invt,0.013952637012675073,0.013952637012675073,0.06260355293411436
txc_over_cogs_d,0.013949501240588122,0.013949501240588122,0.06266256791366964
ao_over_dltt_d,-0.0139456577522914,0.0139456577522914,0.06273496479202006
mrc1_over_icapt,-0.013941647053842772,0.013941647053842772,0.06281058500164552
dpc_over_lt_d,0.013938536176177501,0.013938536176177501,0.06286929130969374
mib_over_at_d,0.013934772000973056,0.013934772000973056,0.06294038683360652
oibdp_over_ppent_d,0.013934608116031493,0.013934608116031493,0.06294348370495466
ebitda_over_ppent_d,0.013934608116031493,0.013934608116031493,0.06294348370495466
drlt_over_xsga,-0.013933133341789177,0.013933133341789177,0.06297135761938531
do_d_over_dltt,-0.01393213188953302,0.01393213188953302,0.06299029134570655
niadj_pd_minus_pd_act,0.013928294256890182,0.013928294256890182,0.06306289023394106
wcap_over_ceq_d,-0.013919853157171903,0.013919853157171903,0.0632228191447144
dd1_over_invt_pd,-0.013919811686414348,0.013919811686414348,0.06322360569512542
invrm_d_over_icapt,0.013919489814128437,0.013919489814128437,0.06322971072421751
txdfo_over_ceq_d,-0.013918215539700986,0.013918215539700986,0.06325388497603698
intpn_d_over_emp,0.013917102354110185,0.013917102354110185,0.06327500946234803
gp_over_xsga_pd,0.013915529534702592,0.013915529534702592,0.0633048661760711
lct_over_ppent_d,-0.013914699489643747,0.013914699489643747,0.06332062755187012
che_d_over_sale,0.013914353360849126,0.013914353360849126,0.0633272010035864
capxv_pd_minus_pd_xsga,-0.013913532446789072,0.013913532446789072,0.06334279352111524
ao_pd_minus_pd_sale,-0.013908940318822087,0.013908940318822087,0.06343007533976694
che_over_ceq_d,-0.013901429641036626,0.013901429641036626,0.06357304369968841
chech_d_over_lct,-0.013899904240818405,0.013899904240818405,0.06360211272053315
ivao_d_over_cogs,0.013899265410847324,0.013899265410847324,0.06361428994242697
xsga_pd_minus_pd_seq,0.01389801759060598,0.01389801759060598,0.06363808114388972
seq_pd_minus_pd_xsga,-0.013898017590605969,0.013898017590605969,0.06363808114388972
reuna_pd_minus_pd_lct,0.01389606202591446,0.01389606202591446,0.06367538113332973
ni_over_seq_d,0.013891872724764952,0.013891872724764952,0.06375534767677703
lcox_pd_minus_pd_dltt,0.01388760771923841,0.01388760771923841,0.0638368444731911
invfg_d_over_sale,-0.013886515449444262,0.013886515449444262,0.06385772967084284
ibadj_d_over_at,0.013883937563432393,0.013883937563432393,0.06390704358478175
dxd5_over_lt,0.013883688524330008,0.013883688524330008,0.063911809267137
pstkn_d_over_ppent,-0.01388361989872668,0.01388361989872668,0.06391312255757546
dcvt_d_over_lt,-0.013883476391707877,0.013883476391707877,0.0639158689281518
cstkcv_over_sale,-0.013882110006784017,0.013882110006784017,0.063942023048927
prstkc_d_over_dltt,0.013876995039519923,0.013876995039519923,0.06404000766027465
dv_over_lt,-0.013871851768962397,0.013871851768962397,0.06413865943569069
txdi_over_cogs_d,0.013869655655602154,0.013869655655602154,0.06418082073854214
gdwl_d_over_sale,-0.013863492900808197,0.013863492900808197,0.06429925640303408
rectr_over_seq_pd,-0.013862921221676256,0.013862921221676256,0.06431025205582998
txditc_d_over_lct,0.013862169903902807,0.013862169903902807,0.06432470523110503
capx_pd_minus_pd_xsga,-0.013859479129969331,0.013859479129969331,0.06437648991663666
recch_over_at,-0.013857082362452257,0.013857082362452257,0.06442264533857213
txds_over_dltt,0.013850693157651537,0.013850693157651537,0.06454581803523643
recco_d_over_ceq,0.013847941970329092,0.013847941970329092,0.06459891594279527
do_over_ppent_d,-0.01384657146117855,0.01384657146117855,0.06462538021274868
xrent_over_emp_d,0.013846391928896437,0.013846391928896437,0.06462884760945727
recch_d_over_emp,0.013846374066318615,0.013846374066318615,0.06462919260675015
capx_over_lct_pd,-0.013843359438123579,0.013843359438123579,0.06468743881901924
nopio_pd_minus_pd_icapt,0.013841911389270132,0.013841911389270132,0.0647154322455209
tlcf_over_lt_pd,-0.013840418947895604,0.013840418947895604,0.06474429431930395
ibadj_over_ceq_d,0.013837161425436208,0.013837161425436208,0.0648073278899381
dn_d_over_seq,-0.013836752314684482,0.013836752314684482,0.06481524782451832
seq_d_over_lt,-0.013835685802042598,0.013835685802042598,0.06483589809145093
mib_over_emp_d,0.013830556154548776,0.013830556154548776,0.06493529633548946
ceqt_over_seq_d,0.013828067224112464,0.013828067224112464,0.06498357013066532
dltt_d_over_at,-0.013827014192632998,0.013827014192632998,0.06500400300446003
xint_over_act_pd,-0.013825794921830004,0.013825794921830004,0.06502766818264726
ppent_pd_minus_pd_icapt,0.013824567683879366,0.013824567683879366,0.06505149517311876
icapt_pd_minus_pd_ppent,-0.0138245676838793,0.0138245676838793,0.06505149517311876
txdb_d_over_lct,0.013823575031589489,0.013823575031589489,0.06507077291876152
re_pd_minus_pd_ppent,0.013821946055786065,0.013821946055786065,0.06510241855858363
pstkl_over_lct,-0.01381523836821829,0.01381523836821829,0.06523286062957741
mrc3_d_over_lt,-0.013813577127761682,0.013813577127761682,0.06526519947383311
txdba_d_over_dltt,0.013811122552957137,0.013811122552957137,0.06531300610455534
intc_d_over_ceq,0.013806140140080709,0.013806140140080709,0.06541013507674627
fate_over_emp_d,0.01380094098606775,0.01380094098606775,0.06551161622571042
esubc_over_mktcap,-0.013794606524998955,0.013794606524998955,0.0656354325570969
txfed_over_sale_d,0.013791979230605204,0.013791979230605204,0.06568684344351429
ivaeq_over_emp,0.013790703535127881,0.013790703535127881,0.06571181821620252
mii_d_over_xsga,0.013788697118905876,0.013788697118905876,0.06575111442028259
oancf_pd_minus_pd_at,0.013787641250067926,0.013787641250067926,0.06577180167386595
ni_over_act_d,0.013783008044311443,0.013783008044311443,0.06586264181331142
txpd_over_lt_d,0.013773037604217431,0.013773037604217431,0.06605847618906696
gp_over_seq_d,0.013772065620339603,0.013772065620339603,0.06607759304717108
dn_over_mktcap_d,-0.013769620992194585,0.013769620992194585,0.06612569383956339
txdc_d_over_lct,0.013768399259324778,0.013768399259324778,0.06614974360909077
xopr_d_over_emp,0.013768294348599292,0.013768294348599292,0.06615180910903976
cstkcv_over_icapt_d,-0.01376400729690248,0.01376400729690248,0.0662362587618351
icapt_d_over_lct,-0.013760433651772347,0.013760433651772347,0.06630672303710164
fatn_over_dltt,0.013757802555586767,0.013757802555586767,0.06635864181697276
capxv_over_lct_pd,-0.013754758504392277,0.013754758504392277,0.06641875111416888
fopo_over_sale_d,0.013752392842310158,0.013752392842310158,0.06646549557636279
do_over_mktcap_d,-0.01374548933009248,0.01374548933009248,0.06660206092560503
lo_over_seq_d,-0.013743826704997074,0.013743826704997074,0.06663498549587203
mrct_over_ceq_pd,-0.01374199684803814,0.01374199684803814,0.06667123721063509
chech_d_over_emp,-0.013735253687219205,0.013735253687219205,0.06680496772762508
txw_over_ceq,-0.01373381900694081,0.01373381900694081,0.06683344881274413
capxv_over_invt_d,0.013731431280883957,0.013731431280883957,0.06688087180110285
dcpstk_over_invt_d,-0.013728074194814631,0.013728074194814631,0.06694759424724453
lcox_d_over_lct,-0.013727287505223795,0.013727287505223795,0.06696323770964617
txo_d_over_invt,-0.013715962495416293,0.013715962495416293,0.06718877118458746
ceql_over_mktcap_pd,0.013709005032964421,0.013709005032964421,0.06732763627172082
txw,-0.013708988488837375,0.013708988488837375,0.0673279667598024
intan_over_ceq,-0.013702975374372395,0.013702975374372395,0.06744817412482086
mrc5_pd_minus_pd_dltt,0.01370132822801715,0.01370132822801715,0.06748113279966676
oiadp_over_act_pd,0.013697796317918473,0.013697796317918473,0.06755184943851798
capx_over_invt_d,0.013697645872668123,0.013697645872668123,0.06755486303790281
xopr_pd_minus_pd_ppent,0.013696521254476386,0.013696521254476386,0.06757739399726825
mrc1_pd_minus_pd_lt,0.01367820844117436,0.01367820844117436,0.0679451494624103
txpd_d_over_mktcap,0.013675163750811861,0.013675163750811861,0.0680064517975699
nopi_pd_minus_pd_ceq,0.013674506272520402,0.013674506272520402,0.06801969555127597
fopo_over_mktcap,-0.01367252142087204,0.01367252142087204,0.06805968979259046
txdi_d_over_at,0.013670438396174857,0.013670438396174857,0.06810168298757076
xsga_pd_minus_pd_act,0.013666984223559457,0.013666984223559457,0.0681713650937826
act_pd_minus_pd_xsga,-0.013666984223559457,0.013666984223559457,0.0681713650937826
txdc_d_over_mktcap,0.013666765491156594,0.013666765491156594,0.06817577962390951
txdbca_over_ppent_d,-0.013666432593902279,0.013666432593902279,0.06818249871810565
nopio_pd_minus_pd_ppent,0.013661653814468232,0.013661653814468232,0.06827901212735674
xacc_over_invt,-0.0136611679732551,0.0136611679732551,0.06828883058281073
do_over_lct_d,-0.013659730945494374,0.013659730945494374,0.0683178785380164
acchg_over_ceq_d,0.013654628334565667,0.013654628334565667,0.06842110435238964
sstk_d_over_ceq,-0.013646155963561566,0.013646155963561566,0.0685927835424388
dpc_pd_minus_pd_mktcap,0.013644421278529032,0.013644421278529032,0.06862797781507597
mrc1_over_dltt,-0.01364330952594123,0.01364330952594123,0.06865054148344875
pi_pd_minus_pd_dltt,0.013642570797866358,0.013642570797866358,0.06866553777235701
dxd3_over_mktcap_d,-0.01364021051308356,0.01364021051308356,0.0687134699434605
dudd_d_over_lt,-0.013639165836855347,0.013639165836855347,0.06873469378622561
esubc_over_act_d,0.013635079391275942,0.013635079391275942,0.06881776655191577
invfg_over_emp_d,-0.013634294624080645,0.013634294624080645,0.06883372941003303
nopi_pd_minus_pd_at,0.013629276847411172,0.013629276847411172,0.06893586734829599
xi_over_act_d,0.013628994959278308,0.013628994959278308,0.06894160893451888
txdc_over_mktcap_d,0.013628305489314312,0.013628305489314312,0.06895565393137182
xopr_pd_minus_pd_sale,0.013627421316207054,0.013627421316207054,0.06897366861059784
ap_over_invt_pd,-0.013625716700217411,0.013625716700217411,0.0690084104029318
invfg_over_seq_d,-0.013616170006562319,0.013616170006562319,0.06920324743473491
txndb_over_invt,-0.013612993902214487,0.013612993902214487,0.06926816814208604
rect_pd_minus_pd_ppent,-0.013608921745105834,0.013608921745105834,0.06935147765345927
xacc_pd_minus_pd_icapt,0.013600958090688875,0.013600958090688875,0.06951463847719332
txdbca_over_icapt_d,-0.013598007573066034,0.013598007573066034,0.0695751691880784
invwip_d_over_xsga,0.013588686703124818,0.013588686703124818,0.06976667382935565
ni_pd_minus_pd_lct,0.013587481857719335,0.013587481857719335,0.06979145988011813
ebitda_pd_minus_pd_sale,0.013585097113738013,0.013585097113738013,0.06984054008737248
oibdp_pd_minus_pd_sale,0.013585097113738013,0.013585097113738013,0.06984054008737248
ebit_over_act_pd,0.013581127451393008,0.013581127451393008,0.06992230218637983
lo_d_over_xsga,0.01357824052220003,0.01357824052220003,0.06998181283946796
dpc_pd,-0.013574677820842328,0.013574677820842328,0.070055311034588
fatp_over_ppent_d,0.013574250089963814,0.013574250089963814,0.07006413933992332
ppegt_pd,-0.01357408693153652,0.01357408693153652,0.07006750714750946
xopr_over_emp,0.01356742172333153,0.01356742172333153,0.07020519953168322
acox_pd_minus_pd_mktcap,0.013566332205821683,0.013566332205821683,0.07022772829239032
mrc2_pd_minus_pd_lt,0.013566290140667408,0.013566290140667408,0.07022859822365894
txdc_d_over_lt,0.013563805968903674,0.013563805968903674,0.07027998798632192
cstk_over_at,-0.013563710314863578,0.013563710314863578,0.07028196738663002
txdfo_over_seq_d,-0.013563512210541029,0.013563512210541029,0.07028606696956018
siv_over_invt_d,-0.013562451564622826,0.013562451564622826,0.07030801937801168
fincf_over_cogs_d,0.013558837687400217,0.013558837687400217,0.07038285878123254
dd2_over_lct,0.013552836911001233,0.013552836911001233,0.07050727256754125
xrd_pd_minus_pd_lt,0.013547764571767954,0.013547764571767954,0.07061257774403715
ebitda_over_icapt_d,0.01354533502479108,0.01354533502479108,0.07066306244363968
oibdp_over_icapt_d,0.01354533502479108,0.01354533502479108,0.07066306244363968
mii_d_over_lct,0.013544190786690342,0.013544190786690342,0.07068684935678964
ds_over_lt_d,-0.01354035569801398,0.01354035569801398,0.07076662271946432
aoloch_d_over_sale,-0.013537880590472274,0.013537880590472274,0.07081814641315275
intan_over_ceq_d,-0.013533323313302799,0.013533323313302799,0.0709130945681
xpr_over_lt,0.013532632757260948,0.013532632757260948,0.07092749099361442
dcvt_d_over_cogs,-0.013532069562040127,0.013532069562040127,0.07093923402764382
xrent_over_lt_d,0.01353056792358004,0.01353056792358004,0.07097055208372487
invo_over_xsga,-0.013529571656425357,0.013529571656425357,0.07099133640908589
sppiv_d_over_lct,-0.013523036393656072,0.013523036393656072,0.07112780013624814
caps_over_lct_d,-0.013517806936578988,0.013517806936578988,0.07123715196159579
mrct_d_over_lt,-0.013517543814495176,0.013517543814495176,0.07124265767845393
capxv_over_sale_d,0.013513546672478909,0.013513546672478909,0.0713263390626904
sppe_d_over_mktcap,0.013513375589055554,0.013513375589055554,0.0713299225431813
dpc_over_cogs,0.013512267771971261,0.013512267771971261,0.07135313023798712
txpd_over_at,-0.013511225291967702,0.013511225291967702,0.071374974835308
do_over_act_d,-0.01350517082497654,0.01350517082497654,0.07150195124410703
txs_d_over_xsga,0.01350008983911393,0.01350008983911393,0.07160865425915339
dxd4_d_over_emp,0.013498685002851797,0.013498685002851797,0.07163817947157047
txdc_d_over_cogs,0.013494986312719741,0.013494986312719741,0.07171596193338323
pstk_over_at,-0.01349493806559486,0.01349493806559486,0.07171697701444191
txw_over_xsga,0.013486932812182696,0.013486932812182696,0.071885564234689
txfo_over_cogs_d,0.013475569270328294,0.013475569270328294,0.07212543288094705
wcap_over_emp_pd,-0.013471839540083975,0.013471839540083975,0.07220430504840164
ppegt_over_sale,0.01346889686596218,0.01346889686596218,0.07226658326217889
aox_pd_minus_pd_at,-0.013467854677650201,0.013467854677650201,0.07228865048796829
sstk_over_sale_d,0.013464320595488494,0.013464320595488494,0.07236352198665069
txfed_d_over_at,0.01346373474191555,0.01346373474191555,0.0723759397532767
dcpstk_over_xsga_d,-0.013461503472275312,0.013461503472275312,0.07242324977481024
mii_d_over_icapt,0.013458253529818038,0.013458253529818038,0.0724922041939147
dn_over_act_d,-0.013456460359245763,0.013456460359245763,0.07253027311002117
dxd3_d_over_dltt,-0.013453449360176926,0.013453449360176926,0.07259423326882725
pi_over_act_pd,0.013452669024019918,0.013452669024019918,0.07261081683387129
acox_over_lct,-0.013450043802304643,0.013450043802304643,0.07266663034277676
gdwl_over_ppent_pd,-0.013449825839048144,0.013449825839048144,0.07267126592741535
cogs_pd_minus_pd_lt,0.013443922686823576,0.013443922686823576,0.07279690466996476
lt_pd_minus_pd_cogs,-0.01344392268682356,0.01344392268682356,0.07279690466996476
niadj_over_sale_pd,0.013441091926538836,0.013441091926538836,0.07285721570488822
do_d_over_icapt,-0.013440673144241395,0.013440673144241395,0.07286614158222861
xacc_pd_minus_pd_act,0.013439790901222185,0.013439790901222185,0.07288494853589332
txs_over_xsga_d,0.013435120744286938,0.013435120744286938,0.07298456939381291
gp_over_cogs,0.013432546244489408,0.013432546244489408,0.07303953462718218
sale_over_cogs,0.013432546244489392,0.013432546244489392,0.07303953462718218
revt_over_cogs,0.013432546244489392,0.013432546244489392,0.07303953462718218
emp_over_invt_pd,-0.013431711194807466,0.013431711194807466,0.07305737010074952
mii_over_emp_d,0.0134290041169512,0.0134290041169512,0.07311521393396049
xacc_d_over_act,0.013426558661264595,0.013426558661264595,0.07316749972739363
rectr_over_lct_pd,-0.01342460376390846,0.01342460376390846,0.0732093189876893
mrc4_d_over_xsga,-0.013420662831239102,0.013420662831239102,0.0732936830505952
nopi_pd_minus_pd_cogs,0.013415917716855068,0.013415917716855068,0.07339536783388334
fatl_over_lct_pd,-0.013409916121343114,0.013409916121343114,0.07352414342858768
dcvsr_d_over_lt,-0.013407881721449853,0.013407881721449853,0.07356783723841002
xpr_d_over_act,0.013396194354242165,0.013396194354242165,0.07381926413519466
caps_pd_minus_pd_mktcap,0.013394690555715578,0.013394690555715578,0.07385166585909403
rdip_over_cogs_d,-0.013393529586580697,0.013393529586580697,0.07387668873208425
txds_over_lt,0.013384945782932445,0.013384945782932445,0.0740619143237991
fatc_over_emp_d,0.013384731834946848,0.013384731834946848,0.07406653584373386
fatc_over_seq,0.013380184202398922,0.013380184202398922,0.07416482564496396
ppeveb_pd,-0.01337963422820093,0.01337963422820093,0.07417671967913836
mrct_over_dltt,-0.013375634206012165,0.013375634206012165,0.07426327319000996
capx_over_sale_d,0.013367258190460222,0.013367258190460222,0.07444478292295087
lct_over_sale_pd,-0.013366139416059533,0.013366139416059533,0.0744690543776077
ceq_over_invt_pd,-0.013365325421657878,0.013365325421657878,0.07448671778995807
dd1_over_cogs_d,-0.013364595833020684,0.013364595833020684,0.07450255253349243
ceq_over_mktcap_d,0.013363382814751456,0.013363382814751456,0.07452888555627737
dd2_over_seq_d,-0.013352311291464587,0.013352311291464587,0.07476958526929425
lo_d_over_dltt,-0.013346956863234432,0.013346956863234432,0.07488622043092888
chech_over_sale,0.013340358133599912,0.013340358133599912,0.07503016447268461
cld5_d_over_seq,0.013339562942056632,0.013339562942056632,0.07504752594590913
xrd_d_over_icapt,-0.01333358810476263,0.01333358810476263,0.0751780799333291
tlcf_over_cogs_pd,-0.013333272777497055,0.013333272777497055,0.07518497518205791
fatl_d_over_seq,-0.013332552184117403,0.013332552184117403,0.07520073430684171
invfg_over_ceq_d,-0.013324065042462335,0.013324065042462335,0.07538654812484696
nopio_over_ceq,0.013323000136802508,0.013323000136802508,0.07540988914849353
pstkn_over_act_d,-0.013321939501430093,0.013321939501430093,0.07543314243721833
reajo_over_sale_d,0.013313632023185853,0.013313632023185853,0.07561547746385724
fate_pd_minus_pd_mktcap,0.01331092426521532,0.01331092426521532,0.07567498581115509
dxd2_over_mktcap_d,-0.013309718395073762,0.013309718395073762,0.07570149949344342
am_over_lct,-0.013309437236189199,0.013309437236189199,0.07570768247366351
dxd5_over_act,0.013306955117894129,0.013306955117894129,0.07576228474979306
gdwl_over_lt_pd,-0.01330456042192991,0.01330456042192991,0.07581499433738624
revt_over_ppent,-0.013304219521661272,0.013304219521661272,0.07582250031615433
sale_over_ppent,-0.013304219521661272,0.013304219521661272,0.07582250031615433
dd2_d_over_mktcap,-0.013302682839129687,0.013302682839129687,0.07585634268416637
dvp_d_over_xsga,0.013302257325732588,0.013302257325732588,0.07586571594649817
dxd2_d_over_at,-0.013298602351260526,0.013298602351260526,0.07594626710464232
intc_over_cogs,0.013298510600386717,0.013298510600386717,0.07594829007883198
intpn_over_ceq_pd,-0.013296704902667343,0.013296704902667343,0.07598811205093256
txfo_over_sale_d,0.013293263422363916,0.013293263422363916,0.07606405593693065
nopio_over_sale_d,0.013288610268568644,0.013288610268568644,0.07616683651578345
fincf_d_over_dltt,-0.013286287560866349,0.013286287560866349,0.07621818370854319
fatp_over_sale,0.013283410329071004,0.013283410329071004,0.0762818286911495
xrent,-0.013277929989295938,0.013277929989295938,0.07640317487587608
rdip_over_ppent_d,-0.013277692143165458,0.013277692143165458,0.07640844484850767
dn_d_over_sale,-0.013277668237003763,0.013277668237003763,0.07640897455532682
dv_over_sale,-0.013275682074051921,0.013275682074051921,0.07645299392276396
txfed_over_dltt_d,0.013271836744552868,0.013271836744552868,0.07653827680411629
dltp_d_over_sale,0.013270676338181521,0.013270676338181521,0.07656402787727035
txdfed_over_cogs,0.013265853375938877,0.013265853375938877,0.07667113199126359
esubc_d_over_at,0.01326565928442094,0.01326565928442094,0.07667544476066615
aox_over_icapt_pd,-0.01326294206701194,0.01326294206701194,0.07673584288065669
nopio_over_lct_pd,0.01326168347319599,0.01326168347319599,0.07676383195583704
gdwl_pd_minus_pd_dltt,0.013259754489443751,0.013259754489443751,0.07680674556100178
invt_pd_minus_pd_mktcap,0.013256880220548963,0.013256880220548963,0.0768707249557324
txo_over_act_d,-0.013252139862818976,0.013252139862818976,0.07697633718857391
dcvsub_d_over_ppent,-0.013250877528061283,0.013250877528061283,0.07700448115371658
aox_over_xsga_pd,-0.01324728664484367,0.01324728664484367,0.07708458635561984
lifr_over_dltt_d,0.013245622886839224,0.013245622886839224,0.07712172437972803
ivst_over_ppent_d,-0.013245043088952042,0.013245043088952042,0.07713466992022751
cld5_d_over_emp,0.013242545151109546,0.013242545151109546,0.07719046332059706
cstkcv_pd_minus_pd_ppent,0.013242182715797067,0.013242182715797067,0.07719856132845868
dltt_d_over_icapt,-0.013240763619031159,0.013240763619031159,0.07723027532186706
dn_over_cogs,0.013240050826105281,0.013240050826105281,0.07724620883216785
ebit_over_cogs_d,-0.013234887494556405,0.013234887494556405,0.07736170802762105
oibdp_over_sale_d,-0.01323346351412135,0.01323346351412135,0.07739358595868082
ebitda_over_sale_d,-0.01323346351412135,0.01323346351412135,0.07739358595868082
ivaco_over_invt,0.013232876720758176,0.013232876720758176,0.07740672531840222
cstk_pd_minus_pd_icapt,0.01321996616866987,0.01321996616866987,0.07769627593356865
sppe_over_sale_d,-0.013219847930490735,0.013219847930490735,0.07769893178358227
txs_over_mktcap_d,0.013219155351217865,0.013219155351217865,0.07771448989060263
ppeveb_over_sale,0.013210011068666112,0.013210011068666112,0.07792014511599789
intan_d_over_lct,-0.013206453103560396,0.013206453103560396,0.07800028352578345
capx_pd_minus_pd_ppent,-0.013204528302540083,0.013204528302540083,0.0780436650587268
lcox_over_xsga_d,-0.013203561137651788,0.013203561137651788,0.07806547061917564
cld3,-0.01319594755770792,0.01319594755770792,0.0782372985526872
am_d_over_act,0.013187560950963023,0.013187560950963023,0.0784269288129172
intan_over_at_d,-0.013187323649871598,0.013187323649871598,0.07843229988434755
txdfo_over_ceq,-0.013186769960009942,0.013186769960009942,0.07844483326131951
idit_d_over_at,-0.01318506551986911,0.01318506551986911,0.07848342536377231
apalch_over_sale_d,0.013184605220661609,0.013184605220661609,0.07849385015320799
lct_over_invt,-0.013178513955121481,0.013178513955121481,0.07863191039631724
oiadp_over_cogs_d,-0.013178185816173731,0.013178185816173731,0.07863935336259223
wcap_over_xsga_pd,-0.013177465504382625,0.013177465504382625,0.0786556937453668
txpd_over_cogs_d,0.013175986374724832,0.013175986374724832,0.07868925668791947
spi_d_over_dltt,-0.013170382293299572,0.013170382293299572,0.07881652466214872
pstkn_over_seq,-0.01316768300048311,0.01316768300048311,0.07887788498154673
gdwl_d_over_at,-0.013165314999977425,0.013165314999977425,0.07893174635710372
oiadp_over_at_d,0.013164016259101264,0.013164016259101264,0.07896129957968802
niadj_pd_minus_pd_mktcap,0.013162837611597226,0.013162837611597226,0.0789881278327663
dlc_d_over_ppent,-0.013162177060405315,0.013162177060405315,0.07900316647250424
dcpstk,-0.013161420197537133,0.013161420197537133,0.07902040068413459
txfo_over_lct_d,0.01316092063872559,0.01316092063872559,0.07903177760652084
do_over_emp_d,-0.013157567376347747,0.013157567376347747,0.07910817909103708
ivncf_over_cogs_d,-0.013154955286792927,0.013154955286792927,0.07916773513732374
txndba_d_over_lct,0.013153143201165823,0.013153143201165823,0.07920907238747146
pstkn_over_sale,-0.013152059927188719,0.013152059927188719,0.07923379238669977
mrct_d_over_lct,-0.01314984489105591,0.01314984489105591,0.07928435839989792
capxv_pd_minus_pd_ppent,-0.013149687068995561,0.013149687068995561,0.07928796224632093
rea_over_mktcap_d,0.013140853790350494,0.013140853790350494,0.07948988148166611
dd2_over_dltt,-0.013136626049843923,0.013136626049843923,0.07958667089129523
ceql_over_icapt_d,0.013136050097101138,0.013136050097101138,0.07959986409932132
dcvt_over_lct_d,-0.013134387036225896,0.013134387036225896,0.07963796940469924
do_d_over_emp,-0.013103963306423275,0.013103963306423275,0.08033768131599014
seq_over_xsga_pd,-0.013100718605984118,0.013100718605984118,0.08041259960655966
mii_d_over_at,0.013100212406440565,0.013100212406440565,0.08042429258195388
wcap_over_act_d,-0.013099976639601479,0.013099976639601479,0.08042973915830579
lct_over_act_d,0.013099976639601474,0.013099976639601474,0.08042973915830579
mrc2_over_act,-0.013095036141943538,0.013095036141943538,0.08054394118088581
cld5_d_over_ceq,0.013087598002961356,0.013087598002961356,0.08071612575597187
ppent_over_ceq_pd,-0.013087566713379205,0.013087566713379205,0.0807168507055124
txdbca_over_lct,0.013087196299176606,0.013087196299176606,0.08072543324828341
xrent_over_xsga,0.013085659930705847,0.013085659930705847,0.0807610390062269
txdi_over_xsga_d,0.013082302784938915,0.013082302784938915,0.08083888614943488
seq_over_lct_pd,-0.013074844127306877,0.013074844127306877,0.08101205920890714
ivst_over_invt_d,0.01307241924158208,0.01307241924158208,0.08106842436180149
pstkr_d_over_ppent,0.013071739724618336,0.013071739724618336,0.08108422507373862
txndba_over_seq_d,-0.01307113882483325,0.01307113882483325,0.08109819979413033
txt_over_ceq,0.013069780033994937,0.013069780033994937,0.08112980748342784
emp_pd_minus_pd_seq,0.013069196665618055,0.013069196665618055,0.08114338065017473
seq_pd_minus_pd_emp,-0.013069196665618014,0.013069196665618014,0.08114338065017473
ceql_pd_minus_pd_icapt,0.013067996159354271,0.013067996159354271,0.08117131849429803
niadj_over_xsga_pd,0.01306684665624891,0.01306684665624891,0.08119807672348989
fatb_d_over_invt,-0.013061395140547473,0.013061395140547473,0.08132507506251987
dv_over_sale_d,-0.013061366882942446,0.013061366882942446,0.08132573377049034
xidoc_d_over_emp,-0.013060701748168315,0.013060701748168315,0.08134123985863156
dvt_over_lt_d,0.013060480356670085,0.013060480356670085,0.08134640162460359
xopr_pd_minus_pd_lct,0.013060100989148128,0.013060100989148128,0.0813552472361111
acchg_over_icapt_d,0.013056764045850891,0.013056764045850891,0.08143308748802132
ao_pd_minus_pd_icapt,-0.013053230733699657,0.013053230733699657,0.08151557426058254
txw_d_over_invt,0.013045796294251974,0.013045796294251974,0.08168935600935566
do_over_dltt_d,-0.013043665645763505,0.013043665645763505,0.0817392157850023
ivncf_d_over_xsga,-0.013043523774720202,0.013043523774720202,0.0817425366170289
dpact_over_sale_pd,-0.013039370675055863,0.013039370675055863,0.08183979838046448
xrd_over_ppent_d,-0.013034550750338046,0.013034550750338046,0.08195279423465883
gp_pd_minus_pd_cogs,0.013033227510901108,0.013033227510901108,0.08198383771145852
nopio_d_over_mktcap,0.01302983180339249,0.01302983180339249,0.0820635453669443
cstkcv_over_cogs_d,-0.013029542349260735,0.013029542349260735,0.08207034264768161
rdip_d_over_emp,-0.013029305382901799,0.013029305382901799,0.08207590769260997
caps_over_seq_pd,-0.013027773816808974,0.013027773816808974,0.08211188319206113
oancf_over_emp_d,0.013023355397499136,0.013023355397499136,0.08221574067106947
ebit_over_at_d,0.01302052905136265,0.01302052905136265,0.08228223139672325
pstkr_over_cogs,-0.013019983406509651,0.013019983406509651,0.08229507289149077
pstkc_d_over_emp,-0.013018597881587988,0.013018597881587988,0.0823276878697354
mib_over_seq,0.01301254223284449,0.01301254223284449,0.08247035963804494
intan_over_icapt_d,-0.013009673978642939,0.013009673978642939,0.08253800594352426
cstkcv_pd_minus_pd_lct,0.013003659222148887,0.013003659222148887,0.08268000694117943
dd1_over_lct,0.013003576471371674,0.013003576471371674,0.08268196196506786
dcvsub_over_ppent_d,-0.01300096455814343,0.01300096455814343,0.08274368883216521
dcvsub_over_emp_d,-0.012999650377742408,0.012999650377742408,0.08277476073645307
ivaeq_d_over_dltt,-0.012997527661504051,0.012997527661504051,0.08282496927787424
ceql_over_cogs_pd,-0.012997180624960197,0.012997180624960197,0.0828331800691608
ap_d_over_icapt,-0.012996693532514356,0.012996693532514356,0.08284470565801148
xrent_over_act,-0.012995368152320379,0.012995368152320379,0.08287607340312643
xrent_pd_minus_pd_icapt,0.012990832660822542,0.012990832660822542,0.08298348760737907
dd4_d_over_invt,0.012987247451799574,0.012987247451799574,0.08306847603766106
gdwl_pd_minus_pd_lct,-0.012982820734099603,0.012982820734099603,0.08317350995009744
ap_over_icapt_pd,-0.012976033919152329,0.012976033919152329,0.08333475140607534
txfed_d_over_cogs,0.012973725598841534,0.012973725598841534,0.08338965024869449
pi_over_mktcap_d,0.012971499215072442,0.012971499215072442,0.0834426281386399
txpd_over_mktcap,0.012958625263862652,0.012958625263862652,0.08374950483849673
txs_d_over_cogs,0.012953415224014189,0.012953415224014189,0.08387395612594077
pi_over_sale_pd,0.01294826720470151,0.01294826720470151,0.0839970729442726
seq_over_invt_pd,-0.012947539603226763,0.012947539603226763,0.08401448559971103
lt_over_xsga_pd,-0.012937561846018877,0.012937561846018877,0.08425356400827058
xacc_over_mktcap_d,0.01293326786448185,0.01293326786448185,0.08435662199733703
dp_over_invt_d,0.012931905152371494,0.012931905152371494,0.08438934917337827
esubc_over_act,-0.012929796100700313,0.012929796100700313,0.08444002084816658
dd1_over_sale_pd,-0.01292907277145745,0.01292907277145745,0.08445740508728457
pstkc_over_lct,-0.012925716458398831,0.012925716458398831,0.08453810742233106
pstk_over_seq,-0.012921058313319385,0.012921058313319385,0.0846502155903033
ceq_over_seq,0.012921058313319082,0.012921058313319082,0.08465021559031308
niadj_pd,0.012919757767132415,0.012919757767132415,0.08468153746696513
lt_d_over_seq,-0.012918558715625934,0.012918558715625934,0.08471042328833442
oancf_pd_minus_pd_act,0.0129089415192901,0.0129089415192901,0.08494239535678103
ivao_over_cogs,-0.012907325295084968,0.012907325295084968,0.08498142994778977
invrm_over_cogs_d,0.01290015093288637,0.01290015093288637,0.08515487826434089
dm_over_at_d,-0.012900124282905014,0.012900124282905014,0.08515552309095824
mrc5_d_over_lt,-0.012898347026679993,0.012898347026679993,0.08519853473861298
dcvt_over_mktcap_d,-0.012894209640901409,0.012894209640901409,0.08529873228130977
txndba_over_ppent,-0.012893435776727215,0.012893435776727215,0.08531748398343326
xacc_over_dltt,-0.012891462810604019,0.012891462810604019,0.08536530651261855
dvt_over_cogs,-0.012889898613303042,0.012889898613303042,0.08540323633291039
capxv_over_xsga_pd,-0.012884946867733388,0.012884946867733388,0.08552339977764709
xint_over_seq_pd,-0.012884241049432055,0.012884241049432055,0.08554053891178048
pi_pd_minus_pd_seq,0.012882771899003588,0.012882771899003588,0.08557622267073194
capx_over_lt,0.012877454603840398,0.012877454603840398,0.08570547345596577
ivaeq_over_ceq,0.012873314457531648,0.012873314457531648,0.08580621975187806
dpact_pd_minus_pd_ceq,0.012873128485732355,0.012873128485732355,0.08581074743334484
xint_over_sale_d,-0.012873069961283422,0.012873069961283422,0.08581217231330668
rect_over_sale,-0.012871906596346655,0.012871906596346655,0.08584050043258658
txpd_d_over_cogs,0.012870243280291155,0.012870243280291155,0.08588101556450593
txw_over_mktcap,-0.012859888151978957,0.012859888151978957,0.0861335939023928
acchg_d_over_seq,0.01285790297497541,0.01285790297497541,0.08618208405895748
aox_pd_minus_pd_cogs,-0.012857703371096648,0.012857703371096648,0.08618696082547668
seq_over_ceq_d,-0.012849916795385179,0.012849916795385179,0.08637737819997277
pstk_over_ceq_d,-0.012849914480711573,0.012849914480711573,0.08637743485480293
at_over_act_d,0.01284476610033683,0.01284476610033683,0.08650352283936413
lse_over_act_d,0.01284476610033683,0.01284476610033683,0.08650352283936413
txditc_d_over_act,0.012840648981813644,0.012840648981813644,0.08660446130360423
mrct_over_seq_pd,-0.01283695833719076,0.01283695833719076,0.08669502481682113
pstk_over_icapt,-0.01283499551244619,0.01283499551244619,0.08674322106297126
txach_over_at_d,0.012832160274364006,0.012832160274364006,0.08681287719801811
capx_over_xsga_pd,-0.012828063424223298,0.012828063424223298,0.08691360837607279
ceq_d_over_xsga,0.012825629556445084,0.012825629556445084,0.08697349568480327
cld4_d_over_sale,0.012823249925733887,0.012823249925733887,0.08703208064302587
xint_over_ppent_d,-0.012819899008495108,0.012819899008495108,0.08711463204141623
ceql_pd,-0.012818577099649252,0.012818577099649252,0.0871472152544294
dcpstk_over_lct_d,-0.012811540705830264,0.012811540705830264,0.08732081810581095
ceqt_over_emp_d,0.012808074323976106,0.012808074323976106,0.08740644367737009
dvc_over_lt_d,0.012807748961748404,0.012807748961748404,0.08741448415829818
dpc_pd_minus_pd_icapt,0.012806855854474808,0.012806855854474808,0.0874365580480798
ivstch_d_over_icapt,0.012806387314349505,0.012806387314349505,0.08744814020567677
capx_over_cogs_pd,-0.012802887047877468,0.012802887047877468,0.08753470480775884
cstkcv_pd_minus_pd_xsga,0.012801328746341368,0.012801328746341368,0.08757326517708668
txt_over_ceq_pd,0.01280071601433116,0.01280071601433116,0.08758843106117843
txs_over_invt_d,0.012797184717139557,0.012797184717139557,0.08767587638038149
pi_over_xsga_pd,0.01279706917156228,0.01279706917156228,0.08767873881849933
fatl_over_cogs_pd,-0.012795778983891606,0.012795778983891606,0.08771070606533451
dc_over_lct_d,-0.012793807649832465,0.012793807649832465,0.08775956837170475
dd_over_sale,0.012793021538240799,0.012793021538240799,0.08777905938262441
cogs_d_over_at,0.012791411819619637,0.012791411819619637,0.08781898196815083
emp_over_ceq,0.012791184703821587,0.012791184703821587,0.08782461583915858
rea_over_act_d,0.01278562172007745,0.01278562172007745,0.08796270314128803
gp_over_dltt_d,0.012782070566765995,0.012782070566765995,0.08805094324741772
prstkc_d_over_emp,0.012781539512399895,0.012781539512399895,0.08806414517579807
dltp_d_over_icapt,0.012780679844430395,0.012780679844430395,0.08808551976982577
txditc_d_over_sale,0.012777280345411321,0.012777280345411321,0.0881700851400223
xsga_over_ceq,-0.012776725888908467,0.012776725888908467,0.0881838839136974
txdfed_over_cogs_d,0.012776105869199536,0.012776105869199536,0.08819931642256336
ao_pd_minus_pd_ceq,-0.012773457316502434,0.012773457316502434,0.08826526434936674
xopr_over_emp_pd,0.012773307245959582,0.012773307245959582,0.08826900223688952
dudd_d_over_lct,-0.0127718570362642,0.0127718570362642,0.08830512996287172
act_pd_minus_pd_emp,-0.01277057128455157,0.01277057128455157,0.08833717066798069
emp_pd_minus_pd_act,0.01277057128455152,0.01277057128455152,0.08833717066798069
gp_over_act_pd,0.01276824559272009,0.01276824559272009,0.08839515030251727
txw_over_at,-0.012767730890578411,0.012767730890578411,0.08840798600176113
xint_over_xsga_pd,-0.012754479997297225,0.012754479997297225,0.08873895576913476
txdb_d_over_sale,0.012753467549167999,0.012753467549167999,0.08876428485584771
reuna_over_lt_pd,0.012752801988007727,0.012752801988007727,0.08878093881433838
fatb_over_ceq_d,-0.01274903195577855,0.01274903195577855,0.08887532171402546
do_d_over_act,-0.012742714465852935,0.012742714465852935,0.08903366153200033
rect_over_icapt_d,0.0127383320423861,0.0127383320423861,0.08914363481790526
txdbcl_d_over_invt,0.012737864520699764,0.012737864520699764,0.08915537334325782
icapt_pd_minus_pd_ceq,-0.012736876853008963,0.012736876853008963,0.08918017577765554
ceq_pd_minus_pd_icapt,0.012736876853008835,0.012736876853008835,0.08918017577766418
mrc2_over_icapt,-0.012735769457919831,0.012735769457919831,0.08920799142996391
xacc_pd_minus_pd_mktcap,0.012733375587882758,0.012733375587882758,0.08926814475859204
wcap_over_seq_d,-0.012732041992402125,0.012732041992402125,0.089301669602103
ch,-0.012731373591218759,0.012731373591218759,0.08931847614648704
ivaeq_over_sale,0.012731331435085782,0.012731331435085782,0.08931953622239504
ppent_over_ceq_d,-0.01273054144549882,0.01273054144549882,0.08933940350807648
nopi_pd_minus_pd_act,0.012730102469885768,0.012730102469885768,0.08935044475359585
drlt_over_mktcap,-0.012728183579529657,0.012728183579529657,0.08939872215749951
txdbca_over_lt_d,-0.012727939318830945,0.012727939318830945,0.08940486902453017
lct_over_at_d,0.012725803288268885,0.012725803288268885,0.08945863714357428
ivaco_over_cogs_d,-0.0127255003618352,0.0127255003618352,0.08946626450950448
ppent_over_cogs_pd,-0.012724024740950806,0.012724024740950806,0.08950342656503552
xrd_over_sale_d,0.012720955817578376,0.012720955817578376,0.08958075417627738
ceq_over_emp_pd,-0.012719688511522977,0.012719688511522977,0.08961270215439132
gp_over_ceq_d,0.012719060174218746,0.012719060174218746,0.0896285455387429
dvt_over_xsga,0.012717692543413166,0.012717692543413166,0.08966303783932789
dc_over_cogs_d,-0.012716226984754482,0.012716226984754482,0.08970001178790164
lcoxdr_over_emp,0.01271612706940333,0.01271612706940333,0.08970253295615628
nopio_over_dltt_d,0.012715992914373407,0.012715992914373407,0.08970591818538654
ib_d_over_icapt,0.012712942174631403,0.012712942174631403,0.08978292743538518
niadj_pd_minus_pd_emp,0.012711650680574834,0.012711650680574834,0.08981554440622089
txdfed_d_over_icapt,0.012709052569399953,0.012709052569399953,0.08988118917864375
acchg_over_mktcap_d,0.012703599734550491,0.012703599734550491,0.09001908796323795
prstkc_over_icapt_d,0.012698176323533416,0.012698176323533416,0.09015641148327048
mrc3_pd_minus_pd_mktcap,0.01269752848172026,0.01269752848172026,0.09017282643186006
niadj_d_over_ceq,0.01269581091109181,0.01269581091109181,0.09021635769860976
txdb_d_over_act,0.012689867524213933,0.012689867524213933,0.09036712140873242
recch_d_over_act,-0.012689017047582048,0.012689017047582048,0.09038871170552219
dxd3_over_act,0.012676670647358642,0.012676670647358642,0.09070260648811505
mrc3_d_over_at,-0.0126756053236143,0.0126756053236143,0.09072973230870184
xint_over_lt_pd,-0.012672926703286425,0.012672926703286425,0.09079796554312859
capxv_over_lt,0.012670853316391648,0.012670853316391648,0.09085080982918363
emp_d_over_invt,-0.012669905920698782,0.012669905920698782,0.09087496427687267
mrc1_over_ppent_d,-0.012659283270050692,0.012659283270050692,0.09114614914525843
dxd2_over_sale,-0.012657235688691976,0.012657235688691976,0.09119849641507122
txw_over_icapt,-0.01265690666873069,0.01265690666873069,0.09120691020076094
ppent,0.01265663667001186,0.01265663667001186,0.09121381514572888
ppent_over_icapt_d,0.01265247382705893,0.01265247382705893,0.09132032885389753
mib_over_emp,0.012651569011603171,0.012651569011603171,0.09134349338156053
mrc4_over_ppent_pd,-0.012650192134245133,0.012650192134245133,0.09137875240903404
dudd_d_over_at,-0.012646331600498363,0.012646331600498363,0.09147767116230097
dp_over_cogs_pd,-0.012644815949750761,0.012644815949750761,0.0915165303167831
txt_over_seq_pd,0.012641877451071041,0.012641877451071041,0.09159190708464528
ceq_pd_minus_pd_emp,-0.012641014319318683,0.012641014319318683,0.09161405714741387
emp_pd_minus_pd_ceq,0.012641014319318682,0.012641014319318682,0.09161405714741387
aoloch_over_xsga,0.012640144827359517,0.012640144827359517,0.09163637478067481
cld5_d_over_cogs,0.012636231488080362,0.012636231488080362,0.09173687426974152
wcap_d_over_xsga,-0.012623518214816864,0.012623518214816864,0.09206397849693711
cld3_over_dltt,-0.012616852140222921,0.012616852140222921,0.09223586628679448
ibc_over_cogs_d,-0.012611807327133335,0.012611807327133335,0.09236612036599753
pstkc_over_act,-0.012607917899627499,0.012607917899627499,0.09246664388308444
dvc_d_over_mktcap,0.012607812763503744,0.012607812763503744,0.09246936237923614
cld5_d_over_lct,0.012605779360186484,0.012605779360186484,0.09252195254672485
mrc2_d_over_lct,-0.012601524612516016,0.012601524612516016,0.09263207132054063
dltis_over_cogs,0.012595721855531377,0.012595721855531377,0.09278242430576121
cstk_over_icapt_d,-0.012594153218783117,0.012594153218783117,0.09282310226204374
recd_over_act_d,0.012590637958446591,0.012590637958446591,0.09291431213128058
dvp_d_over_seq,0.012588376037716119,0.012588376037716119,0.0929730398339244
fatb_over_act_d,-0.012588174656373527,0.012588174656373527,0.09297826987116091
mrc4_pd_minus_pd_invt,-0.012587866105912282,0.012587866105912282,0.09298628363560771
xopr_over_ceq_d,0.012585053188327058,0.012585053188327058,0.09305936713391459
acchg_over_invt,0.012582732483586035,0.012582732483586035,0.09311969695727577
fate_over_icapt_pd,0.012575990655247673,0.012575990655247673,0.09329513784423284
dcvt_d_over_lct,-0.012573294698833013,0.012573294698833013,0.09336536822024576
txndb_over_lct,-0.012570247538248043,0.012570247538248043,0.09344479861367838
txdi_over_at_d,0.012569775132326795,0.012569775132326795,0.09345711768009607
capxv_over_cogs_pd,-0.012569701620750771,0.012569701620750771,0.09345903477995304
ivaco_over_seq_d,-0.012568460099715153,0.012568460099715153,0.09349141702870616
lct_over_seq_pd,-0.012567155741494161,0.012567155741494161,0.09352544793707732
recta_d_over_act,0.012564481512250869,0.012564481512250869,0.09359525006275099
xidoc_over_invt,0.012562872109837022,0.012562872109837022,0.0936372784572595
dd1_pd_minus_pd_xsga,-0.012560970315570005,0.012560970315570005,0.09368696196696705
xint_over_act,0.012560071344944971,0.012560071344944971,0.09371045452360471
aox_pd_minus_pd_sale,-0.012558127831700157,0.012558127831700157,0.09376125997902682
dvt_d_over_xsga,0.012556288478548555,0.012556288478548555,0.09380936292514166
rea_d_over_act,0.01255569265947396,0.01255569265947396,0.09382494908776907
xsga_pd_minus_pd_ceq,0.012550126300244897,0.012550126300244897,0.09397066105481466
ceq_pd_minus_pd_xsga,-0.01255012630024488,0.01255012630024488,0.09397066105481466
xrent_over_icapt,-0.012549181335304659,0.012549181335304659,0.0939954156433588
cstk_over_seq_d,-0.012548792517509715,0.012548792517509715,0.09400560275058231
pstkrv_over_invt,-0.012547126355199043,0.012547126355199043,0.09404926657513202
itcb_over_sale_d,-0.012543838366139586,0.012543838366139586,0.09413548006194103
ibcom_d_over_at,0.012539327210830988,0.012539327210830988,0.09425386895171742
dudd_over_icapt_d,-0.012535427919971483,0.012535427919971483,0.09435629646645757
gp_pd_minus_pd_seq,0.01253413968105931,0.01253413968105931,0.09439015583804446
dxd5_over_seq,0.012533904459541468,0.012533904459541468,0.09439633932391704
ib_over_act_d,0.012533527598466229,0.012533527598466229,0.09440624689679304
icapt_d_over_act,-0.012532023377780182,0.012532023377780182,0.09444580074316136
recd_d_over_icapt,0.012526879463507187,0.012526879463507187,0.09458116159124826
ch_over_mktcap,0.012525310555211508,0.012525310555211508,0.09462247795601786
dclo_over_xsga,0.012523019035883818,0.012523019035883818,0.09468284988532401
oibdp_over_cogs_d,-0.012519116205746307,0.012519116205746307,0.09478574414744141
ebitda_over_cogs_d,-0.012519116205746307,0.012519116205746307,0.09478574414744141
xacc_over_act_d,0.012518885454411011,0.012518885454411011,0.09479183048247479
xopr_over_sale_d,0.012518652347836815,0.012518652347836815,0.09479797925760407
seq_d_over_xsga,0.012517541763004443,0.012517541763004443,0.09482727812795047
txach_over_icapt_d,0.012516922930581422,0.012516922930581422,0.09484360698977343
txfed_over_invt_d,0.012516049600097532,0.012516049600097532,0.0948666550139666
dpvieb_over_mktcap_d,0.012515382720711055,0.012515382720711055,0.09488425761814077
ivaeq_over_icapt,0.012508311238933695,0.012508311238933695,0.0950710738305297
dd1_over_cogs_pd,-0.012507199324402358,0.012507199324402358,0.09510047546014135
ivaco_over_mktcap,0.012500691234924925,0.012500691234924925,0.09527271071492029
lct_over_ceq_pd,-0.012496239644270324,0.012496239644270324,0.09539066496063928
xint_pd_minus_pd_lct,-0.01249209745481676,0.01249209745481676,0.09550052597534281
txdi_over_act_d,0.012489531041601765,0.012489531041601765,0.09556864435631392
mrc2_over_ceq_pd,-0.012485694344089788,0.012485694344089788,0.09567055148209978
rdip_d_over_xsga,-0.012483241039157137,0.012483241039157137,0.09573575968520229
recco_over_emp,0.012483202594973906,0.012483202594973906,0.09573678180459491
mrct_pd,-0.012482749971644279,0.012482749971644279,0.09574881640380462
dd3_over_mktcap_d,-0.012479245947714566,0.012479245947714566,0.09584202430988854
dm_over_cogs_pd,-0.012473264633676503,0.012473264633676503,0.09600129653044194
txw_over_act,-0.01247278611005883,0.01247278611005883,0.09601404794649515
aco_over_ppent_pd,-0.012465311664691822,0.012465311664691822,0.09621339856652177
ceq_d_over_lt,-0.01245883870718402,0.01245883870718402,0.09638630601965663
nopio_over_lt_pd,0.01245189624314979,0.01245189624314979,0.09657203126772336
dilavx_d_over_icapt,0.012451574079728477,0.012451574079728477,0.09658065674966378
lcox_d_over_sale,-0.012446620717546939,0.012446620717546939,0.09671335379156695
dltis_over_at,0.01244529893978013,0.01244529893978013,0.09674878791127861
dd1_over_ppent_pd,-0.012441215020218435,0.012441215020218435,0.0968583349246737
txw_over_lct,-0.012436568038479933,0.012436568038479933,0.09698310613406012
mib_over_lt,0.012436324409744777,0.012436324409744777,0.09698965109630518
txo_over_at_d,-0.012436319425813106,0.012436319425813106,0.09698978499078516
txdfed_over_icapt_d,0.012431322011294682,0.012431322011294682,0.09712411607961036
intan_d_over_ceq,-0.012429038334937751,0.012429038334937751,0.09718555106386932
dxd5_over_ceq,0.012424127729523221,0.012424127729523221,0.09731776036719444
fatc_over_ceq,0.01242272086329504,0.01242272086329504,0.09735566421665415
dpc_over_ppent_pd,-0.012420174418431618,0.012420174418431618,0.09742430064991413
ppent_over_dltt_d,0.01241240838030781,0.01241240838030781,0.09763386395441936
txw_over_ppent,-0.01240973473246515,0.01240973473246515,0.09770609452624644
ivst_d_over_at,-0.012403838506590967,0.012403838506590967,0.09786553633690756
txndba_d_over_mktcap,0.012403149714744897,0.012403149714744897,0.09788417573916963
pstkr_over_act,-0.012402385836890784,0.012402385836890784,0.09790485036124767
xi_over_lt_d,0.012401858999419157,0.012401858999419157,0.09791911143486
aox_pd_minus_pd_act,-0.01240090344171434,0.01240090344171434,0.09794498186074178
pstkn_over_at,-0.012396793608691618,0.012396793608691618,0.09805631225449456
lct_pd_minus_pd_mktcap,0.0123865127869057,0.0123865127869057,0.09833524997555534
xint_over_at_d,-0.012385897577693853,0.012385897577693853,0.09835196181332086
rect_over_act_d,0.012385201356354642,0.012385201356354642,0.09837087703895474
oiadp_d_over_icapt,0.012383645111504141,0.012383645111504141,0.09841316823856837
intpn_over_emp_pd,-0.012381686719686969,0.012381686719686969,0.09846640847491478
cld4_over_dltt,-0.012379112575089621,0.012379112575089621,0.0985364233552478
xint_pd_minus_pd_xsga,-0.012378475311602386,0.012378475311602386,0.0985537626003337
nopio_over_emp,0.012375283686077484,0.012375283686077484,0.09864063990929758
at_pd_minus_pd_cogs,-0.012372958588904474,0.012372958588904474,0.09870396846048306
lse_pd_minus_pd_cogs,-0.012372958588904474,0.012372958588904474,0.09870396846048306
cogs_pd_minus_pd_at,0.012372958588904442,0.012372958588904442,0.09870396846048306
dxd2_d_over_lct,-0.012372532818212737,0.012372532818212737,0.09871556866997125
dcvsub_d_over_at,-0.012368571397345419,0.012368571397345419,0.09882355056809909
dcvsub_d_over_cogs,-0.012367534181455038,0.012367534181455038,0.0988518389579282
np_over_emp,-0.012363562580808264,0.012363562580808264,0.09896021772057581
ppegt_over_ceq_pd,-0.012347036891069446,0.012347036891069446,0.09941219656405054
prstkc_over_at_d,0.012346682324427202,0.012346682324427202,0.09942191200435095
txw_over_dltt,0.012342440131589328,0.012342440131589328,0.09953821060487153
mii_over_invt,0.012342273404050886,0.012342273404050886,0.09954278361185115
txw_over_emp,-0.012339313078906214,0.012339313078906214,0.09962400739003524
dm_over_lct_pd,-0.012338201943360603,0.012338201943360603,0.09965450775929378
rectr_pd_minus_pd_sale,-0.012330657223007616,0.012330657223007616,0.099861805313896
dd3_over_icapt,0.012329568827780645,0.012329568827780645,0.0998917382518333
ceql_over_mktcap_d,0.012326718483956138,0.012326718483956138,0.09997016203022167
dd2_over_act,0.012322747881873472,0.012322747881873472,0.10007949018577247
ivst_d_over_icapt,-0.012322277550352102,0.012322277550352102,0.10009244679537911
do_d_over_ppent,-0.012321236534727473,0.012321236534727473,0.1001211292657222
ppegt_pd_minus_pd_seq,0.012316613403032426,0.012316613403032426,0.10024858678006351
ibc_d_over_icapt,0.012309080622872967,0.012309080622872967,0.10045653894222938
xido_over_lct,0.012308572533840009,0.012308572533840009,0.10047057776662784
dltt_d_over_invt,-0.012308060073693594,0.012308060073693594,0.10048473895155347
am_over_act_d,0.012306485853646397,0.012306485853646397,0.10052825047149762
donr_over_ceq,0.012304903583599994,0.012304903583599994,0.10057199962368128
dn_d_over_at,-0.012301916261187896,0.012301916261187896,0.10065463929295025
cstkcv_d_over_mktcap,0.012298547672094517,0.012298547672094517,0.10074789101903188
ppeveb_pd_minus_pd_seq,0.012293434783166303,0.012293434783166303,0.10088956123980992
ib_over_cogs_d,-0.012291105327121781,0.012291105327121781,0.10095415945970973
intan_d_over_cogs,-0.012289861075473427,0.012289861075473427,0.10098867734005555
dvt_d_over_emp,0.012287034233927963,0.012287034233927963,0.1010671341852036
sstk_d_over_lct,-0.01228630371239367,0.01228630371239367,0.10108741714967133
lifr_over_act_d,0.012285494567070952,0.012285494567070952,0.10110988689182515
ppeveb_over_icapt_d,0.012280706389520649,0.012280706389520649,0.10124293469939778
fate_over_cogs_d,-0.012278218279580541,0.012278218279580541,0.10131212617720202
txpd_over_cogs,-0.012274693332581889,0.012274693332581889,0.10141021536440835
xrd_pd_minus_pd_mktcap,0.012273122642078678,0.012273122642078678,0.10145394753606225
pstkc_over_cogs,-0.01226768597432103,0.01226768597432103,0.10160543468348131
ebit_d_over_icapt,0.01226644179367834,0.01226644179367834,0.10164012780590367
invch_d_over_ppent,0.012261531820953216,0.012261531820953216,0.1017771310795618
fatc_d_over_cogs,0.012259810371350188,0.012259810371350188,0.10182519958582235
ppegt_over_cogs_pd,-0.012257475991330185,0.012257475991330185,0.10189041198179084
msa_over_xsga,-0.01225304529806772,0.01225304529806772,0.10201427764976663
ppeveb_over_ceq_pd,-0.012248388049931667,0.012248388049931667,0.10214460610935548
mrct_over_at_d,0.012246602462923802,0.012246602462923802,0.10219460911148405
recco_over_seq,0.0122453295235619,0.0122453295235619,0.1022302679856653
am_over_at,-0.012242794437764706,0.012242794437764706,0.10230131288392506
ceq_d_over_cogs,0.012240206275648067,0.012240206275648067,0.10237388574859359
dxd3_over_emp_d,-0.012239345146478453,0.012239345146478453,0.10239804115578117
dm_over_lct_d,-0.012236927072627829,0.012236927072627829,0.10246589443290545
xsga_d_over_dltt,-0.012232187949334889,0.012232187949334889,0.10259898214416863
prstkc_over_xsga_d,0.012225098378288125,0.012225098378288125,0.10279833360857246
sppe,0.012221328522152209,0.012221328522152209,0.10290446348311369
invt_d_over_cogs,-0.012220614457554187,0.012220614457554187,0.10292457580897071
xido_over_invt_d,0.012209083426809859,0.012209083426809859,0.10324979154434372
fatp_over_lt_d,0.01220720281672776,0.01220720281672776,0.10330290877818211
dcvt_d_over_invt,-0.012204177325422961,0.012204177325422961,0.10338840840059604
txw_over_lt,-0.012202213853944101,0.012202213853944101,0.10344392570102091
pi_pd_minus_pd_emp,0.012193066342109449,0.012193066342109449,0.10370288468597708
xacc_pd_minus_pd_ceq,0.012193032441078142,0.012193032441078142,0.10370384535518638
ds_over_dltt,0.01219120384976177,0.01219120384976177,0.10375567347233393
tstk_over_sale,-0.012190239438580948,0.012190239438580948,0.10378301625380137
txdb_over_dltt_d,0.01218798731538767,0.01218798731538767,0.10384689027031216
ceqt,0.012177211933606335,0.012177211933606335,0.10415293063814268
txpd_over_invt_d,0.01217690316926209,0.01217690316926209,0.10416171065196907
ni_d_over_at,0.012175620402078102,0.012175620402078102,0.10419819367703802
fatl_over_lt,-0.012173205217953956,0.012173205217953956,0.10426691117833968
acchg_d_over_at,0.012168754931099101,0.012168754931099101,0.1043936262592347
oiadp_over_at_pd,0.012168043998793955,0.012168043998793955,0.10441388028848905
txdbcl_over_lt_d,0.012165367606617475,0.012165367606617475,0.10449015706351636
cld5_d_over_at,0.012164302398026478,0.012164302398026478,0.10452052765545239
ibadj_d_over_icapt,0.012163766859720999,0.012163766859720999,0.10453579925180408
txfed_d_over_act,0.01216350554856791,0.01216350554856791,0.10454325153457557
am_over_mktcap,0.012161929588586667,0.012161929588586667,0.10458820498002071
txdi_over_lct_d,0.01214987766141875,0.01214987766141875,0.10493248765759737
pstkn_over_icapt,-0.012148861850925079,0.012148861850925079,0.10496154697550637
dxd2_d_over_icapt,-0.01214569884119297,0.01214569884119297,0.10505207219149706
mrct_pd_minus_pd_lt,0.012145450690449847,0.012145450690449847,0.10505917687675452
intpn_pd_minus_pd_emp,-0.012140777553512117,0.012140777553512117,0.10519304245000316
dn_over_ppent,-0.012138957676312236,0.012138957676312236,0.10524521082761804
oancf_over_ceq_pd,0.012138887793558543,0.012138887793558543,0.10524721448733716
xrd_over_lt_d,0.01213808569715244,0.01213808569715244,0.10527021414972783
ivncf_d_over_sale,-0.012135755976115676,0.012135755976115676,0.10533704020329612
fatp_over_cogs,0.012135685663704534,0.012135685663704534,0.10533905757777286
pi_over_cogs_pd,0.012134896091463622,0.012134896091463622,0.1053617137613372
lt_over_lct_d,-0.012130948678344767,0.012130948678344767,0.10547503981048408
fato_over_dltt,-0.01212897693365973,0.01212897693365973,0.10553168271682739
seq_d_over_cogs,0.012120051291450521,0.012120051291450521,0.10578839427324084
sppiv_d_over_at,-0.012118421005396805,0.012118421005396805,0.10583533659253765
txach_d_over_cogs,0.01211809873261892,0.01211809873261892,0.10584461804311816
txach_d_over_at,0.012118091138459467,0.012118091138459467,0.10584483676256581
dd4_over_invt_d,0.012117793355233875,0.012117793355233875,0.10585341350231862
rdip_over_xsga_d,-0.012115299355331911,0.012115299355331911,0.10592526722218794
pstkc_d_over_icapt,-0.012114778418451409,0.012114778418451409,0.10594028062665474
pi_d_over_lt,0.012111405478515913,0.012111405478515913,0.10603752961817116
reuna_over_sale_pd,0.012110082220788567,0.012110082220788567,0.10607570126461534
ap_pd_minus_pd_xsga,-0.012107529544478616,0.012107529544478616,0.10614936838820466
niadj_pd_minus_pd_sale,0.012105966157504656,0.012105966157504656,0.10619450585411798
mii_over_icapt_d,0.012101698949455569,0.012101698949455569,0.10631778438591646
recco_over_at,0.012100640892769039,0.012100640892769039,0.10634836891467193
reajo_d_over_emp,0.012099715740238966,0.012099715740238966,0.10637511738808803
esubc_d_over_icapt,0.012098570734124564,0.012098570734124564,0.10640822976293862
dclo_d_over_ppent,-0.012094596151852257,0.012094596151852257,0.10652323391895285
pstkl_over_invt,-0.012093107712063119,0.012093107712063119,0.10656632712753818
re_pd_minus_pd_sale,0.012092317173663818,0.012092317173663818,0.1065892203594621
txdc_over_sale_d,0.01209182480922158,0.01209182480922158,0.10660348073000889
fatn_over_invt,0.01209109927415426,0.01209109927415426,0.10662449718618024
che_d_over_lct,-0.012090069998279723,0.012090069998279723,0.10665431768622742
xint_d_over_mktcap,-0.012087766736240707,0.012087766736240707,0.10672107245313163
dd_over_cogs,0.01208632129296459,0.01208632129296459,0.10676298221756741
cogs_over_invt,-0.012081435904476905,0.012081435904476905,0.10690472767746602
ebit_over_at_pd,0.012078927956192592,0.012078927956192592,0.10697755159768364
txo_d_over_ceq,-0.012078913589790262,0.012078913589790262,0.10697796887167778
txdi_over_ppent_d,0.012074582010692997,0.012074582010692997,0.10710383896056792
apalch_over_cogs,0.012073728103547584,0.012073728103547584,0.10712866623665838
mrc5_d_over_lct,-0.012066403415768688,0.012066403415768688,0.10734181822060808
lt_pd_minus_pd_sale,-0.012065383532909493,0.012065383532909493,0.10737152393160972
sale_pd_minus_pd_lt,0.012065383532909466,0.012065383532909466,0.10737152393160972
revt_pd_minus_pd_lt,0.012065383532909466,0.012065383532909466,0.10737152393160972
gp_pd_minus_pd_ceq,0.012064433659794429,0.012064433659794429,0.10739919635279854
recta_over_sale,0.012063778245649304,0.012063778245649304,0.10741829366584431
nopio_pd_minus_pd_seq,0.012062142872789039,0.012062142872789039,0.1074659565272511
donr_over_icapt,0.012060686129175914,0.012060686129175914,0.10750842735065094
dcvsub_d_over_invt,0.01205705331338308,0.01205705331338308,0.10761439866130287
txr_d_over_dltt,0.012052592794672386,0.012052592794672386,0.10774462764408209
ppent_d_over_at,0.01205242816104371,0.01205242816104371,0.10774943666220382
am_d_over_ceq,0.012048964672746645,0.012048964672746645,0.10785064602267469
recch_over_emp_d,0.012047415232071685,0.012047415232071685,0.10789594782569253
pstkl_d_over_ppent,0.012045079502100143,0.012045079502100143,0.10796426724568801
dxd3_over_seq,0.01204333617308561,0.01204333617308561,0.10801528142406724
capx_over_emp_pd,-0.012039390710296645,0.012039390710296645,0.10813080601143818
wcap_d_over_sale,0.012039151585598741,0.012039151585598741,0.10813781081142779
txdfed_d_over_act,0.01203761992390355,0.01203761992390355,0.10818268706530987
tstkc_over_sale,-0.012035499580151137,0.012035499580151137,0.10824483547523552
dd3_over_ceq,0.012033949652644487,0.012033949652644487,0.10829028255224116
acox_over_act,0.012033289648573673,0.012033289648573673,0.10830963981866674
txdbca_d_over_invt,-0.012031600535898038,0.012031600535898038,0.1083591922931434
dpvieb_over_icapt_d,0.012029257474659926,0.012029257474659926,0.10842795895921119
fatl_over_mktcap_d,0.012026714059458803,0.012026714059458803,0.10850264490789874
cld4_over_mktcap,0.012023493029400378,0.012023493029400378,0.10859728703875025
dvp_d_over_lct,0.012022533834703263,0.012022533834703263,0.10862548325732702
msa_over_dltt,-0.012017828879295542,0.012017828879295542,0.10876387269348037
dd2_over_icapt_d,-0.012017505098275316,0.012017505098275316,0.10877340136883952
re_over_ppent_pd,0.01201636052273625,0.01201636052273625,0.10880709081268844
intc_over_seq_d,0.012013945484108413,0.012013945484108413,0.10887820215392195
niadj_over_lt_d,-0.012012361971579507,0.012012361971579507,0.10892484897604134
intpn_over_act_d,0.01201203371206856,0.01201203371206856,0.10893452076217226
dd1_over_act_pd,-0.012010819506818905,0.012010819506818905,0.1089703018155584
capxv_over_emp_pd,-0.012010243164603883,0.012010243164603883,0.1089872891255785
dv_over_xsga,0.012005045118775239,0.012005045118775239,0.10914059276402462
dn_d_over_lt,-0.012002422692290455,0.012002422692290455,0.10921799949935847
txndba_d_over_dltt,0.011999667215082858,0.011999667215082858,0.10929938028223699
ibc_over_act_d,0.011996192468824975,0.011996192468824975,0.10940207243058571
rect_d_over_act,0.01199389693718441,0.01199389693718441,0.10946995606948139
cstkcv_over_lt_pd,0.01199267985561023,0.01199267985561023,0.10950596120421976
dudd_over_invt_d,0.01199087961619715,0.01199087961619715,0.10955923516061332
np_over_emp_d,0.011990332665902001,0.011990332665902001,0.10957542495697101
lcox_d_over_cogs,-0.011988087207884208,0.011988087207884208,0.10964191061016011
idit_d_over_act,-0.011984291501271779,0.011984291501271779,0.10975436999248782
oancf_over_act_pd,0.011983158323100498,0.011983158323100498,0.10978796151502908
ivao_over_icapt,-0.011981403432687129,0.011981403432687129,0.10983999888300666
oancf_d_over_lt,0.011979747612045254,0.011979747612045254,0.10988911642685542
dd4_d_over_mktcap,0.011979462619561322,0.011979462619561322,0.10989757207043978
ppegt_over_icapt_d,0.011979418138187814,0.011979418138187814,0.1098988918661592
rectr_over_dltt_d,0.011978135666383885,0.011978135666383885,0.10993694915279803
che_over_sale_pd,-0.01197734149594954,0.01197734149594954,0.10996052134111717
dvt_over_act,-0.011973484571186351,0.011973484571186351,0.11007505754206318
fatl_over_ceq_d,-0.011972702364489586,0.011972702364489586,0.11009829763958363
ppeveb_over_cogs_pd,-0.011971777699778842,0.011971777699778842,0.11012577529839816
txditc_over_dltt_d,0.011970260357979101,0.011970260357979101,0.11017087689530103
txndba_over_invt,0.011969959100450648,0.011969959100450648,0.11017983323566603
ao_pd_minus_pd_seq,-0.011968363312945532,0.011968363312945532,0.1102272853482469
dxd4_over_emp_d,0.011966736393122495,0.011966736393122495,0.11027567982491454
xacc_pd_minus_pd_seq,0.011959069573395324,0.011959069573395324,0.1105039635508175
sale_over_lt_d,0.011958204240712304,0.011958204240712304,0.11052975272397522
revt_over_lt_d,0.011958204240712304,0.011958204240712304,0.11052975272397522
drc_over_icapt,-0.011956670313056852,0.011956670313056852,0.11057547945315316
gdwl_over_act_pd,-0.011953128989759627,0.011953128989759627,0.11068110415548263
xrd_over_mktcap_d,0.011952931330858159,0.011952931330858159,0.11068700194316634
fatp_d_over_emp,0.011948910788688582,0.011948910788688582,0.11080702159105435
lcox_over_cogs_pd,-0.01194790322157051,0.01194790322157051,0.1108371151848968
mrct_d_over_dltt,-0.011947360171904575,0.011947360171904575,0.11085333744141522
intpn_pd_minus_pd_sale,-0.011947256093496896,0.011947256093496896,0.11085644673872004
xacc_over_lt_pd,0.011944910805741445,0.011944910805741445,0.11092652945219134
invt_over_at_pd,0.011944357847506828,0.011944357847506828,0.11094305823907277
mrc1_pd_minus_pd_mktcap,0.0119424063600715,0.0119424063600715,0.1110014067917153
fiao_over_ceq,-0.01194228726472231,0.01194228726472231,0.1110049684705547
xrent_over_at_d,0.011940628610504706,0.011940628610504706,0.11105458174712128
fatp_d_over_invt,-0.011938826922834527,0.011938826922834527,0.11110849323785817
mii_d_over_mktcap,0.011938322323762652,0.011938322323762652,0.1111235959435931
ivaeq_over_lt,0.011937665897707074,0.011937665897707074,0.11114324527261066
fatb_over_mktcap_d,-0.011937250106070083,0.011937250106070083,0.11115569291666912
fatp_over_sale_d,-0.01193546332625487,0.01193546332625487,0.11120919665448363
caps_over_emp_pd,-0.011935151683714819,0.011935151683714819,0.11121853063040163
at_d_over_xsga,0.011934889004081562,0.011934889004081562,0.11122639860318576
lse_d_over_xsga,0.011934889004081562,0.011934889004081562,0.11122639860318576
txdba_over_invt,0.01192850217643766,0.01192850217643766,0.11141783676708267
fatc_d_over_emp,0.011923494351373983,0.011923494351373983,0.11156812261911199
xacc_pd_minus_pd_lct,0.011918568310906786,0.011918568310906786,0.11171611009571265
aqc_over_emp,-0.011918156805670146,0.011918156805670146,0.11172847948833228
intpn_over_invt_pd,-0.011917616409022884,0.011917616409022884,0.1117447248552906
fopo_over_ceq_d,-0.011915929240856354,0.011915929240856354,0.11179545637959737
mrc2_over_dltt,-0.011914224891366516,0.011914224891366516,0.11184672297466901
dltp_d_over_at,0.011912439503714045,0.011912439503714045,0.11190044707226761
pi_pd_minus_pd_lt,0.011911946442078115,0.011911946442078115,0.11191528737553082
txfed_over_act_d,0.011905678700442245,0.011905678700442245,0.11210407088833627
txpd_over_icapt,-0.011904363465710745,0.011904363465710745,0.11214371743681671
xint_over_ceq_d,-0.011904074227630276,0.011904074227630276,0.11215243773728642
dm_over_ppent_pd,-0.01190225835113043,0.01190225835113043,0.11220719720174262
mrc3_d_over_act,-0.011894616977546974,0.011894616977546974,0.11243786107375377
gdwl_pd_minus_pd_cogs,-0.011887424099922963,0.011887424099922963,0.11265532796985732
mii,0.011887205277595625,0.011887205277595625,0.11266194895866796
invfg_d_over_ppent,-0.011885569766737063,0.011885569766737063,0.11271144493473537
gdwl_over_at_d,-0.011884610168464161,0.011884610168464161,0.11274049353410026
dlto_d_over_dltt,-0.011881454184888788,0.011881454184888788,0.1128360719032189
am_d_over_dltt,0.01188116960954656,0.01188116960954656,0.1128446933516394
pstkr_over_dltt_d,0.01187471253249848,0.01187471253249848,0.11304045547337906
esubc_over_seq_d,0.011874375262361552,0.011874375262361552,0.11305068799338745
niadj_over_cogs_d,-0.011874029029057102,0.011874029029057102,0.11306119320826194
txfo_over_ppent_d,0.011873635698234597,0.011873635698234597,0.11307312836258296
niadj_pd_minus_pd_ceq,0.011873615214937242,0.011873615214937242,0.11307374993098218
rdip_d_over_at,-0.011869831584423273,0.011869831584423273,0.1131886108909304
rdip_d_over_cogs,-0.011868649312505588,0.011868649312505588,0.1132245203650151
mrc4_pd_minus_pd_xsga,-0.011867514499068567,0.011867514499068567,0.11325899681077553
lcox_over_at,-0.011867157501487431,0.011867157501487431,0.11326984436311976
xopr_d_over_dltt,-0.011867008920693813,0.011867008920693813,0.11327435930700047
recch_d_over_cogs,0.011865786435911654,0.011865786435911654,0.11331151249307042
dn_d_over_icapt,-0.011864167797769701,0.011864167797769701,0.1133607201558314
intan_pd_minus_pd_lt,-0.011862480489260419,0.011862480489260419,0.11341203336063173
dilavx_over_seq_d,0.01185766344223434,0.01185766344223434,0.11355862658371745
xpr_over_emp_d,0.011857079888574503,0.011857079888574503,0.11357639552109587
idit_d_over_sale,0.011856209168831844,0.011856209168831844,0.11360291260317126
mii_d_over_invt,0.011854864546713105,0.011854864546713105,0.11364387158594288
txndb_d_over_at,-0.011853559795119928,0.011853559795119928,0.11368362717600973
intc_over_ceq_d,0.011850300741670235,0.011850300741670235,0.11378297790196766
dd1_over_xsga_pd,-0.011843744715443987,0.011843744715443987,0.11398304239280803
txdfed_over_sale,0.011842087045627628,0.011842087045627628,0.11403367188504895
lcox_over_sale_pd,-0.011841307966377205,0.011841307966377205,0.11405747308044789
dcvsub_d_over_seq,-0.011836181675769686,0.011836181675769686,0.11421418093167829
pstkc_d_over_xsga,-0.011835562833055029,0.011835562833055029,0.11423311006763
sppiv_over_dltt,-0.011834808143214498,0.011834808143214498,0.11425619783173666
cld5_d_over_sale,0.011829568291209812,0.011829568291209812,0.11441659870436592
cstk_over_emp_pd,-0.011826635158564932,0.011826635158564932,0.11450646426694
ivncf_d_over_at,0.011825993742157261,0.011825993742157261,0.11452612343533598
dltp_d_over_invt,0.0118258905522243,0.0118258905522243,0.11452928641543733
emp_over_sale_d,0.011825778896611005,0.011825778896611005,0.11453270896319778
txndba_over_icapt_d,-0.011819116933398446,0.011819116933398446,0.11473706192122167
aoloch_over_dltt,0.011817875106888122,0.011817875106888122,0.11477518613455123
ceql_over_at_pd,0.011810907646182407,0.011810907646182407,0.11498927280981147
dcvsub_over_act_d,-0.01180338538824669,0.01180338538824669,0.11522075901915159
sppiv_over_mktcap_d,-0.01180239106847696,0.01180239106847696,0.11525138512209303
dxd3_over_lt,0.011801178315822083,0.011801178315822083,0.1152887478545069
ibadj_over_seq_d,0.011799245341632458,0.011799245341632458,0.11534831900771987
dcvsub_over_invt_d,0.01179854586814761,0.01179854586814761,0.11536988161755829
dcpstk_d_over_mktcap,-0.011798002400511685,0.011798002400511685,0.11538663723611449
recta_d_over_xsga,0.01179780421083381,0.01179780421083381,0.11539274808645417
pstk_over_xsga_d,-0.011796876496840893,0.011796876496840893,0.11542135599374001
intpn_over_cogs,0.01179623180150585,0.01179623180150585,0.11544123974136739
txt_over_seq,0.011795625283628009,0.011795625283628009,0.11545994847525833
txach_d_over_lt,0.011782335479025824,0.011782335479025824,0.11587048629592356
niadj_over_ppent_pd,0.011780253312700942,0.011780253312700942,0.11593491070936188
tstk,-0.011780005113487726,0.011780005113487726,0.11594259213122296
xido_over_lt,0.011779029008234345,0.011779029008234345,0.11597280511645348
dclo_over_ceq_d,-0.011778555145036488,0.011778555145036488,0.11598747464024113
cld3_over_sale,-0.011777945243244641,0.011777945243244641,0.11600635769739752
xacc_over_mktcap_pd,0.011775457121291782,0.011775457121291782,0.11608341701545766
txditc_over_ppent,-0.011775432620893202,0.011775432620893202,0.11608417601422368
cstkcv_over_sale_pd,-0.011771073232384268,0.011771073232384268,0.11621928776105916
dm_over_mktcap_d,-0.011767943010782907,0.011767943010782907,0.1163163797830203
txds_over_mktcap,0.01176716358928872,0.01176716358928872,0.11634056548858678
dxd4_d_over_lct,0.0117661077395242,0.0117661077395242,0.11637333515520712
dxd4_d_over_act,0.011765589762311793,0.011765589762311793,0.11638941390065455
act_d_over_emp,-0.011765360326482767,0.011765360326482767,0.11639653647106102
dxd4_over_lct_d,0.011765133786561228,0.011765133786561228,0.11640356947731013
fato_over_mktcap,0.011762796557662674,0.011762796557662674,0.11647614900615469
cld2,-0.011762276910696454,0.011762276910696454,0.11649229077961581
ivaeq_d_over_ceq,-0.01176021592086221,0.01176021592086221,0.11655632853202948
am_d_over_invt,0.011759798739189524,0.011759798739189524,0.11656929429730051
gp_over_sale_pd,0.01175135011283156,0.01175135011283156,0.11683211657967497
dv_over_at,-0.011751106595923135,0.011751106595923135,0.11683969886693521
recd_over_seq_pd,-0.011749798767503544,0.011749798767503544,0.11688042680078281
cld3_over_mktcap,0.011745020721107767,0.011745020721107767,0.11702931781386273
cstk_over_lct,-0.011740182398560908,0.011740182398560908,0.11718023882354331
invfg_over_ppent,-0.011738598882489976,0.011738598882489976,0.11722966635506415
ppegt,0.011736565163613433,0.011736565163613433,0.11729317042580743
dxd2_over_at_d,-0.011735048478338814,0.011735048478338814,0.11734054739291609
capxv_d_over_icapt,0.011734329344936092,0.011734329344936092,0.1173630163393636
esubc_over_xsga,-0.011733506037762336,0.011733506037762336,0.11738874428675027
mrc4_d_over_icapt,-0.011731694325098335,0.011731694325098335,0.11744537501153482
dxd2_over_xsga_d,-0.011729214983769606,0.011729214983769606,0.11752290929735915
ivaeq_d_over_seq,-0.011726910214682971,0.011726910214682971,0.11759502035862955
pstkn_over_xsga_d,-0.011722750622181926,0.011722750622181926,0.11772525256470624
capx_d_over_icapt,0.011722339923329194,0.011722339923329194,0.11773811722408777
dv_d_over_ppent,-0.011722040334511628,0.011722040334511628,0.11774750218784116
ivao_over_invt,-0.011716681240687485,0.011716681240687485,0.11791548113434791
dd3_over_emp_d,-0.011716118196529818,0.011716118196529818,0.11793314046709263
dvp_over_sale_d,0.011713389729493132,0.011713389729493132,0.11801874557306087
mrc4_d_over_act,-0.01170518516443902,0.01170518516443902,0.11827645583760205
txach_d_over_mktcap,0.011695894793061845,0.011695894793061845,0.11856880450606101
txo_over_icapt_d,-0.011691529757978178,0.011691529757978178,0.11870635857231109
ds_over_cogs,0.0116906380653235,0.0116906380653235,0.11873447360280308
xi_over_lct,0.011690217286926466,0.011690217286926466,0.11874774254002718
intan_pd_minus_pd_dltt,0.011689340353258141,0.011689340353258141,0.11877539973388475
pstkr_over_invt,-0.011688473345822323,0.011688473345822323,0.11880274883289604
oiadp_pd_minus_pd_icapt,0.011687889667653165,0.011687889667653165,0.11882116330284817
siv_over_mktcap_d,-0.011686831880606761,0.011686831880606761,0.11885454114118499
mrc1_over_act,-0.011686822427485428,0.011686822427485428,0.11885483946190716
ceql_d_over_cogs,0.011684266790206909,0.011684266790206909,0.118935511556295
icapt_over_sale_d,0.011680040376556101,0.011680040376556101,0.11906901809922922
rectr_over_cogs_d,-0.011678660109425618,0.011678660109425618,0.11911264425467374
ibcom_over_seq_d,0.011678223962696677,0.011678223962696677,0.11912643216498967
xacc_over_icapt_d,0.011673438194918045,0.011673438194918045,0.1192778068538229
mib_over_invt_d,0.01167228995795441,0.01167228995795441,0.1193141482031083
lco_over_cogs_d,-0.011671921930804047,0.011671921930804047,0.11932579798579766
dcvsr_over_xsga_d,-0.01166512754876053,0.01166512754876053,0.11954103213949879
rdip_over_at_d,-0.01166380344530056,0.01166380344530056,0.1195830128117224
txdc_d_over_ppent,0.011662628696233556,0.011662628696233556,0.11962026787338552
pstkc_over_lt,-0.01164907546546449,0.01164907546546449,0.1200507420949597
re_over_invt_d,0.011647673386502288,0.011647673386502288,0.12009534370967206
ppeveb,0.011646179070935368,0.011646179070935368,0.12014289374995
pstk_d_over_ppent,0.011645008171312914,0.011645008171312914,0.12018016279512987
dltt_over_lct_d,-0.011642264372828821,0.011642264372828821,0.12026753174082613
gdwl_pd_minus_pd_sale,-0.01163868861835439,0.01163868861835439,0.12038146672205062
caps_over_invt_d,-0.011633001821186224,0.011633001821186224,0.1205628402939024
xpr_d_over_at,0.011632415954171695,0.011632415954171695,0.12058153796469791
pstkn_over_lt,-0.011623672949327792,0.011623672949327792,0.12086083658047678
txdfed_over_at,0.011617607907938443,0.011617607907938443,0.12105488381806458
txditc_over_sale_pd,-0.011614497192815086,0.011614497192815086,0.12115450373576409
ivao_d_over_dltt,0.011610255507683014,0.011610255507683014,0.12129044602679002
recco_over_cogs_d,-0.011609651262001322,0.011609651262001322,0.12130982127575475
invfg_over_emp,0.011607632250397529,0.011607632250397529,0.12137457881253352
ibcom_over_sale_d,-0.01160596574635237,0.01160596574635237,0.12142805042877076
txdb_over_ppent,-0.011605045579578048,0.011605045579578048,0.12145758288572205
pi_pd_minus_pd_ceq,0.011601752596237594,0.011601752596237594,0.1215633161486858
chech_over_act,-0.011601411794248588,0.011601411794248588,0.12157426295049623
fiao_over_sale,-0.011600063530541712,0.011600063530541712,0.12161757769479106
act_over_at_d,0.011597910845035028,0.011597910845035028,0.12168676055955703
recd_over_lt_d,0.011592663331522585,0.011592663331522585,0.12185553372837817
niadj_pd_minus_pd_lt,0.01159205645297865,0.01159205645297865,0.12187506426090619
lcoxdr_over_cogs,-0.011590750468805115,0.011590750468805115,0.12191710167209498
nopi_over_at,-0.01158993211333165,0.01158993211333165,0.12194344891999502
intpn_over_at_pd,-0.011588261831447939,0.011588261831447939,0.12199723805663487
dltp_over_sale,0.01158803624511466,0.01158803624511466,0.12200450417633125
dlto_over_sale,0.011587960935630907,0.011587960935630907,0.1220069299647467
np_over_mktcap,0.011587247079588574,0.011587247079588574,0.12202992580320199
che_over_ppent_pd,-0.011587191397142923,0.011587191397142923,0.1220317196749671
invfg_d_over_cogs,-0.011586364132370762,0.011586364132370762,0.12205837335532257
txpd_over_sale,-0.011578810660608872,0.011578810660608872,0.12230194948953725
oancf_pd_minus_pd_mktcap,0.011578607637506896,0.011578607637506896,0.12230850159554273
gdwl_d_over_lct,-0.011578261685216546,0.011578261685216546,0.12231966704594806
fatc_d_over_dltt,0.011577371846827457,0.011577371846827457,0.12234838982812538
txc_d_over_dltt,0.011577225261969266,0.011577225261969266,0.12235312189506674
reuna_pd_minus_pd_cogs,0.011573581605319358,0.011573581605319358,0.12247079274613466
ebit_pd_minus_pd_icapt,0.01157346003760918,0.01157346003760918,0.12247472026433666
dvt_over_cogs_d,0.011572624153723862,0.011572624153723862,0.12250172803725841
lcox_d_over_emp,-0.011570950688213838,0.011570950688213838,0.12255581242077014
seq_pd_minus_pd_invt,-0.011567733577822377,0.011567733577822377,0.12265983794371223
invt_pd_minus_pd_seq,0.011567733577822353,0.011567733577822353,0.12265983794371223
dxd2_over_act_d,-0.011560566547840986,0.011560566547840986,0.12289183242651863
xidoc_over_emp_d,-0.011560098801465074,0.011560098801465074,0.12290698513288588
tstkc,-0.011559945055816005,0.011559945055816005,0.12291196606237276
invt_pd_minus_pd_ceq,0.011556688517460239,0.011556688517460239,0.12301750584625029
ceq_pd_minus_pd_invt,-0.011556688517460226,0.011556688517460226,0.12301750584625029
ap_over_lct_d,-0.011556671214258993,0.011556671214258993,0.12301806680739391
rdip_d_over_act,-0.011555648120373923,0.011555648120373923,0.12305123855105847
txdbca_d_over_sale,-0.011552205264769315,0.011552205264769315,0.12316291746473113
oancf_d_over_seq,0.011548528452885433,0.011548528452885433,0.123282272800242
ceq_over_xsga_pd,-0.011548426743344832,0.011548426743344832,0.12328557574165683
ceq_over_mktcap_pd,0.01154448994864512,0.01154448994864512,0.1234134733105519
dd3_over_sale,-0.011541291617318193,0.011541291617318193,0.12351745611113941
dcpstk_over_xsga,-0.01153280315981596,0.01153280315981596,0.12379376088792254
txdfo_d_over_invt,-0.011525294071044205,0.011525294071044205,0.12403858845469043
aco_over_act,0.011524189564993844,0.011524189564993844,0.1240746318008812
txndbl_over_lct_d,0.011523503950799869,0.011523503950799869,0.1240970095592465
idit_d_over_seq,-0.011522435578891136,0.011522435578891136,0.12413188642108541
spi_over_ceq,0.011521607692019414,0.011521607692019414,0.12415891793875027
reuna_pd_minus_pd_xsga,0.011516922528919627,0.011516922528919627,0.12431198077894214
do_d_over_lt,-0.01151397442975223,0.01151397442975223,0.12440836969721422
lse_d_over_sale,0.011507049657871391,0.011507049657871391,0.12463500630330288
at_d_over_sale,0.011507049657871391,0.011507049657871391,0.12463500630330288
dpvieb_over_mktcap_pd,0.011506898794806939,0.011506898794806939,0.12463994738903582
gp_pd_minus_pd_sale,0.01150435687725112,0.01150435687725112,0.12472322355927785
mrc4_over_invt_pd,-0.01150405679476229,0.01150405679476229,0.12473305747256602
ebit_over_sale_d,-0.011502664043154287,0.011502664043154287,0.12477870683300003
oiadp_over_sale_d,-0.011499938653279756,0.011499938653279756,0.12486807294090169
invfg_d_over_at,-0.01149395955167692,0.01149395955167692,0.12506430376092187
wcap_over_invt_pd,-0.011493100772832925,0.011493100772832925,0.12509250814160897
cld3_over_ceq_d,-0.011492708141182289,0.011492708141182289,0.1251054047690731
nopi_pd_minus_pd_lct,0.0114907924701303,0.0114907924701303,0.12516834297672844
tlcf_pd_minus_pd_sale,-0.0114866827769693,0.0114866827769693,0.12530344770984014
txach_d_over_lct,0.011483575705871215,0.011483575705871215,0.12540566701523911
mrc2_over_mktcap_d,0.011480753915158716,0.011480753915158716,0.12549855719859104
acox_pd_minus_pd_icapt,0.011480194073108787,0.011480194073108787,0.1255169929427345
ivaco_over_emp_d,-0.011479403369702079,0.011479403369702079,0.12554303460626587
ceql_d_over_lt,-0.011477433298474884,0.011477433298474884,0.12560793683251043
txfed_over_cogs,-0.011476893845945552,0.011476893845945552,0.12562571316984836
acox_d_over_at,-0.01146887752509493,0.01146887752509493,0.12589010243939366
ivstch_d_over_act,0.011465938754550802,0.011465938754550802,0.1259871356285554
invrm_d_over_lt,0.011462176840212597,0.011462176840212597,0.1261114326235251
aox_over_invt,-0.011451187320782742,0.011451187320782742,0.12647508315156233
che_over_icapt_pd,0.011450681236422882,0.011450681236422882,0.12649184946386383
fatl_over_seq_pd,-0.011448302556928872,0.011448302556928872,0.12657067706289699
dd3_over_sale_pd,-0.011445590745644016,0.011445590745644016,0.12666059103705418
emp_over_act_d,0.01144409389962172,0.01144409389962172,0.12671024239577308
fatb_over_seq_d,-0.011441294282345383,0.011441294282345383,0.1268031481921059
recd_d_over_mktcap,0.011440934080765583,0.011440934080765583,0.12681510539408591
txo_over_emp_d,-0.011439861931478142,0.011439861931478142,0.12685070150762806
lt_over_cogs_d,-0.011435074730720278,0.011435074730720278,0.12700973483978237
fatb_over_cogs_d,-0.011433529328590548,0.011433529328590548,0.12706110702761145
txc_over_ceq_pd,0.011432886840793962,0.011432886840793962,0.12708246933570652
pstkr_over_sale,-0.011430555757515797,0.011430555757515797,0.12715999982825923
fiao_over_icapt_d,-0.011430255923286236,0.011430255923286236,0.12716997481347542
icapt_pd_minus_pd_seq,-0.011425799561015611,0.011425799561015611,0.12731830234074878
seq_pd_minus_pd_icapt,0.011425799561015592,0.011425799561015592,0.12731830234074878
dd5_over_sale,0.011424850729305224,0.011424850729305224,0.12734990104625402
mrc1_over_at_d,0.011424219496786446,0.011424219496786446,0.12737092620448298
dxd3_d_over_emp,-0.011420027366242053,0.011420027366242053,0.12751062664745064
dlto_over_sale_d,-0.011417569333777702,0.011417569333777702,0.12759259463777953
dpc_over_mktcap_d,0.011415155050895557,0.011415155050895557,0.12767314360024887
intpn_d_over_act,0.011410875316725891,0.011410875316725891,0.1278160277566946
chech_over_act_d,-0.011410246963153478,0.011410246963153478,0.12783701657337762
niadj_pd_minus_pd_invt,0.011407187703941566,0.011407187703941566,0.12793924292197334
pstkrv_d_over_ppent,0.011403493721359638,0.011403493721359638,0.12806276349892373
txdc_d_over_act,0.011403020921816975,0.011403020921816975,0.12807857981255896
invwip_d_over_lt,-0.011402304479815792,0.011402304479815792,0.12810254946292982
pstk_over_lt_d,0.011401342427942508,0.011401342427942508,0.12813474184847487
acox_over_icapt,0.011400710582802974,0.011400710582802974,0.12815588820712753
ivaco,0.011392031653237909,0.011392031653237909,0.1284466260410453
invwip_over_cogs,0.011390397968847835,0.011390397968847835,0.1285014105647169
dpvieb_over_ppent_d,-0.011388784665245826,0.011388784665245826,0.12855552945142942
dpc_over_ceq_pd,-0.011388470212760338,0.011388470212760338,0.12856607994272792
txdfed_over_lct_d,0.011387193369812724,0.011387193369812724,0.12860892741564567
dltt_over_invt_d,-0.011385316721624633,0.011385316721624633,0.12867192290532573
niadj_over_seq_pd,0.01138042167717314,0.01138042167717314,0.12883635302033344
intc_over_lt,0.011377735055011414,0.011377735055011414,0.12892666907949663
ap_d_over_cogs,-0.011366637876387404,0.011366637876387404,0.12930024369583293
ivst_d_over_act,-0.011365030207269757,0.011365030207269757,0.129354433796774
fatb_over_cogs,0.01136339819933489,0.01136339819933489,0.12940946232996983
cld2_over_ceq_d,-0.011360510046159308,0.011360510046159308,0.12950689049375047
pstkc_over_act_d,-0.011359295167502113,0.011359295167502113,0.12954788988919855
txdc_over_ceq,0.011357544363729698,0.011357544363729698,0.12960699326615946
lco_over_act_d,0.011356624562830453,0.011356624562830453,0.12963805215723528
dcvt_over_act_d,-0.01135198416227761,0.01135198416227761,0.12979483255355703
dd1_pd,-0.011343641694131738,0.011343641694131738,0.13007706097422891
icapt_over_emp,0.011343435185274305,0.011343435185274305,0.13008405327209682
mrc4_over_lct_pd,-0.011342739957132421,0.011342739957132421,0.13010759553119564
pstkr,-0.011342499785355925,0.011342499785355925,0.13011572914957212
txditc_over_cogs_pd,-0.011340937136025983,0.011340937136025983,0.13016865921424275
dcvt_d_over_dltt,-0.01133984756096832,0.01133984756096832,0.13020557519093776
txdfed_d_over_ppent,0.011339088878443006,0.011339088878443006,0.13023128496975533
ceql_over_invt_pd,-0.011337788172144144,0.011337788172144144,0.1302753716911907
emp_over_xsga,0.011337693201354655,0.011337693201354655,0.1302785911272188
intc_over_icapt,0.011332889617441994,0.011332889617441994,0.13044150943438407
rectr_d_over_act,0.011332455947043109,0.011332455947043109,0.13045622557128672
intpn_over_seq_pd,-0.011328905625798098,0.011328905625798098,0.1305767503309418
prstkc_over_emp_d,0.011326860456308048,0.011326860456308048,0.1306462180543125
dn_d_over_lct,-0.01132612342305584,0.01132612342305584,0.13067125969091364
reuna_pd,0.011322473470461765,0.011322473470461765,0.1307953263210617
niadj_over_invt_pd,0.011322096390162023,0.011322096390162023,0.1308081489753586
lct_pd_minus_pd_at,0.011319118543696955,0.011319118543696955,0.1309094452037969
lse_pd_minus_pd_lct,-0.011319118543696945,0.011319118543696945,0.1309094452037969
at_pd_minus_pd_lct,-0.011319118543696945,0.011319118543696945,0.1309094452037969
txfed,-0.011315698932244883,0.011315698932244883,0.13102584380447568
ivao_over_dltt_d,-0.0113151923745251,0.0113151923745251,0.1310430931150803
esubc_over_lct_d,0.011312246137139846,0.011312246137139846,0.13114345333777788
ivaco_over_act,0.011311351793719789,0.011311351793719789,0.13117392991606958
dcvsr_d_over_dltt,-0.011307213721045446,0.011307213721045446,0.13131501468074597
reajo_over_xsga_d,0.011306702107196332,0.011306702107196332,0.13133246597391077
msa_over_mktcap_d,0.011305881983091298,0.011305881983091298,0.13136044439014385
recta_over_dltt_d,-0.01130410912376421,0.01130410912376421,0.1314209410212347
pi_pd,0.011301589372767038,0.011301589372767038,0.13150696156461705
txdc_d_over_at,0.011300556992165785,0.011300556992165785,0.1315422181001773
dd1_over_lct_pd,-0.011289321135473384,0.011289321135473384,0.13192640454358598
dv_d_over_mktcap,0.011284230538300159,0.011284230538300159,0.13210075270832122
invt_over_icapt_pd,0.01128356492793413,0.01128356492793413,0.13212356242646747
act_pd_minus_pd_ppent,-0.011283365636717991,0.011283365636717991,0.13213039250564718
ppent_pd_minus_pd_act,0.01128336563671795,0.01128336563671795,0.13213039250564718
dm_d_over_at,-0.011278547189429304,0.011278547189429304,0.1322956128866341
rectr_over_sale_d,-0.011275822096305349,0.011275822096305349,0.13238912478421508
lt_d_over_ceq,-0.01127221331724863,0.01127221331724863,0.13251303924557264
apalch_d_over_emp,-0.01127124722628149,0.01127124722628149,0.13254622709765773
invt_d_over_lt,-0.01127027446390665,0.01127027446390665,0.13257965063380867
cld4_d_over_xsga,0.011268372069789206,0.011268372069789206,0.13264503462540153
txndba_d_over_invt,0.011262061480038667,0.011262061480038667,0.13286210409427468
np_d_over_invt,0.011259697597136246,0.011259697597136246,0.1329434868801911
dpvieb_pd_minus_pd_lct,0.011259590531923727,0.011259590531923727,0.13294717379045937
txds_over_ppent,0.011258745591658436,0.011258745591658436,0.132976273030195
pstk_over_cogs,-0.011257866019682402,0.011257866019682402,0.13300657020278375
niadj_pd_minus_pd_cogs,0.011249861997011876,0.011249861997011876,0.13328251723826567
ds_over_ceq_d,-0.011246856642569672,0.011246856642569672,0.13338624430513038
txfed_d_over_dltt,0.01124522754459828,0.01124522754459828,0.13344249723737991
mrct_over_lct_d,0.01124139908501797,0.01124139908501797,0.13357476662608428
dd2_d_over_ppent,-0.01123704789900922,0.01123704789900922,0.13372521881179467
cstk_over_icapt,-0.011234624965434974,0.011234624965434974,0.13380905407430743
dd4_over_dltt,0.01122888438734924,0.01122888438734924,0.13400784451350015
xpr_d_over_icapt,0.011225641752258712,0.011225641752258712,0.13412023460540046
niadj_over_lct_pd,0.011224993013717065,0.011224993013717065,0.13414272870310875
dd1_pd_minus_pd_cogs,-0.011224292217255842,0.011224292217255842,0.13416703111385958
dcvt_over_dltt_d,-0.011222836895818855,0.011222836895818855,0.13421751002373064
capx_over_ppent_pd,-0.011221504944018095,0.011221504944018095,0.13426372263559636
recd_d_over_ppent,0.011221211200028548,0.011221211200028548,0.13427391585894194
txpd_over_dltt,-0.011220820311541894,0.011220820311541894,0.13428748102573895
txdbca_d_over_cogs,-0.011220714694793294,0.011220714694793294,0.1342911464698015
sppe_d_over_xsga,0.01122008038963676,0.01122008038963676,0.1343131617466202
nopio_d_over_lt,0.01121787545385644,0.01121787545385644,0.13438971171940403
oiadp_pd_minus_pd_act,0.011215253375494269,0.011215253375494269,0.13448078776277114
gdwl_d_over_icapt,-0.011214909986308119,0.011214909986308119,0.13449271867683715
mrc4_d_over_ceq,-0.01121330120509745,0.01121330120509745,0.13454862600651052
aoloch_over_invt,0.01121080683583355,0.01121080683583355,0.134635344241285
dxd2_d_over_act,-0.01121030217457132,0.01121030217457132,0.13465289434432015
recco_over_icapt,0.011207128632126959,0.011207128632126959,0.1347632980009419
txdbca_d_over_lct,-0.011202919176968796,0.011202919176968796,0.13490984772147263
apalch_over_lt_d,0.011197158230498137,0.011197158230498137,0.1351106112748443
ceqt_over_act_pd,0.011194563765271875,0.011194563765271875,0.1352011012957135
dd3_over_cogs_pd,-0.0111909438047909,0.0111909438047909,0.13532743687589793
esubc_d_over_lct,0.011188281568785914,0.011188281568785914,0.13542040632786206
ivaco_over_lct,0.011186410451935063,0.011186410451935063,0.13548577817649513
lt_over_mktcap_d,-0.011182025118626582,0.011182025118626582,0.13563908556870682
txdi_over_at,0.011181885976242712,0.011181885976242712,0.1356439520558655
txp_d_over_act,0.011180888242088217,0.011180888242088217,0.1356788516310187
ceqt_d_over_ppent,-0.011180861377741897,0.011180861377741897,0.13567979141032238
ibcom_over_lt_d,-0.011180760840891124,0.011180760840891124,0.1356833084752664
ceql_pd_minus_pd_lt,0.011180281105735376,0.011180281105735376,0.13570009194477659
ch_over_cogs_pd,-0.011179395135538691,0.011179395135538691,0.13573109170653033
cstkcv_over_ppent_pd,-0.011173563901246682,0.011173563901246682,0.13593526084946153
intpn_over_icapt_pd,-0.011169452301085757,0.011169452301085757,0.13607936288351205
lcox_d_over_at,-0.01116828041421456,0.01116828041421456,0.1361204563842788
txdb_over_sale_pd,-0.011166687618948623,0.011166687618948623,0.13617632485811645
ppent_over_seq_pd,-0.011166041013998635,0.011166041013998635,0.1361990100563588
xint_d_over_at,-0.01116451595114734,0.01116451595114734,0.13625252623142609
txdfo_d_over_ceq,-0.011164462600755364,0.011164462600755364,0.1362543986506224
dv_over_lct,-0.01116416524711301,0.01116416524711301,0.1362648351265012
capxv_over_ppent_pd,-0.01116407915108696,0.01116407915108696,0.13626785702777308
gdwl_pd,-0.011163104437052321,0.011163104437052321,0.13630207231427993
ivstch_d_over_at,0.01116221210485279,0.01116221210485279,0.1363334015732476
reuna_over_lct_pd,0.01116082941651541,0.01116082941651541,0.1363819579258772
sstk_d_over_lt,-0.011160522631334303,0.011160522631334303,0.13639273321797338
invt_d_over_at,-0.011153279343237605,0.011153279343237605,0.1366473319566577
dxd3_over_lct,0.011148855969298415,0.011148855969298415,0.1368029920702127
idit_over_cogs_d,0.011146297331056786,0.011146297331056786,0.1368930938968124
intpn_pd_minus_pd_cogs,-0.0111455506199749,0.0111455506199749,0.13691939777463139
dxd4_d_over_cogs,0.011144284763087254,0.011144284763087254,0.13696399815184349
sstk,-0.011142396562523279,0.011142396562523279,0.13703054660553007
donr_over_seq,0.011141681130463536,0.011141681130463536,0.137055768077545
dd1_over_at_pd,-0.011140406362782972,0.011140406362782972,0.13710071695219178
dvp_over_cogs_d,0.011139595611712114,0.011139595611712114,0.13712931030971412
dd1_pd_minus_pd_emp,-0.011138418981411359,0.011138418981411359,0.13717081558145122
intpn_over_act_pd,-0.011138133962474229,0.011138133962474229,0.13718087099432114
txfo_over_seq_d,0.01113450835418768,0.01113450835418768,0.137308831367929
dm_pd,-0.011133686644863142,0.011133686644863142,0.13733784514901373
che_d_over_lt,-0.011133263016087743,0.011133263016087743,0.13735280492824034
chech_over_lt_d,-0.011132729739852609,0.011132729739852609,0.13737163852028572
dxd2_over_seq_d,-0.011126623417568603,0.011126623417568603,0.13758743604865
tlcf_over_lt_d,-0.011124348594095381,0.011124348594095381,0.1376678951312818
donr_over_lct,0.01112397822559372,0.01112397822559372,0.13768099826621816
prstkc_over_lt_d,0.011118747547902116,0.011118747547902116,0.1378661552299628
dvt_d_over_cogs,0.011115803369336067,0.011115803369336067,0.13797045845471698
nopio_d_over_act,0.011115004834015346,0.011115004834015346,0.13799875859603855
prstkc_over_emp,-0.0111050982253224,0.0111050982253224,0.13835022154738744
fatp_over_invt_d,-0.011102722113095239,0.011102722113095239,0.13843462282246535
sppe_d_over_emp,0.011100663134247965,0.011100663134247965,0.1385077913577978
ibadj_over_sale_d,-0.011100277826163995,0.011100277826163995,0.1385214870984728
txdi_over_icapt_d,0.011097653548575453,0.011097653548575453,0.1386147945561534
txdc_over_act_d,0.011090811247732613,0.011090811247732613,0.13885830353625722
pstkc_d_over_cogs,-0.011085323566734126,0.011085323566734126,0.13905384123241976
dm_over_act_pd,-0.011083436959592574,0.011083436959592574,0.13912111399136268
ppent_d_over_ceq,0.01108185462459277,0.01108185462459277,0.13917755631408327
niadj_over_act_pd,0.011080645958926662,0.011080645958926662,0.13922068162442583
cstkcv_d_over_sale,0.01107887102927629,0.01107887102927629,0.13928402993467603
ppent_over_seq_d,-0.01107675539058762,0.01107675539058762,0.13935956734119365
dltp_d_over_lt,0.011075785628658158,0.011075785628658158,0.1393942025541118
txo_over_mktcap_d,-0.011075277975681981,0.011075277975681981,0.13941233610876497
mrc2_over_ppent_pd,-0.011071611786098026,0.011071611786098026,0.13954334768693652
cstkcv_pd_minus_pd_invt,0.011071333583322046,0.011071333583322046,0.1395532931521056
rect_pd_minus_pd_sale,-0.011066273044995082,0.011066273044995082,0.1397342974602103
txdbca_d_over_at,-0.011065301179200142,0.011065301179200142,0.13976907962842863
txndbl_over_cogs_d,0.011063990887589721,0.011063990887589721,0.1398159842856012
dd3_pd_minus_pd_cogs,-0.011063263603585937,0.011063263603585937,0.13984202417999786
recta_d_over_seq,0.011062764625521113,0.011062764625521113,0.1398598918983883
pstkn_over_dltt,-0.01106024246381615,0.01106024246381615,0.1399502339214589
txfed_over_icapt_pd,0.01105936792481751,0.01105936792481751,0.13998156976176054
txdfed_over_ppent_d,0.01105388646202352,0.01105388646202352,0.1401781004802771
fiao_over_seq,-0.011044092614414733,0.011044092614414733,0.14052977444930187
recch_over_invt,-0.011043577812422434,0.011043577812422434,0.14054827852567045
cstkcv_over_dltt_d,0.011043052839069496,0.011043052839069496,0.14056715013150983
dd1_pd_minus_pd_ppent,-0.011038811880238582,0.011038811880238582,0.14071967447529798
pstkr_over_emp,-0.011037621356246884,0.011037621356246884,0.14076251404737578
pstkc_d_over_lct,-0.011037592777588201,0.011037592777588201,0.14076354253920845
dd3_d_over_emp,-0.01103615898403474,0.01103615898403474,0.14081514947189055
dpact,0.011035570879043971,0.011035570879043971,0.14083632150563807
fatl_pd_minus_pd_mktcap,0.011034568736635289,0.011034568736635289,0.14087240470320284
dpc_over_icapt_d,0.0110342868789482,0.0110342868789482,0.14088255456780155
txdc_over_cogs_d,0.011033709871633716,0.011033709871633716,0.14090333470117727
pstkc_over_seq,-0.011033020882304524,0.011033020882304524,0.14092815080082866
invo_over_lt_d,-0.011030727311300979,0.011030727311300979,0.14101078512225276
ebit_pd_minus_pd_act,0.011030160543421494,0.011030160543421494,0.1410312107549507
dxd2_over_ceq_d,-0.01102782850908224,0.01102782850908224,0.14111527839787047
reajo_d_over_seq,-0.011027353449779138,0.011027353449779138,0.1411324085597729
act_d_over_sale,0.01102671346103543,0.01102671346103543,0.14115548843859274
prstkc_over_seq_d,0.011025316258461919,0.011025316258461919,0.14120588575726187
rdip_d_over_icapt,-0.011020856816008858,0.011020856816008858,0.14136683105937667
dltt_d_over_ceq,-0.011015718848991257,0.011015718848991257,0.14155243964744413
rdip_d_over_seq,-0.011011600210577363,0.011011600210577363,0.1417013602334616
reuna_over_xsga_pd,0.011011193836111231,0.011011193836111231,0.14171606032962097
rect_pd_minus_pd_lct,-0.01101027298366155,0.01101027298366155,0.14174937536852386
act_over_icapt_d,0.011009750196241806,0.011009750196241806,0.141768291698059
txdfed_over_lct,0.011008230517453404,0.011008230517453404,0.14182329015441955
dm_pd_minus_pd_emp,-0.01100159341715987,0.01100159341715987,0.14206368451652254
ivaeq_over_cogs,0.010998148941106662,0.010998148941106662,0.14218856598239307
prstkc_over_icapt,-0.010997427218892275,0.010997427218892275,0.14221474311573404
cstk_over_act,-0.010996731513403489,0.010996731513403489,0.1422399801153345
xrent_d_over_dltt,-0.010996122364095695,0.010996122364095695,0.14226208007770347
mrc2_pd_minus_pd_mktcap,0.010994713796523694,0.010994713796523694,0.14231319306466725
dpact_over_icapt_d,0.010994034199399903,0.010994034199399903,0.14233785878992797
chech_d_over_cogs,-0.010993652098125146,0.010993652098125146,0.1423517284552481
wcap_over_sale_d,0.010990760104760902,0.010990760104760902,0.1424567368383607
aox_pd_minus_pd_icapt,-0.010989240061054081,0.010989240061054081,0.14251195351645063
lco_over_mktcap_pd,0.010988739388137676,0.010988739388137676,0.142530144415806
dltt_d_over_seq,-0.01098667453398853,0.01098667453398853,0.14260518539076622
gdwl_over_at_pd,-0.010982269617764552,0.010982269617764552,0.14276537030087874
dd1_pd_minus_pd_lct,-0.010975989186310497,0.010975989186310497,0.142993997136626
rectr_over_icapt_pd,-0.010974654462740322,0.010974654462740322,0.14304262131724713
acchg_d_over_ceq,0.01097380977528456,0.01097380977528456,0.143073399962709
mrc1_pd_minus_pd_at,0.010972416109438735,0.010972416109438735,0.14312419334120824
fatb_over_invt_d,-0.01097162322252489,0.01097162322252489,0.14315309697660836
fato_over_sale,-0.010971320165421088,0.010971320165421088,0.14316414570219219
dd1_pd_minus_pd_sale,-0.010968522035381453,0.010968522035381453,0.14326618963275978
dd3_pd_minus_pd_sale,-0.010967296545668914,0.010967296545668914,0.14331089911297076
xrent_over_xsga_pd,0.010962778921938072,0.010962778921938072,0.1434758078112113
dpvieb,0.010961393106463827,0.010961393106463827,0.143526423970599
fate_over_xsga_pd,0.010960429726217469,0.010960429726217469,0.14356161898092354
rdip_d_over_ceq,-0.01095926798453973,0.01095926798453973,0.14360406949955878
caps,-0.010957516167597962,0.010957516167597962,0.1436680998127959
dltt_d_over_xsga,-0.010954881011541663,0.010954881011541663,0.14376445811269345
rect_over_dltt_d,0.010954826360218137,0.010954826360218137,0.14376645704195115
reuna_pd_minus_pd_emp,0.010954361856367379,0.010954361856367379,0.14378344761595135
pi_over_cogs_d,-0.01095289706903163,0.01095289706903163,0.14383703653951044
lt_d_over_invt,-0.010950775476175635,0.010950775476175635,0.14391468170142666
txo_over_cogs_d,-0.010944864916531764,0.010944864916531764,0.14413116334432094
acox_d_over_sale,-0.010944516250214982,0.010944516250214982,0.14414394147717088
cstk_over_act_pd,-0.010943474100872996,0.010943474100872996,0.14418213996984766
dcvsr_over_xsga,-0.010939176968637063,0.010939176968637063,0.14433972716447901
txach_over_mktcap_d,0.010938740891175552,0.010938740891175552,0.1443557266523029
aco_over_sale_pd,-0.01093779684863787,0.01093779684863787,0.14439036780873146
oancf_pd,0.010937568879996336,0.010937568879996336,0.1443987339559304
xido_over_cogs_d,0.010937145721903577,0.010937145721903577,0.14441426428224544
txdc_over_icapt,0.010935948197467137,0.010935948197467137,0.14445822156700808
dd3_over_at,0.01093534875365574,0.01093534875365574,0.144480229079031
dvp_over_lct_d,0.010932955684710383,0.010932955684710383,0.14456811194644742
dp_over_dltt,-0.010931879271571103,0.010931879271571103,0.14460765540783543
dd_over_ppent,0.010930609383879328,0.010930609383879328,0.14465431706853826
lse_over_invt_d,-0.010929237730700663,0.010929237730700663,0.14470473103238302
at_over_invt_d,-0.010929237730700663,0.010929237730700663,0.14470473103238302
dltr_over_sale_d,-0.010928794665961696,0.010928794665961696,0.1447210183819141
emp_over_lt_pd,0.01092329114760554,0.01092329114760554,0.14492344841252758
txndba_d_over_seq,0.01092306592810283,0.01092306592810283,0.14493173703803988
dilavx_over_sale_d,-0.01092229222081269,0.01092229222081269,0.14496021411476914
fato_over_ppent,-0.010921524887446132,0.010921524887446132,0.14498846082584846
invch_over_cogs,0.01091884019152101,0.01091884019152101,0.14508732175658567
nopio_pd,0.010916995215678052,0.010916995215678052,0.14515529085886938
txpd_d_over_at,0.010910657075896276,0.010910657075896276,0.14538897438522796
mrc3_d_over_invt,-0.010909564685832197,0.010909564685832197,0.1454292792579187
txpd_over_dltt_d,0.010908808934177252,0.010908808934177252,0.14545716851125437
ppegt_over_ppent_d,-0.010908372861243725,0.010908372861243725,0.14547326262951482
dpact_over_ppent_d,-0.010908372861243723,0.010908372861243723,0.14547326262951482
invrm_d_over_ppent,0.01090392180934878,0.01090392180934878,0.14563761533360103
ivstch_d_over_seq,0.010901385210691198,0.010901385210691198,0.145731341444966
dd1_over_emp_pd,-0.010901234058178503,0.010901234058178503,0.14573692791558124
dvc_d_over_invt,-0.010899358717587947,0.010899358717587947,0.14580625257204094
revt_over_cogs_pd,-0.010896270092747828,0.010896270092747828,0.14592048303790225
sale_over_cogs_pd,-0.010896270092747828,0.010896270092747828,0.14592048303790225
mii_d_over_lt,0.010896074348393457,0.010896074348393457,0.14592772480290106
dm_over_lt_pd,-0.010893474901660222,0.010893474901660222,0.1460239201080406
mrc3_pd_minus_pd_icapt,0.010893065677571503,0.010893065677571503,0.14603906830308971
lco_over_at_pd,0.010884352191377381,0.010884352191377381,0.14636189978368488
pi_over_ppent_d,0.010881546823078816,0.010881546823078816,0.1464659537599679
txdb_over_cogs_pd,-0.010874271808918734,0.010874271808918734,0.1467360551262859
acchg_d_over_mktcap,0.01087288404424806,0.01087288404424806,0.14678762226939376
mrc3_d_over_ppent,-0.010872542496045436,0.010872542496045436,0.14680031578609742
revt_over_dltt_d,0.010870903482014905,0.010870903482014905,0.14686124083621438
sale_over_dltt_d,0.010870903482014905,0.010870903482014905,0.14686124083621438
pstkr_over_lt_d,0.010866092617985327,0.010866092617985327,0.14704018083541348
intc_over_at,0.010864802548693962,0.010864802548693962,0.14708819327283104
ceqt_over_lt_d,0.010864545664914887,0.010864545664914887,0.1470977551330984
txr_over_ceq_d,-0.010862121368851814,0.010862121368851814,0.14718801693688677
cogs_over_ppent_pd,-0.010859433847163483,0.010859433847163483,0.14728812868471305
cstk_pd_minus_pd_lt,0.01085853632857123,0.01085853632857123,0.14732157336673063
itci_over_mktcap,-0.010852838009563269,0.010852838009563269,0.1475340481103895
do_over_sale_d,-0.01085055654252248,0.01085055654252248,0.14761918340914973
intpn_pd,-0.01084762871761701,0.01084762871761701,0.14772849321931777
dm_over_emp_pd,-0.010843203826018891,0.010843203826018891,0.1478938131051493
txdi_d_over_icapt,0.01084201902870919,0.01084201902870919,0.1479381027041448
recd_over_icapt_d,0.010841118646102021,0.010841118646102021,0.14797176720730726
rectr_pd_minus_pd_lct,-0.010839322368636828,0.010839322368636828,0.14803894590532377
xrent_pd_minus_pd_seq,0.010838656906427139,0.010838656906427139,0.14806383933557435
donr_over_dltt,0.010838440597555779,0.010838440597555779,0.14807193164791388
xido_over_dltt,0.010838207725493315,0.010838207725493315,0.14808064398200624
ivaco_over_ceq,0.010837969021314689,0.010837969021314689,0.1480895749167724
rect_over_lt_d,0.010836202435736242,0.010836202435736242,0.14815568316006061
xrd_over_ceq_d,-0.010836055830702254,0.010836055830702254,0.14816117034994533
caps_pd_minus_pd_lt,0.010834455322053136,0.010834455322053136,0.1482210849051795
aco_pd_minus_pd_mktcap,0.010828602781629422,0.010828602781629422,0.1484403305495518
idit_d_over_ceq,-0.010825439353184089,0.010825439353184089,0.14855894077103396
mrc1_over_lct_d,0.010824592279320453,0.010824592279320453,0.1485907134090986
wcap_over_lct_pd,-0.010819556508756769,0.010819556508756769,0.14877970573074628
dvc_over_cogs_d,-0.01081919124879911,0.01081919124879911,0.1487934210612911
fopo_over_xsga,-0.010818548373820965,0.010818548373820965,0.1488175630428924
reuna_over_invt_d,0.010814229683651132,0.010814229683651132,0.1489798209972533
sppe_d_over_icapt,0.010813935080669005,0.010813935080669005,0.1489908944745312
cstk_over_ppent_d,-0.010811456149615088,0.010811456149615088,0.1490840969196167
txp_over_cogs,-0.01081129631116359,0.01081129631116359,0.1490901080264421
ceq_over_lct_pd,-0.010807369144082079,0.010807369144082079,0.1492378566409679
lct_over_dltt_d,0.010800084539013552,0.010800084539013552,0.14951221524672648
dxd3_over_emp,0.010793147937468559,0.010793147937468559,0.14977382459350644
txdfed_over_xsga_d,0.010791535173213341,0.010791535173213341,0.1498346989311825
invt_d_over_sale,-0.01078608334871531,0.01078608334871531,0.1500406196374668
nopio_over_act_d,0.010777347598290092,0.010777347598290092,0.1503710272904216
xacc_over_lct_d,0.01077680187916343,0.01077680187916343,0.15039168612959034
intpn_pd_minus_pd_invt,-0.01077057186295957,0.01077057186295957,0.1506276840959622
txr_over_seq_d,-0.010769648570157163,0.010769648570157163,0.15066268316478548
xrent_d_over_lct,-0.010765032373851714,0.010765032373851714,0.15083776133268542
wcap_over_cogs_pd,-0.0107427354719575,0.0107427354719575,0.15168559818538058
dxd5_over_mktcap_d,-0.010737374225399434,0.010737374225399434,0.15188999908869133
txo_d_over_icapt,-0.010733356564546296,0.010733356564546296,0.15204331235424995
pstkl_over_lt_d,0.010729891251087878,0.010729891251087878,0.15217564273852355
ivaco_over_at,0.010729856119361223,0.010729856119361223,0.15217698476718616
txpd_over_act,-0.010728806795302165,0.010728806795302165,0.15221707300102683
ceqt_over_at_d,0.010728785521303507,0.010728785521303507,0.1522178858331169
txw_over_invt,0.010723681574502281,0.010723681574502281,0.15241299176218445
reajo_over_act_d,0.010723670066225011,0.010723670066225011,0.1524134318980844
txdc_over_seq_d,0.01072109647827615,0.01072109647827615,0.1525118834762375
lcoxdr_over_invt,-0.010719151186234253,0.010719151186234253,0.15258633195433807
txndb_d_over_invt,-0.010717665554530277,0.010717665554530277,0.1526432073443604
mrc1_pd,-0.010717243487126393,0.010717243487126393,0.15265936856307327
ibadj_over_lt_d,-0.010716593666683483,0.010716593666683483,0.15268425312998346
mrc1_over_ceq_pd,-0.010716000995497828,0.010716000995497828,0.15270695188408276
intan_over_mktcap_d,-0.01071460066589551,0.01071460066589551,0.15276059340242965
lct_d_over_at,-0.010714054448282814,0.010714054448282814,0.15278152089250746
ppeveb_over_ppent_d,-0.010713771668382303,0.010713771668382303,0.15279235602755073
chech_over_at_d,-0.010711657061287697,0.010711657061287697,0.15287339889459592
oancf_over_dltt,0.010705860606678783,0.010705860606678783,0.15309571719911294
ceql_pd_minus_pd_invt,-0.010704644819478693,0.010704644819478693,0.153142378911311
txdb_d_over_dltt,0.010699731478413311,0.010699731478413311,0.15333106232026136
act_pd_minus_pd_mktcap,0.01069899658638352,0.01069899658638352,0.15335929902760007
dcvsub_d_over_lt,-0.010691251932267238,0.010691251932267238,0.15365711180407926
tlcf_pd_minus_pd_ppent,-0.01068608980925893,0.01068608980925893,0.15385586003438015
ppegt_over_invt,0.010685452587815732,0.010685452587815732,0.15388040740413297
txditc_d_over_dltt,0.01068440753433553,0.01068440753433553,0.15392067193191467
do_over_invt,0.010683213291123775,0.010683213291123775,0.15396669434589236
txdbca_over_mktcap_d,-0.010676389248074899,0.010676389248074899,0.15422987235112726
oancf_d_over_ppent,0.010675760941344405,0.010675760941344405,0.15425412098331867
emp_over_icapt,0.010674561912174555,0.010674561912174555,0.15430040389999464
dd3_pd,-0.010671618264089286,0.010671618264089286,0.15441407442271732
gp_d_over_lct,0.010671180703609577,0.010671180703609577,0.15443097648101392
dc_over_xsga_d,-0.010670665709554291,0.010670665709554291,0.15445087143909259
oiadp_over_mktcap_d,0.010669792422135262,0.010669792422135262,0.15448461223327406
txp_d_over_invt,0.010669337862849767,0.010669337862849767,0.1545021770417131
txpd_d_over_icapt,0.010668007414607323,0.010668007414607323,0.1545535961466877
mrc2_over_at_d,0.010666330262561405,0.010666330262561405,0.15461843316526622
rea_d_over_dltt,0.010663751411575096,0.010663751411575096,0.15471816926712148
dltis_over_lt,0.01066141534594243,0.01066141534594243,0.15480855790799375
donr_over_xsga,0.010661318014841834,0.010661318014841834,0.15481232477923673
mrc4_over_cogs_d,-0.010661271054357985,0.010661271054357985,0.15481414225092607
pstk_d_over_invt,-0.010658560056044604,0.010658560056044604,0.15491909118567876
ivst_d_over_invt,0.010657599524088282,0.010657599524088282,0.15495628853013604
ivaco_over_sale,0.010654908097922154,0.010654908097922154,0.1550605522201437
dpact_over_sale_d,-0.010653381595420959,0.010653381595420959,0.15511971137100128
dn_over_lt_d,-0.010652577041200068,0.010652577041200068,0.15515089852616556
dpvieb_d_over_dltt,-0.010651136882024681,0.010651136882024681,0.15520673569694313
mib_over_dltt,0.010648337901339584,0.010648337901339584,0.15531530008951355
dltr_over_mktcap_d,-0.010646253451264617,0.010646253451264617,0.15539618734292052
che_over_seq_d,-0.01064297014456174,0.01064297014456174,0.15552366116971889
lco_pd_minus_pd_seq,0.01064208053223017,0.01064208053223017,0.1555582138794365
lcox_over_ppent_pd,-0.010640744485392989,0.010640744485392989,0.15561011713405465
dd5_over_cogs,0.01063966949481573,0.01063966949481573,0.15565188831693563
txdc_over_ppent_d,0.010639337027519144,0.010639337027519144,0.15566480880610203
mrc4_d_over_seq,-0.010634334793646423,0.010634334793646423,0.15585930606308596
lco_over_at,-0.01063267457184396,0.01063267457184396,0.1559238996783541
ivaco_over_icapt_d,-0.010629654753449258,0.010629654753449258,0.15604144266645423
dd3_over_ppent_pd,-0.010626371760302001,0.010626371760302001,0.15616930568399104
txdc_over_seq,0.01062443949774738,0.01062443949774738,0.15624459882578354
txpd_over_seq,-0.010621767990961468,0.010621767990961468,0.1563487429336075
dudd_over_ppent_d,-0.010618748947177035,0.010618748947177035,0.1564664985325829
invt_over_mktcap_pd,0.010617745056739836,0.010617745056739836,0.15650566944317712
dc_over_sale,-0.010614277026754831,0.010614277026754831,0.15664104610376697
fate_pd_minus_pd_xsga,0.0106113634698802,0.0106113634698802,0.1567548471848387
mrc2_over_sale_d,0.010611028692467968,0.010611028692467968,0.15676792732302292
dltp_over_invt_d,0.010607669345162713,0.010607669345162713,0.15689922669878842
che_over_mktcap_d,0.01060353857376185,0.01060353857376185,0.1570607912780271
am_d_over_seq,0.010602304684568116,0.010602304684568116,0.15710907615539238
niadj_d_over_at,0.010601635214176536,0.010601635214176536,0.15713527875509803
txo_d_over_at,-0.01060134454192815,0.01060134454192815,0.15714665649338644
np_d_over_emp,0.010600262183273115,0.010600262183273115,0.1571890285799814
aqc_over_at,-0.010599300724070736,0.010599300724070736,0.157226674966348
dpact_d_over_dltt,-0.010597886416599415,0.010597886416599415,0.157282065257148
dp_over_lt_pd,0.010594402556386483,0.010594402556386483,0.1574185711056204
ivst_d_over_sale,0.010591851911319597,0.010591851911319597,0.15751856829478583
dd3_pd_minus_pd_ppent,-0.010586031474543577,0.010586031474543577,0.1577469367882319
mib_over_icapt_d,0.010584289024654699,0.010584289024654699,0.15781535166042643
cogs_over_ceq_pd,-0.010580035481880024,0.010580035481880024,0.1579824554995418
nopi_pd_minus_pd_ppent,0.010579989424069913,0.010579989424069913,0.15798426565064255
sppiv_d_over_dltt,0.010579749137357878,0.010579749137357878,0.15799370958614237
rect_over_cogs_d,-0.01057850336209913,0.01057850336209913,0.158042678870226
idit_d_over_icapt,-0.010576746807241279,0.010576746807241279,0.15811174555099441
txfed_over_at_pd,0.010575584279789213,0.010575584279789213,0.1581574679991083
ivst_d_over_ppent,-0.010564970934395138,0.010564970934395138,0.15857535615521326
txdi_d_over_ppent,0.010564477549578462,0.010564477549578462,0.15859480292061842
intpn_over_mktcap_d,-0.010563924348651797,0.010563924348651797,0.15861660948506315
txo_d_over_xsga,-0.010563302908246133,0.010563302908246133,0.15864110868048426
tlcf,-0.010560354375983292,0.010560354375983292,0.1587573884169876
txdfed_over_act_d,0.010558673721628598,0.010558673721628598,0.15882369636725138
mrc1_d_over_at,-0.01055593922934321,0.01055593922934321,0.15893162686190204
prstkc_over_invt_d,0.010554929106186708,0.010554929106186708,0.1589715104891874
aqc_d_over_ppent,-0.010551446179350898,0.010551446179350898,0.15910908819148906
itci_over_sale_d,-0.010549786783152706,0.010549786783152706,0.1591746670139505
ivao_over_sale_d,0.010542588261527087,0.010542588261527087,0.15945938714094804
caps_over_cogs_pd,-0.010540839345884036,0.010540839345884036,0.1595286194020077
cld4_d_over_cogs,0.010537067993713262,0.010537067993713262,0.1596779888397213
spi_d_over_xsga,0.010531392699012687,0.010531392699012687,0.15990296576644308
dpvieb_pd_minus_pd_xsga,0.010528820533351132,0.010528820533351132,0.16000500904120205
dpact_pd_minus_pd_xsga,0.010528820533351132,0.010528820533351132,0.16000500904120205
txdc_over_lt_d,0.010527220637545307,0.010527220637545307,0.16006850513620327
recta_over_invt,0.010525426565969874,0.010525426565969874,0.16013973026524023
prstkc_over_seq,-0.010523142433708433,0.010523142433708433,0.16023044560136962
fatc_over_lt_d,0.01052220247199659,0.01052220247199659,0.16026778788119225
fopo_d_over_seq,-0.010519762356953831,0.010519762356953831,0.16036475812686782
nopio_over_at_pd,0.010519078725624367,0.010519078725624367,0.1603919336070436
revt_over_ppent_pd,-0.010516027016157864,0.010516027016157864,0.1605132865715334
sale_over_ppent_pd,-0.010516027016157864,0.010516027016157864,0.1605132865715334
lco_d_over_xsga,0.010513994140438963,0.010513994140438963,0.16059416352837533
act_over_lt_d,0.010503523113929528,0.010503523113929528,0.16101123600930678
dpact_pd_minus_pd_lct,0.010500930257601442,0.010500930257601442,0.16111463859697617
aco_over_ppent_d,-0.010500651456640558,0.010500651456640558,0.1611257601089259
txpd_over_lct,-0.01050040792499845,0.01050040792499845,0.1611354751842791
oiadp_over_emp_pd,0.010499970086583491,0.010499970086583491,0.16115294274678477
ibcom_d_over_icapt,0.010499854168273464,0.010499854168273464,0.16115756754691296
xrent_d_over_emp,0.01049408867074636,0.01049408867074636,0.16138772047012975
oancf_pd_minus_pd_lt,0.010493262870637215,0.010493262870637215,0.16142070589923302
prstkc_d_over_seq,0.010492508336684983,0.010492508336684983,0.16145084915190133
mrc2_over_ppent_d,-0.010490864772797185,0.010490864772797185,0.16151652341624723
txdfo_over_seq,-0.010490589231536507,0.010490589231536507,0.16152753559171046
acox_pd_minus_pd_at,0.01048858087734516,0.01048858087734516,0.16160781782326
ebit_over_mktcap_d,0.010487885509827558,0.010487885509827558,0.16163562156145872
dcvsub_d_over_mktcap,-0.010487291979660604,0.010487291979660604,0.16165935626771483
cld5_over_mktcap,0.010485544211846177,0.010485544211846177,0.1617292631200718
txt_over_ppent,-0.010485219368174478,0.010485219368174478,0.16174225866399664
ibcom_d_over_dltt,-0.0104834413394724,0.0104834413394724,0.161813403614029
ds_over_at_d,-0.010481860990606832,0.010481860990606832,0.16187665855078387
dxd4_d_over_xsga,0.010480495160109085,0.010480495160109085,0.1619313422240862
xsga_d_over_seq,-0.010477429120789363,0.010477429120789363,0.16205414783278227
pifo_over_lt,0.010475232077752167,0.010475232077752167,0.16214219031668617
cstk_over_mktcap_d,-0.010474073989905073,0.010474073989905073,0.16218861309575577
xsga_over_dltt_d,0.010472690876204256,0.010472690876204256,0.16224406933824229
intpn_d_over_xsga,0.01047044687537612,0.01047044687537612,0.16233407347191925
dpc_over_dltt,-0.010466486988249406,0.010466486988249406,0.16249299159611152
seq_d_over_act,-0.010464234011191169,0.010464234011191169,0.1625834604013918
dv_over_icapt,-0.01046046617652084,0.01046046617652084,0.16273484355482956
txpd_over_invt,-0.010459894081442463,0.010459894081442463,0.16275783834658783
esubc_over_dltt,-0.010459454711624256,0.010459454711624256,0.16277550004242763
recta_over_ppent_d,-0.010458616147261696,0.010458616147261696,0.16280921248890443
drlt,-0.010457769324019863,0.010457769324019863,0.16284326230724325
dclo_over_ppent_d,-0.010452020061371893,0.010452020061371893,0.16307457576536882
prstkc_over_ceq,-0.010447009206294978,0.010447009206294978,0.16327638242580514
dc_d_over_ppent,-0.01043299061318645,0.01043299061318645,0.16384196591381944
dd3_pd_minus_pd_lt,-0.010426206855146634,0.010426206855146634,0.16411618771962225
dd3_pd_minus_pd_at,-0.010425475707923947,0.010425475707923947,0.1641457637228382
ivncf_over_cogs,-0.010425049900582824,0.010425049900582824,0.1641629901192508
txo_d_over_act,-0.010424317235503825,0.010424317235503825,0.16419263389274996
aoloch_over_lct,0.010423914370124417,0.010423914370124417,0.1642089356234789
oancf_over_emp_pd,0.010418589486797247,0.010418589486797247,0.16442451872884686
rect_over_xsga_pd,-0.010411877681659475,0.010411877681659475,0.16469655630104957
pi_over_icapt_d,0.010409681671908106,0.010409681671908106,0.16478563676901933
intan_d_over_emp,-0.010409057885358418,0.010409057885358418,0.16481094709518018
xidoc_d_over_lt,-0.010408735879080061,0.010408735879080061,0.16482401374175734
mrc3_pd_minus_pd_at,0.010407836033409898,0.010407836033409898,0.1648605325852534
dd3_over_seq,0.01040715056745146,0.01040715056745146,0.16488835524722412
cogs_pd_minus_pd_mktcap,0.01040471501122313,0.01040471501122313,0.16498724164262143
ebit_over_emp_pd,0.01040403613731737,0.01040403613731737,0.16501481266132553
mrc5_d_over_at,-0.01040360583975572,0.01040360583975572,0.16503229007663658
mrc4_over_seq_d,-0.010402019893684396,0.010402019893684396,0.16509671855117078
txach_over_mktcap,0.01040156977845382,0.01040156977845382,0.1651150077651875
mrc1_over_xsga,0.010400091226922386,0.010400091226922386,0.16517509543643383
mrc4_pd,-0.01039714013859917,0.01039714013859917,0.16529507554640122
lo_over_mktcap_pd,0.010387732056020824,0.010387732056020824,0.16567801050669498
ceql_d_over_emp,0.010387722011218608,0.010387722011218608,0.16567841971428124
txs_over_ppent_d,0.010385094691055637,0.010385094691055637,0.16578547822655068
dd3_over_at_pd,-0.010379657872125175,0.010379657872125175,0.16600718394930783
gdwl_pd_minus_pd_ceq,-0.010377728322036872,0.010377728322036872,0.16608592183992546
dm_pd_minus_pd_lct,-0.0103768826911668,0.0103768826911668,0.1661204377968371
lco_pd_minus_pd_sale,0.01037573089449216,0.01037573089449216,0.1661674591431512
xi,0.010372659295417747,0.010372659295417747,0.16629290410229924
ebit_d_over_invt,-0.01036693488045615,0.01036693488045615,0.16652688079122846
dd4_d_over_act,0.010364834748851982,0.010364834748851982,0.16661278247669403
mrc2_over_lct_d,0.01036159007651232,0.01036159007651232,0.16674556479220246
seq_over_mktcap_pd,0.010355349902086091,0.010355349902086091,0.16700115613333755
pstkr_over_lct,-0.010353759754799761,0.010353759754799761,0.16706633402948218
icapt_pd_minus_pd_sale,-0.010352234424121885,0.010352234424121885,0.1671288731437669
sale_pd_minus_pd_icapt,0.010352234424121854,0.010352234424121854,0.1671288731437669
revt_pd_minus_pd_icapt,0.010352234424121854,0.010352234424121854,0.1671288731437669
pstkn_d_over_dltt,-0.010352209035094762,0.010352209035094762,0.16712991425194137
che_over_mktcap,-0.010347730803168972,0.010347730803168972,0.16731362588363938
niadj_over_ceq_pd,0.010344509179828267,0.010344509179828267,0.16744588114089792
recch_over_lt_d,-0.010343883404677068,0.010343883404677068,0.16747157979648325
lco_over_xsga_pd,0.010343131846488263,0.010343131846488263,0.16750244788902197
lco_over_icapt_pd,0.010342152152286203,0.010342152152286203,0.1675426924286224
aco_pd_minus_pd_lt,0.01034039027802185,0.01034039027802185,0.16761508616269685
cstkcv_over_emp_d,-0.010340310119650082,0.010340310119650082,0.16761838035244192
dvt_over_ceq_d,0.010340076524248617,0.010340076524248617,0.16762798047014357
icapt_over_lt_pd,-0.010339851122285741,0.010339851122285741,0.1676372442518976
dd5_over_seq_d,0.01033836203307874,0.01033836203307874,0.16769845390064322
dltp_over_icapt_d,0.010336605998148455,0.010336605998148455,0.16777065803310115
act_over_ceq_pd,-0.010336578419899631,0.010336578419899631,0.16777179217366084
xrent_d_over_ceq,0.010334624463410696,0.010334624463410696,0.1678521622328857
spi_d_over_mktcap,0.010333913868768075,0.010333913868768075,0.16788139755041936
pstkc_over_at,-0.010332046871090964,0.010332046871090964,0.16795822787432144
ivstch_over_cogs_d,-0.010330890623767543,0.010330890623767543,0.16800582277415987
reuna_over_cogs_pd,0.0103298388252042,0.0103298388252042,0.16804912701796304
ivst_d_over_lct,-0.010324656089614182,0.010324656089614182,0.1682626309898201
reuna_over_emp_pd,0.010320181141319261,0.010320181141319261,0.16844714124656354
mii_d_over_seq,0.010316663606089462,0.010316663606089462,0.1685922821801511
ceq_d_over_emp,0.01031583060639172,0.01031583060639172,0.16862666724659076
oiadp_pd_minus_pd_at,0.010313387886430062,0.010313387886430062,0.16872752966392482
donr_over_at,0.010312724257161275,0.010312724257161275,0.16875493941627817
oiadp_over_icapt_d,0.010310754221548684,0.010310754221548684,0.16883632709863644
ppeveb_over_invt,0.010309393941907023,0.010309393941907023,0.16889254124073763
txndba_d_over_ceq,0.010305933154037617,0.010305933154037617,0.16903562309418604
invt_over_emp_d,0.010305194435944074,0.010305194435944074,0.16906617622235404
ivao_d_over_act,0.010301774637140784,0.010301774637140784,0.16920767191150865
capxv_over_lt_d,0.010301367633056937,0.010301367633056937,0.16922451779811573
itcb_d_over_dltt,0.010298988509224491,0.010298988509224491,0.16932301482793977
txpd_over_dltt_pd,0.01029775469272766,0.01029775469272766,0.16937411243353365
dc_d_over_act,-0.010297602026416348,0.010297602026416348,0.16938043580071319
chech_d_over_xsga,-0.010294467009604848,0.010294467009604848,0.16951032587711873
dvt_over_xsga_d,0.010293207312284957,0.010293207312284957,0.16956253870962534
dilavx_over_lt_d,-0.010293139715252173,0.010293139715252173,0.16956534086049202
ebitda_d_over_sale,0.010292306678717538,0.010292306678717538,0.16959987620369577
oibdp_d_over_sale,0.010292306678717538,0.010292306678717538,0.16959987620369577
mrc4_over_dltt,-0.010289616249269398,0.010289616249269398,0.16971144983392916
mrc2_pd_minus_pd_at,0.010288205890473632,0.010288205890473632,0.16976996018961152
oiadp_d_over_invt,-0.01028786126745404,0.01028786126745404,0.1697842595703988
rect_d_over_ceq,0.010285889938428527,0.010285889938428527,0.1698660729241695
xopr_over_icapt_pd,0.010283767778625543,0.010283767778625543,0.16995417902486945
dpact_over_cogs_pd,-0.010279403423855358,0.010279403423855358,0.17013548239641882
ebitda_d_over_cogs,0.01027674476216189,0.01027674476216189,0.17024599914098398
oibdp_d_over_cogs,0.01027674476216189,0.01027674476216189,0.17024599914098398
dclo_over_sale,-0.01027515526201302,0.01027515526201302,0.17031209806671216
dcvsr_d_over_cogs,-0.010272930551155515,0.010272930551155515,0.17040464434367394
xrd_d_over_emp,-0.010271458248023347,0.010271458248023347,0.17046591174762427
dv_over_invt_d,-0.010266916006775163,0.010266916006775163,0.1706550334283086
am_over_icapt,-0.010265111663861771,0.010265111663861771,0.1707302030181723
recd_d_over_at,0.010262878336893962,0.010262878336893962,0.17082327858388954
capx_over_lt_d,0.010261278336713925,0.010261278336713925,0.17088998314582712
dxd4_over_lt_d,0.01025856613475164,0.01025856613475164,0.17100310034262411
intan_over_emp_d,-0.010246346334296781,0.010246346334296781,0.1715134442860166
txpd_d_over_lt,0.010241969734892583,0.010241969734892583,0.1716965042270237
recta_d_over_at,0.010237127615486312,0.010237127615486312,0.1718992058006556
txdc_over_ceq_d,0.010229802034025025,0.010229802034025025,0.17220621075230833
prstkc_over_xsga,-0.01022630391547191,0.01022630391547191,0.17235295665816605
ebit_pd_minus_pd_at,0.010224056645170246,0.010224056645170246,0.17244727887186553
rdip_over_act_d,-0.010220314976382856,0.010220314976382856,0.17260440947741693
ppent_over_invt,0.010219650396766162,0.010219650396766162,0.17263232955428504
txfed_over_at,-0.010205489027165584,0.010205489027165584,0.17322807483906855
acchg_d_over_icapt,0.010205474594980817,0.010205474594980817,0.17322868275987457
ebit_over_icapt_d,0.010195369164679483,0.010195369164679483,0.17365474106498516
itci_d_over_cogs,-0.010194365187358478,0.010194365187358478,0.17369711279364022
xidoc_d_over_ppent,-0.010194249342249457,0.010194249342249457,0.1737020024025851
oancf_over_sale_pd,0.010193083589423732,0.010193083589423732,0.17375121240902358
xrent_over_ceq_pd,-0.010191497625030395,0.010191497625030395,0.17381817755784218
dvt_d_over_mktcap,0.01019130374273296,0.01019130374273296,0.17382636529151696
xacc_over_lct,-0.010188508652004052,0.010188508652004052,0.17394443520565384
lco_over_seq,0.010186485932083515,0.010186485932083515,0.1740299160700211
oancf_over_ppent_d,0.010184289144760154,0.010184289144760154,0.1741227886209898
sstk_d_over_mktcap,-0.010179215466020748,0.010179215466020748,0.17433742762064372
dd1_pd_minus_pd_act,-0.010178589200763227,0.010178589200763227,0.17436393509627215
ppeveb_over_mktcap_pd,0.010175934560217996,0.010175934560217996,0.17447632955645412
dd2_over_dltt_pd,-0.010172708471124699,0.010172708471124699,0.1746129912949757
reajo_over_lct_d,0.010172222761843928,0.010172222761843928,0.17463357355235856
ni_over_lt_d,-0.010168147530056175,0.010168147530056175,0.17480633558780798
dpact_over_mktcap_pd,0.01016722535842618,0.01016722535842618,0.1748454470687246
niadj_pd_minus_pd_ppent,0.01016620345045327,0.01016620345045327,0.1748887962324484
lo_over_invt_d,-0.01016002259582062,0.01016002259582062,0.17515115802789752
ds_over_dltt_d,-0.010157367618650071,0.010157367618650071,0.17526394528105993
mii_over_at_d,0.010155770787863836,0.010155770787863836,0.17533180704286933
dd1_pd_minus_pd_lt,-0.010149162251579667,0.010149162251579667,0.17561286359956882
dltis_d_over_cogs,0.01014282920515747,0.01014282920515747,0.17588251893767773
txds_over_lct,0.01013299033899397,0.01013299033899397,0.1763020611373558
wcap_pd_minus_pd_xsga,-0.010131494554665142,0.010131494554665142,0.17636590861928764
che_over_sale_d,0.01013043211836976,0.01013043211836976,0.17641126912834965
wcap_pd_minus_pd_emp,-0.010129764410599457,0.010129764410599457,0.17643978122978585
tstk_over_dltt,-0.010128455970657136,0.010128455970657136,0.1764956634943912
donr_over_act,0.010122515426963598,0.010122515426963598,0.17674954454588557
fate_pd_minus_pd_sale,0.010109264667228566,0.010109264667228566,0.17731682259527437
dm_pd_minus_pd_mktcap,-0.010107521583694299,0.010107521583694299,0.17739154651687028
gp_pd_minus_pd_xsga,0.010106199252798397,0.010106199252798397,0.1774482489132333
sppiv_over_lt_d,-0.010104119920632102,0.010104119920632102,0.17753743930568439
recd_over_ceq_pd,-0.01010184349186394,0.01010184349186394,0.17763512218559016
dd2_d_over_invt,-0.010099753467887102,0.010099753467887102,0.17772484155769558
niadj_over_ceq_d,0.010097571953524901,0.010097571953524901,0.1778185243567097
capx_pd_minus_pd_ceq,-0.01009654802460864,0.01009654802460864,0.17786250856238064
ceql_d_over_act,-0.010094988568695626,0.010094988568695626,0.1779295125897939
mrc4_over_xsga_pd,-0.010092227022580714,0.010092227022580714,0.17804821205962648
fiao_over_sale_d,0.010091321861290229,0.010091321861290229,0.17808713140737772
txndba_over_emp_d,-0.01009039677999033,0.01009039677999033,0.17812691380031048
dm_over_dltt,0.010082719950358157,0.010082719950358157,0.1784573050205431
ivaco_over_seq,0.010081305959876156,0.010081305959876156,0.17851820926556275
txdfo_d_over_seq,-0.010077847365557658,0.010077847365557658,0.17866724508000398
ch_pd,-0.010071034325791496,0.010071034325791496,0.17896109948717598
capx,0.010070284007311005,0.010070284007311005,0.17899348356292502
txdbca_over_invt,0.010068260916271563,0.010068260916271563,0.17908082277840315
reuna_over_ppent_pd,0.010067955174597088,0.010067955174597088,0.17909402476148223
itcb_over_dltt_d,0.010067192609141417,0.010067192609141417,0.17912695563495631
ivao_over_act_d,0.010064066732982243,0.010064066732982243,0.17926199153929534
reajo_d_over_mktcap,-0.010063368694236876,0.010063368694236876,0.17929215671364673
xsga_over_mktcap_pd,0.010061799189106936,0.010061799189106936,0.17935999537795008
niadj_pd_minus_pd_xsga,0.010061695270640544,0.010061695270640544,0.17936448771558058
lcox,-0.010060031635629057,0.010060031635629057,0.1794364171228408
ibadj_d_over_dltt,-0.010058554559792904,0.010058554559792904,0.17950029837221834
fatl_over_act_d,-0.010057761860638548,0.010057761860638548,0.17953458835667055
cld4_over_ppent,-0.010057682184400585,0.010057682184400585,0.17953803520078707
fato_over_cogs_d,-0.010055445916065189,0.010055445916065189,0.17963479763956483
mrct_pd_minus_pd_invt,-0.010048413992718476,0.010048413992718476,0.17993931872411165
exre,-0.01004620295263425,0.01004620295263425,0.18003514818289731
dvp_d_over_lt,0.01004515535270163,0.01004515535270163,0.18008056581362616
fatc_d_over_lt,0.010041741061219299,0.010041741061219299,0.18022864803370023
txp_over_sale,-0.010041168252703738,0.010041168252703738,0.1802535003353997
intpn_over_lct_pd,-0.010040222772766253,0.010040222772766253,0.18029452720882905
recta_d_over_ceq,0.01003916527841632,0.01003916527841632,0.18034042290099772
txfed_over_act,-0.010038893456029919,0.010038893456029919,0.1803522215069025
oancf_pd_minus_pd_seq,0.01003767704183449,0.01003767704183449,0.18040502768368719
txs_over_cogs_d,0.010037045472234756,0.010037045472234756,0.18043244949845133
txs_over_sale,-0.010034331013622362,0.010034331013622362,0.18055034251012558
dvt_over_lct_d,0.010029554593238165,0.010029554593238165,0.1807579284956768
fopo_over_lt_d,0.010027457136592898,0.010027457136592898,0.18084914114817618
txdc_d_over_icapt,0.010026888458494908,0.010026888458494908,0.18087387729089066
xsga_over_invt_pd,-0.010022456903767565,0.010022456903767565,0.18106672543045088
idit_d_over_xsga,0.010016608585395485,0.010016608585395485,0.18132146050036324
oancf_over_lt_pd,0.010016298614699558,0.010016298614699558,0.18133496930515458
capxv_pd_minus_pd_ceq,-0.01001608494473358,0.01001608494473358,0.181344281671464
ap_pd_minus_pd_ceq,-0.010015665142717144,0.010015665142717144,0.18136257891316165
esubc_d_over_lt,0.010015419027908676,0.010015419027908676,0.18137330656427852
dvt_over_emp_d,0.010015197325938715,0.010015197325938715,0.18138297051186975
xrent_over_dltt,-0.010012164998650517,0.010012164998650517,0.18151518745223896
nopio_pd_minus_pd_emp,0.010012089398363089,0.010012089398363089,0.18151848472449691
txfed_pd_minus_pd_icapt,0.010007398752305264,0.010007398752305264,0.1817231520618314
capxv_d_over_at,0.010004026131546682,0.010004026131546682,0.1818704156649961
dd3_d_over_cogs,-0.009998587246061097,0.009998587246061097,0.1821080880289148
aco_over_lct_d,-0.009995510640838107,0.009995510640838107,0.18224263372133115
dcvsr_d_over_emp,-0.009995387146910681,0.009995387146910681,0.18224803587984278
itcb_over_dltt,-0.009994862667956284,0.009994862667956284,0.18227098018088328
pi_pd_minus_pd_sale,0.009994159415402827,0.009994159415402827,0.18230174862491375
capx_d_over_at,0.009993658334749096,0.009993658334749096,0.18232367406885563
txds_d_over_mktcap,0.00999085044622359,0.00999085044622359,0.18244657310886614
cld2_over_ppent,-0.009990634958826848,0.009990634958826848,0.18245600735740183
mrct_over_invt_pd,-0.009987371556829595,0.009987371556829595,0.18259892650101942
xidoc_d_over_cogs,-0.009983820935701262,0.009983820935701262,0.18275451852177038
ao_over_lct,-0.009979176214107576,0.009979176214107576,0.18295820352901937
dcvsub_over_lct_d,-0.00997760933247685,0.00997760933247685,0.1830269539362856
txfed_over_lt,-0.009973201006853068,0.009973201006853068,0.18322048170024866
capxv_over_dltt,-0.0099706393083564,0.0099706393083564,0.18333301121266937
mrc1_d_over_cogs,-0.009966784539446966,0.009966784539446966,0.18350243881140457
invrm_over_seq_d,0.009965237398649428,0.009965237398649428,0.18357047247349026
mrc2_over_invt_pd,-0.009962681257224503,0.009962681257224503,0.1836829166593532
dlc_over_invt_d,0.009957530470436585,0.009957530470436585,0.18390965376160762
cld5_over_xsga_d,0.009957430904031271,0.009957430904031271,0.1839140387053969
cld4_over_lct_d,0.00995737675369612,0.00995737675369612,0.18391642354003782
dcvsr_d_over_xsga,-0.009956541577149803,0.009956541577149803,0.18395320844623914
txds_over_mktcap_d,0.009956460689038896,0.009956460689038896,0.1839567714093519
nopio_d_over_seq,0.009949259835179764,0.009949259835179764,0.18427415973266392
ppeveb_d_over_dltt,-0.009947242889745404,0.009947242889745404,0.18436313222711212
invfg_d_over_lt,-0.009947102493486869,0.009947102493486869,0.18436932663980732
txp_over_lt,-0.009945494986060868,0.009945494986060868,0.18444026233364996
mrc1_over_xsga_d,0.009945098289510734,0.009945098289510734,0.18445777076900333
capx_over_dltt_d,0.00994483847436016,0.00994483847436016,0.18446923852999708
reajo_over_dltt,-0.009943008583306802,0.009943008583306802,0.1845500214883148
ivao_over_icapt_d,0.009940487589383375,0.009940487589383375,0.1846613569724319
revt_pd_minus_pd_mktcap,0.00993733431518529,0.00993733431518529,0.18480068601423832
sale_pd_minus_pd_mktcap,0.00993733431518529,0.00993733431518529,0.18480068601423832
dvp_d_over_act,0.009931958789700879,0.009931958789700879,0.18503838567316774
lt_over_dltt_d,0.009930245060888108,0.009930245060888108,0.1851142123495072
mrc1_over_ppent_pd,-0.009929430991036268,0.009929430991036268,0.18515024022561072
dd3_over_emp,0.009929085302290926,0.009929085302290926,0.18516554076566843
ppegt_over_mktcap_pd,0.009927784447189182,0.009927784447189182,0.1852231263345913
txc_over_icapt_pd,0.009923437371859072,0.009923437371859072,0.18541565646898753
mrc3_d_over_xsga,-0.009922034043051298,0.009922034043051298,0.18547784089941585
dm_over_at_pd,-0.009922030946949656,0.009922030946949656,0.1854779781111978
txfed_pd_minus_pd_at,0.009920534774534653,0.009920534774534653,0.18554429365691297
dxd4_d_over_seq,0.009920509080304315,0.009920509080304315,0.18554543266733714
dilavx_d_over_dltt,-0.00991846159177118,0.00991846159177118,0.18563621327666238
dd3_over_dltt,-0.00991791215299265,0.00991791215299265,0.18566057962945445
dd1_over_lt_pd,-0.009912532508962846,0.009912532508962846,0.18589927946977672
cogs_over_seq_pd,-0.009911981965362523,0.009911981965362523,0.18592372039471836
dn_over_sale,0.00990993905826482,0.00990993905826482,0.18601443431520376
capx_over_dltt,-0.009909183735279733,0.009909183735279733,0.18604798220852448
ppegt_over_seq_pd,-0.00990688016284362,0.00990688016284362,0.18615032367422732
sppe_over_cogs_d,-0.009903395249932568,0.009903395249932568,0.18630522796032511
niadj_d_over_sale,0.009903086847973313,0.009903086847973313,0.18631894100557636
sstk_over_cogs_d,0.009897544962108516,0.009897544962108516,0.1865654872367865
emp_over_lt,-0.009896609182226691,0.009896609182226691,0.18660714178566756
ppent_over_at_d,0.009894764554377669,0.009894764554377669,0.18668927217745213
mrc4_d_over_emp,-0.009894743214042495,0.009894743214042495,0.18669022249285655
lco_over_ceq,0.009893428132484089,0.009893428132484089,0.1867487918358573
dxd4_over_act_d,0.009893050099041609,0.009893050099041609,0.186765630694857
tstkc_over_dltt,-0.009892931048206231,0.009892931048206231,0.18677093384474386
txdb_d_over_ceq,0.009891309181046968,0.009891309181046968,0.1868431914114463
ceql_pd_minus_pd_xsga,-0.00988732343105866,0.00988732343105866,0.18702085260706544
pstkrv_over_cogs,-0.009880134513408578,0.009880134513408578,0.1873416074735188
acox_d_over_ppent,-0.00987965091828134,0.00987965091828134,0.18736319907378687
lo_over_emp_d,-0.009878574542055882,0.009878574542055882,0.18741126381491252
dvp_d_over_at,0.009875468966638996,0.009875468966638996,0.1875499918814291
dlc_over_invt,-0.009874979362978112,0.009874979362978112,0.18757186970960688
mrc2_over_seq_pd,-0.009874843397987637,0.009874843397987637,0.18757794560846763
txdfed_over_seq_d,0.0098743990583913,0.0098743990583913,0.18759780292749997
oancf_pd_minus_pd_ppent,0.009873836377066325,0.009873836377066325,0.18762295110692756
txditc_d_over_ceq,0.00987369224845908,0.00987369224845908,0.187629393114426
dd1_pd_minus_pd_at,-0.00987217326673445,0.00987217326673445,0.18769729582037936
txc_over_at_pd,0.00986934745468954,0.00986934745468954,0.18782366572616851
gdwl_pd_minus_pd_ppent,-0.009864710674267658,0.009864710674267658,0.18803115789523997
dv_over_icapt_d,0.009864378041076304,0.009864378041076304,0.1880460494602335
icapt_over_invt_d,-0.009858518024555363,0.009858518024555363,0.18830853766349
esubc_over_at,-0.0098559376909986,0.0098559376909986,0.18842420442667165
gdwl_over_mktcap_d,-0.009854822132885684,0.009854822132885684,0.18847422697270622
ppegt_d_over_dltt,-0.009852194932937926,0.009852194932937926,0.18859207147967938
act_over_mktcap_d,0.00984997935720176,0.00984997935720176,0.18869149458332427
fato_d_over_ppent,-0.009849373451172313,0.009849373451172313,0.18871869111110604
fatl_over_at_pd,-0.00984858557229439,0.00984858557229439,0.18875405994391997
np_over_mktcap_d,0.009847578457273508,0.009847578457273508,0.1887992776683882
fopo_over_ppent_pd,-0.009847036707757,0.009847036707757,0.18882360458928352
pstkc_over_cogs_d,-0.00984209312132214,0.00984209312132214,0.18904570000403634
recco_over_mktcap_d,-0.009841775962848713,0.009841775962848713,0.18905995522695496
prstkc_d_over_xsga,0.009840870177008548,0.009840870177008548,0.1891006716635167
ap_pd_minus_pd_act,-0.009840754202022559,0.009840754202022559,0.1891058853804295
txndba_d_over_sale,0.00983685362062725,0.00983685362062725,0.18928129980130612
esubc_d_over_cogs,0.009836751199082193,0.009836751199082193,0.18928590745202328
dpvieb_pd_minus_pd_emp,0.009836404675550234,0.009836404675550234,0.18930149716200861
txfed_over_sale,-0.009832641825014993,0.009832641825014993,0.1894708445751525
dxd2_over_ppent,-0.00983180628948922,0.00983180628948922,0.18950846306593297
acchg_over_mktcap,-0.009830601224347198,0.009830601224347198,0.1895627286588096
pi_over_lt_pd,0.009830084826740542,0.009830084826740542,0.18958598619413325
dcvsub_d_over_ceq,-0.009822578587165754,0.009822578587165754,0.18992428993864674
ni_d_over_sale,0.009816167062645143,0.009816167062645143,0.19021360719566677
ppeveb_over_seq_pd,-0.009814910851177819,0.009814910851177819,0.19027033119807338
dvp_over_lt_d,0.009812460052669104,0.009812460052669104,0.19038103241890203
txndbl_over_mktcap_pd,0.009809992451846264,0.009809992451846264,0.1904925404973362
dltr_over_cogs_d,-0.009809538425019314,0.009809538425019314,0.19051306269064305
dd3_pd_minus_pd_icapt,-0.009798191978478213,0.009798191978478213,0.19102645535270996
esubc_d_over_mktcap,0.009795938429599768,0.009795938429599768,0.1911285427528091
lco_pd_minus_pd_xsga,0.00979125503485264,0.00979125503485264,0.19134083233581436
cld5_over_dltt,-0.009785512640351046,0.009785512640351046,0.19160136109739043
lo_pd_minus_pd_mktcap,0.009785301988358058,0.009785301988358058,0.1916109232023678
xint_over_seq_d,-0.009783461397253605,0.009783461397253605,0.19169448790412189
dlto_pd_minus_pd_dltt,0.00978310398772611,0.00978310398772611,0.19171071776624488
txt_over_icapt,0.009779328933055246,0.009779328933055246,0.1918822036090383
dm_over_mktcap_pd,-0.009779325070564816,0.009779325070564816,0.19188237912449052
xrd_over_seq_d,-0.009778305409561847,0.009778305409561847,0.19192871767595313
caps_pd_minus_pd_emp,-0.009777822559314912,0.009777822559314912,0.19195066370323222
oiadp_over_invt_pd,0.009776891913788022,0.009776891913788022,0.19199296767996163
nopi_over_invt_pd,0.009772328441929176,0.009772328441929176,0.19220050680140344
pstkr_d_over_dltt,0.009771181810495692,0.009771181810495692,0.19225267961178524
dm_pd_minus_pd_ppent,-0.009770320238591508,0.009770320238591508,0.19229188879496623
ceq_d_over_act,-0.009768125160148945,0.009768125160148945,0.19239181094979563
nopio_over_icapt,0.009766838919425735,0.009766838919425735,0.1924503796386278
ebit_over_invt_pd,0.009765885847158751,0.009765885847158751,0.19249378602700118
cld5_d_over_icapt,0.009763483844037255,0.009763483844037255,0.1926032139316239
itci_over_lct_d,-0.009762738367082618,0.009762738367082618,0.19263718487231243
che_d_over_xsga,-0.00975991298671426,0.00975991298671426,0.19276597574127305
dd4_d_over_xsga,0.009757827759215307,0.009757827759215307,0.1928610683858265
capxv_over_dltt_d,0.009757124868934878,0.009757124868934878,0.19289313006213693
aox_over_lct,-0.009755493964140426,0.009755493964140426,0.19296753732838484
dm_pd_minus_pd_sale,-0.009755488934922063,0.009755488934922063,0.19296776681054995
capxv,0.009755401997356207,0.009755401997356207,0.19297173378497193
invt_pd_minus_pd_emp,0.009751194797500697,0.009751194797500697,0.19316378057005593
emp_pd_minus_pd_invt,-0.009751194797500695,0.009751194797500695,0.19316378057005593
pi_over_lct_pd,0.009742724335320897,0.009742724335320897,0.19355085902615002
gp_over_invt_d,-0.009740140357020269,0.009740140357020269,0.19366905352640085
dv_over_cogs,-0.009736602930755171,0.009736602930755171,0.19383094588678548
pstkn_over_act,-0.00973535321853763,0.00973535321853763,0.19388816343185616
dltt_d_over_lct,-0.009734335112091439,0.009734335112091439,0.19393478616887844
xrent_pd_minus_pd_emp,0.009732350903804057,0.009732350903804057,0.19402567381322253
capx_over_at_pd,-0.00972958445171719,0.00972958445171719,0.19415244469885576
dd_over_dltt,0.009728729721924153,0.009728729721924153,0.194191624430714
diladj_over_mktcap,0.009728697308323899,0.009728697308323899,0.19419311034330353
esub_over_icapt_d,-0.009724546935820016,0.009724546935820016,0.19438344173007197
txc_over_seq_pd,0.009724511847677426,0.009724511847677426,0.19438505141588264
aoloch_over_at,0.009724432156517504,0.009724432156517504,0.1943887073233995
acox_over_ppent_d,-0.009722840672167238,0.009722840672167238,0.1944617287418402
dd4_over_dltt_d,0.009719168816198448,0.009719168816198448,0.19463027977085287
dd3_over_lt_d,-0.009718616406025135,0.009718616406025135,0.1946556466014694
txfed_pd_minus_pd_lt,0.009717742361138964,0.009717742361138964,0.19469578794316944
txach_over_lt_d,0.009717668210795545,0.009717668210795545,0.1946991936475356
dvc_over_xsga,0.009717186948858184,0.009717186948858184,0.19472129893490298
acox_over_ceq_pd,-0.009715850586883498,0.009715850586883498,0.19478269026688153
recch_d_over_invt,0.009715249535827282,0.009715249535827282,0.19481030666922158
txdfed_over_act,0.009714801668802894,0.009714801668802894,0.19483088661515127
txditc_d_over_icapt,0.00971434163108245,0.00971434163108245,0.19485202747715097
txdb_d_over_icapt,0.009713799145708536,0.009713799145708536,0.1948769593521693
rectr_over_icapt_d,0.00971265464162532,0.00971265464162532,0.1949295668468905
che_pd_minus_pd_mktcap,0.009711192324985274,0.009711192324985274,0.19499679785159946
dm_over_ppent,-0.009710337167364066,0.009710337167364066,0.1950361221856821
capxv_over_at_pd,-0.009709278626812073,0.009709278626812073,0.19508480711722523
cld5_d_over_act,0.009709032314951686,0.009709032314951686,0.19509613689466074
dlc_pd_minus_pd_dltt,0.009709017971546077,0.009709017971546077,0.19509679667310678
wcap_over_invt_d,-0.009707820108288695,0.009707820108288695,0.1951519026357988
pstkl_over_cogs,-0.00970754658636985,0.00970754658636985,0.19516448721563617
pi_pd_minus_pd_cogs,0.009706291412216466,0.009706291412216466,0.19522224465836593
xsga_over_act_d,0.009705064452344276,0.009705064452344276,0.19527871591997578
cogs_over_dltt,-0.009705026516823262,0.009705026516823262,0.19528046210658237
dd3_over_icapt_pd,-0.009701569664077972,0.009701569664077972,0.19543963042416668
txdfo_d_over_cogs,-0.009695807915419616,0.009695807915419616,0.195705137362072
ds_d_over_mktcap,-0.00968564094744364,0.00968564094744364,0.19617428569404205
mrct_d_over_at,-0.009684006299055886,0.009684006299055886,0.19624979233600504
prstkc_d_over_icapt,0.009683693899653739,0.009683693899653739,0.19626422491398002
am_d_over_sale,0.009683261534918263,0.009683261534918263,0.19628420106772365
rectr_over_ppent,-0.009682572233148012,0.009682572233148012,0.19631605132906216
nopio_over_ppent_pd,0.009679898883154032,0.009679898883154032,0.1964396134413212
apalch_over_at_d,0.009677346361823807,0.009677346361823807,0.19655764400852271
dd1_over_mktcap_pd,-0.00967700360314217,0.00967700360314217,0.19657349739063665
txp_over_dltt,-0.009676007254392409,0.009676007254392409,0.1966195861430743
lct_d_over_cogs,-0.00967374359284804,0.00967374359284804,0.19672432722094713
ivaco_over_ceq_d,-0.009671514613875977,0.009671514613875977,0.19682750343189076
dvc_over_sale,-0.009670688261156538,0.009670688261156538,0.19686576416897786
intpn_pd_minus_pd_lct,-0.009668099549119135,0.009668099549119135,0.19698565868483214
ivstch_d_over_lct,0.00966298820911254,0.00966298820911254,0.19722254403403922
intpn_over_ceq_d,-0.009656669627854159,0.009656669627854159,0.19751566715861588
pstkr_over_xsga_d,-0.009654728651956492,0.009654728651956492,0.1976057742763598
oancf_pd_minus_pd_cogs,0.009654187409887492,0.009654187409887492,0.1976309060520208
aqc_over_ppent_d,-0.00965255325321455,0.00965255325321455,0.1977067998924306
niadj_pd_minus_pd_lct,0.009650070625595707,0.009650070625595707,0.19782213939610477
xi_d_over_lt,0.009649989068912481,0.009649989068912481,0.19782592924365305
ceql_pd_minus_pd_mktcap,0.009649717825901832,0.009649717825901832,0.19783853398404777
cld4,-0.009648405503207029,0.009648405503207029,0.19789952629339108
rectr_over_xsga_pd,-0.00964362811640312,0.00964362811640312,0.1981216792155179
cstkcv_over_cogs_pd,-0.009641841508645957,0.009641841508645957,0.19820480497594117
dm_d_over_cogs,-0.009640877584315267,0.009640877584315267,0.19824966421584966
dv_d_over_invt,-0.009639910896726181,0.009639910896726181,0.19829465950888944
xacc_d_over_icapt,0.009639835727167515,0.009639835727167515,0.19829815865259892
fatl_over_act_pd,-0.00963892862664855,0.00963892862664855,0.1983403877509718
dv_over_act,-0.009636406155040834,0.009636406155040834,0.19845785329788398
dd3_over_xsga_d,-0.00963571772289697,0.00963571772289697,0.1984899207910211
mrc4_over_seq_pd,-0.009633008672614648,0.009633008672614648,0.19861614641377878
txpd_pd_minus_pd_mktcap,0.009631785916701371,0.009631785916701371,0.19867313878030443
oancf_over_ppent_pd,0.00962916504480725,0.00962916504480725,0.1987953372773592
mrc2_pd,-0.009626804559091623,0.009626804559091623,0.19890544224880602
ivao_over_xsga,-0.009625627407577872,0.009625627407577872,0.19896036719139853
reajo_over_ceq_d,0.009623964948997192,0.009623964948997192,0.19903795505126337
dpc_over_seq_pd,-0.009621459893182055,0.009621459893182055,0.19915490914712441
lcoxdr_over_seq,0.009620359701324854,0.009620359701324854,0.19920628991525538
txdba_over_sale_d,-0.00962000504053415,0.00962000504053415,0.19922285522141184
nopio_over_emp_pd,0.009619537741153907,0.009619537741153907,0.1992446831271862
txndb_over_ppent,0.009619193701633867,0.009619193701633867,0.19926075458890674
ni_over_cogs_d,-0.009617980336187432,0.009617980336187432,0.19931744330185858
dvt_d_over_lt,0.009615808070130002,0.009615808070130002,0.19941896150087252
che_over_emp_d,-0.009615102983127226,0.009615102983127226,0.1994519209989833
prstkc_d_over_lt,0.00960926081151525,0.00960926081151525,0.199725168120337
ivao_over_lt_d,0.009607167963576562,0.009607167963576562,0.1998231202383014
lco_pd_minus_pd_ceq,0.009604027559320598,0.009604027559320598,0.19997016722301542
niadj_d_over_icapt,0.009603194865345915,0.009603194865345915,0.20000917071998628
tlcf_pd_minus_pd_mktcap,-0.009602936727336015,0.009602936727336015,0.2000212630666783
pi_pd_minus_pd_xsga,0.009601730899523968,0.009601730899523968,0.20007775654172058
fatp_d_over_dltt,-0.009599821991572539,0.009599821991572539,0.20016721339656873
xpr_over_ppent_pd,-0.00959388574434002,0.00959388574434002,0.20044558941375445
dp_d_over_ppent,0.009593227008731123,0.009593227008731123,0.20047649775276846
txc_over_invt_pd,0.009588498128514884,0.009588498128514884,0.20069848226834833
txndba_d_over_icapt,0.00958514707330934,0.00958514707330934,0.20085589706165585
fate_over_act_d,0.009583219708715373,0.009583219708715373,0.20094647521992026
reuna_over_lt_d,0.009576706068581431,0.009576706068581431,0.20125280988184147
reajo_d_over_ceq,-0.009575149492764036,0.009575149492764036,0.2013260656024354
xint_d_over_emp,0.009573113117036383,0.009573113117036383,0.20142193107305484
cstkcv_over_mktcap,0.009571071033174668,0.009571071033174668,0.2015180986883041
txo_d_over_seq,-0.009568764279986342,0.009568764279986342,0.20162677061157214
txw_d_over_dltt,0.00956850031043556,0.00956850031043556,0.20163920903053933
fate_over_lct_pd,0.009567967711212294,0.009567967711212294,0.20166430715966574
fatp_d_over_at,0.009563687126389978,0.009563687126389978,0.20186610754591777
dd3_d_over_lt,-0.009562183431438477,0.009562183431438477,0.20193703143659492
gdwl_pd_minus_pd_at,-0.00955887307511377,0.00955887307511377,0.20209323306256502
sppiv_d_over_invt,-0.009545545040331496,0.009545545040331496,0.20272301732116324
at_pd_minus_pd_mktcap,0.009543543071491774,0.009543543071491774,0.2028177389118568
lse_pd_minus_pd_mktcap,0.009543543071491774,0.009543543071491774,0.2028177389118568
pi_over_sale_d,-0.009542803250840393,0.009542803250840393,0.20285275110408324
invch_over_sale,0.00954129323300259,0.00954129323300259,0.20292422672739027
txt_over_lct,0.0095396648972607,0.0095396648972607,0.20300132339711568
xidoc_over_icapt_d,-0.009538718824416327,0.009538718824416327,0.203046126821389
lt_pd_minus_pd_act,-0.009537470006444629,0.009537470006444629,0.20310527845306336
act_pd_minus_pd_lt,0.009537470006444587,0.009537470006444587,0.20310527845306336
gdwl_pd_minus_pd_act,-0.009536106438344849,0.009536106438344849,0.20316987968003172
acox_pd_minus_pd_act,0.009535187209750487,0.009535187209750487,0.20321343805191566
xrent_over_lt_pd,0.009534570097183509,0.009534570097183509,0.20324268423204417
act_over_seq_pd,-0.00953423304657444,0.00953423304657444,0.203258659018302
spi_over_xsga_d,0.0095334229235295,0.0095334229235295,0.20329705919466565
np_over_lct_d,0.009533402047363571,0.009533402047363571,0.20329804880360355
ebit_d_over_dltt,-0.009532197742258457,0.009532197742258457,0.20335514334114552
dd3_over_act_d,-0.009532190154884377,0.009532190154884377,0.2033555030856781
txt_over_icapt_pd,0.009529972504215143,0.009529972504215143,0.20346066969143609
prstkc_d_over_at,0.00952815144545098,0.00952815144545098,0.20354705850595536
fatp_over_cogs_d,-0.00952692956701675,0.00952692956701675,0.20360503789966253
dp_over_ceq_d,0.009524365963797913,0.009524365963797913,0.20372672258663974
oibdp_d_over_dltt,-0.009523401567639027,0.009523401567639027,0.20377251257487375
ebitda_d_over_dltt,-0.009523401567639027,0.009523401567639027,0.20377251257487375
txndbl_over_icapt_d,-0.009523162177279974,0.009523162177279974,0.2037838801032538
aox_over_ppent_d,-0.009520890826814246,0.009520890826814246,0.20389175887549288
oiadp_d_over_dltt,-0.009519582568143203,0.009519582568143203,0.2039539140452013
lco_d_over_lct,-0.00951497666992401,0.00951497666992401,0.20417284928064766
ivaeq_d_over_invt,0.009510142827212253,0.009510142827212253,0.20440280338070962
fiao_d_over_cogs,-0.009509237171520846,0.009509237171520846,0.20444590790414724
dp_over_at_pd,0.00950258449552998,0.00950258449552998,0.20476274351882354
txach_over_lct_d,0.009501663960043523,0.009501663960043523,0.20480661239103162
dlto_over_ppent_d,0.009501570755397672,0.009501570755397672,0.20481105451570594
ppent_over_lt_pd,0.0094984333394748,0.0094984333394748,0.20496062433466164
dv_over_mktcap_d,-0.00949614319167617,0.00949614319167617,0.20506985252452692
ivao_over_emp_d,0.00949277184527181,0.00949277184527181,0.2052307252765497
gdwl_over_xsga_pd,-0.009489325722855893,0.009489325722855893,0.20539526094667804
pi_d_over_sale,0.009480820389000194,0.009480820389000194,0.20580175971040332
invrm_over_act_d,0.009477384551989905,0.009477384551989905,0.20596613564708086
lct_over_icapt,0.00947321291390924,0.00947321291390924,0.2061658416426259
dd1_over_mktcap_d,-0.009473083694360746,0.009473083694360746,0.206172029926966
txdfed_over_ceq_d,0.009471757923029997,0.009471757923029997,0.2062355284993658
re_over_lt_d,0.009467271636613239,0.009467271636613239,0.20645050708100945
che_over_dltt_d,-0.009463903749481311,0.009463903749481311,0.2066119999176755
sppiv_over_invt_d,-0.009463718618152353,0.009463718618152353,0.20662087976885138
dilavx_d_over_sale,0.009460096037602143,0.009460096037602143,0.20679469312781573
dn_d_over_emp,-0.009458733684465453,0.009458733684465453,0.20686008701591854
txpd_d_over_dltt,0.009457509563629824,0.009457509563629824,0.20691885845922997
prstkc_d_over_cogs,0.009455692778068514,0.009455692778068514,0.20700610675313957
txfed_over_cogs_d,0.009453281554211391,0.009453281554211391,0.2071219432449842
revt_over_ceq_pd,-0.009452458131400335,0.009452458131400335,0.20716151169182712
sale_over_ceq_pd,-0.009452458131400335,0.009452458131400335,0.20716151169182712
rectr_pd_minus_pd_cogs,-0.009448510599788053,0.009448510599788053,0.20735128105476652
sale_over_xsga_pd,0.009448099188379903,0.009448099188379903,0.20737106605612848
revt_over_xsga_pd,0.009448099188379903,0.009448099188379903,0.20737106605612848
chech_d_over_invt,-0.009445467536295752,0.009445467536295752,0.20749765605585377
chech_over_emp,-0.009442842399772408,0.009442842399772408,0.20762398847750504
ceqt_over_cogs,-0.009435809636785284,0.009435809636785284,0.20796270901189565
reajo_d_over_dltt,-0.00943543641092715,0.00943543641092715,0.20798069596202481
sale_over_seq_pd,-0.009430776501129747,0.009430776501129747,0.20820536691920088
revt_over_seq_pd,-0.009430776501129747,0.009430776501129747,0.20820536691920088
pstkr_over_dltt,-0.00942935504912606,0.00942935504912606,0.20827393522411317
xint_over_lt,0.009426821939233287,0.009426821939233287,0.2083961684947076
pi_over_ppent_pd,0.009420141464996682,0.009420141464996682,0.20871877901166044
txndb_d_over_icapt,-0.009420024438602908,0.009420024438602908,0.20872443362213725
aco_over_ceq_pd,-0.009419707601273666,0.009419707601273666,0.2087397434750656
fincf_over_ceq_d,-0.009415936400067531,0.009415936400067531,0.2089220336550882
invt_d_over_icapt,-0.009410797381253212,0.009410797381253212,0.2091706262515905
xint_d_over_icapt,-0.009408979546680575,0.009408979546680575,0.20925861264610987
ibadj_d_over_sale,0.009408613798817371,0.009408613798817371,0.2092763187255518
capx_pd_minus_pd_lct,-0.009406763713188675,0.009406763713188675,0.20936589913729664
lct_over_invt_pd,-0.009402462440303166,0.009402462440303166,0.20957427238614837
dxd5_over_sale,0.009395996565468325,0.009395996565468325,0.2098877912772554
np_over_act,-0.00939556856158264,0.00939556856158264,0.20990855640661046
dltr_over_ceq_d,-0.009395489339068754,0.009395489339068754,0.20991240014637458
mrc5_over_mktcap,0.009392664743910754,0.009392664743910754,0.2100494779258304
xidoc_over_lct_d,-0.009388990253454677,0.009388990253454677,0.2102278981240362
dd4_over_seq_d,0.009379706004862712,0.009379706004862712,0.21067919681796926
xint_pd_minus_pd_lt,-0.009376982050089262,0.009376982050089262,0.21081173860098784
xacc_over_xsga_d,0.009376205502124431,0.009376205502124431,0.2108495348005834
lcox_over_lct_d,-0.0093733295094395,0.0093733295094395,0.2109895580163201
dp_pd_minus_pd_emp,0.009371707393441852,0.009371707393441852,0.2110685634966594
lcoxdr_over_act,0.009370401690410899,0.009370401690410899,0.21113217355954741
intpn_d_over_cogs,0.009370383438881946,0.009370383438881946,0.21113306281930416
aco_over_mktcap_pd,0.009369300115630546,0.009369300115630546,0.2111858498659157
cld5_over_seq_d,0.009365481249808624,0.009365481249808624,0.21137200769000491
intc_over_sale,0.0093621230429933,0.0093621230429933,0.2115358078244081
spi_over_seq,0.009360256044324796,0.009360256044324796,0.21162691235871783
aco_pd_minus_pd_icapt,0.009359485884686443,0.009359485884686443,0.21166450234723924
xint_over_mktcap_pd,-0.00935818570126805,0.00935818570126805,0.2117279727113547
dxd4_over_ppent_d,0.009356538276833522,0.009356538276833522,0.2118084139100674
mrc4_over_sale_pd,-0.009354902813594771,0.009354902813594771,0.2118882929053259
dd3_over_lct_d,-0.009345541811802183,0.009345541811802183,0.21234592013283174
xacc_over_ppent_pd,-0.009338907346973983,0.009338907346973983,0.21267068833458755
ni_d_over_icapt,0.009338448879855925,0.009338448879855925,0.21269314431257275
capxv_pd_minus_pd_lct,-0.009336331530390908,0.009336331530390908,0.21279687549657503
fopo_d_over_mktcap,-0.009335065142286002,0.009335065142286002,0.212858934640013
do_d_over_sale,-0.009334695545467309,0.009334695545467309,0.21287704913515249
acox_d_over_act,-0.009334603441094016,0.009334603441094016,0.21288156348206133
pi_pd_minus_pd_ppent,0.009333059102912348,0.009333059102912348,0.2129572670156624
txdc_over_at_d,0.009332693858737072,0.009332693858737072,0.21297517414453582
lco_over_mktcap_d,0.009330282466798519,0.009330282466798519,0.21309342673536524
dltis_d_over_xsga,0.009329919303978688,0.009329919303978688,0.21311124003392243
txs_over_cogs,-0.009328663201258693,0.009328663201258693,0.21317286072165986
dm_pd_minus_pd_cogs,-0.009324915043729152,0.009324915043729152,0.21335681069428647
pstkrv_over_mktcap,-0.009323880636823758,0.009323880636823758,0.21340759689957986
intan_over_sale_d,0.009322810261279322,0.009322810261279322,0.21346015823815545
cogs_d_over_dltt,-0.009320284912285627,0.009320284912285627,0.21358420380985785
wcap_over_mktcap_d,0.009320104634319329,0.009320104634319329,0.21359306108277754
dvt_d_over_act,0.009318572764861468,0.009318572764861468,0.21366833436224897
cld5_d_over_lt,0.009315176912027358,0.009315176912027358,0.21383526863041996
cstkcv_over_ppent_d,-0.009312605096774748,0.009312605096774748,0.2139617572247913
pi,0.00931200014782533,0.00931200014782533,0.2139915180334375
txach_over_cogs_d,0.009311221688061578,0.009311221688061578,0.21402981919848227
txdi_d_over_mktcap,0.009307590849997618,0.009307590849997618,0.21420852614810224
ceq_over_emp_d,0.009306673140019612,0.009306673140019612,0.21425371213093497
rea_over_dltt_d,0.00930561248960977,0.00930561248960977,0.2143059447423784
mrc5_d_over_ppent,-0.009301891806725214,0.009301891806725214,0.21448924546242584
ceql_d_over_invt,0.009300068571334254,0.009300068571334254,0.21457910903390431
recch_over_lct,-0.009292943924204065,0.009292943924204065,0.21493052868120652
pstkn_over_lct,-0.00928533700282675,0.00928533700282675,0.215306193886926
txdbca_over_cogs,0.009281104427220447,0.009281104427220447,0.21551542289646008
gdwl_pd_minus_pd_seq,-0.009281022349180155,0.009281022349180155,0.21551948170920243
cld5_over_sale_d,0.009275672385814004,0.009275672385814004,0.21578415966313763
txdbca_d_over_icapt,-0.009269541211266656,0.009269541211266656,0.21608777411192368
oibdp_over_dltt,0.009266895856588403,0.009266895856588403,0.216218866439357
ebitda_over_dltt,0.009266895856588403,0.009266895856588403,0.216218866439357
txo_d_over_lct,-0.009266666974821572,0.009266666974821572,0.216230211519363
gp_pd_minus_pd_ppent,0.009264219550272934,0.009264219550272934,0.2163515508437441
lt_over_invt_d,-0.009263983077619924,0.009263983077619924,0.21636327736879013
pstkr_over_ppent,-0.009263602724643523,0.009263602724643523,0.2163821397851502
dudd_over_act_d,-0.009263472869768967,0.009263472869768967,0.21638857980255802
cld5_over_lct_d,0.009258363265003143,0.009258363265003143,0.21664209485556024
intpn_over_seq_d,-0.009258190254905596,0.009258190254905596,0.2166506825589731
dcvsr_d_over_lct,-0.009257286568685897,0.009257286568685897,0.21669554281941264
sppiv_over_lct_d,-0.009254106025916036,0.009254106025916036,0.21685348261261891
fincf_over_seq_d,-0.009253711037032349,0.009253711037032349,0.21687310280015926
cstk_over_lct_d,-0.009252314288799357,0.009252314288799357,0.21694249338105107
dltp_over_lt_d,0.009250077481535501,0.009250077481535501,0.21705365143978178
lcox_d_over_act,-0.009247751414975388,0.009247751414975388,0.2171692886844011
xi_d_over_mktcap,0.009245377378209489,0.009245377378209489,0.21728735638668692
nopio_d_over_lct,0.009243710222931982,0.009243710222931982,0.21737029641891067
drc_over_dltt,-0.009243120073186808,0.009243120073186808,0.21739966149017798
fatl_pd_minus_pd_lt,0.009242808284021008,0.009242808284021008,0.21741517685859893
lcox_over_emp_d,-0.009241197695397212,0.009241197695397212,0.21749533624877457
acox_over_lct_d,-0.009240967534970687,0.009240967534970687,0.21750679312473373
lcox_d_over_xsga,-0.009240699245972938,0.009240699245972938,0.21752014850418372
chech_over_at,-0.00923972429020599,0.00923972429020599,0.2175686865966611
dlc,-0.009238017952235994,0.009238017952235994,0.21765365523227953
apalch_over_icapt_d,0.009237295568850976,0.009237295568850976,0.21768963415032436
pstkr_d_over_mktcap,-0.009237245319951863,0.009237245319951863,0.21769213699846482
txach_over_at,0.009236296692254632,0.009236296692254632,0.21773939109103435
xidoc_d_over_invt,-0.009234834303141743,0.009234834303141743,0.21781225168069612
invfg_d_over_lct,-0.009233580386555022,0.009233580386555022,0.21787473950198752
oancf_pd_minus_pd_xsga,0.009227198518352155,0.009227198518352155,0.2181929739361585
ivaeq_d_over_sale,-0.009223611084203033,0.009223611084203033,0.21837200937547122
ds_d_over_invt,0.009221498315000829,0.009221498315000829,0.21847749916797518
dd3_over_lt_pd,-0.009220119641572395,0.009220119641572395,0.21854635556377625
ib_d_over_sale,0.009219380564576902,0.009219380564576902,0.2185832744058022
mrc2_over_dltt_d,0.009217084665666602,0.009217084665666602,0.21869798917638497
ceql_over_emp_d,0.009215256814061778,0.009215256814061778,0.21878934883959236
lt_over_invt,-0.009211902378875146,0.009211902378875146,0.21895708149406815
txp_d_over_seq,0.009211783535640016,0.009211783535640016,0.2189630257351024
lct_over_dltt,-0.009210442189568286,0.009210442189568286,0.21903012454217097
gdwl_d_over_seq,-0.00920951836095318,0.00920951836095318,0.2190763462558888
invfg_d_over_icapt,-0.009206818743134677,0.009206818743134677,0.21921145577605655
recco_d_over_at,0.00920539148198125,0.00920539148198125,0.2192829110087794
ppegt_pd_minus_pd_ceq,0.00920135494830979,0.00920135494830979,0.21948508889386276
dvt_over_invt_d,0.00920118070463943,0.00920118070463943,0.21949381924906955
dltt_over_cogs,0.009199847225117621,0.009199847225117621,0.21956064054540725
ppent_over_invt_pd,-0.009197027267966174,0.009197027267966174,0.21970199802942536
cld5_over_lt_d,0.009196712628468214,0.009196712628468214,0.21971777417922408
esubc_over_lt_d,0.00919664050129613,0.00919664050129613,0.21972139077890682
ppeveb_pd_minus_pd_ceq,0.00919280109989475,0.00919280109989475,0.21991396765811688
invt_over_mktcap_d,0.009187241855000174,0.009187241855000174,0.2201930231113146
do_d_over_cogs,-0.009186084085561222,0.009186084085561222,0.22025117119939666
np_over_invt_d,0.009185060366120561,0.009185060366120561,0.22030259590313453
pstkl_over_mktcap,-0.009181671810836092,0.009181671810836092,0.2204728753091516
txndba_over_dltt_d,0.009178242680238025,0.009178242680238025,0.22064528974775538
nopio_pd_minus_pd_ceq,0.009176746899026329,0.009176746899026329,0.22072052692232721
tlcf_pd_minus_pd_at,-0.009176254223928329,0.009176254223928329,0.2207453123021013
seq_d_over_emp,0.009173439771706617,0.009173439771706617,0.22088693934516815
txdc_over_xsga_d,0.00917188611229702,0.00917188611229702,0.2209651494879256
fopo_over_act_d,-0.009171295894310484,0.009171295894310484,0.2209948658564914
am,-0.009168429738068794,0.009168429738068794,0.22113921218027954
dpvieb_over_at_pd,0.009167551192010844,0.009167551192010844,0.22118347134032673
mrc5_pd_minus_pd_invt,-0.009167336007858877,0.009167336007858877,0.22119431279826968
fatc_over_cogs_d,0.009166444541783336,0.009166444541783336,0.22123923090632025
ap_pd_minus_pd_seq,-0.009158686483128028,0.009158686483128028,0.22163041053505042
rectr_over_act_d,0.009158160839913176,0.009158160839913176,0.22165693261939745
lcox_pd_minus_pd_mktcap,0.00915815203224215,0.00915815203224215,0.22165737704247815
dvc_over_at_d,0.009155754102411399,0.009155754102411399,0.2217783970601365
txfed_over_lct,-0.009154764729023783,0.009154764729023783,0.2218283430809392
oancf_pd_minus_pd_emp,0.009152633623796244,0.009152633623796244,0.22193595392203944
recta_over_seq,0.009151794006413088,0.009151794006413088,0.22197836093620593
invfg,0.00915102826188336,0.00915102826188336,0.22201704187346022
idit,-0.009148659890810255,0.009148659890810255,0.22213670868846205
nopio_d_over_ceq,0.009148472618406412,0.009148472618406412,0.2221461729815971
dxd4_d_over_icapt,0.009148202506040374,0.009148202506040374,0.22215982431413123
mrc1_d_over_invt,-0.0091465581404784,0.0091465581404784,0.222242942618184
mrc3_d_over_sale,-0.009143757956555837,0.009143757956555837,0.22238453570523672
txndba_over_ppent_d,-0.009143164944877767,0.009143164944877767,0.2224145300044736
dc_over_dltt,-0.009142526462205395,0.009142526462205395,0.22244682744662284
recta_over_ceq,0.009140322707209918,0.009140322707209918,0.22255832948338905
dcvsub_over_xsga_d,-0.009135906841418816,0.009135906841418816,0.2227818767222141
dp_over_dltt_d,0.009134938402369536,0.009134938402369536,0.22283092411924438
emp_over_xsga_pd,-0.009134737281350766,0.009134737281350766,0.22284111102867865
pstk_over_invt,-0.00913231541042545,0.00913231541042545,0.22296380652587847
che_over_cogs_pd,-0.009131343027766527,0.009131343027766527,0.22301308244146537
lco_d_over_ppent,-0.009130145692576717,0.009130145692576717,0.22307376862907663
ap_over_act_d,0.00912844119046602,0.00912844119046602,0.2231601806376135
dpact_pd_minus_pd_emp,0.00912569911312328,0.00912569911312328,0.22329924415490465
aoloch_over_ceq,0.009124687407775335,0.009124687407775335,0.2233505680989113
mrc4_over_cogs_pd,-0.009124518083497634,0.009124518083497634,0.22335915876583062
capxv_over_icapt_d,0.009123546937448997,0.009123546937448997,0.22340843442411068
xacc_over_icapt_pd,0.00912336245640208,0.00912336245640208,0.22341779581571555
che_over_mktcap_pd,0.009121484089892913,0.009121484089892913,0.22351312848774021
invwip_over_cogs_d,-0.009120468621024573,0.009120468621024573,0.22356467865926843
txdba_over_cogs_d,-0.009118031115109462,0.009118031115109462,0.22368845309439025
sppe_over_invt_d,0.009117486201487949,0.009117486201487949,0.22371613003601948
diladj,0.009117459164837098,0.009117459164837098,0.22371750332992993
dxd3_over_seq_d,-0.009116922140122555,0.009116922140122555,0.22374478209825058
rdip_over_invt_d,-0.009115640054596908,0.009115640054596908,0.22380991667734684
recta_over_xsga_d,0.009114466226092388,0.009114466226092388,0.22386956329665655
fatp_d_over_icapt,0.009106785292521156,0.009106785292521156,0.22426014079872267
dlto_d_over_ppent,0.009106131602266847,0.009106131602266847,0.2242934035962367
pi_over_invt_pd,0.009102783680625472,0.009102783680625472,0.22446381668278756
gdwl_over_cogs_d,-0.009099653195045024,0.009099653195045024,0.22462324571154996
fate_d_over_sale,-0.0090987832139116,0.0090987832139116,0.22466756637968693
xrent_d_over_invt,-0.009097929683576905,0.009097929683576905,0.2247110550435039
lt_over_sale_d,-0.009097038777263282,0.009097038777263282,0.22475645448497378
fatc_d_over_xsga,0.009096358408789288,0.009096358408789288,0.22479112960138134
capx_over_icapt_d,0.009086258439049566,0.009086258439049566,0.2253063261270318
nopi_over_emp,-0.009081956964780908,0.009081956964780908,0.2255259989074714
acchg_over_cogs,0.009081346814148577,0.009081346814148577,0.22555717118161703
xido_d_over_cogs,0.009073892655236093,0.009073892655236093,0.22593824859686376
pstkrv_over_lt_d,0.009073356354896344,0.009073356354896344,0.22596568347557988
sppe_over_act_d,0.00907328729824606,0.00907328729824606,0.22596921629729053
recd_d_over_invt,0.009067185874870333,0.009067185874870333,0.22628151043667866
dltr_pd_minus_pd_dltt,0.009064454551159099,0.009064454551159099,0.2264214097426767
ap_d_over_invt,-0.009060801626627693,0.009060801626627693,0.2266086101775599
mib_over_ppent,-0.009060293620581444,0.009060293620581444,0.2266346525670884
txdi,0.009058433127824932,0.009058433127824932,0.22673004697347876
cld5,-0.009057541792008567,0.009057541792008567,0.22677575923171567
gdwl_over_ceq_d,-0.009048272369919149,0.009048272369919149,0.22725153221628774
fate_over_mktcap_pd,0.009043613571771737,0.009043613571771737,0.22749092353114347
ao_pd_minus_pd_mktcap,-0.009042706547833037,0.009042706547833037,0.22753755165060008
pstkrv_over_ceq,-0.009041356469496227,0.009041356469496227,0.22760696884265508
prstkc_d_over_ceq,0.009039304486703025,0.009039304486703025,0.22771250486643332
intpn_over_xsga_pd,-0.009038245650711157,0.009038245650711157,0.22776697575311938
txfed_over_lt_pd,0.009037321963084734,0.009037321963084734,0.2278145016327368
xi_d_over_seq,0.009032008984963091,0.009032008984963091,0.22808800393634307
mrc5_over_invt_pd,-0.009031628397248418,0.009031628397248418,0.22810760486278828
txdba_d_over_invt,0.009028380504167585,0.009028380504167585,0.2282749257927735
ceqt_pd_minus_pd_sale,0.009027446231174737,0.009027446231174737,0.2283230726953793
donr_over_mktcap,0.009026246631938538,0.009026246631938538,0.22838490354683372
sppiv_d_over_sale,-0.00902562398382205,0.00902562398382205,0.22841700135138854
oancf_over_cogs_pd,0.009015947889855195,0.009015947889855195,0.22891622147399346
niadj_over_seq_d,0.009013390254277111,0.009013390254277111,0.22904830761393022
act_pd_minus_pd_icapt,0.00901292864266566,0.00901292864266566,0.22907215279060358
icapt_pd_minus_pd_act,-0.009012928642665643,0.009012928642665643,0.22907215279060358
fatl_over_dltt,-0.009011956487567667,0.009011956487567667,0.22912237656486623
fincf_d_over_sale,0.009011385846411167,0.009011385846411167,0.2291518608527602
pstk_over_mktcap,-0.009010607425493714,0.009010607425493714,0.22919208520491843
xpr_d_over_ceq,0.009009553547808306,0.009009553547808306,0.22924655159737398
txt_over_invt_pd,0.009009326902053956,0.009009326902053956,0.22925826628203294
pstkc_over_icapt,-0.009006680600024521,0.009006680600024521,0.22939507775073475
xint_pd_minus_pd_act,-0.009005623363197794,0.009005623363197794,0.22944975219371386
ibc_d_over_sale,0.008996734298456745,0.008996734298456745,0.22990981216993384
apalch_over_act,0.00899343075314815,0.00899343075314815,0.2300809566414185
oancf_d_over_ceq,0.008991369775240253,0.008991369775240253,0.23018777416527572
dvp_d_over_ppent,0.008986166391657745,0.008986166391657745,0.23045761493176126
dltt_d_over_cogs,-0.008984945076886283,0.008984945076886283,0.23052098331050333
caps_pd_minus_pd_xsga,-0.00897841811504339,0.00897841811504339,0.23085984714958083
tstk_over_sale_d,-0.008977620472776743,0.008977620472776743,0.23090128303683932
dxd4_d_over_lt,0.008975523250456226,0.008975523250456226,0.23101025466681108
ceql_over_xsga_pd,-0.008969698328725448,0.008969698328725448,0.2313131091439939
intpn_pd_minus_pd_xsga,-0.00896899495550444,0.00896899495550444,0.2313496986200899
gdwl_over_lct_d,-0.008966783028044057,0.008966783028044057,0.23146478988031616
gdwl_over_emp_pd,-0.00896625542443549,0.00896625542443549,0.2314922482162635
esub_over_xsga_d,-0.00896484577346143,0.00896484577346143,0.23156562272691644
dc_d_over_invt,-0.008961961514582104,0.008961961514582104,0.23171580431971023
chech_over_emp_d,-0.0089618391338071,0.0089618391338071,0.23172217814077475
pstkc_d_over_lt,-0.0089616243133618,0.0089616243133618,0.23173336669486955
chech_over_ceq_d,-0.008960739466777699,0.008960739466777699,0.2317794564539792
rect_pd_minus_pd_cogs,-0.008956517339004847,0.008956517339004847,0.23199946764529597
dxd5_over_cogs,0.008956188346425538,0.008956188346425538,0.23201661736941745
reuna_pd_minus_pd_sale,0.008952892461665734,0.008952892461665734,0.23218847490599573
xrd_over_lct_d,0.008951452986107427,0.008951452986107427,0.2322635619143857
lo_pd_minus_pd_act,0.008948475053212744,0.008948475053212744,0.23241895379081243
fato_d_over_ceq,0.00894774970287885,0.00894774970287885,0.23245681455435635
txds_over_cogs,0.008946755923623775,0.008946755923623775,0.23250869347836745
do_d_over_xsga,-0.008945084416720497,0.008945084416720497,0.23259597080073047
txdb_over_at_d,-0.008945076563066602,0.008945076563066602,0.23259638093219087
txditc_over_act_d,0.008941686648601925,0.008941686648601925,0.23277345606878916
dpc_over_ppent_d,-0.00893810355653311,0.00893810355653311,0.23296072593949996
dlc_over_act_d,0.008937146970857929,0.008937146970857929,0.23301073984013435
pstkrv_over_xsga_d,-0.0089370618409445,0.0089370618409445,0.23301519112148505
fiao_over_icapt,-0.008934383245383362,0.008934383245383362,0.23315528059488513
emp_over_xsga_d,-0.008933877179824688,0.008933877179824688,0.23318175432690277
txs_over_dltt_d,0.008931875712136446,0.008931875712136446,0.23328647769260225
oiadp_over_cogs_pd,0.008929654097948582,0.008929654097948582,0.23340275889255763
dc_over_cogs,-0.008928847295808322,0.008928847295808322,0.23344499778087827
wcap_over_ceq_pd,-0.008927285232081458,0.008927285232081458,0.23352679263311432
at_d_over_act,-0.008925856254548198,0.008925856254548198,0.23360163644134416
lse_d_over_act,-0.008925856254548198,0.008925856254548198,0.23360163644134416
xint_over_icapt,0.008923899767278245,0.008923899767278245,0.2337041365557557
txdi_over_seq_d,0.008922690724902958,0.008922690724902958,0.23376749406299394
sale_over_invt,-0.008921170731956224,0.008921170731956224,0.23384716359937494
revt_over_invt,-0.008921170731956224,0.008921170731956224,0.23384716359937494
aox_pd_minus_pd_seq,-0.008921113408826694,0.008921113408826694,0.23385016853396548
dd1_over_cogs,-0.008920401043938254,0.008920401043938254,0.2338875136822192
tstkc_over_sale_d,-0.00892005961419044,0.00892005961419044,0.23390541435645706
txo_over_sale_d,-0.008918896164417439,0.008918896164417439,0.23396641965783702
capxv_over_icapt_pd,-0.008914689689959987,0.008914689689959987,0.23418707953779208
ds_d_over_cogs,-0.008912382349619299,0.008912382349619299,0.23430817875405524
oancf_over_dltt_pd,-0.0089112517070026,0.0089112517070026,0.23436753596822302
txach_d_over_icapt,0.008906944932235872,0.008906944932235872,0.2345937333993393
txndb_over_mktcap,-0.008906878340613624,0.008906878340613624,0.23459723209161137
dxd2_over_icapt_d,-0.008905968915380627,0.008905968915380627,0.2346450165606539
pstkl_over_emp_d,-0.008903509481416695,0.008903509481416695,0.23477427858196243
xopr_over_dltt,-0.008903149195201824,0.008903149195201824,0.23479321860510755
invch_over_icapt_d,-0.008903017131173873,0.008903017131173873,0.23480016140022963
apalch_d_over_dltt,0.00890262358526761,0.00890262358526761,0.2348208515342642
dlto_d_over_invt,0.008901546544647537,0.008901546544647537,0.2348774820623804
nopio_over_cogs_pd,0.008900818334714754,0.008900818334714754,0.23491577663843316
txr_d_over_invt,0.008899792473164603,0.008899792473164603,0.23496973140168315
txt_over_dltt_d,0.00889910350011761,0.00889910350011761,0.23500597257802447
pstkl_over_ceq,-0.008894426734807262,0.008894426734807262,0.23525208314128968
capx_over_icapt_pd,-0.008892245295577897,0.008892245295577897,0.23536694178580098
gp_d_over_cogs,0.008891799454375906,0.008891799454375906,0.23539042140835334
ivaco_over_dltt_d,0.00889109540368118,0.00889109540368118,0.23542750265940873
oancf_pd_minus_pd_sale,0.008890272415571122,0.008890272415571122,0.23547085339864768
xidoc_over_dltt,0.008886757870565282,0.008886757870565282,0.23565604494501344
fopo_pd_minus_pd_dltt,0.008886212824762022,0.008886212824762022,0.2356847742130489
recd_pd_minus_pd_lt,0.008885561083399836,0.008885561083399836,0.23571913063820887
invwip_over_emp_d,0.008883570671340687,0.008883570671340687,0.23582407677525244
gdwl_over_mktcap,0.008878530039572771,0.008878530039572771,0.2360899961264004
aco_d_over_act,-0.00887461567544098,0.00887461567544098,0.23629664528562355
dd4_over_ppent,-0.00886935676681287,0.00886935676681287,0.23657447764683667
xint_over_dltt_d,0.008864679386098088,0.008864679386098088,0.23682178140032797
gdwl_pd_minus_pd_emp,-0.008863605071261075,0.008863605071261075,0.2368786086628762
ibc_over_sale_d,-0.00886294850385074,0.00886294850385074,0.23691334338343967
txdb_d_over_lt,0.00885980046837908,0.00885980046837908,0.23707993551536552
cstkcv_d_over_cogs,0.00885944736294565,0.00885944736294565,0.23709862680314017
dudd_over_sale_d,0.008857295114261364,0.008857295114261364,0.23721257648032493
txditc_d_over_lt,0.008856597849249814,0.008856597849249814,0.23724950110753773
ebit_over_cogs_pd,0.008855720360052343,0.008855720360052343,0.23729597552507575
rectr_d_over_lt,-0.008850982700848213,0.008850982700848213,0.23754700704653728
seq_over_at_pd,0.0088489919850738,0.0088489919850738,0.23765254386421325
ibc_over_lt_d,-0.008847966397119822,0.008847966397119822,0.23770692782833855
che_over_act_d,-0.008847201369902361,0.008847201369902361,0.2377475007329217
reuna_pd_minus_pd_ppent,0.008846419964091325,0.008846419964091325,0.23778894731807018
gdwl_over_xsga_d,-0.008843139043677416,0.008843139043677416,0.23796302647193784
act_over_sale_d,0.008842656680888525,0.008842656680888525,0.23798862727346806
esopct_over_dltt_d,0.008841603043262295,0.008841603043262295,0.23804455453519358
ds,0.008840515398289651,0.008840515398289651,0.23810229664521623
pstkc_over_lt_d,0.00884036648291826,0.00884036648291826,0.23811020320018816
dd1_over_icapt_pd,-0.008839448703706045,0.008839448703706045,0.23815893612144365
xrent_over_dltt_d,0.008833612347214045,0.008833612347214045,0.23846900406772245
ch_over_ppent_d,-0.008833550728609753,0.008833550728609753,0.23847227919673702
xint_over_lct_d,-0.008832244294377319,0.008832244294377319,0.23854172577195468
lco_over_act_pd,0.008830836101944154,0.008830836101944154,0.2386165975246268
do_over_lt_d,-0.008826631522750187,0.008826631522750187,0.2388402481815059
oancf_over_xsga_pd,0.008821954660290815,0.008821954660290815,0.23908919430527517
cld2_over_invt,-0.00882178938968992,0.00882178938968992,0.23909799489092423
xidoc_d_over_lct,-0.00881855715654675,0.00881855715654675,0.23927015579531355
tlcf_over_sale_d,-0.008815981120382139,0.008815981120382139,0.2394074277683811
pstkc_over_dltt,-0.00881460534741293,0.00881460534741293,0.2394807627881208
ceq_pd_minus_pd_lt,0.008810047415923113,0.008810047415923113,0.23972383463763272
lt_pd_minus_pd_ceq,-0.008810047415923098,0.008810047415923098,0.23972383463763272
dltp_over_emp_d,0.008809405649899276,0.008809405649899276,0.23975807361211493
xi_over_seq_d,0.008808538693496676,0.008808538693496676,0.23980433223280298
tstk_d_over_invt,-0.00880850600330013,0.00880850600330013,0.23980607662282755
ivao_d_over_seq,0.008807756270717214,0.008807756270717214,0.2398460857520514
prstkc_over_ceq_d,0.008804994896507257,0.008804994896507257,0.23999348577587545
mrc2_pd_minus_pd_invt,-0.008804589082533152,0.008804589082533152,0.24001515319217928
xsga_d_over_cogs,-0.008801216088694434,0.008801216088694434,0.24019529906672463
tstk_over_lct_d,-0.008801211098553974,0.008801211098553974,0.24019556565222075
pi_pd_minus_pd_lct,0.008800290910574073,0.008800290910574073,0.24024472790621734
ivncf_d_over_invt,-0.008794218174380758,0.008794218174380758,0.24056934962925675
oiadp_pd_minus_pd_seq,0.00879314052971189,0.00879314052971189,0.24062698803127733
fato_d_over_mktcap,0.008791566174247796,0.008791566174247796,0.24071121076113944
dd4_over_icapt_d,0.008789298170613212,0.008789298170613212,0.24083257783590603
mrc5_over_seq,-0.008786492604182922,0.008786492604182922,0.2409827709860093
mrct_pd_minus_pd_mktcap,0.00878236136784666,0.00878236136784666,0.24120405257727986
aco_pd,-0.008779285193089717,0.008779285193089717,0.24136891474969516
dm_pd_minus_pd_lt,-0.0087790447562937,0.0087790447562937,0.24138180387799366
txdfo_over_act_d,-0.008778324988626253,0.008778324988626253,0.24142039145808533
prstkc_over_dltt,-0.00877823605203351,0.00877823605203351,0.24142515975343862
ib_over_ppent_d,0.00877434534411326,0.00877434534411326,0.24163382319306947
txditc_over_at_d,-0.008773195110987623,0.008773195110987623,0.24169553590743045
mrc3_pd_minus_pd_act,0.008770659668378008,0.008770659668378008,0.2418316075390799
xopr_d_over_lct,-0.008770027351310055,0.008770027351310055,0.24186555100230628
act_over_lt_pd,-0.008768669481981618,0.008768669481981618,0.24193845422303656
mii_over_lt_d,0.008767642162307021,0.008767642162307021,0.2419936206958036
dpvieb_over_sale_pd,-0.00876651590910915,0.00876651590910915,0.24205411001001378
pstkc_over_seq_d,-0.008765067935989294,0.008765067935989294,0.24213189403014324
dd5_d_over_dltt,0.008762164048059537,0.008762164048059537,0.242287941678779
cld3_over_mktcap_d,-0.008761397322664441,0.008761397322664441,0.2423291553781507
apalch_over_lct_d,0.0087602768192816,0.0087602768192816,0.24238939453147407
icapt_pd_minus_pd_lct,-0.0087600275447851,0.0087600275447851,0.24240279715864116
lct_pd_minus_pd_icapt,0.00876002754478509,0.00876002754478509,0.24240279715864116
txfed_over_icapt,-0.008757322407934455,0.008757322407934455,0.24254827652445332
ch_d_over_sale,0.008755816953925872,0.008755816953925872,0.24262926481617203
xopr_over_act_pd,0.0087530218165995,0.0087530218165995,0.24277968409323686
intpn_over_mktcap_pd,-0.008750924933266046,0.008750924933266046,0.24289257012195206
dd4_d_over_seq,0.008743647898440492,0.008743647898440492,0.24328461658152456
xido_d_over_invt,0.008743033481266345,0.008743033481266345,0.24331773833228573
dxd3_over_lct_d,-0.008740125783055597,0.008740125783055597,0.24347452832342845
xsga_over_ppent_pd,-0.008737766895531292,0.008737766895531292,0.24360177728131302
dvt_over_seq,-0.008737758890592265,0.008737758890592265,0.24360220918309583
txdi_over_icapt,0.00873537493555733,0.00873537493555733,0.24373085801563518
recta_d_over_lct,0.008735169317637596,0.008735169317637596,0.24374195630967674
dd2_over_ppent_d,-0.008732422770242788,0.008732422770242788,0.24389023613746086
dn_d_over_act,-0.00873191062893635,0.00873191062893635,0.24391789248484086
dpact_over_xsga_pd,0.008731782922214604,0.008731782922214604,0.24392478916963672
dpvieb_over_xsga_pd,0.008731782922214604,0.008731782922214604,0.24392478916963672
cld5_over_invt,-0.008729084516774533,0.008729084516774533,0.24407054610895265
recco_d_over_icapt,0.008728641381292437,0.008728641381292437,0.24409448833942046
gdwl_over_icapt_d,-0.008725438454610481,0.008725438454610481,0.244267588763661
mrc3_pd_minus_pd_seq,0.008725276535965651,0.008725276535965651,0.2442763418564709
xint_pd_minus_pd_ceq,-0.008724179821875327,0.008724179821875327,0.24433563446534545
txp_d_over_mktcap,0.008719849518034712,0.008719849518034712,0.2445698461571614
fatc_over_sale_d,0.008715725620336302,0.008715725620336302,0.24479304048069273
dpact_over_ceq_pd,-0.008715234034495003,0.008715234034495003,0.24481965570886108
dd4_d_over_emp,0.008714337490279406,0.008714337490279406,0.24486820124707376
ceqt_d_over_seq,-0.008711937781511173,0.008711937781511173,0.2449981724728061
txt_over_act_pd,0.008711339660692846,0.008711339660692846,0.24503057497802178
oibdp_over_dltt_pd,0.00870663537760679,0.00870663537760679,0.24528552890872765
ebitda_over_dltt_pd,0.00870663537760679,0.00870663537760679,0.24528552890872765
pstk_d_over_xsga,-0.00870608650510918,0.00870608650510918,0.24531528779068013
lt_d_over_xsga,0.008705558635976027,0.008705558635976027,0.2453439102967581
recco_d_over_mktcap,0.008704835139076338,0.008704835139076338,0.24538314407992876
fate_d_over_emp,0.008700755457280876,0.008700755457280876,0.24560445939327005
lct_over_xsga_d,0.00869904786102207,0.00869904786102207,0.24569713492557044
txach_d_over_xsga,0.008696248296711045,0.008696248296711045,0.24584912735224787
ppegt_over_ppent_pd,-0.008693513801082717,0.008693513801082717,0.24599765073320068
gdwl_over_ceq_pd,-0.00869306232811016,0.00869306232811016,0.24602217841233345
oancf_d_over_at,0.008692725630038232,0.008692725630038232,0.2460404717025152
oancf_d_over_sale,0.00869177947960401,0.00869177947960401,0.24609188251965838
cogs_d_over_lt,-0.008689085333609048,0.008689085333609048,0.2462383151229312
txc_d_over_ppent,0.008688921026764586,0.008688921026764586,0.24624724752697474
gdwl_over_lt_d,-0.008688535765775256,0.008688535765775256,0.24626819280862233
seq_over_cogs_d,0.008688430455538045,0.008688430455538045,0.24627391837220622
aox_over_seq,0.008685913417537822,0.008685913417537822,0.246410793809486
diladj_d_over_ppent,-0.008685874581840086,0.008685874581840086,0.2464129060954252
invt_over_lt,0.008685053159768186,0.008685053159768186,0.24645758647536528
xsga_over_ppent_d,-0.008684430838004291,0.008684430838004291,0.24649144078521532
ds_d_over_seq,-0.008683156554958795,0.008683156554958795,0.24656077196159346
ebit_pd_minus_pd_seq,0.008681009743175283,0.008681009743175283,0.24667760656788595
tstkc_over_lct_d,-0.00868016301622547,0.00868016301622547,0.24672369812730688
ceqt_pd_minus_pd_act,0.008678836175012382,0.008678836175012382,0.24679593682796058
ceq_over_cogs_d,0.008677255516573803,0.008677255516573803,0.24688201372061855
itcb_over_lct_d,0.008676057812571443,0.008676057812571443,0.246947250313582
gdwl_pd_minus_pd_xsga,-0.00867395656964443,0.00867395656964443,0.24706173007303905
dltis_d_over_sale,0.008673158135128924,0.008673158135128924,0.2471052400653506
ceql_d_over_mktcap,0.008671477692429173,0.008671477692429173,0.24719683185512947
am_over_xsga_pd,-0.008669732380510917,0.008669732380510917,0.24729198447719164
np_over_xsga_d,0.008667031800036367,0.008667031800036367,0.24743926790082985
txdb_over_act_d,0.008665096219585822,0.008665096219585822,0.2475448677634007
txo_over_mktcap,0.00866423464457625,0.00866423464457625,0.24759188303447502
nopio_over_act_pd,0.008663624920808138,0.008663624920808138,0.2476251588163719
recd_over_emp_d,0.008662425906249977,0.008662425906249977,0.24769060437713467
mrct_pd_minus_pd_emp,-0.00865927473723336,0.00865927473723336,0.24786266169207613
rdip_d_over_mktcap,-0.008657461175544388,0.008657461175544388,0.2479617220790294
xopr_d_over_icapt,0.008656078094278607,0.008656078094278607,0.24803728737722464
txdfed_over_ppent,0.008656058486635955,0.008656058486635955,0.24803835876586022
invwip_over_sale_d,-0.008651092621102939,0.008651092621102939,0.24830980477332126
txndbl_pd_minus_pd_dltt,-0.008649122067663313,0.008649122067663313,0.2484175774764751
xacc_over_xsga_pd,0.008647412725418496,0.008647412725418496,0.248511090620335
invch_over_seq_d,-0.008644755215149518,0.008644755215149518,0.24865652416803716
recd_pd_minus_pd_mktcap,0.008639724033509558,0.008639724033509558,0.24893202102155748
cstkcv_over_lct_d,-0.008637881603841203,0.008637881603841203,0.24903296193220353
txpd_over_ceq,-0.008631585710592376,0.008631585710592376,0.2493781100052971
ao_over_seq,0.008628689994968871,0.008628689994968871,0.2495369686377012
xrd_pd_minus_pd_at,0.008628165415649758,0.008628165415649758,0.2495657545635342
dxd2_d_over_mktcap,-0.008627126164126272,0.008627126164126272,0.24962278962067627
recco_over_lct,0.008626938369963224,0.008626938369963224,0.2496330969045045
lco_over_dltt_pd,0.008613377892752953,0.008613377892752953,0.25037816434535765
txndba_over_mktcap_pd,0.008610396588036522,0.008610396588036522,0.2505421772711015
ivch_d_over_dltt,0.008609675620374893,0.008609675620374893,0.2505818517076278
fato_over_invt,-0.008602199575228196,0.008602199575228196,0.25099351272644943
lco_over_dltt,-0.00860178093236465,0.00860178093236465,0.251016578826492
ib_over_sale_d,-0.008601584830863583,0.008601584830863583,0.2510273840024633
ds_d_over_emp,-0.008599854118380493,0.008599854118380493,0.25112276018529794
fatc_d_over_lct,0.008598120765650624,0.008598120765650624,0.25121830720689525
rectr_over_act_pd,-0.008596457603680052,0.008596457603680052,0.2513100089679539
ibc_over_ppent_d,0.008595759193536017,0.008595759193536017,0.2513485241692056
fiao,-0.008595283369427496,0.008595283369427496,0.25137476678395565
rdip_over_icapt_d,-0.008590055676800445,0.008590055676800445,0.2516632099456095
mrc1_pd_minus_pd_act,0.008585757825537376,0.008585757825537376,0.2519005210134924
ch_over_emp_d,-0.008584762546788381,0.008584762546788381,0.25195549877936474
pstkc_over_icapt_d,-0.008579216733270882,0.008579216733270882,0.25226199472089905
acox_over_mktcap_pd,0.008576724644433893,0.008576724644433893,0.25239980755312935
dxd3_d_over_cogs,-0.008575801087472195,0.008575801087472195,0.25245089369531115
lcoxdr_over_ceq,0.008571369943790423,0.008571369943790423,0.25269610066179465
cstk_pd_minus_pd_mktcap,0.008570155736091581,0.008570155736091581,0.2527633204405619
txc_over_xsga,0.008566901949247354,0.008566901949247354,0.2529435148251969
txt_pd_minus_pd_mktcap,0.008566669321658444,0.008566669321658444,0.2529564011441289
ceql_pd_minus_pd_emp,-0.008566380393709511,0.008566380393709511,0.2529724068373102
txdba_over_icapt_d,-0.008564608677901214,0.008564608677901214,0.25307056970755837
oiadp_pd_minus_pd_lt,0.008563446902714971,0.008563446902714971,0.253134952889513
invrm_over_mktcap_d,0.008563242848853797,0.008563242848853797,0.25314626231087817
txfo,0.008561070591077484,0.008561070591077484,0.25326667870285785
txndbl_over_act_pd,0.00855881172589987,0.00855881172589987,0.2533919383684027
intpn_pd_minus_pd_ppent,-0.008557362837568937,0.008557362837568937,0.25347230551770117
dcpstk_over_mktcap_d,-0.008556450361920962,0.008556450361920962,0.2535229279571877
ivaeq_d_over_xsga,-0.008556358628025992,0.008556358628025992,0.2535280175711965
dxd4_over_dltt_d,0.008555992719336774,0.008555992719336774,0.25354831976068254
xacc_over_at_pd,0.00855410981962833,0.00855410981962833,0.2536528090415255
xrd_d_over_mktcap,-0.00855312444327325,0.00855312444327325,0.253707503278136
capx_over_act_pd,-0.008549917443097544,0.008549917443097544,0.2538855676612883
txt_pd_minus_pd_invt,0.008549794846719394,0.008549794846719394,0.25389237638645956
xidoc_d_over_sale,-0.008547531537145717,0.008547531537145717,0.2540180983048229
ibcom_d_over_sale,0.008543964078003523,0.008543964078003523,0.25421635084313615
intc_over_ceq,0.008538486217307161,0.008538486217307161,0.2545209786580787
ceq_d_over_mktcap,0.008535942526007699,0.008535942526007699,0.25466252147726576
dd1_pd_minus_pd_icapt,-0.008534579722756874,0.008534579722756874,0.25473837670958
txach_over_lt,0.008533972998329175,0.008533972998329175,0.25477215275978665
rect_over_icapt_pd,-0.008528764828778228,0.008528764828778228,0.25506221711167376
np,-0.008526983216019881,0.008526983216019881,0.2551614951291028
ao_over_ceq_d,-0.008525119965789293,0.008525119965789293,0.2552653510220825
txt_over_lt_pd,0.00852184271774333,0.00852184271774333,0.25544809316939
ivaeq_over_dltt,-0.00852172022775602,0.00852172022775602,0.25545492507784484
dvc_over_act,-0.008517493269003537,0.008517493269003537,0.2556907625253471
ivstch_d_over_invt,0.008516921567599318,0.008516921567599318,0.2557226714432133
invfg_over_sale_d,-0.00851587738348538,0.00851587738348538,0.25578095863267625
txds_over_sale,0.008514115800493209,0.008514115800493209,0.25587931252047674
recch_over_dltt_d,-0.008512888430242631,0.008512888430242631,0.2559478554118431
dp_over_ceq_pd,-0.00850878155032292,0.00850878155032292,0.25617729819945256
invwip_over_dltt,-0.008508342871361436,0.008508342871361436,0.2562018147171754
intpn_d_over_ppent,-0.00850792992238256,0.00850792992238256,0.2562248947484225
ap_d_over_dltt,-0.008507270593063795,0.008507270593063795,0.25626174815684716
spi_d_over_act,0.008506573760295481,0.008506573760295481,0.2563007018329841
apalch_over_mktcap_d,-0.008504065055009067,0.008504065055009067,0.2564409751170324
xpr_over_sale_d,-0.008503551052541738,0.008503551052541738,0.256469721944729
ebit_pd_minus_pd_lt,0.008501307387979181,0.008501307387979181,0.2565952304978778
mrc2_d_over_at,-0.00849962184844016,0.00849962184844016,0.2566895460921047
pstkn_over_xsga,-0.008497652076597983,0.008497652076597983,0.25679979660576957
xint_d_over_xsga,0.008495128274847333,0.008495128274847333,0.2569411048775364
prstkc_over_mktcap_d,0.008493298941105653,0.008493298941105653,0.2570435634477834
dltr_over_dltt_d,-0.008492704077029142,0.008492704077029142,0.25707688710875304
dm_over_icapt_pd,-0.008492441194343829,0.008492441194343829,0.25709161447593903
dlto_d_over_mktcap,-0.00848495923275473,0.00848495923275473,0.25751101878454824
sstk_d_over_dltt,-0.00848436652106914,0.00848436652106914,0.2575442637494572
tstkc_d_over_invt,-0.008482106421326095,0.008482106421326095,0.2576710591746661
recd_d_over_sale,0.008481836722170158,0.008481836722170158,0.2576861926454965
dxd4_d_over_at,0.008479573139463075,0.008479573139463075,0.2578132320371382
invfg_over_dltt,0.008476246638398941,0.008476246638398941,0.2580000045628323
xint_pd_minus_pd_at,-0.008476218364022332,0.008476218364022332,0.25800159248176613
mrct_pd_minus_pd_at,0.00847266955958495,0.00847266955958495,0.2582009509045049
txdfo_d_over_mktcap,-0.008469469304026605,0.008469469304026605,0.25838082072352864
mrc4_pd_minus_pd_emp,-0.008467747312492257,0.008467747312492257,0.2584776408973252
dm_pd_minus_pd_at,-0.008465292732224888,0.008465292732224888,0.2586156948468348
act_over_seq_d,-0.008462513818010983,0.008462513818010983,0.25877205210525284
dd5_d_over_ppent,0.008462499943559952,0.008462499943559952,0.25877283292378533
intc_over_seq,0.008460720868032285,0.008460720868032285,0.2588729682587037
gdwl_over_seq_d,-0.008457963259450097,0.008457963259450097,0.25902823341648923
recta_over_act,0.008452659323408742,0.008452659323408742,0.2593270490410121
dltr_over_seq_pd,0.008451495190941634,0.008451495190941634,0.2593926664165523
mrc5_over_seq_pd,-0.008450569412273387,0.008450569412273387,0.2594448569725184
idit_over_mktcap_d,-0.008450232889863834,0.008450232889863834,0.25946383014662955
cogs_over_sale_pd,-0.008446294286739259,0.008446294286739259,0.25968596049667525
txdfo_d_over_act,-0.008444434877760577,0.008444434877760577,0.25979087365904213
dxd3_over_ppent_d,-0.008443213822839971,0.008443213822839971,0.2598597850221036
mrc2_d_over_invt,-0.008438691256255418,0.008438691256255418,0.2601151304665422
invt_d_over_seq,-0.008438121133013732,0.008438121133013732,0.26014733211363683
dlto_d_over_act,0.00843333303865671,0.00843333303865671,0.26041788168579105
xrent_d_over_cogs,-0.008432863828042392,0.008432863828042392,0.26044440473432223
mii_d_over_act,0.008431925404248955,0.008431925404248955,0.2604974565830333
dpvieb_over_lct_d,0.008431180247251499,0.008431180247251499,0.260539587817903
xrd_over_cogs_d,0.008429404560880815,0.008429404560880815,0.2606400042640511
oiadp_over_sale_pd,0.008426886352847402,0.008426886352847402,0.26078245678746576
ivstch_d_over_ceq,0.0084267917912014,0.0084267917912014,0.26078780709453414
txndb_over_lct_d,-0.008422840206616117,0.008422840206616117,0.2610114560097012
dlc_d_over_cogs,-0.008419225332731341,0.008419225332731341,0.2612161641444042
nopio_over_lt,-0.00841810751869339,0.00841810751869339,0.26127948774417514
cld3_over_cogs,-0.008413696706777406,0.008413696706777406,0.26152946156128987
aox_pd_minus_pd_ceq,-0.008409566367574695,0.008409566367574695,0.26176368997794114
prstkc_d_over_ppent,0.008404944223117012,0.008404944223117012,0.26202598013187806
dm_pd_minus_pd_act,-0.00840464220361515,0.00840464220361515,0.2620431249749966
ivstch_d_over_emp,0.008404602661392556,0.008404602661392556,0.26204536973908427
capxv_over_act_pd,-0.00840428199905956,0.00840428199905956,0.26206357384205636
dltr_over_seq_d,-0.008399251314708665,0.008399251314708665,0.26234928176747857
ppeveb_pd_minus_pd_lct,0.00839669268554915,0.00839669268554915,0.26249467663230364
lco_d_over_ceq,0.008394778388335388,0.008394778388335388,0.26260349352521134
ceqt_pd_minus_pd_cogs,0.008392437014229604,0.008392437014229604,0.2627366296483035
ib_d_over_lt,0.008391893124939015,0.008391893124939015,0.26276756316097777
nopio_over_mktcap_pd,0.00839168762714354,0.00839168762714354,0.2627792514304814
dclo_over_seq,0.008390925246188478,0.008390925246188478,0.2628226171437881
dxd4_over_xsga_d,0.008390501112067855,0.008390501112067855,0.26284674485719134
dvp_over_invt_d,-0.008388022213918657,0.008388022213918657,0.2629877924954757
xi_d_over_at,0.00838786598441739,0.00838786598441739,0.26299668359880307
ceql_over_emp_pd,-0.008386122985683205,0.008386122985683205,0.2630958926461952
aco_over_seq_pd,-0.008384984000394027,0.008384984000394027,0.263160736046353
dd4_d_over_lct,0.008382188433441986,0.008382188433441986,0.26331993680272836
gdwl_over_dltt_pd,-0.008379918827515173,0.008379918827515173,0.2634492342235159
tlcf_pd_minus_pd_lct,-0.00837769382311603,0.00837769382311603,0.26357603325015905
cld2_over_emp,-0.008376788244538903,0.008376788244538903,0.2636276526087899
dltp_over_invt,0.008375872877725569,0.008375872877725569,0.26367983699862785
cld2_over_seq,0.0083734904166679,0.0083734904166679,0.2638156927606059
dxd3_over_lt_d,-0.008372994371492722,0.008372994371492722,0.2638439849585795
dc_over_invt,-0.008372898436793634,0.008372898436793634,0.26384945688618827
txt_over_lct_pd,0.008371690520711109,0.008371690520711109,0.26391836075406205
am_over_act,-0.00837136824049821,0.00837136824049821,0.2639367468709025
am_over_sale_pd,-0.00836894431352151,0.00836894431352151,0.2640750604426954
ppegt_pd_minus_pd_lct,0.008368745505591229,0.008368745505591229,0.2640864069931394
fatl_over_icapt_pd,-0.008366142775816484,0.008366142775816484,0.26423498340872054
xi_over_mktcap_d,0.008358725628983914,0.008358725628983914,0.26465870615132214
mrc4_pd_minus_pd_cogs,-0.0083528599980505,0.0083528599980505,0.2649941261623621
pstkc_over_invt,-0.008351955506363766,0.008351955506363766,0.2650458746320647
ivaco_over_cogs,0.008345633206224879,0.008345633206224879,0.2654077853106493
tstk_d_over_dltt,-0.008345086858903287,0.008345086858903287,0.26543907612017603
dd3_over_act,0.008345030917561704,0.008345030917561704,0.2654422801776216
ivst_over_dltt_d,-0.008344701906620764,0.008344701906620764,0.26546112491883805
dpact_over_at_pd,0.008342238607541796,0.008342238607541796,0.26560224443442954
mrc2_pd_minus_pd_act,0.008337613199895759,0.008337613199895759,0.26586736816268514
ivncf_over_icapt,-0.008336757481816993,0.008336757481816993,0.265916437028615
lo_d_over_act,0.00833549881746156,0.00833549881746156,0.26598862309991905
ebit_over_sale_pd,0.008329983980446074,0.008329983980446074,0.2663050653399421
invwip_over_lct_d,-0.00832857186541636,0.00832857186541636,0.26638613437209946
sppiv_over_emp_d,-0.008326061162128313,0.008326061162128313,0.2665303149075809
dclo_over_icapt_d,-0.008322842178191292,0.008322842178191292,0.2667152479509842
xi_over_at_d,0.00832217471180939,0.00832217471180939,0.26675360544174914
gdwl_over_seq,-0.008322080807132716,0.008322080807132716,0.2667590021944245
ap_over_ceq_d,-0.00832064400490914,0.00832064400490914,0.2668415853628775
xsga_d_over_emp,-0.008317932331298775,0.008317932331298775,0.26699749229785597
txndbl_d_over_ppent,0.008317538975678471,0.008317538975678471,0.2670201133736345
sppe_d_over_at,0.008317194288588894,0.008317194288588894,0.26703993670535964
lo_d_over_ppent,-0.008316590160580827,0.008316590160580827,0.2670746832095326
ppeveb_over_ppent_pd,-0.008316125131080059,0.008316125131080059,0.26710143156177363
invt_d_over_xsga,0.00831363722837029,0.00831363722837029,0.26724456624242976
txdba_over_lt_d,-0.0083124394979263,0.0083124394979263,0.2673134931914785
ch_pd_minus_pd_emp,-0.008307872005886603,0.008307872005886603,0.2675764552296086
dp_pd_minus_pd_seq,0.008307591406992816,0.008307591406992816,0.26759261581079513
recd_pd_minus_pd_act,0.008307062891490219,0.008307062891490219,0.2676230565183396
dxd2_over_emp,0.008306597548196772,0.008306597548196772,0.26764986069033536
txdbca_d_over_lt,-0.008302414836408738,0.008302414836408738,0.2678908712972714
fopo_over_mktcap_pd,-0.008302023614158018,0.008302023614158018,0.2679134214049016
xsga_over_ceq_pd,-0.008301998316653186,0.008301998316653186,0.2679148796016671
mrc5_over_ppent_pd,-0.008301447035096752,0.008301447035096752,0.26794665788371536
dcvsr_d_over_mktcap,-0.008301294151505056,0.008301294151505056,0.26795547122186486
dxd4_over_cogs,0.008297624086044876,0.008297624086044876,0.2681671006551064
pstk_over_emp,-0.008296855523934134,0.008296855523934134,0.26821143330124564
fopo_pd_minus_pd_xsga,-0.008291861690071168,0.008291861690071168,0.2684996131589051
ivncf_over_lt,0.008290922550064335,0.008290922550064335,0.2685538319866978
txdba_d_over_ppent,0.008287701681336492,0.008287701681336492,0.2687398376491376
txpd_pd_minus_pd_icapt,0.008287197928750663,0.008287197928750663,0.2687689374354818
txfed_over_sale_pd,0.008285108605463602,0.008285108605463602,0.2688896524379702
pstk_over_cogs_d,-0.008284305293623425,0.008284305293623425,0.26893607535701664
ceq_over_at_pd,0.008281349950549528,0.008281349950549528,0.26910691024874284
pstk_over_xsga,-0.008276694749876334,0.008276694749876334,0.2693761571880624
ivst_d_over_lt,-0.008275782320561224,0.008275782320561224,0.26942895182463567
aox_d_over_ppent,-0.008274208500598904,0.008274208500598904,0.2695200322781397
ch_d_over_emp,-0.008273565478280976,0.008273565478280976,0.26955725148466453
pstkr_over_emp_d,-0.008269032805726807,0.008269032805726807,0.26981971018461304
acox_pd_minus_pd_sale,0.0082680759167039,0.0082680759167039,0.269875140039769
donr_over_cogs,0.008263472371805594,0.008263472371805594,0.27014191945007376
nopi_over_act_d,0.008263419384991116,0.008263419384991116,0.27014499113415086
txdc_over_lct_d,0.008262430537014106,0.008262430537014106,0.27020231976274645
acox_over_xsga_pd,0.008262120389735771,0.008262120389735771,0.2702203023220127
intan_d_over_xsga,-0.008261444454180077,0.008261444454180077,0.27025949638811236
caps_over_icapt_pd,-0.00824892958801202,0.00824892958801202,0.27098587405296937
np_over_at,-0.008247223472881666,0.008247223472881666,0.2710850025106286
mib_over_dltt_d,0.008246654238332542,0.008246654238332542,0.2711180816216605
aco_pd_minus_pd_act,0.008244902220314486,0.008244902220314486,0.271219911485818
ivaeq_d_over_ppent,-0.008241999636764924,0.008241999636764924,0.27138867156310426
invt_pd_minus_pd_act,0.008240694346726057,0.008240694346726057,0.2714645863051926
act_pd_minus_pd_invt,-0.00824069434672602,0.00824069434672602,0.2714645863052048
dlto_d_over_emp,0.008240226284176234,0.008240226284176234,0.2714918120331455
dpvieb_over_act_pd,0.008234041387204778,0.008234041387204778,0.271851743674009
dd3_over_sale_d,-0.008231464641877096,0.008231464641877096,0.2720017943812684
sstk_over_dltt_d,-0.008230495221540861,0.008230495221540861,0.27205826097011143
mrct_over_mktcap_d,0.008229345612384335,0.008229345612384335,0.2721252335578486
che_over_act_pd,0.008225477609149295,0.008225477609149295,0.27235065402633735
dxd4_over_seq_d,0.008223710289841925,0.008223710289841925,0.27245369282580645
dpvieb_over_emp_pd,0.008222715120090636,0.008222715120090636,0.2725117252592684
txdfo_over_icapt_d,-0.00821838251817888,0.00821838251817888,0.2727644756206385
dd3_pd_minus_pd_dltt,-0.008218007356712586,0.008218007356712586,0.2727863689013973
recta_over_lct,0.00821753932224651,0.00821753932224651,0.2728136836527667
ds_over_icapt_d,-0.008216517140875915,0.008216517140875915,0.2728733452298545
dpc_over_invt_pd,-0.008216391283485586,0.008216391283485586,0.27288069175493085
dm_d_over_icapt,-0.00821592477079388,0.00821592477079388,0.27290792413044246
tlcf_pd_minus_pd_seq,-0.008215729628375044,0.008215729628375044,0.2729193159938158
txds_over_xsga,0.008213597520671103,0.008213597520671103,0.27304380361047437
prstkc_over_ppent_d,0.008210645059486444,0.008210645059486444,0.27321625340965344
recd_over_lt,-0.008205951700005466,0.008205951700005466,0.27349054029911063
donr_over_emp,0.008204533094418646,0.008204533094418646,0.27357348274732696
nopi_over_lct_d,0.008204316035244439,0.008204316035244439,0.27358617519040546
xopr_over_mktcap_pd,0.008203202147993666,0.008203202147993666,0.2736513156072536
dvt_over_act_d,0.00820289862644026,0.00820289862644026,0.27366906746454384
txt_pd_minus_pd_act,0.008202479061349644,0.008202479061349644,0.2736936075766719
niadj_over_act_d,0.008202446816068163,0.008202446816068163,0.27369549364621093
ceqt_over_emp,0.008202097637972233,0.008202097637972233,0.27371591810781754
ib_over_lt_d,-0.008201204395091649,0.008201204395091649,0.2737681712717094
esub_over_sale_d,-0.008200499752763452,0.008200499752763452,0.2738093964392375
dclo_d_over_mktcap,-0.008198564026723983,0.008198564026723983,0.27392266811236443
fatl_d_over_mktcap,-0.008197244412730828,0.008197244412730828,0.2739999054932158
gdwl_over_ceq,-0.008197021399783993,0.008197021399783993,0.2740129599739163
rectr_over_at_pd,-0.008195094069634624,0.008195094069634624,0.274125797561765
ceql_over_cogs_d,0.008186179504315216,0.008186179504315216,0.2746481232034979
txc_over_lt_pd,0.008181587674603889,0.008181587674603889,0.27491743447816086
mrc5_d_over_icapt,-0.008180371565283581,0.008180371565283581,0.27498878959781553
txndba_over_act_pd,0.008171929706824576,0.008171929706824576,0.27548446346522526
esubc_d_over_sale,0.00817110240358684,0.00817110240358684,0.2755330723482385
am_d_over_emp,0.008169237395467313,0.008169237395467313,0.2756426739011936
pi_pd_minus_pd_invt,0.008167450189657546,0.008167450189657546,0.27574773112430445
dd3_over_at_d,-0.008166290286429043,0.008166290286429043,0.27581592826769585
mrc1_over_seq_pd,-0.00816593837931635,0.00816593837931635,0.27583662111297647
ao_over_seq_d,-0.008164252220716858,0.008164252220716858,0.27593578531906987
txo_d_over_emp,-0.008161665832824894,0.008161665832824894,0.27608793990764574
dd4_d_over_cogs,0.008155011889865657,0.008155011889865657,0.2764796475583734
pstkrv_over_emp_d,-0.00815438892870789,0.00815438892870789,0.2765163397334018
ceql_over_lt_d,0.00815382573690142,0.00815382573690142,0.2765495143732392
mrc1_pd_minus_pd_icapt,0.00814785932869984,0.00814785932869984,0.27690113042398207
recd_pd_minus_pd_at,0.008147349466855953,0.008147349466855953,0.2769311920393771
mrc3_pd_minus_pd_ceq,0.00814443501121791,0.00814443501121791,0.27710307195171174
capxv_over_lt_pd,-0.008143431796096766,0.008143431796096766,0.277162253337296
oancf_over_act_d,0.008142048234863546,0.008142048234863546,0.27724388611982814
capx_over_lt_pd,-0.00814092853665562,0.00814092853665562,0.2773099624645913
mii_over_lct_d,0.008139371050845855,0.008139371050845855,0.2774018916475649
aoloch_over_icapt,0.008136914129491876,0.008136914129491876,0.27754695138919433
txc,-0.008132339314028113,0.008132339314028113,0.27781719190158105
invrm_over_dltt,0.008129915215557173,0.008129915215557173,0.27796045925364476
esubc_over_seq,-0.008128290935109857,0.008128290935109857,0.27805648446308234
oiadp_d_over_sale,0.008124714113347628,0.008124714113347628,0.27826802081427165
caps_over_mktcap_d,0.008124535481070162,0.008124535481070162,0.2782785881532579
idit_d_over_cogs,0.008122478173443404,0.008122478173443404,0.2784003118631941
fatl_over_lt_pd,-0.008120352280986665,0.008120352280986665,0.2785261315559449
dd1_over_seq_pd,-0.008115634385247001,0.008115634385247001,0.2788054956230029
xpr_d_over_lct,0.008113781153263626,0.008113781153263626,0.27891528446900726
dvc_over_lt,-0.008109486984813273,0.008109486984813273,0.27916979184092344
nopio_over_sale_pd,0.008107466993195514,0.008107466993195514,0.27928956758203477
txs_pd_minus_pd_at,0.008103590223796765,0.008103590223796765,0.2795195391362544
dpc_pd_minus_pd_act,0.008102939921312611,0.008102939921312611,0.27955812795039875
txfed_pd_minus_pd_ppent,0.00809855916398894,0.00809855916398894,0.2798181755401118
txditc_d_over_mktcap,0.008098053662795734,0.008098053662795734,0.2798481933397358
lct_over_cogs_d,-0.008096270611907073,0.008096270611907073,0.27995409239043756
cstkcv_over_xsga,0.00809537798650947,0.00809537798650947,0.2800071174709222
ceqt_over_cogs_d,0.008091440088198974,0.008091440088198974,0.28024112390064354
cld2_d_over_ppent,-0.008091398930430463,0.008091398930430463,0.2802435703691162
recta_d_over_ppent,-0.008090649669735328,0.008090649669735328,0.28028810988419567
chech_d_over_ppent,-0.008086392980075477,0.008086392980075477,0.280541238425019
prstkc_d_over_lct,0.008084649522536413,0.008084649522536413,0.28064495976768616
dc_d_over_xsga,-0.008084279475508074,0.008084279475508074,0.2806669778631452
cld4_d_over_emp,0.008080831153745364,0.008080831153745364,0.28087221217245156
fato_d_over_invt,-0.008078589799352755,0.008078589799352755,0.2810056658364694
dlc_over_emp,-0.008075051217049326,0.008075051217049326,0.2812164460402093
tstk_over_lt,-0.008067694031026343,0.008067694031026343,0.2816550296843506
ceq_over_dltt_pd,-0.008062170279970771,0.008062170279970771,0.2819846216731263
txdc_over_icapt_d,0.008060202143533778,0.008060202143533778,0.2821021199052143
txdb_d_over_seq,0.008059196275954169,0.008059196275954169,0.28216218326671166
pstkc_over_xsga_d,-0.008059110907503966,0.008059110907503966,0.28216728127138596
ppegt_over_seq_d,-0.008058683914907928,0.008058683914907928,0.2821927812104076
ivstch,0.008056243519452378,0.008056243519452378,0.28233855127650753
cstkcv_over_xsga_d,-0.008054413594997577,0.008054413594997577,0.2824478900843268
cld2_over_sale_d,-0.008054021773653497,0.008054021773653497,0.2824713053161217
dxd3_over_ceq_d,-0.008054005373833011,0.008054005373833011,0.2824722853976062
ib_over_mktcap_d,0.008052861099287484,0.008052861099287484,0.2825406749037762
recd_pd_minus_pd_icapt,0.008049645916555598,0.008049645916555598,0.2827328958144146
txc_over_invt,-0.008046745634610018,0.008046745634610018,0.282906366278967
mii_d_over_sale,0.008044650957655958,0.008044650957655958,0.283031697075137
np_over_act_d,0.008042320187362471,0.008042320187362471,0.28317119825442677
emp_over_seq_d,0.008038119352086617,0.008038119352086617,0.28342274410895485
icapt_over_act_pd,-0.008037386606159547,0.008037386606159547,0.2834666364034701
dvc_over_cogs,-0.008036658526132898,0.008036658526132898,0.2835102537648493
emp_over_mktcap_d,0.008036573298428168,0.008036573298428168,0.2835153598298604
txdbcl_over_seq_d,0.008034811110622347,0.008034811110622347,0.28362094797127446
cld3_over_ppent,-0.008032796010291781,0.008032796010291781,0.28374172295368644
cld2_over_ppent_d,-0.00803181109751763,0.00803181109751763,0.2838007663410046
icapt_over_cogs_d,0.008031105269301606,0.008031105269301606,0.2838430843299326
nopi_d_over_act,0.00803017963627483,0.00803017963627483,0.28389858720891015
lse_over_sale_d,0.008029806887260198,0.008029806887260198,0.28392094008904556
at_over_sale_d,0.008029806887260198,0.008029806887260198,0.28392094008904556
txditc_d_over_seq,0.008028657295127275,0.008028657295127275,0.28398988592395946
txdb_d_over_mktcap,0.008025411436168793,0.008025411436168793,0.2841846147945769
tlcf_pd_minus_pd_cogs,-0.008024826869633198,0.008024826869633198,0.284219694305283
rectr_over_emp_d,-0.008024825870196992,0.008024825870196992,0.28421975428340124
fate_pd,-0.008024009896207395,0.008024009896207395,0.2842687253330879
cld4_over_lt_d,0.008022600704278609,0.008022600704278609,0.28435331207245296
ebit_d_over_sale,0.00802221437033302,0.00802221437033302,0.28437650474029647
ivaeq_over_ppent,-0.008020697265829456,0.008020697265829456,0.2844675929946505
cld4_over_emp_d,0.008018184846878246,0.008018184846878246,0.2846184841941948
ch_d_over_dltt,-0.008017895906245355,0.008017895906245355,0.284635840901137
aco_pd_minus_pd_at,0.008015570404638135,0.008015570404638135,0.2847755602028755
txach_over_cogs,0.008014094774142451,0.008014094774142451,0.2848642421461274
fopo_d_over_at,-0.008012904681320578,0.008012904681320578,0.28493577754827554
dd1_over_ceq_pd,-0.008010504271938933,0.008010504271938933,0.2850801009468057
ppent_pd_minus_pd_invt,-0.008005163734779152,0.008005163734779152,0.28540137535044025
invt_pd_minus_pd_ppent,0.008005163734779084,0.008005163734779084,0.28540137535044025
dltr_over_ceq_pd,0.008003176823536415,0.008003176823536415,0.28552096579753544
dvt_d_over_lct,0.00799904391575,0.00799904391575,0.2857698303906572
dcvt_d_over_mktcap,-0.00799610853590351,0.00799610853590351,0.28594667439425037
nopio_over_icapt_pd,0.007988311169490586,0.007988311169490586,0.28641679119516067
fatl_pd_minus_pd_ppent,-0.007985933071927125,0.007985933071927125,0.2865602746606737
dpvieb_over_invt,0.007985586288426025,0.007985586288426025,0.28658120203610193
aoloch_over_lt_d,0.007984854832582397,0.007984854832582397,0.28662534665237965
oancf_over_seq_d,0.007983536350969904,0.007983536350969904,0.2867049308792789
ivch_over_sale_d,0.00797934045806678,0.00797934045806678,0.2869582964129587
itci_over_ppent_d,-0.007978303169807435,0.007978303169807435,0.28702095550315543
wcap_over_xsga_d,-0.007967829513918497,0.007967829513918497,0.2876541511766469
fato_over_xsga_d,-0.007967313375955068,0.007967313375955068,0.28768537917412207
dd4_d_over_icapt,0.007964441038687898,0.007964441038687898,0.2878592065398351
apalch_over_invt,0.007961749145573745,0.007961749145573745,0.2880221781242606
dpvieb_over_ceq_pd,-0.007961630849907541,0.007961630849907541,0.28802934136310865
xido_over_act,0.007958202317660564,0.007958202317660564,0.2882370038342289
spi_over_lt_d,-0.007951459552682944,0.007951459552682944,0.28864570019147306
dclo_over_icapt,0.007949015018450342,0.007949015018450342,0.28879396612665836
dpact_over_act_pd,0.007948053192274278,0.007948053192274278,0.28885231689189833
dltis_over_seq_d,-0.007947309522965018,0.007947309522965018,0.2888974382578377
wcap_over_emp_d,-0.007942951734496183,0.007942951734496183,0.2891619380150469
gp_over_ppent_d,0.007941458480252725,0.007941458480252725,0.2892526098932243
sstk_d_over_invt,-0.00794080186865748,0.00794080186865748,0.28929248606160224
mrc5_d_over_cogs,-0.007935977580259976,0.007935977580259976,0.2895855797098642
dd2_pd_minus_pd_dltt,-0.007935207662691623,0.007935207662691623,0.28963237359043026
sppiv_over_ceq_d,-0.007932634190296012,0.007932634190296012,0.2897888204783407
txditc_d_over_at,0.007931875027749436,0.007931875027749436,0.2898349824572216
am_d_over_icapt,0.007930959791485188,0.007930959791485188,0.28989064130589565
ivncf_over_invt_d,-0.007929632995190389,0.007929632995190389,0.28997134139325015
ap_over_cogs_d,-0.007928009837591723,0.007928009837591723,0.2900700877075716
dltr_over_xsga_d,-0.007925951907370669,0.007925951907370669,0.2901953163566183
aco_d_over_mktcap,-0.007924761015751671,0.007924761015751671,0.29026780080887965
sppe_over_xsga_d,0.007924703180669485,0.007924703180669485,0.29027132129182925
txndba_over_dltt,0.007924628863201784,0.007924628863201784,0.2902758451172986
dvc_over_at,-0.007921190352372737,0.007921190352372737,0.2904852047589427
xrent_over_icapt_d,0.007917664881443872,0.007917664881443872,0.29069996456824615
dp_over_mktcap_pd,0.007916488045747069,0.007916488045747069,0.2907716772031771
dc_over_ceq,0.007915114300248102,0.007915114300248102,0.2908554039476885
txdb_d_over_at,0.007912752676556691,0.007912752676556691,0.290999377572979
cstkcv_d_over_invt,0.007911703109065612,0.007911703109065612,0.29106337860686354
pstkc_over_at_d,-0.007910374162223757,0.007910374162223757,0.29114442934849966
pstkrv_d_over_emp,-0.007910054688425554,0.007910054688425554,0.29116391590278295
ivaco_over_ppent,0.007908821082090955,0.007908821082090955,0.29123916891680324
dcvt_d_over_xsga,-0.007904722748276617,0.007904722748276617,0.29148927121486007
revt_d_over_dltt,-0.007904346641997621,0.007904346641997621,0.29151223046590574
sale_d_over_dltt,-0.007904346641997621,0.007904346641997621,0.29151223046590574
dd1_pd_minus_pd_seq,-0.0079037037830831,0.0079037037830831,0.29155147633465356
txndba_pd_minus_pd_mktcap,0.007901296431924741,0.007901296431924741,0.29169847416895367
mrc3_over_mktcap_d,0.007899229897816998,0.007899229897816998,0.291824700732378
recta_d_over_icapt,0.007898830734236533,0.007898830734236533,0.291849086386411
txndba_d_over_emp,0.007896538843098218,0.007896538843098218,0.29198912882720335
lt_over_mktcap_pd,-0.00789486074356734,0.00789486074356734,0.29209169511192895
fate_over_act_pd,0.00788699424781252,0.00788699424781252,0.2925728219011708
txdfed_over_icapt,0.007885676874782336,0.007885676874782336,0.29265344641940194
invt_over_ppent,-0.007884896473553824,0.007884896473553824,0.2927012147732467
reajo,-0.00788442885720685,0.00788442885720685,0.2927298400745831
cld5_over_emp_d,0.00788413990209873,0.00788413990209873,0.2927475295039771
gdwl_pd_minus_pd_lt,-0.007884040350027821,0.007884040350027821,0.29275362410936295
intpn_pd_minus_pd_ceq,-0.00787968587476527,0.00787968587476527,0.29302028964264054
dltr_d_over_dltt,0.007877019744404416,0.007877019744404416,0.29318364235884314
txr_over_sale_d,-0.007867655145381458,0.007867655145381458,0.2937578917319264
xacc_d_over_ppent,-0.007865951745362244,0.007865951745362244,0.2938624274688204
xopr_pd_minus_pd_cogs,0.007865920887640928,0.007865920887640928,0.2938643214023987
rectr_d_over_ceq,0.007862520435379654,0.007862520435379654,0.2940730788246943
pi_over_emp_d,0.007860949448806762,0.007860949448806762,0.29416955695295915
dlc_over_dltt,0.00785982083634933,0.00785982083634933,0.2942388809021001
dclo_d_over_icapt,-0.00785681171701226,0.00785681171701226,0.29442376672638665
dv_over_at_d,0.007853632071502137,0.007853632071502137,0.29461921458792256
sppiv_over_icapt_d,-0.007852422105010375,0.007852422105010375,0.2946936121790984
cld4_over_ppent_d,0.00785134435142038,0.00785134435142038,0.294759890954048
dd4_over_act_d,0.007849921393827147,0.007849921393827147,0.29484741409015086
ivaeq_d_over_mktcap,-0.007847190231879018,0.007847190231879018,0.2950154509102871
xpr_over_ppent_d,-0.007846262068117572,0.007846262068117572,0.29507257149592725
recd_pd,-0.007845340184356857,0.007845340184356857,0.2951293129339351
dxd3_over_at_d,-0.00784428229664108,0.00784428229664108,0.29519443434546155
pstkn_over_mktcap,-0.007843874699873798,0.007843874699873798,0.2952195277399628
ibc_d_over_lt,0.007843150837811697,0.007843150837811697,0.29526409529568404
do_over_cogs_d,-0.00784089308931566,0.00784089308931566,0.29540313184572853
mrc3_pd_minus_pd_lct,0.007838948416694224,0.007838948416694224,0.2955229237131547
xrent_over_seq_d,0.007838942135873928,0.007838942135873928,0.2955233106644745
dcvt_over_xsga_d,-0.007837123040556128,0.007837123040556128,0.2956353965061254
lcox_pd_minus_pd_cogs,-0.007834572079091223,0.007834572079091223,0.2957926251352321
lt_over_dltt,-0.007832242324298837,0.007832242324298837,0.2959362685771387
xopr_over_dltt_d,0.00783213505018933,0.00783213505018933,0.2959428837975523
sppe_d_over_lct,0.007831402988641527,0.007831402988641527,0.29598803012374825
diladj_over_cogs_d,-0.00782919868548904,0.00782919868548904,0.2961239976062826
oancf_pd_minus_pd_invt,0.007825906453163209,0.007825906453163209,0.29632714937331095
ap_over_sale_d,-0.00782552809540523,0.00782552809540523,0.2963505024367003
tstkc_over_lt,-0.007825158708971896,0.007825158708971896,0.29637330295826864
am_over_emp_d,0.007822665661608684,0.007822665661608684,0.29652721796878223
seq_pd_minus_pd_mktcap,0.007817779909010412,0.007817779909010412,0.2968290081450687
mrc3_over_lt_pd,0.007815276931642445,0.007815276931642445,0.2969836951831661
txach_over_xsga,0.007814095129267966,0.007814095129267966,0.297056750733574
cstk_over_emp_d,-0.007812448548582832,0.007812448548582832,0.2971585575447756
gp_over_seq_pd,0.007810779744409028,0.007810779744409028,0.29726176221469663
dltr_d_over_lct,0.007810252419986301,0.007810252419986301,0.2972943787772117
emp_over_mktcap_pd,0.007810247664968838,0.007810247664968838,0.29729467289986905
aco_d_over_seq,-0.007809413942476409,0.007809413942476409,0.2973462459968552
mrct_over_dltt_d,0.007807120767392988,0.007807120767392988,0.2974881299652316
fatl_over_mktcap_pd,0.0078036401040099375,0.0078036401040099375,0.2977035729874455
recch_over_lct_d,-0.007799991270241054,0.007799991270241054,0.2979295371761921
txt_pd_minus_pd_seq,0.007796230684260999,0.007796230684260999,0.29816254179673607
act_over_emp_d,-0.007792695632259705,0.007792695632259705,0.29838168335944126
cld2_over_cogs,-0.007790464566070189,0.007790464566070189,0.2985200448260238
mib_over_lt_d,0.007788862142480507,0.007788862142480507,0.29861944691548337
fatl_over_invt,-0.007787379539678633,0.007787379539678633,0.29871143591900123
mrc5_over_lct_pd,-0.0077843750961439015,0.0077843750961439015,0.29889790646877457
act_pd_minus_pd_cogs,-0.007779721955301488,0.007779721955301488,0.29918685659375255
cogs_pd_minus_pd_act,0.007779721955301407,0.007779721955301407,0.2991868565937768
txdba_over_act_d,-0.007775925544202118,0.007775925544202118,0.2994227436506615
dclo_d_over_lct,-0.007774756049972983,0.007774756049972983,0.29949543425603437
fatc_over_xsga,0.007772508160899092,0.007772508160899092,0.2996351861855089
ppeveb_pd_minus_pd_ppent,0.007772139809404169,0.007772139809404169,0.2996580908538286
ib_over_icapt_d,0.007771211743931796,0.007771211743931796,0.2997158045842411
act_over_ceq_d,-0.007770594228672841,0.007770594228672841,0.29975421019435333
ceqt_over_ppent_d,-0.007769444169224931,0.007769444169224931,0.29982574548972535
am_pd_minus_pd_mktcap,0.007768463811016721,0.007768463811016721,0.29988673411968764
pstkr_over_xsga,-0.007767589376633645,0.007767589376633645,0.2999411401488323
ceq_over_act_d,0.007766455268268411,0.007766455268268411,0.30001171251595476
esubc_d_over_seq,0.007764789388489346,0.007764789388489346,0.3001153955918105
dvt_over_invt,-0.007764679007572481,0.007764679007572481,0.300122266458887
mrc4_over_act_pd,-0.007764409998228331,0.007764409998228331,0.30013901188897063
txdb_over_lt_d,-0.007764250360679932,0.007764250360679932,0.30014894938253456
mrc2_d_over_emp,-0.007762129367218067,0.007762129367218067,0.30028100278806646
cld4_over_sale,-0.007756292984305726,0.007756292984305726,0.30064457682315066
txfed_over_cogs_pd,0.007754790736232075,0.007754790736232075,0.3007382059270103
txfo_over_ppent,0.0077546053710901685,0.0077546053710901685,0.30074976033998385
txc_over_ppent_d,0.007752337396110494,0.007752337396110494,0.3008911545532136
chech_over_xsga_d,-0.007751801982217196,0.007751801982217196,0.3009245407580114
fatb_d_over_act,-0.007750048110411639,0.007750048110411639,0.30103392225944997
txach_over_icapt,0.007749728069135084,0.007749728069135084,0.30105388472506595
tlcf_pd_minus_pd_act,-0.007748369685674085,0.007748369685674085,0.30113862324347007
mrc1_over_lt_pd,0.007743557100780308,0.007743557100780308,0.301438969175
sppiv,-0.0077425678606302395,0.0077425678606302395,0.3015007308159389
txditc_over_lt_d,-0.007740042704090818,0.007740042704090818,0.3016584231599528
tstkc_d_over_dltt,-0.007736098376919003,0.007736098376919003,0.3019048504775001
mrc5_over_sale_pd,-0.007733547754463221,0.007733547754463221,0.3020642754655264
ivaeq_d_over_cogs,-0.007731385790040537,0.007731385790040537,0.3021994514940507
lcox_pd,-0.007731283549520362,0.007731283549520362,0.3022058450413656
lco_pd_minus_pd_cogs,0.007727880952237191,0.007727880952237191,0.30241867568110975
lco,-0.007725986097072944,0.007725986097072944,0.3025372410684353
xpr_d_over_seq,0.0077182217061833956,0.0077182217061833956,0.30302339948335955
dd5_over_ceq_d,0.007717794063916742,0.007717794063916742,0.30305019089408947
txach_over_seq_d,0.0077169448089916826,0.0077169448089916826,0.30310340063442043
mrc4_over_lt_d,0.007711302441859207,0.007711302441859207,0.3034570786653267
mrc3_over_act_d,0.0077047360252039164,0.0077047360252039164,0.3038690236373609
chech_over_ppent,-0.007704514372725535,0.007704514372725535,0.30388293551134055
lco_pd_minus_pd_lct,0.007701845530774891,0.007701845530774891,0.3040504768588786
mib_over_cogs_d,-0.0077017074878234105,0.0077017074878234105,0.30405914442141413
ceq_d_over_invt,0.007700287475449416,0.007700287475449416,0.30414831493629824
txndbl_over_lt_d,0.0076905720519609335,0.0076905720519609335,0.30475886650662737
dm_over_invt_d,-0.007689746296059946,0.007689746296059946,0.30481079740794137
mrc4_over_seq,-0.007687858242814148,0.007687858242814148,0.3049295571109223
acox_pd_minus_pd_invt,0.007684382610501654,0.007684382610501654,0.3051482567818096
lt_over_icapt_d,-0.007683162610436826,0.007683162610436826,0.3052250483773648
ceqt_pd_minus_pd_ppent,0.007679862821713788,0.007679862821713788,0.30543281426345464
dd1_pd_minus_pd_ceq,-0.007678070775658918,0.007678070775658918,0.30554568685283096
siv_over_xsga_d,-0.007676789665247557,0.007676789665247557,0.30562639495280136
xint_over_at,0.007676402987443369,0.007676402987443369,0.30565075787143164
pstkl_over_xsga_d,-0.00767218712389893,0.00767218712389893,0.30591646500597947
xrd_pd_minus_pd_icapt,0.007667485444548764,0.007667485444548764,0.30621297151069055
wcap_over_seq_pd,-0.0076671105515403295,0.0076671105515403295,0.30623662194343737
sppiv_over_at_d,-0.007659880656687801,0.007659880656687801,0.30669296257553585
dxd5_d_over_mktcap,-0.007656230553896389,0.007656230553896389,0.3069235228834118
capxv_d_over_dltt,0.00765423071629748,0.00765423071629748,0.3070498921461226
dxd3_d_over_lt,-0.0076532084327974054,0.0076532084327974054,0.30711450330371964
ao_over_icapt_d,-0.00764682300697128,0.00764682300697128,0.3075182836853301
nopio_over_at,0.007646291796864836,0.007646291796864836,0.307551890413311
ao_d_over_icapt,-0.00764576530499742,0.00764576530499742,0.3075852010429187
txfed_over_ppent_pd,0.007641359232094627,0.007641359232094627,0.3078640626091356
mrc1_over_dltt_d,0.007639059828518126,0.007639059828518126,0.3080096589055302
ivstch_over_xsga_d,-0.007637962097225193,0.007637962097225193,0.3080791823882526
dlc_d_over_invt,0.0076341486485699455,0.0076341486485699455,0.3083207832130818
cld2_over_xsga_d,-0.007632274869022091,0.007632274869022091,0.30843954231299103
nopio_over_seq_pd,0.007631943698277866,0.007631943698277866,0.30846053487491165
ppent_over_mktcap_d,-0.007629420956315788,0.007629420956315788,0.30862047982229845
xidoc_over_at_d,-0.007628933523718686,0.007628933523718686,0.30865138996945357
mrc4_over_ceq_pd,-0.007628743230803728,0.007628743230803728,0.3086634577975404
aox_over_mktcap_d,-0.007627412424997914,0.007627412424997914,0.30874786238493246
ivaco_d_over_emp,-0.0076263495778226865,0.0076263495778226865,0.30881528301151967
fatc_over_dltt_d,0.007624811620407035,0.007624811620407035,0.308912859001567
np_over_lt_d,0.0076236919729224814,0.0076236919729224814,0.30898390805897347
capx_d_over_dltt,0.00762111267621686,0.00762111267621686,0.3091476226362109
cogs_over_mktcap_d,0.007617010982152289,0.007617010982152289,0.30940808572334116
rect_over_act_pd,-0.0076134489056221485,0.0076134489056221485,0.3096343999683426
xido_d_over_act,0.007612265595473611,0.007612265595473611,0.30970960500819433
txach,-0.007611302042497938,0.007611302042497938,0.30977085233611285
pstkc_d_over_at,-0.0076110087001088535,0.0076110087001088535,0.3097894999542154
aoloch_d_over_act,-0.007610466479336399,0.007610466479336399,0.3098239705891847
txfed_over_ceq,-0.007608484910082371,0.007608484910082371,0.30994996655882445
mrc3_d_over_emp,-0.0076068775650058665,0.0076068775650058665,0.31005219273351076
ppegt_over_ceq_d,-0.007606617798032166,0.007606617798032166,0.31006871584532997
invch_over_act_d,-0.007605803732121741,0.007605803732121741,0.310120500258539
fatl_over_lct_d,-0.007605691801445484,0.007605691801445484,0.31012762084644885
lct_d_over_icapt,-0.007603659607094771,0.007603659607094771,0.3102569198022957
cstk_pd_minus_pd_at,0.007601308157149336,0.007601308157149336,0.31040657589441595
dd1_pd_minus_pd_dltt,0.00759615865083593,0.00759615865083593,0.31073447837909607
recch_d_over_xsga,-0.007594772640408367,0.007594772640408367,0.31082277368139616
chech_over_mktcap_d,-0.007593460944701968,0.007593460944701968,0.31090635003535055
chech_over_seq_d,-0.007593263807819746,0.007593263807819746,0.3109189121430244
cogs_d_over_invt,0.007591283628074378,0.007591283628074378,0.31104511325072454
sppiv_over_ppent,0.007590323106559768,0.007590323106559768,0.31110634151852296
nopi_over_lt_pd,0.007589059759225909,0.007589059759225909,0.31118688546655654
re_over_mktcap_d,-0.007585364592254309,0.007585364592254309,0.3114225475477615
dd3_over_ppent_d,-0.007584961210033559,0.007584961210033559,0.31144828067811997
dvt_d_over_at,0.007582096640725114,0.007582096640725114,0.31163106167451615
act_pd_minus_pd_sale,-0.007575168669300296,0.007575168669300296,0.3120734104746866
revt_pd_minus_pd_act,0.0075751686693002074,0.0075751686693002074,0.3120734104746866
sale_pd_minus_pd_act,0.0075751686693002074,0.0075751686693002074,0.3120734104746866
fopo_d_over_ceq,-0.007571107477872579,0.007571107477872579,0.31233290855132173
invwip_over_mktcap_d,-0.0075687559721226505,0.0075687559721226505,0.31248322775734816
txndba_d_over_act,0.007568520248777186,0.007568520248777186,0.3124982989197137
dltp_d_over_seq,0.00756196623332309,0.00756196623332309,0.31291752691631464
idit_over_at_d,-0.007560838193421985,0.007560838193421985,0.3129897193933183
cld3_over_invt,-0.0075600214265581335,0.0075600214265581335,0.3130419978129396
aoloch_over_emp,0.007559857734387527,0.007559857734387527,0.31305247587361296
xrent_over_mktcap_pd,0.0075587209117803315,0.0075587209117803315,0.3131252511258284
msa_over_invt,-0.0075561452244482415,0.0075561452244482415,0.3132901784687925
rea_over_icapt_d,0.0075560700579067035,0.0075560700579067035,0.31329499241846787
capx_pd_minus_pd_cogs,-0.007550297620791214,0.007550297620791214,0.31366482656662803
dltis_over_ceq_d,-0.007548022733820142,0.007548022733820142,0.3138106551278295
invt_over_cogs_pd,-0.007544977706826678,0.007544977706826678,0.3140059222739331
recd_over_lct,-0.007541663260114817,0.007541663260114817,0.31421855720260994
txt_over_at,0.007540334149418557,0.007540334149418557,0.31430385152841833
cstk_pd_minus_pd_ceq,0.007539732656437296,0.007539732656437296,0.3143424567315962
dvc_over_icapt_d,0.00753881102070047,0.00753881102070047,0.31440161548177187
fopo_d_over_emp,-0.0075375069038354295,0.0075375069038354295,0.31448533776746546
seq_d_over_mktcap,0.007536405514673697,0.007536405514673697,0.314556056663762
capx_over_mktcap_pd,-0.007534630675131005,0.007534630675131005,0.3146700390085792
apalch_over_mktcap,0.00753187003201565,0.00753187003201565,0.3148473848021347
capxv_over_mktcap_pd,-0.007529932323418661,0.007529932323418661,0.3149719038895637
dd4_over_cogs,0.007529875461707899,0.007529875461707899,0.3149755583684977
xrent_pd_minus_pd_ceq,0.007529665505136615,0.007529665505136615,0.31498905243298936
ppent_over_cogs_d,-0.007529320208902599,0.007529320208902599,0.31501124570408623
ap_over_lt_pd,-0.00752682562488559,0.00752682562488559,0.3151716109615717
esubc_over_ceq,-0.007526025155051727,0.007526025155051727,0.3152230808261904
caps_over_xsga_pd,-0.007525787215233637,0.007525787215233637,0.31523838131835435
aco_over_icapt,0.007524475966347825,0.007524475966347825,0.3153227086752017
txs_pd_minus_pd_act,0.007522872174014426,0.007522872174014426,0.3154258698553578
dclo_over_at,0.007519911765398029,0.007519911765398029,0.3156163512623848
invt_over_emp_pd,0.0075187441058825796,0.0075187441058825796,0.3156915026830562
invwip_over_ppent,0.007518081541092923,0.007518081541092923,0.3157341510627428
txach_over_act,0.007510315035233747,0.007510315035233747,0.31623435238659564
dxd3_over_sale_d,-0.007508964879510485,0.007508964879510485,0.31632136211893574
dilavx_over_icapt_d,0.007508663116940167,0.007508663116940167,0.31634081112031326
ibcom_over_invt_d,-0.0075073350507875005,0.0075073350507875005,0.3164264160872237
ceqt_over_act_d,0.007506951493232338,0.007506951493232338,0.3164511424072091
xsga_pd_minus_pd_ppent,0.007506780384514751,0.007506780384514751,0.316462173465536
ppent_pd_minus_pd_xsga,-0.007506780384514749,0.007506780384514749,0.316462173465536
txdi_d_over_dltt,-0.007505807824616429,0.007505807824616429,0.3165248773720624
wcap_over_lt_pd,-0.007503755034215625,0.007503755034215625,0.3166572537976646
ppeveb_over_seq_d,-0.0075022854386762655,0.0075022854386762655,0.3167520445720905
ao_over_ceq,0.0074991853540647,0.0074991853540647,0.31695206499913164
exre_over_dltt,-0.007496994816657813,0.007496994816657813,0.31709345050679705
dudd_d_over_icapt,-0.007487662685651922,0.007487662685651922,0.31769624461524654
cstk_pd_minus_pd_act,0.007486974896761042,0.007486974896761042,0.31774070093606954
sppiv_over_seq_d,-0.00748655862364617,0.00748655862364617,0.3177676093863834
cld4_over_cogs,-0.007485921736023818,0.007485921736023818,0.3178087815433676
dpact_over_emp_pd,0.007485418486900244,0.007485418486900244,0.3178413169951404
txach_d_over_ppent,0.007484231520911578,0.007484231520911578,0.3179180639247374
dpact_over_mktcap_d,0.007479036285827344,0.007479036285827344,0.31825412066661796
xrd_over_act_d,-0.007478993522416511,0.007478993522416511,0.3182568878073877
aco_over_ceq_d,-0.00747787378751928,0.00747787378751928,0.3183293493784159
xrent_over_emp_pd,0.007474258331814026,0.007474258331814026,0.3185633906687747
txach_over_xsga_d,0.007469155727027041,0.007469155727027041,0.31889389208065244
sstk_over_seq_d,0.007468124651351113,0.007468124651351113,0.31896070325435416
esub_over_dltt_d,-0.007466423257039805,0.007466423257039805,0.3190709694625928
cstk_over_lt_pd,-0.007465528153879394,0.007465528153879394,0.3191289905039936
invwip_over_ppent_d,-0.007461940003098902,0.007461940003098902,0.31936164557400815
cld2_over_lct,-0.007460523111872726,0.007460523111872726,0.31945354711008295
dxd4_over_icapt_d,0.007459913323847136,0.007459913323847136,0.3194931041347715
dp_d_over_dltt,0.007459245227062514,0.007459245227062514,0.31953644733451053
capxv_pd_minus_pd_cogs,-0.007459040668508994,0.007459040668508994,0.3195497189686894
dn_d_over_ppent,-0.0074580812595602276,0.0074580812595602276,0.31961196964777006
cld2_d_over_lt,-0.00745780175747002,0.00745780175747002,0.3196301064667138
fatl_pd_minus_pd_cogs,-0.007457596384993847,0.007457596384993847,0.319643433463078
sppiv_over_act,-0.007453235081724667,0.007453235081724667,0.3199265322418902
sppiv_over_cogs_d,-0.007451486871417935,0.007451486871417935,0.32004005723264295
fatp_d_over_ppent,0.007450338695444674,0.007450338695444674,0.3201146316224646
txr_over_cogs_d,-0.007448246073415898,0.007448246073415898,0.32025057730089435
xsga_over_sale_d,0.007446763595182976,0.007446763595182976,0.3203469082647144
dd3_over_lt,0.007446587400961204,0.007446587400961204,0.32035835856838585
rectr_over_lt_pd,-0.007446380427264513,0.007446380427264513,0.32037180947423843
txndb_over_seq_d,0.007443493095549751,0.007443493095549751,0.3205594912674149
mrc5_over_ceq,-0.007442965536009236,0.007442965536009236,0.32059379135584715
dvp_over_icapt_d,-0.007442539064611788,0.007442539064611788,0.3206215207974845
dd_d_over_dltt,-0.0074412791261357965,0.0074412791261357965,0.3207034519539109
dudd_d_over_ceq,-0.007438232402125636,0.007438232402125636,0.3209016305609413
dvp_over_invt,-0.007437985241176306,0.007437985241176306,0.3209177110131436
aco_over_invt_pd,-0.0074370141908634375,0.0074370141908634375,0.3209808932753173
mrc3_over_mktcap_pd,0.00743427793319541,0.00743427793319541,0.32115897404953114
dd4_over_emp_d,0.007433390696477383,0.007433390696477383,0.32121673092876246
lct_pd_minus_pd_emp,-0.007422380513157136,0.007422380513157136,0.3219340305681743
emp_pd_minus_pd_lct,0.00742238051315712,0.00742238051315712,0.3219340305681882
acox_pd_minus_pd_seq,0.00742059785253352,0.00742059785253352,0.32205026693010697
xrent_over_ppent_d,-0.0074197101372884666,0.0074197101372884666,0.32210815960814093
recd_over_ceq,0.007417586364115236,0.007417586364115236,0.32224668981682075
ch_over_ceq_d,-0.007417215935249951,0.007417215935249951,0.3222708562592284
dudd_over_cogs_d,0.007414271951515996,0.007414271951515996,0.3224629611213825
txt_over_at_pd,0.007413139073555849,0.007413139073555849,0.3225369051257139
dltr,0.007413030046894199,0.007413030046894199,0.32254402198128823
ch_d_over_invt,0.007412111815529698,0.007412111815529698,0.3226039647785402
msa_over_cogs,-0.007410291377903808,0.007410291377903808,0.32272282572261324
apalch_over_lt,-0.007408837957943268,0.007408837957943268,0.32281774366203414
gp,-0.0074055208240192474,0.0074055208240192474,0.32303444263119535
aco_over_cogs_pd,-0.0074033824029914545,0.0074033824029914545,0.32317418988525637
aoloch_over_dltt_d,0.007403297869600921,0.007403297869600921,0.3231797150088408
ivstch_over_sale,-0.007400566523472331,0.007400566523472331,0.32335826961108677
acox,-0.007399876470721865,0.007399876470721865,0.3234033901745254
cld4_d_over_lct,0.007399846904801281,0.007399846904801281,0.32340532349664075
dltis_over_sale_d,0.007399407439779344,0.007399407439779344,0.32343406110015616
txndba_d_over_at,0.007395882059212039,0.007395882059212039,0.32366465386105414
fiao_d_over_lt,-0.007390229121879189,0.007390229121879189,0.3240346321977366
dvc_over_lct,-0.007389722505680329,0.007389722505680329,0.3240678030968525
dxd2_over_dltt_d,-0.007387949282800988,0.007387949282800988,0.32418392299307225
ibc_over_icapt_d,0.007387872302963928,0.007387872302963928,0.32418896464848906
seq_over_act_d,0.007385554322753821,0.007385554322753821,0.3243408004919493
tstk_over_cogs,-0.007383803163058817,0.007383803163058817,0.32445553829872065
lcox_over_mktcap_pd,0.007382524688098902,0.007382524688098902,0.3245393219954882
rdip_over_ceq_d,-0.007382330976502104,0.007382330976502104,0.3245520179377942
dclo_over_ceq,0.007379455698081011,0.007379455698081011,0.3247405029500448
dpact_over_lct_d,0.007377511382884104,0.007377511382884104,0.3248680002877857
intan_d_over_act,-0.007376670816716611,0.007376670816716611,0.3249231300092654
reuna_over_mktcap_d,-0.00737079279917994,0.00737079279917994,0.32530881823006913
dxd4_over_at_d,0.0073685994925613086,0.0073685994925613086,0.32545280908694196
pstk_over_icapt_d,-0.0073619424627747315,0.0073619424627747315,0.32589009772765337
lo_over_icapt_d,-0.007359174659690874,0.007359174659690874,0.32607202223775633
dpvieb_over_sale_d,-0.007358925566173892,0.007358925566173892,0.32608839810488194
invch_over_at_d,-0.007358759121231891,0.007358759121231891,0.32609934080021513
niadj_over_sale_d,-0.007356639088882456,0.007356639088882456,0.3262387403108734
ds_d_over_sale,-0.007355784519733536,0.007355784519733536,0.326294942158252
chech_over_lct_pd,-0.007351955874183433,0.007351955874183433,0.3265468152269081
dv_over_lt_d,0.007350961351174402,0.007350961351174402,0.32661226204448857
spi_over_sale_d,-0.007349989786201768,0.007349989786201768,0.3266762062847351
dd3_over_ceq_d,-0.0073485778974583275,0.0073485778974583275,0.3267691452421264
mrc4_over_ppent_d,-0.007348300336094647,0.007348300336094647,0.32678741801014055
chech_over_invt_d,-0.007348052030496013,0.007348052030496013,0.3268037653383301
mrc1_pd_minus_pd_seq,0.00734648167773142,0.00734648167773142,0.326907162630297
ibc_over_mktcap_d,0.007346034352974314,0.007346034352974314,0.3269366198798498
am_over_ppent_pd,-0.007345220132287691,0.007345220132287691,0.32699024240051405
dxd3_d_over_at,-0.007344725189181447,0.007344725189181447,0.3270228408959613
wcap_over_lt_d,0.007341385355984745,0.007341385355984745,0.3272428678825194
siv_over_emp_d,-0.007339961114946239,0.007339961114946239,0.32733672558450394
pstkc_over_dltt_d,0.007339889517108324,0.007339889517108324,0.32734144435423085
mrct_over_ppent_d,-0.007337890530632742,0.007337890530632742,0.32747320857426065
xsga_over_ceq_d,0.007336909281423387,0.007336909281423387,0.32753790071499633
txs_over_invt,-0.007335864324596824,0.007335864324596824,0.327606802112941
txdbca_over_lt,0.007335149385401146,0.007335149385401146,0.32765394853230145
invfg_d_over_act,-0.007334898477959545,0.007334898477959545,0.327670495580975
np_over_lct,-0.0073330557299943495,0.0073330557299943495,0.3277920392436959
ivao_d_over_at,0.007331416757770636,0.007331416757770636,0.3279001668770687
dc_over_seq,0.007327106766091178,0.007327106766091178,0.3281846196457163
fatb_d_over_sale,-0.007325266903850496,0.007325266903850496,0.3283060964315097
fiao_over_dltt_d,-0.0073218206609518225,0.0073218206609518225,0.32853371285217997
txdba_over_ppent,0.007321326575975119,0.007321326575975119,0.32856635441337695
recta_over_dltt,0.007321202101452963,0.007321202101452963,0.3285745781132585
ppent_over_mktcap_pd,0.007315390014446145,0.007315390014446145,0.3289587158007781
aoloch_over_seq,0.007313535937032189,0.007313535937032189,0.3290813183651128
dvpa_over_act_d,0.007311599923453467,0.007311599923453467,0.3292093706319434
nopio_over_ceq_pd,0.00731129581995857,0.00731129581995857,0.32922948765063204
ppegt_pd_minus_pd_ppent,0.007307701308676043,0.007307701308676043,0.32946733168538667
nopi_over_xsga_pd,0.007307567097400074,0.007307567097400074,0.32947621442215363
txach_over_lct,0.0073060350818077565,0.0073060350818077565,0.32957762144950015
cogs_d_over_lct,0.007304967895664658,0.007304967895664658,0.3296482724756311
fatp_over_emp_d,0.007298148901198703,0.007298148901198703,0.3300999425795716
dltp_over_lct_d,0.007294599404121801,0.007294599404121801,0.3303352092803377
idit_over_ppent_d,-0.007294439761181039,0.007294439761181039,0.330345793235522
ibadj_d_over_lt,0.007293161326631907,0.007293161326631907,0.3304305583848997
dpvieb_pd_minus_pd_ppent,0.0072916311288703335,0.0072916311288703335,0.33053203491299404
intpn_d_over_invt,0.007289970571036749,0.007289970571036749,0.33064217920749717
dltp_over_act_d,0.007288660763952702,0.007288660763952702,0.33072907506344545
txndb_over_lt_d,-0.007288208040073754,0.007288208040073754,0.33075911332590974
mii_over_xsga_d,0.007282523638144871,0.007282523638144871,0.33113642401255217
pstkrv_over_seq_d,-0.007281720374072325,0.007281720374072325,0.33118976430489655
sppiv_d_over_ppent,-0.007276778504036018,0.007276778504036018,0.3315180486006496
intan_pd_minus_pd_mktcap,-0.007275200676430652,0.007275200676430652,0.33162290665772387
dpc_over_dltt_d,0.007268294701296712,0.007268294701296712,0.3320821108896441
xacc_d_over_dltt,-0.007262272109927957,0.007262272109927957,0.33248291081436854
dcvsub_d_over_xsga,-0.007260890930265044,0.007260890930265044,0.33257487153159165
txp_d_over_ceq,0.007258684203637478,0.007258684203637478,0.3327218323090869
mrc3_over_dltt,-0.007257665789265772,0.007257665789265772,0.33278966951468425
fatc_d_over_act,0.007257150885124687,0.007257150885124687,0.3328239709936688
fatb_d_over_lt,-0.007256992035231988,0.007256992035231988,0.332834553591543
cld5_over_cogs,-0.007256140273702414,0.007256140273702414,0.33289130174662934
dudd_d_over_seq,-0.007255356927224786,0.007255356927224786,0.3329434972990243
gp_d_over_ppent,-0.007253552235699019,0.007253552235699019,0.33306376671044396
emp_over_at_pd,0.007248781067780288,0.007248781067780288,0.33338186499380534
am_over_icapt_pd,-0.007248037857761074,0.007248037857761074,0.3334314331499854
at_d_over_invt,-0.0072457383387724734,0.0072457383387724734,0.3335848289540086
lse_d_over_invt,-0.0072457383387724734,0.0072457383387724734,0.3335848289540086
sale_pd,-0.007243299894121156,0.007243299894121156,0.333747541906836
revt_d_over_sale,-0.007243299894121156,0.007243299894121156,0.333747541906836
revt_pd,-0.007243299894121156,0.007243299894121156,0.333747541906836
sale_d_over_sale,-0.007243299894121156,0.007243299894121156,0.333747541906836
oancf_over_lct_pd,0.007242567976858506,0.007242567976858506,0.33379639139471984
dpc_over_ceq_d,0.007240133065758701,0.007240133065758701,0.333958934972871
oancf_over_lct_d,-0.0072382450855766585,0.0072382450855766585,0.334085003059662
xidoc_over_ppent_d,-0.0072380038793098175,0.0072380038793098175,0.3341011115897763
acox_pd_minus_pd_cogs,0.007237457635227268,0.007237457635227268,0.3341375933773684
wcap_d_over_invt,-0.00723699547164466,0.00723699547164466,0.3341684617196057
diladj_over_invt,-0.007233367737767174,0.007233367737767174,0.334410825346575
txdi_over_mktcap_d,0.007232065020587118,0.007232065020587118,0.3344978856299445
fate,0.007232016275761303,0.007232016275761303,0.33450114351871735
emp_over_ceq_d,0.007231622134927733,0.007231622134927733,0.3345274869016929
pstkc_over_mktcap,-0.007230650612738695,0.007230650612738695,0.3345924267135439
invwip_d_over_ppent,-0.007224906346410947,0.007224906346410947,0.3349765588165901
txs_over_emp_pd,0.007220213044557305,0.007220213044557305,0.33529062134740745
txds_over_at,0.007219305041547462,0.007219305041547462,0.33535140423506227
lct_over_emp_pd,-0.007218270485305814,0.007218270485305814,0.335420667406312
dudd_d_over_mktcap,-0.007215776769426981,0.007215776769426981,0.3355876586542603
mrc5_pd_minus_pd_xsga,-0.007215235129460333,0.007215235129460333,0.33562393655421574
fatl_over_at,-0.0072144597566907165,0.0072144597566907165,0.33567587377718483
am_over_seq_pd,-0.007213477994441205,0.007213477994441205,0.33574164312352883
dlc_over_emp_d,0.007212736878235819,0.007212736878235819,0.33579129681743175
dlto_over_lct_d,-0.007211725062035386,0.007211725062035386,0.335859094643696
xido_over_sale_d,0.007211487052947352,0.007211487052947352,0.33587504397702117
cld5_over_ppent_d,0.007209517935462921,0.007209517935462921,0.3360070160882265
txach_d_over_seq,0.007205771001985935,0.007205771001985935,0.3362582312552023
dilavx_d_over_lt,0.0072054627745213855,0.0072054627745213855,0.3362789019088055
dd3_d_over_at,-0.0072018947065517714,0.0072018947065517714,0.3365182467002834
dlc_over_sale_pd,-0.00719889831615863,0.00719889831615863,0.3367193281775717
txp_d_over_xsga,0.00719661565131672,0.00719661565131672,0.3368725648714058
dd3_over_lct,0.007192045482717113,0.007192045482717113,0.3371794978303099
xpr_over_cogs_pd,-0.007190577993652951,0.007190577993652951,0.3372780926509438
reajo_d_over_ppent,-0.007188249217427493,0.007188249217427493,0.3374345919996634
recch_d_over_lct,-0.007186119168266541,0.007186119168266541,0.33757777726761257
txfo_over_ceq_d,0.0071850073060292004,0.0071850073060292004,0.3376525339079508
aco_over_lct_pd,-0.007182970686820194,0.007182970686820194,0.33778949464996916
tstkc_over_cogs,-0.007182607134853889,0.007182607134853889,0.3378139469339041
fiao_over_invt_d,0.007179910348345066,0.007179910348345066,0.33799536665183855
fiao_d_over_sale,0.007176742612495123,0.007176742612495123,0.33820854823958096
diladj_over_emp,0.0071753557479655415,0.0071753557479655415,0.33830190831073614
pstkr_over_seq,-0.007172049574264859,0.007172049574264859,0.33852453795894655
invt_over_ceq_d,0.007170723566815923,0.007170723566815923,0.338613854473526
lo_over_dltt,-0.007164820785061489,0.007164820785061489,0.33901163446196725
dilavx_over_invt_d,-0.0071637114342976635,0.0071637114342976635,0.3390864254708138
fato_over_emp,-0.007163556458402936,0.007163556458402936,0.33909687458994153
gdwl_over_emp_d,-0.007161993010913977,0.007161993010913977,0.3392023002731752
recd_over_dltt,-0.007159311638623474,0.007159311638623474,0.3393831583010586
dd2_over_emp,0.00715909123045662,0.00715909123045662,0.33939802753839665
recd_over_lct_d,0.007159026164984128,0.007159026164984128,0.3394024170833655
emp_pd_minus_pd_xsga,-0.007156312961664932,0.007156312961664932,0.3395854917086997
xsga_pd_minus_pd_emp,0.007156312961664848,0.007156312961664848,0.33958549170871827
seq_pd_minus_pd_lt,0.007155968688163497,0.007155968688163497,0.3396087262457214
lt_pd_minus_pd_seq,-0.007155968688163396,0.007155968688163396,0.3396087262457214
ibadj_over_invt_d,-0.007155860890834916,0.007155860890834916,0.33961600154618976
dudd_over_xsga_d,-0.007154623826472964,0.007154623826472964,0.3396994988479696
lco_over_act,0.007153869263811346,0.007153869263811346,0.33975043551875195
dxd3_over_act_d,-0.007151969860137673,0.007151969860137673,0.3398786762334489
icapt_d_over_cogs,0.007151913501203292,0.007151913501203292,0.33988248185431197
mrct_d_over_sale,0.007150305337031853,0.007150305337031853,0.3399910841877636
idit_over_act_d,-0.007149781322543463,0.007149781322543463,0.34002647667001273
dd4_over_lt_d,0.007147885157421256,0.007147885157421256,0.34015456536097893
dvp_d_over_icapt,0.007146206016102722,0.007146206016102722,0.34026801959289965
dm_d_over_ppent,-0.00714457205553773,0.00714457205553773,0.3403784443802174
xacc_pd_minus_pd_xsga,0.007142191662483036,0.007142191662483036,0.3405393549500861
pstk_d_over_seq,-0.007133624869129688,0.007133624869129688,0.3411188589647071
diladj_over_ppent_d,-0.007129898897081748,0.007129898897081748,0.3413711006678282
dxd4_over_sale,0.007129429080382192,0.007129429080382192,0.34140291489925484
txp_d_over_lct,0.007129363591203254,0.007129363591203254,0.3414073497324378
txc_pd_minus_pd_mktcap,0.007129011696994251,0.007129011696994251,0.34143118013449414
mrc4_over_xsga_d,-0.007126889314825662,0.007126889314825662,0.3415749311889317
am_over_cogs_d,0.00712550717718803,0.00712550717718803,0.3416685655655411
mrc4_over_emp_pd,-0.0071241999925107085,0.0071241999925107085,0.341757137284973
am_d_over_xsga,0.007123308331101026,0.007123308331101026,0.34181756256497453
che_over_xsga_d,-0.007121256532521356,0.007121256532521356,0.34195663289842004
xidoc_d_over_mktcap,-0.007120843600794752,0.007120843600794752,0.34198462566969917
rect_over_at_pd,-0.007120440837400779,0.007120440837400779,0.34201193053857987
siv_d_over_lct,-0.007119119343526116,0.007119119343526116,0.3421015294492791
lco_over_emp_pd,0.007118980245458173,0.007118980245458173,0.34211096134262603
fiao_over_invt,-0.00711846052613183,0.00711846052613183,0.34214620368659
dxd3_over_xsga_d,-0.0071176964201125,0.0071176964201125,0.34219802219130824
txdb_over_dltt,0.007117233758066597,0.007117233758066597,0.34222940045393224
txs_d_over_ppent,0.007113478755432295,0.007113478755432295,0.3424841370394349
prstkc_d_over_act,0.007112166826664888,0.007112166826664888,0.3425731658794557
dvt_over_at_d,0.0071118172413137835,0.0071118172413137835,0.34259689159832535
fiao_d_over_act,0.007109128047602118,0.007109128047602118,0.3427794373788081
cstk,-0.007107220141990779,0.007107220141990779,0.34290898605226006
ivao_over_seq,-0.007104670595230151,0.007104670595230151,0.3430821516282517
dpact_over_invt,0.00710360669670483,0.00710360669670483,0.3431544282857842
invwip_d_over_act,0.007102924270086538,0.007102924270086538,0.34320079451518093
xidoc_over_mktcap_d,-0.007102089686740892,0.007102089686740892,0.34325750419559714
seq_over_emp_d,0.007101617845392623,0.007101617845392623,0.3432895683180957
invfg_over_mktcap_d,-0.007099561269017101,0.007099561269017101,0.34342934593502966
tlcf_pd_minus_pd_icapt,-0.007098475421884692,0.007098475421884692,0.3435031614657946
txdba_over_ceq_d,-0.0070956700703868995,0.0070956700703868995,0.34369391524040127
txndba_over_sale_d,-0.0070931885838247,0.0070931885838247,0.3438627037352758
xsga_over_at_pd,0.007092872811520769,0.007092872811520769,0.3438841860797473
mrct_over_emp_pd,-0.0070899232415002665,0.0070899232415002665,0.3440848900196028
siv_over_sale_d,-0.007084481900858858,0.007084481900858858,0.34445534301926634
ivao_d_over_icapt,0.007083747313220816,0.007083747313220816,0.34450537411648086
pstkrv_d_over_xsga,-0.0070830678020645296,0.0070830678020645296,0.3445516582072224
itcb_over_act_d,0.007081673419121486,0.007081673419121486,0.3446466473581145
act_over_xsga_d,-0.007080607205292131,0.007080607205292131,0.3447192920078478
sppe_over_invt,0.007079101406181527,0.007079101406181527,0.34482190368269344
recco_over_lct_d,-0.007078359963061445,0.007078359963061445,0.3448724359860908
mrc5_d_over_act,-0.007078013571937542,0.007078013571937542,0.3448960455401782
txdfed_d_over_dltt,-0.007076746969676774,0.007076746969676774,0.34498238422574673
spi_over_icapt_d,-0.007076372948142418,0.007076372948142418,0.3450078822586048
txc_over_emp_pd,0.0070738377606991915,0.0070738377606991915,0.3451807443410252
dclo_d_over_dltt,-0.007070680069288354,0.007070680069288354,0.3453961291464601
dxd5_d_over_dltt,0.007070187709884825,0.007070187709884825,0.34542972049325393
cstk_over_xsga_pd,-0.007069295288138397,0.007069295288138397,0.3454906115037816
txpd_over_lt_pd,0.007068413740411193,0.007068413740411193,0.3455507672832397
prstkc_over_act_d,0.007068017050166431,0.007068017050166431,0.3455778391364009
acox_over_seq_pd,-0.007066371240826156,0.007066371240826156,0.345690170700738
rdip_over_seq_d,-0.00706563339515414,0.00706563339515414,0.3457405384971057
dd3_d_over_act,-0.007062058477299496,0.007062058477299496,0.34598464047552785
txt_over_invt_d,0.007061896422790944,0.007061896422790944,0.3459957084566413
oancf_over_lt_d,-0.007061577164273757,0.007061577164273757,0.34601751379979795
txdfo_over_cogs_d,-0.007059297663431363,0.007059297663431363,0.3461732290488806
ap_over_xsga_pd,-0.007053541856156874,0.007053541856156874,0.3465666132714405
ceqt_over_invt_d,0.007053104700432917,0.007053104700432917,0.3465965025755107
recd_d_over_cogs,0.007051950664767581,0.007051950664767581,0.34667541443175837
rect_over_xsga_d,0.007051832154101628,0.007051832154101628,0.3466835187254056
txdb_over_lct_d,-0.007046714680584426,0.007046714680584426,0.3470335896801096
lse_d_over_dltt,-0.0070461244270026155,0.0070461244270026155,0.3470739816146801
at_d_over_dltt,-0.0070461244270026155,0.0070461244270026155,0.3470739816146801
prstkc_over_sale_d,0.0070437704337911414,0.0070437704337911414,0.34723509864227176
ibc_d_over_dltt,-0.007041513511374483,0.007041513511374483,0.34738961641863564
txt_over_invt,-0.0070345392762256155,0.0070345392762256155,0.34786737632802134
ibadj_over_icapt_d,0.0070309007736820694,0.0070309007736820694,0.3481167924418663
am_over_ceq_d,0.007029527101763952,0.007029527101763952,0.3482109859821598
rea_over_lt_d,0.007029281134688781,0.007029281134688781,0.3482278538077837
txt_pd_minus_pd_icapt,0.007027545343194011,0.007027545343194011,0.3483469049436651
dudd_over_lct_d,-0.007027182126920038,0.007027182126920038,0.3483718197965178
lo_over_at_d,-0.007027062781116414,0.007027062781116414,0.3483800065797891
intpn_pd_minus_pd_lt,-0.00702534788790925,0.00702534788790925,0.34849765688455053
chech_over_icapt,-0.0070228391755132015,0.0070228391755132015,0.34866981265451646
lcox_over_xsga_pd,-0.0070221889201281685,0.0070221889201281685,0.3487144440487045
dd5_over_mktcap_d,-0.007021940079653003,0.007021940079653003,0.34873152460186624
ivao_over_lct_d,0.007017848168178503,0.007017848168178503,0.34901247197865215
mib,0.007017818111753683,0.007017818111753683,0.3490145361604257
siv_over_ppent_d,-0.007017472405006004,0.007017472405006004,0.3490382787822834
itcb_over_invt,-0.007016509943308639,0.007016509943308639,0.3491043846134455
am_d_over_cogs,0.007014909453396007,0.007014909453396007,0.349214330450364
esub_over_at_d,-0.007012403418714787,0.007012403418714787,0.3493865269462218
ivst_over_ceq_d,-0.007008900185663022,0.007008900185663022,0.349627333996092
txach_over_sale_d,0.007006638891730313,0.007006638891730313,0.3497828279185376
xrent_over_ppent_pd,-0.007002856951319085,0.007002856951319085,0.35004298449053467
txpd_pd_minus_pd_ceq,0.007002519782673737,0.007002519782673737,0.3500661840026889
oiadp_d_over_ppent,0.0070022226849763645,0.0070022226849763645,0.35008662716755223
sstk_d_over_cogs,0.007001725902909794,0.007001725902909794,0.35012081221992347
fatc_over_lct_d,0.007001509234311156,0.007001509234311156,0.3501357224941268
ceqt_d_over_dltt,0.007001074783311132,0.007001074783311132,0.35016562090352865
txds_over_icapt_d,0.006997773933431768,0.006997773933431768,0.35039283442083835
lcox_over_lct_pd,-0.0069974823307586455,0.0069974823307586455,0.3504129113417946
xpr_pd_minus_pd_icapt,0.0069916691904978465,0.0069916691904978465,0.35081329980355486
xpr_over_icapt_d,0.006991378487161123,0.006991378487161123,0.3508333300281306
aco_d_over_icapt,-0.006988247388734023,0.006988247388734023,0.35104911689828056
ds_d_over_lt,-0.006987410599170896,0.006987410599170896,0.3511068004214594
xi_over_ceq_d,0.006984789060674842,0.006984789060674842,0.35128755328863187
nopi_d_over_ppent,-0.006980116630205332,0.006980116630205332,0.3516098595811291
aco,-0.006976012555755264,0.006976012555755264,0.3518931148854988
caps_pd_minus_pd_icapt,0.006975541216386142,0.006975541216386142,0.3519256550670879
dxd2_d_over_ppent,-0.006970261815092918,0.006970261815092918,0.35229026291629173
reuna_over_sale_d,0.006968133978155364,0.006968133978155364,0.35243728390748363
ebit_d_over_ppent,0.006967944076284797,0.006967944076284797,0.35245040689447477
msa_over_at,-0.006967281268967349,0.006967281268967349,0.35249621198274844
recd_over_invt_pd,-0.006966708328283317,0.006966708328283317,0.35253580963013603
txditc_over_dltt,0.006965646021301592,0.006965646021301592,0.3526092362958596
dltis_d_over_lct,0.006962158264901821,0.006962158264901821,0.35285037807283187
sale_pd_minus_pd_xsga,0.0069610466215430265,0.0069610466215430265,0.3529272584703573
revt_pd_minus_pd_xsga,0.0069610466215430265,0.0069610466215430265,0.3529272584703573
xsga_pd_minus_pd_sale,-0.0069610466215430135,0.0069610466215430135,0.3529272584703573
che_pd_minus_pd_icapt,0.0069595845738224015,0.0069595845738224015,0.3530283886931586
fate_d_over_ppent,-0.006959306365479558,0.006959306365479558,0.35304763451223564
dvc_over_icapt,-0.006958602959095806,0.006958602959095806,0.35309629752237476
mrc4_over_icapt_d,-0.006954902380309279,0.006954902380309279,0.353352380554409
aqc_over_act,-0.006954085941397873,0.006954085941397873,0.3534088945912962
ppeveb_over_ceq_d,-0.006952313497436268,0.006952313497436268,0.3535316031231805
txditc_over_lct_d,-0.0069522358571097,0.0069522358571097,0.3535369788765916
dlto_d_over_cogs,0.0069504714981752655,0.0069504714981752655,0.35365915559052424
xsga_over_lt_d,0.006945626464802528,0.006945626464802528,0.3539947972671522
ivst_d_over_xsga,-0.006944190768499562,0.006944190768499562,0.35409429436022805
ceql_over_seq,0.006943755140977484,0.006943755140977484,0.3541244878540078
tstkc_over_mktcap_d,-0.006942724664745635,0.006942724664745635,0.354195916990847
txt_pd_minus_pd_ceq,0.0069422594508563185,0.0069422594508563185,0.3542281670301739
ivaco_d_over_seq,-0.006940785009571633,0.006940785009571633,0.3543303920314357
cstk_over_at_d,-0.006940438128389907,0.006940438128389907,0.35435444447834574
fato_over_seq_d,0.006939975101675564,0.006939975101675564,0.3543865519648023
pstkrv_d_over_seq,-0.006939636440630245,0.006939636440630245,0.35441003677300664
fincf_over_at_d,-0.006936107573500179,0.006936107573500179,0.3546548082714843
txp_d_over_emp,0.006934565646437971,0.006934565646437971,0.354761793884455
mrct_pd_minus_pd_xsga,-0.006933154915455172,0.006933154915455172,0.3548596943880643
fopo_pd,-0.006927733684921791,0.006927733684921791,0.35523607021604436
recch_d_over_sale,0.006927522218900906,0.006927522218900906,0.3552507566162045
dvc_d_over_cogs,-0.00692603625222814,0.00692603625222814,0.35535396840373445
aox_pd_minus_pd_mktcap,-0.006924735764468212,0.006924735764468212,0.35544431278001265
esubc_over_ceq_d,0.006923316512241202,0.006923316512241202,0.35554292421135286
np_d_over_ppent,-0.006921025233470088,0.006921025233470088,0.3557021615603632
xidoc_over_xsga_d,-0.006918747448280949,0.006918747448280949,0.3558605057193381
gdwl_d_over_ceq,-0.0069154790552968075,0.0069154790552968075,0.3560877913200975
tlcf_pd_minus_pd_ceq,-0.006914470850884001,0.006914470850884001,0.35615792079929676
mrc2_over_icapt_pd,-0.006914037130235456,0.006914037130235456,0.35618809256111433
lco_over_ppent_d,-0.0069093558667424615,0.0069093558667424615,0.3565138470311827
tstk_d_over_ppent,-0.006908375516791426,0.006908375516791426,0.35658209028225724
am_over_sale_d,0.006906140326964457,0.006906140326964457,0.3567377151087935
txfed_over_seq,-0.00690480218463828,0.00690480218463828,0.3568309035831461
invch_over_act,-0.006904283705703801,0.006904283705703801,0.35686701467175774
dltis_over_cogs_d,0.0069034949774925925,0.0069034949774925925,0.3569219525317005
recd_over_emp,-0.006902345748217551,0.006902345748217551,0.3570020101699973
rea_d_over_lt,0.006902152375369385,0.006902152375369385,0.3570154820256893
fatl_over_act,-0.006897694863293306,0.006897694863293306,0.3573261157203157
recta_over_act_d,0.006897645132411609,0.006897645132411609,0.3573295823098979
mii_d_over_cogs,0.006896835566133197,0.006896835566133197,0.3573860177083766
am_over_at_pd,-0.006896252505483272,0.006896252505483272,0.357426666726288
icapt_over_at_d,-0.006891443922832409,0.006891443922832409,0.3577620158373532
dc_over_act_d,-0.00688975800197183,0.00688975800197183,0.35787963831942016
mrc2_d_over_xsga,-0.006889260066824094,0.006889260066824094,0.3579143826637256
mrc3_pd_minus_pd_sale,0.006886610355545242,0.006886610355545242,0.35809930685757596
niadj_d_over_dltt,-0.006883874625583854,0.006883874625583854,0.3582902973780771
cld4_d_over_act,0.006881177830753286,0.006881177830753286,0.3584786324036205
fate_d_over_lt,0.006878660580087006,0.006878660580087006,0.35865448483866347
chech_over_ppent_d,-0.006878476027538039,0.006878476027538039,0.35866737961573375
dv_over_emp,0.006876372228525221,0.006876372228525221,0.3588143936841241
wcap_pd_minus_pd_invt,-0.006874334990269646,0.006874334990269646,0.3589567925655972
txp_over_act_d,0.006871925176730622,0.006871925176730622,0.3591252795668552
txach_over_act_d,0.006871555971565363,0.006871555971565363,0.3591510976846635
rea_d_over_cogs,0.006870922582717898,0.006870922582717898,0.3591953925984548
fopo_d_over_lct,-0.006865261782606807,0.006865261782606807,0.359591422939036
ib_d_over_dltt,-0.006864533844123386,0.006864533844123386,0.35964236950856715
mrc5_over_act_d,0.006861115191595236,0.006861115191595236,0.3598816929725653
aox_over_ceq,0.006860947304045162,0.006860947304045162,0.35989344855016514
ceq_pd_minus_pd_mktcap,0.006859851657833313,0.006859851657833313,0.35997017221550154
emp_pd_minus_pd_cogs,-0.00685835052786812,0.00685835052786812,0.36007530693820833
cogs_pd_minus_pd_emp,0.006858350527868118,0.006858350527868118,0.36007530693820833
ceqt_over_sale_pd,-0.006857915378435331,0.006857915378435331,0.3601057871269351
mrct_d_over_ppent,-0.006856464375993055,0.006856464375993055,0.36020743478746986
mrc2_pd_minus_pd_icapt,0.006854321423705343,0.006854321423705343,0.3603575888289486
ch_over_xsga_d,-0.006852741305088779,0.006852741305088779,0.36046833096375025
dd1,-0.006852119825952092,0.006852119825952092,0.36051189299218916
txdba_over_mktcap_d,-0.006848091601423312,0.006848091601423312,0.36079432791019816
txs_pd_minus_pd_icapt,0.006843496812534709,0.006843496812534709,0.36111665633770007
che_over_seq_pd,0.006842681578314521,0.006842681578314521,0.3611738645831427
lcox_pd_minus_pd_xsga,-0.006841951376848138,0.006841951376848138,0.36122511056494117
intan_over_dltt_pd,-0.006841126305585448,0.006841126305585448,0.36128302005277
mrc3_over_at_d,0.0068395255696431095,0.0068395255696431095,0.3613953879170832
fatb_d_over_icapt,-0.0068356463970566,0.0068356463970566,0.36166778750321
cld3_over_emp,-0.006834461728922278,0.006834461728922278,0.3617510017921853
pstkr_over_seq_d,-0.00683358481783807,0.00683358481783807,0.36181260612253124
ivao,-0.006833160545691662,0.006833160545691662,0.36184241424246194
dlcch_over_lt,-0.006832944047346489,0.006832944047346489,0.36185762537588745
caps_over_invt_pd,-0.006830677451998909,0.006830677451998909,0.36201689999965647
intpn_over_lt_pd,-0.006829153598206154,0.006829153598206154,0.362124006545131
aoloch_d_over_invt,-0.0068272975430196114,0.0068272975430196114,0.3622544892186795
ds_d_over_ppent,-0.0068271316512485,0.0068271316512485,0.36226615302197646
fopo_over_xsga_pd,-0.006826079075914813,0.006826079075914813,0.36234016477584235
txt_over_xsga_pd,0.006822507491126213,0.006822507491126213,0.36259137106736783
dd3,-0.006821499642237192,0.006821499642237192,0.36266227752499464
intan_over_dltt_d,-0.006820342135382638,0.006820342135382638,0.3627437237676597
xint_over_icapt_d,-0.006817533101149861,0.006817533101149861,0.36294142488062564
dclo_d_over_lt,-0.006813543666874087,0.006813543666874087,0.36322231897326374
am_pd_minus_pd_xsga,-0.006812822800379028,0.006812822800379028,0.36327308933349634
mrct_over_seq,-0.006811857390982562,0.006811857390982562,0.36334108971468315
ds_over_emp_d,-0.006810673822019142,0.006810673822019142,0.36342446743109474
fate_over_ppent,-0.006807017333314623,0.006807017333314623,0.3636821280906702
ap_over_invt_d,-0.006805164514131925,0.006805164514131925,0.3638127337318509
xpr_over_ppent,-0.0068049246621978456,0.0068049246621978456,0.3638296430926302
ebitda_over_lct_d,0.006804467947133804,0.006804467947133804,0.36386184248166126
oibdp_over_lct_d,0.006804467947133804,0.006804467947133804,0.36386184248166126
pstkn_over_cogs,-0.006799805080142069,0.006799805080142069,0.3641906865408695
chech_over_lct_d,-0.006799743285255946,0.006799743285255946,0.36419504581074125
dcvsub_d_over_act,-0.006797946102910374,0.006797946102910374,0.3643218408427818
ap_over_invt,-0.006794852115130413,0.006794852115130413,0.3645401928804563
siv_over_cogs_d,-0.0067923070598681495,0.0067923070598681495,0.36471986638277065
recco_over_seq_d,-0.006790667802114416,0.006790667802114416,0.3648356225032396
pstkrv_over_lct_d,0.006790295330638859,0.006790295330638859,0.3648619277609819
fopo_over_ceq_pd,-0.006788815938148889,0.006788815938148889,0.3649664194074499
txs_pd_minus_pd_dltt,0.006788448481240274,0.006788448481240274,0.36499237632167736
ivstch_d_over_mktcap,0.0067880982539315,0.0067880982539315,0.3650171172215
rect_d_over_seq,0.006785617135155013,0.006785617135155013,0.36519241941434
txpd_pd_minus_pd_lt,0.006777520960872537,0.006777520960872537,0.36576481609609673
txndba_pd_minus_pd_lt,0.006777284516644861,0.006777284516644861,0.3657815410300699
ch_pd_minus_pd_ppent,-0.006777029820193809,0.006777029820193809,0.36579955757298355
txach_over_ceq_d,0.006776543523063044,0.006776543523063044,0.3658339584639958
dpvieb_over_cogs_pd,-0.006776540672185921,0.006776540672185921,0.36583416014235376
dp_over_seq_pd,-0.006775486440510429,0.006775486440510429,0.36590874395150336
tstk_over_mktcap_d,-0.006774928593782568,0.006774928593782568,0.36594821381499854
rea_over_invt,0.006769981904009592,0.006769981904009592,0.3662983279015773
revt_over_cogs_d,-0.0067686218490455455,0.0067686218490455455,0.36639462572869413
sale_over_cogs_d,-0.0067686218490455455,0.0067686218490455455,0.36639462572869413
gp_over_cogs_d,-0.0067686218490455394,0.0067686218490455394,0.36639462572869413
txndbl_over_xsga_d,-0.006765806506464937,0.006765806506464937,0.3665940144324173
intpn_pd_minus_pd_act,-0.006763389268678869,0.006763389268678869,0.36676526245643853
dp_pd_minus_pd_lct,0.006762451162143058,0.006762451162143058,0.36683173558360666
txp_d_over_sale,0.006758521916133727,0.006758521916133727,0.36711023893636324
aoloch_d_over_mktcap,0.006757687968795312,0.006757687968795312,0.36716936572971387
dd5_over_dltt_d,0.006757666324030161,0.006757666324030161,0.36717090042068934
xacc_over_sale_pd,-0.0067551151494474855,0.0067551151494474855,0.3673518157874667
dv_over_ceq,-0.006754349607104467,0.006754349607104467,0.36740611470017204
sppiv_d_over_cogs,-0.006752341845638819,0.006752341845638819,0.3675485463346267
dd4_over_ppent_d,0.006751900638092202,0.006751900638092202,0.3675798504344707
dudd_d_over_emp,-0.006748974651368629,0.006748974651368629,0.36778749402975386
ivao_d_over_lct,0.006746341204729082,0.006746341204729082,0.3679744398646709
xrent_d_over_xsga,0.006746315133050728,0.006746315133050728,0.3679762909636688
fatp_d_over_ceq,0.006741789442820797,0.006741789442820797,0.3682977045234998
txs_over_lt_pd,0.006738825033737074,0.006738825033737074,0.3685083309081841
pstkr_d_over_lt,0.006736401192089193,0.006736401192089193,0.36868060472905695
icapt_pd_minus_pd_mktcap,0.006735791144239246,0.006735791144239246,0.3687239715887453
xopr_over_cogs_d,0.006733620808527191,0.006733620808527191,0.36887828135092826
oiadp_over_emp_d,0.006725020814895033,0.006725020814895033,0.36949013135821557
dvp_over_xsga_d,0.006723442512340123,0.006723442512340123,0.3696024888008338
icapt_d_over_dltt,-0.006722599142843116,0.006722599142843116,0.3696625359557384
dpc_d_over_dltt,0.006719662983690025,0.006719662983690025,0.3698716351579734
acox_over_ceq_d,-0.006719117036914574,0.006719117036914574,0.3699105229756997
acchg_over_lt,0.0067147602833358125,0.0067147602833358125,0.37022094578187525
mrc5_pd,-0.006713050165128098,0.006713050165128098,0.3703428375260272
mrc1_d_over_emp,-0.00671059589073308,0.00671059589073308,0.3705178138830287
aqc_over_icapt,-0.006710452221045209,0.006710452221045209,0.37052805833707536
dd3_over_seq_d,-0.006710361448382843,0.006710361448382843,0.3705345310273886
reajo_over_seq_d,0.006705032462314403,0.006705032462314403,0.3709146459643582
dc_d_over_mktcap,-0.006699479307353786,0.006699479307353786,0.37131100820532714
che_pd,-0.006699406620049622,0.006699406620049622,0.3713161980793212
dilavx_over_mktcap_d,0.006695628507575855,0.006695628507575855,0.37158601729298035
rect_over_invt,-0.006695228836703754,0.006695228836703754,0.3716145674607887
diladj_over_xsga_d,-0.006694798438558391,0.006694798438558391,0.371645314127989
apalch_over_ppent_d,0.006693503550397474,0.006693503550397474,0.3717378275140436
xrd_pd_minus_pd_act,0.00669145890597828,0.00669145890597828,0.37188393636938116
np_over_icapt,-0.006690599208062026,0.006690599208062026,0.3719453804104993
recd_d_over_ceq,0.006689240044734769,0.006689240044734769,0.3720425349162752
txditc_pd_minus_pd_sale,-0.006686488039892753,0.006686488039892753,0.37223929945107886
fopo_d_over_icapt,-0.0066846808358934215,0.0066846808358934215,0.37236854711122586
esubc_over_cogs_d,0.0066830976870672736,0.0066830976870672736,0.3724817936369206
pstkl_over_lct_d,0.006682444935231014,0.006682444935231014,0.3725284927924716
ivaco_over_icapt,0.006681915035794876,0.006681915035794876,0.3725664055122606
dcvt_over_cogs_d,-0.006681114503305484,0.006681114503305484,0.37262368575108334
txdi_over_ceq_d,0.006680308456044297,0.006680308456044297,0.37268136609862296
cld3_over_lct_d,0.0066776652841491115,0.0066776652841491115,0.3728705489900596
invch_over_ceq_d,-0.006676597505388676,0.006676597505388676,0.37294699125626557
nopi_over_at_pd,0.006675996253381202,0.006675996253381202,0.37299003914973283
xrent_pd_minus_pd_cogs,0.006671914367692846,0.006671914367692846,0.3732823716338517
re_over_sale_d,0.00667037852284581,0.00667037852284581,0.37339240097846504
cstkcv_d_over_emp,0.006666468636957629,0.006666468636957629,0.37367259941548425
dudd_over_dltt,0.006666180344643197,0.006666180344643197,0.3736932647730219
mrc2_over_xsga,0.006661044465598887,0.006661044465598887,0.3740615331541735
xsga_over_seq_pd,-0.006657119600907276,0.006657119600907276,0.374343116987422
prstkc_d_over_sale,0.006656367001898613,0.006656367001898613,0.3743971261057596
ivch_over_lt_d,0.006656133900753294,0.006656133900753294,0.37441385523066095
cstkcv_d_over_seq,0.006654838968809049,0.006654838968809049,0.37450679788826613
txs_over_lct,-0.006653073079446098,0.006653073079446098,0.37463356610845333
dd1_d_over_dltt,0.0066500832663322134,0.0066500832663322134,0.37484825683273393
ivao_d_over_ceq,0.006645554548768879,0.006645554548768879,0.3751735970808033
act_over_mktcap_pd,0.006645212248568009,0.006645212248568009,0.37519819480338934
fate_d_over_dltt,-0.006644946507174277,0.006644946507174277,0.3752172916903603
dp_over_seq_d,0.006644428139239416,0.006644428139239416,0.37525454472402375
ch_over_invt_pd,-0.00664224499378749,0.00664224499378749,0.3754114637449968
fatc_over_xsga_d,0.006641622998523591,0.006641622998523591,0.3754561786226377
ivncf_over_lct,-0.006635943925823824,0.006635943925823824,0.37586459597212596
dltr_over_invt,0.006635754807175768,0.006635754807175768,0.3758782013846765
dd3_d_over_xsga,-0.00663453025752931,0.00663453025752931,0.37596630424916
txach_d_over_sale,0.006633891274253406,0.006633891274253406,0.3760122823396508
dd4_over_xsga_d,0.006632833608923196,0.006632833608923196,0.37608839435614444
icapt_pd_minus_pd_cogs,-0.006632384736437968,0.006632384736437968,0.37612069912098045
cogs_pd_minus_pd_icapt,0.006632384736437796,0.006632384736437796,0.37612069912099516
xidoc_over_lt_d,-0.006630603095755855,0.006630603095755855,0.376248938356118
txpd_pd_minus_pd_seq,0.006626582622449618,0.006626582622449618,0.3765384237961558
dd1_pd_minus_pd_mktcap,-0.006625144617154776,0.006625144617154776,0.3766419975947726
rectr_over_invt,-0.0066240181659386835,0.0066240181659386835,0.37672314366699056
tstkc_over_xsga,0.006621309742951555,0.006621309742951555,0.37691829423628853
ivao_over_at_d,0.006620088011661451,0.006620088011661451,0.37700634429632174
am_pd,-0.006617561933834807,0.006617561933834807,0.3771884387076444
dcom_over_xsga,-0.00661482532351915,0.00661482532351915,0.3773857707046427
txs_pd_minus_pd_lt,0.006613737823325879,0.006613737823325879,0.3774642060316974
esubc_over_xsga_d,0.006605494511523797,0.006605494511523797,0.37805907682484935
invch_over_lt,0.006603924087417076,0.006603924087417076,0.3781724704388906
che_pd_minus_pd_seq,0.006601832118061049,0.006601832118061049,0.3783235551369589
ibadj_over_mktcap_d,0.00660180925532441,0.00660180925532441,0.3783252065182772
do_over_lt,0.006601598778201755,0.006601598778201755,0.378340409543189
txfed_pd_minus_pd_cogs,0.006598421819658121,0.006598421819658121,0.3785699309068144
intan_d_over_dltt,-0.0065959875929852245,0.0065959875929852245,0.37874585112422554
mrc5_over_ceq_pd,-0.006594980833659393,0.006594980833659393,0.3788186237698463
oancf_over_mktcap_d,-0.006594031148329587,0.006594031148329587,0.37888727876213213
emp_over_dltt,-0.006592439033935353,0.006592439033935353,0.37900239364316957
cstkcv_over_sale_d,-0.006590681107259891,0.006590681107259891,0.3791295222687223
dm_over_xsga_d,-0.006590075325074602,0.006590075325074602,0.37917333691730526
fopo_over_emp_d,-0.006589271441011667,0.006589271441011667,0.37923148456822525
ao_over_at_d,-0.006585929224436186,0.006585929224436186,0.379473297192727
spi_over_cogs_d,-0.006583294205685911,0.006583294205685911,0.3796640101985448
cstkcv_over_invt_d,-0.00658297795946492,0.00658297795946492,0.379686902901804
cogs_over_lt_pd,0.006579610918734419,0.006579610918734419,0.37993069175722227
che_over_lt_d,0.006576714338018935,0.006576714338018935,0.380140494166541
txdbca_d_over_ppent,-0.006576696256992339,0.006576696256992339,0.38014180401800496
ebit_over_invt_d,-0.006574707907571076,0.006574707907571076,0.3802858637796624
txfo_over_mktcap_d,0.006574360839376858,0.006574360839376858,0.3803110129797804
mrc5_d_over_emp,-0.0065739712310542205,0.0065739712310542205,0.3803392459333025
xacc_d_over_lt,-0.006573617184055344,0.006573617184055344,0.3803649030534734
chech_over_cogs,0.006573308454323404,0.006573308454323404,0.3803872769844273
oiadp_over_invt_d,-0.006570842556395497,0.006570842556395497,0.3805660119205857
ibcom_over_mktcap_d,0.006567955355923527,0.006567955355923527,0.3807753495491213
dv_over_seq,-0.00656452148198826,0.00656452148198826,0.38102441600168047
xsga_over_cogs_d,0.006561731321064213,0.006561731321064213,0.3812268661637415
sstk_d_over_xsga,-0.006561304226561629,0.006561304226561629,0.3812578613674271
ppegt_over_invt_pd,-0.0065612663484938905,0.0065612663484938905,0.3812606103382157
lt_over_act_d,0.006561117960335259,0.006561117960335259,0.38127137960861784
fopo_over_cogs_pd,-0.006558219379888055,0.006558219379888055,0.38148178152264434
gp_d_over_at,0.0065561195847339306,0.0065561195847339306,0.38163424576962635
ivst_d_over_seq,-0.006555092879918959,0.006555092879918959,0.38170880749420383
dlc_over_lt_d,0.006554813059190494,0.006554813059190494,0.3817291302849469
ni_d_over_lt,0.006552979612852278,0.006552979612852278,0.3818623060573551
txs_over_at_pd,0.006551325780972192,0.006551325780972192,0.3819824596449669
ap_pd_minus_pd_lt,-0.006549046058861609,0.006549046058861609,0.38214812318472957
ceql_over_act_d,0.006543895863574768,0.006543895863574768,0.38252254129667135
nopi,0.006541919627318503,0.006541919627318503,0.38266627292964644
itcb_over_ceq_d,0.0065412989041202406,0.0065412989041202406,0.3827114249480217
pstkc_over_emp,-0.006539679019071449,0.006539679019071449,0.3828292723625934
dclo_d_over_at,-0.006538686232300992,0.006538686232300992,0.3829015090648601
exre_over_mktcap_d,0.0065353256519710065,0.0065353256519710065,0.38314609206446343
mrc1_pd_minus_pd_ceq,0.00653487903016824,0.00653487903016824,0.38317860439682644
dvc_d_over_sale,-0.006527571239391314,0.006527571239391314,0.38371082317827615
dd5_over_ppent_d,0.006525739340617233,0.006525739340617233,0.3838443093574169
txach_d_over_act,0.006520279512159669,0.006520279512159669,0.3842423228478359
ivch_d_over_ppent,0.006518755441941928,0.006518755441941928,0.38435347039350615
mrc3_d_over_icapt,-0.006518612818264156,0.006518612818264156,0.38436387267363736
aoloch_over_mktcap_d,0.00651671485677322,0.00651671485677322,0.3845023171841915
xpr_over_xsga_d,0.0065135876637867195,0.0065135876637867195,0.3847304930174554
icapt_over_act_d,0.006510700295246345,0.006510700295246345,0.3849412435430191
esubc_d_over_ceq,0.006510036400081277,0.006510036400081277,0.38498971157241557
xsga_over_dltt,-0.006509362472147369,0.006509362472147369,0.3850389158648399
ebit_over_emp_d,0.006507472679482358,0.006507472679482358,0.38517691241092816
oancf_pd_minus_pd_lct,0.006507331354979261,0.006507331354979261,0.38518723343131744
emp_over_at,0.006486505218772589,0.006486505218772589,0.3867100268768753
xopr_over_ppent_pd,-0.00648482549837459,0.00648482549837459,0.38683300680006943
dm_d_over_invt,-0.006484401724565234,0.006484401724565234,0.3868640369647788
invwip_over_xsga_d,0.006483902652271961,0.006483902652271961,0.38690058268854655
ivstch_over_ppent_d,0.00648127589898793,0.00648127589898793,0.3870929674869024
capxv_d_over_lt,0.00648011687029041,0.00648011687029041,0.3871778739087865
dltr_d_over_ppent,-0.006475767144688658,0.006475767144688658,0.38749662099466126
mrc5_over_lt_d,0.006474965894518345,0.006474965894518345,0.38755535390146345
txndb_over_lt,-0.006473360077830739,0.006473360077830739,0.387673079142984
caps_over_lt_d,-0.00647110843429847,0.00647110843429847,0.387838187787233
txo_d_over_cogs,-0.006467811715707953,0.006467811715707953,0.38808000704035966
xopr_d_over_cogs,-0.006467730033528516,0.006467730033528516,0.3880859997166336
dxd5_over_invt_d,-0.0064666833633436034,0.0064666833633436034,0.3881627944736847
ch_pd_minus_pd_cogs,-0.006464413459716046,0.006464413459716046,0.38832937033284365
aco_over_dltt_d,0.006463962102611742,0.006463962102611742,0.38836249815996654
ibcom_over_icapt_d,0.00646375984949858,0.00646375984949858,0.38837734329733536
invrm_over_lct_d,0.006461416572167787,0.006461416572167787,0.38854936225498404
mrc4_over_ceq_d,-0.006460331725980472,0.006460331725980472,0.3886290160443503
xpr_d_over_ppent,-0.006460051630852689,0.006460051630852689,0.38864958337481337
invrm_over_sale_d,0.0064591243267777656,0.0064591243267777656,0.3887176798603806
acchg,0.00645462315868796,0.00645462315868796,0.38904832589587174
apalch_over_ceq,0.0064527736647182225,0.0064527736647182225,0.3891842353053756
cogs_over_invt_d,0.006450837925002049,0.006450837925002049,0.3893265133903346
apalch_over_dltt,-0.006450825912809342,0.006450825912809342,0.38932739639282665
txs_over_ceq_pd,0.0064495452667063585,0.0064495452667063585,0.389421542206104
recd_over_sale_d,0.006449079069620464,0.006449079069620464,0.38945581780079125
xpr_over_mktcap_d,-0.00644797738671119,0.00644797738671119,0.38953682267514733
mrct_over_sale_d,0.006445412434406021,0.006445412434406021,0.3897254589651903
capx_d_over_lt,0.006443749540807308,0.006443749540807308,0.38984778412336824
txds_over_lt_d,0.00644345843592626,0.00644345843592626,0.38986920067282044
cld3_d_over_mktcap,-0.006443358969664165,0.006443358969664165,0.3898765185571726
txp_over_lt_d,0.006440648655528076,0.006440648655528076,0.39007595263563866
txdba_d_over_seq,0.006438950133454862,0.006438950133454862,0.3902009672362631
dxd2_over_ppent_d,-0.006438745406168292,0.006438745406168292,0.390216037215789
rectr_over_lt_d,0.006437560519067394,0.006437560519067394,0.3903032637261962
fiao_over_lt,-0.006432099051421926,0.006432099051421926,0.3907054676501141
emp_d_over_ceq,-0.00643032996539945,0.00643032996539945,0.3908358040580292
tstk_over_xsga,0.006427417778661489,0.006427417778661489,0.39105041526944834
xrent_pd_minus_pd_lct,0.006426730431209546,0.006426730431209546,0.3911010792117218
txdba_d_over_ceq,0.006426361569037115,0.006426361569037115,0.39112826945041124
ceqt_pd_minus_pd_lct,0.006425439756264556,0.006425439756264556,0.39119622480652466
fatb_d_over_ppent,-0.006421959689479353,0.006421959689479353,0.3914528373629723
dlc_d_over_emp,0.006420688100741185,0.006420688100741185,0.39154662703137955
nopi_pd_minus_pd_xsga,0.006417909581299288,0.006417909581299288,0.3917516121398436
fatc_over_ppent,-0.006417372443732592,0.006417372443732592,0.3917912469414558
esubc_over_icapt,-0.006416175641923509,0.006416175641923509,0.39187956640512017
xint_d_over_dltt,0.006415778280138255,0.006415778280138255,0.3919088928781704
dcom,-0.006415170867301097,0.006415170867301097,0.3919537243120566
cld4_d_over_seq,0.006414462930282124,0.006414462930282124,0.39200597907885815
dvt_d_over_sale,0.00641005331557806,0.00641005331557806,0.3923315599226154
nopi_pd_minus_pd_emp,0.006409994953089786,0.006409994953089786,0.3923358701756089
mii_d_over_ceq,0.006409852918406645,0.006409852918406645,0.3923463600028565
sppiv_over_icapt,-0.006407059926771496,0.006407059926771496,0.39255266811279965
dpvieb_pd_minus_pd_invt,0.006403850141998961,0.006403850141998961,0.3927898444120482
dxd2_d_over_invt,-0.0064037402258143895,0.0064037402258143895,0.39279796783813525
dpact_over_seq_pd,-0.0064008241681030986,0.0064008241681030986,0.39301351813271607
xint_pd_minus_pd_seq,-0.006397216427171497,0.006397216427171497,0.3932802957003958
ivst_over_seq_d,-0.006395554326902572,0.006395554326902572,0.39340323806172856
recta_over_lt,0.006395097399072294,0.006395097399072294,0.3934370402134227
gdwl_over_seq_pd,-0.0063909097160971835,0.0063909097160971835,0.39374691437518106
dvc_over_ppent_d,0.006387052013483988,0.006387052013483988,0.39403250183336913
fatl_over_seq_d,-0.006384932030722941,0.006384932030722941,0.39418949847243767
xido_d_over_sale,0.006384537339951779,0.006384537339951779,0.3942187317214298
dlc_over_cogs_pd,-0.006384353158064432,0.006384353158064432,0.3942323738244129
dxd4_d_over_ceq,0.006383939827963311,0.006383939827963311,0.39426298966509943
che_pd_minus_pd_ceq,0.006378972557541877,0.006378972557541877,0.39463103367289876
txndbl_pd_minus_pd_act,0.006377824922184803,0.006377824922184803,0.39471609589401657
intpn_pd_minus_pd_at,-0.006368277512381694,0.006368277512381694,0.39542417539050306
ao_d_over_sale,-0.006365971200577717,0.006365971200577717,0.39559533703649885
ceq_over_lt_d,0.006365352126731183,0.006365352126731183,0.3956412888762536
ivaco_over_lct_d,-0.006364843548327301,0.006364843548327301,0.3956790414110168
txdfo_d_over_icapt,-0.006364658946962705,0.006364658946962705,0.3956927451843927
dp_over_ppent_pd,-0.006364199419926175,0.006364199419926175,0.39572685914800276
lt_over_at_d,-0.006364184373916417,0.006364184373916417,0.3957279761504636
np_d_over_dltt,0.006362627014629985,0.006362627014629985,0.3958436034280568
invt_pd_minus_pd_lct,0.00636221147584831,0.00636221147584831,0.39587445885681277
lct_pd_minus_pd_invt,-0.0063622114758482735,0.0063622114758482735,0.39587445885681277
txndb_over_at,-0.006359906912141474,0.006359906912141474,0.3960456083638889
invt_pd,-0.006358865894317885,0.006358865894317885,0.39612293469019344
invt_d_over_invt,-0.006358865894317884,0.006358865894317884,0.39612293469019344
fatp_over_xsga_d,-0.006358202383422359,0.006358202383422359,0.39617222473154584
txndb_d_over_ceq,-0.006357935309772825,0.006357935309772825,0.3961920657994553
invt_over_dltt_pd,0.006357614896680388,0.006357614896680388,0.3962158702794585
do_over_ppent,0.006356977094308988,0.006356977094308988,0.39626325716110367
caps_over_act_pd,-0.006355754813762861,0.006355754813762861,0.39635407865073485
aqc_over_xsga_d,-0.006354918438035239,0.006354918438035239,0.3964162327440713
xpr_pd_minus_pd_sale,-0.006354209410705886,0.006354209410705886,0.3964689277265837
revt_over_lct_pd,-0.006353985410746787,0.006353985410746787,0.39648557630489695
sale_over_lct_pd,-0.006353985410746787,0.006353985410746787,0.39648557630489695
gdwl_d_over_act,-0.006352910614180026,0.006352910614180026,0.39656546538001364
mrct_pd_minus_pd_act,0.006349571291096912,0.006349571291096912,0.39681373751746546
oiadp_pd,0.00634909600241425,0.00634909600241425,0.39684908192317675
do_over_xsga_d,-0.006347547408688392,0.006347547408688392,0.39696425484638387
donr_over_sale,0.0063433013399350775,0.0063433013399350775,0.3972801493895577
dlcch_over_mktcap,0.0063414189945538695,0.0063414189945538695,0.39742023861836495
pstkr_over_act_d,-0.006340092802213785,0.006340092802213785,0.3975189553170229
recch_over_cogs_d,0.006339129408519902,0.006339129408519902,0.3975906759373639
txfed_d_over_ppent,0.006338697724376404,0.006338697724376404,0.39762281554205636
txc_over_emp,0.006336851884289143,0.006336851884289143,0.3977602590800093
xacc_pd_minus_pd_sale,0.0063349919766293,0.0063349919766293,0.3978987790649296
dpact_pd_minus_pd_ppent,0.00633408727729783,0.00633408727729783,0.39796616869073176
dilavx_over_act_d,0.006333745843999575,0.006333745843999575,0.39799160330581285
ceql_over_lct_pd,-0.006326228007558244,0.006326228007558244,0.39855188261882024
pstkl_over_seq_d,-0.006324681196456541,0.006324681196456541,0.3986672201861129
txds_d_over_invt,-0.006323962920929342,0.006323962920929342,0.3987207850458647
txndba_d_over_lt,0.00632342791563186,0.00632342791563186,0.3987606854809155
mii_over_invt_d,0.006321555863238959,0.006321555863238959,0.3989003211591181
aco_over_emp,0.006321165083036012,0.006321165083036012,0.39892947301905346
txt_pd_minus_pd_at,0.006320661689637639,0.006320661689637639,0.39896702761429875
recch_over_ppent,0.006320543658179716,0.006320543658179716,0.3989758334084528
np_d_over_mktcap,0.006318510419488129,0.006318510419488129,0.3991275425303768
mrc2_over_dltt_pd,0.006316294974001628,0.006316294974001628,0.39929288643863514
ivaeq_over_invt_d,-0.0063151870689019275,0.0063151870689019275,0.39937558745797896
intpn_pd_minus_pd_seq,-0.0063149130165089,0.0063149130165089,0.3993960460455138
tstkc_d_over_ppent,-0.006313950561151216,0.006313950561151216,0.3994679003573412
dd5_d_over_emp,0.006313115523805169,0.006313115523805169,0.39953024828506917
np_over_lt,-0.00631147024857235,0.00631147024857235,0.399653109619622
txdbcl_over_ceq_d,0.00631132339017482,0.00631132339017482,0.3996640774112755
invfg_over_lt,0.0063080690782521855,0.0063080690782521855,0.3999071648820084
ceqt_pd_minus_pd_invt,0.006305497262537635,0.006305497262537635,0.40009933477760007
aox_d_over_seq,0.006302177500447415,0.006302177500447415,0.40034747439571106
acchg_over_sale,0.006301996496154025,0.006301996496154025,0.40036100643796474
lco_over_icapt_d,0.0063010724909454115,0.0063010724909454115,0.40043009017357734
lco_pd_minus_pd_emp,0.006299484271229157,0.006299484271229157,0.40054885099253734
dm_over_invt,0.006299229757785514,0.006299229757785514,0.40056788447322145
invwip_d_over_cogs,-0.006296032974654978,0.006296032974654978,0.4008069983144897
recch_over_ppent_d,-0.006295974490032514,0.006295974490032514,0.4008113736613836
caps_over_mktcap,-0.006295600597835658,0.006295600597835658,0.400839345932474
mrc3_over_lct_d,0.006294508088311794,0.006294508088311794,0.40092108736676946
txs_pd_minus_pd_lct,0.006288942312731835,0.006288942312731835,0.40133767342994203
xpr_over_ceq_pd,-0.006288032440411475,0.006288032440411475,0.4014058000748429
invch_over_lct_d,-0.0062868240254160025,0.0062868240254160025,0.4014962908183955
reajo_d_over_at,-0.0062850663798911625,0.0062850663798911625,0.4016279319006705
dclo_over_seq_d,-0.006284793604713111,0.006284793604713111,0.40164836406378207
dc_over_emp,0.006284120859861114,0.006284120859861114,0.4016987585310439
oibdp_d_over_ppent,0.006283139593015994,0.006283139593015994,0.40177227079374483
ebitda_d_over_ppent,0.006283139593015994,0.006283139593015994,0.40177227079374483
cogs_over_mktcap_pd,0.006278391455742644,0.006278391455742644,0.4021280946841659
recd_d_over_lt,0.006277089409293572,0.006277089409293572,0.4022257026392784
txpd_pd_minus_pd_at,0.006272787729550176,0.006272787729550176,0.4025482791977036
seq_over_at_d,0.0062706460997788566,0.0062706460997788566,0.40270893463232305
emp_d_over_dltt,-0.006269958432748013,0.006269958432748013,0.4027605284701586
intpn_over_sale_d,-0.006269158869283024,0.006269158869283024,0.40282052258201057
esopct_over_invt,-0.006267264579144766,0.006267264579144766,0.40296267933114793
ppeveb_over_invt_pd,-0.006261875108743999,0.006261875108743999,0.40336729580410974
ch_over_dltt_d,-0.006261243188083218,0.006261243188083218,0.403414753412462
ds_d_over_ceq,-0.006257275899838788,0.006257275899838788,0.40371277545026935
ivao_over_act,-0.006256742471607091,0.006256742471607091,0.4037528565410548
txdb_pd_minus_pd_sale,-0.006256157835992054,0.006256157835992054,0.40379678802288177
lo_pd_minus_pd_icapt,0.0062560511041317435,0.0062560511041317435,0.40380480852189937
am_over_ceq_pd,-0.006254765987837019,0.006254765987837019,0.4039013876780763
sale_over_lt_pd,0.006254341843988836,0.006254341843988836,0.40393326600270374
revt_over_lt_pd,0.006254341843988836,0.006254341843988836,0.40393326600270374
txdfed,0.006254154163126783,0.006254154163126783,0.4039473724321955
fiao_over_at,-0.006253868753116567,0.006253868753116567,0.4039688249244662
dlto_over_cogs_d,-0.0062526198397133805,0.0062526198397133805,0.40406270598366534
cld4_over_ceq_d,-0.0062513574965557175,0.0062513574965557175,0.40415760982667476
ppeveb_pd_minus_pd_emp,0.006251024981511942,0.006251024981511942,0.4041826107598681
dltr_over_icapt_pd,0.006248909292004933,0.006248909292004933,0.4043417055739104
fatb_over_at_d,-0.006241359669687162,0.006241359669687162,0.4049097244905692
wcap_pd_minus_pd_lt,0.006238110995813477,0.006238110995813477,0.4051542951402155
recd_over_seq,0.006235115325861837,0.006235115325861837,0.4053798970669861
xidoc_over_act_d,-0.006233426678084114,0.006233426678084114,0.4055071010925797
capx_over_ppent_d,-0.006229856941513125,0.006229856941513125,0.4057760839987885
dlto_over_mktcap_pd,-0.006229840715256098,0.006229840715256098,0.40577730690531016
dlto_over_emp_d,0.006229613371928327,0.006229613371928327,0.40579444107202467
txdfo_over_at_d,-0.006224107470336656,0.006224107470336656,0.40620953586913633
recco_over_at_d,0.006223932295020765,0.006223932295020765,0.4062227466506657
gp_over_ceq_pd,0.006223597163788146,0.006223597163788146,0.406248021163097
cld4_d_over_ceq,0.006222507646289716,0.006222507646289716,0.4063301955314706
nopio_over_lct_d,0.006221014243643713,0.006221014243643713,0.4064428481331989
fatp_d_over_lt,0.006220819905701169,0.006220819905701169,0.4064575090966367
mrc4_over_at_pd,-0.0062201329661582365,0.0062201329661582365,0.40650933473074785
ebit_pd,0.006219882028252679,0.006219882028252679,0.4065282675345466
itci_over_mktcap_d,-0.0062184978999830455,0.0062184978999830455,0.40663270692440134
fopo_over_seq_pd,-0.006218306174907448,0.006218306174907448,0.4066471748010689
exre_over_sale,-0.006216087024646958,0.006216087024646958,0.4068146577319588
invt_d_over_ceq,-0.006216023238670636,0.006216023238670636,0.40681947237316846
txr_over_ppent,0.0062159111673495355,0.0062159111673495355,0.40682793173180426
invrm_d_over_dltt,0.006215199355269637,0.006215199355269637,0.4068816631250217
xsga_over_lt_pd,0.006207868771739258,0.006207868771739258,0.40743526112668005
xi_over_seq,0.006206830843241574,0.006206830843241574,0.40751368067482113
dlto_over_invt,0.006202340869415346,0.006202340869415346,0.4078530193474088
am_over_act_pd,-0.006201839465203572,0.006201839465203572,0.40789092441294145
txditc_over_cogs_d,-0.006201135999757003,0.006201135999757003,0.40794410840553696
am_over_lt_pd,-0.0062008602877803125,0.0062008602877803125,0.4079649541436578
dudd_over_emp_d,0.0061994847914480095,0.0061994847914480095,0.40806896068901233
txdbcl_over_invt_d,0.006197288712043593,0.006197288712043593,0.40823504740043615
xopr_over_lct,0.006197228773559766,0.006197228773559766,0.40823958103662267
fatp_over_lct_d,-0.006196834930659436,0.006196834930659436,0.40826937133186486
dvt_over_sale_d,0.0061966645550443865,0.0061966645550443865,0.40828225895246434
pstkl_d_over_seq,-0.006196424429748602,0.006196424429748602,0.40830042301777336
xido_over_at,0.0061961688928020816,0.0061961688928020816,0.4083197534123207
txs_over_act_pd,0.006195855630207335,0.006195855630207335,0.4083434512754013
xpr_pd_minus_pd_ppent,-0.006194908349120339,0.006194908349120339,0.40841511670521635
txp_over_lct,-0.006193928889046698,0.006193928889046698,0.408489224473232
ivao_over_ceq,-0.006193648133557874,0.006193648133557874,0.4085104684312516
intc_over_ppent,0.006191159319789997,0.006191159319789997,0.40869881855108636
ibcom_d_over_lt,0.006190676127838314,0.006190676127838314,0.40873539186772523
txfed_over_mktcap,0.006188613741969662,0.006188613741969662,0.40889151796667744
recd_over_cogs_pd,-0.006186991209327274,0.006186991209327274,0.4090143713740276
xi_over_act,0.0061862487527907396,0.0061862487527907396,0.40907059532724804
chech_pd_minus_pd_ceq,-0.006185937797711059,0.006185937797711059,0.40909414436671243
txdc_d_over_ceq,0.006184727792486233,0.006184727792486233,0.4091857873388741
ppegt_pd_minus_pd_emp,0.006184558504396362,0.006184558504396362,0.40919860979765715
xidoc_over_mktcap,-0.006183500261112985,0.006183500261112985,0.40927877018014497
invfg_d_over_emp,-0.006183046383178935,0.006183046383178935,0.4093131536327891
ivaco_d_over_cogs,-0.006180553979758045,0.006180553979758045,0.40950199589162817
ao_d_over_at,-0.006178761223559032,0.006178761223559032,0.40963785992133894
rect_pd_minus_pd_seq,-0.006178322245217017,0.006178322245217017,0.4096711319801192
capxv_over_ppent_d,-0.006175661668952705,0.006175661668952705,0.40987282289346244
txdbca_d_over_seq,-0.0061742773626096165,0.0061742773626096165,0.40997778666410256
aqc_over_xsga,-0.006170366320588605,0.006170366320588605,0.4102744241987723
prstkc_d_over_mktcap,0.006170231598261922,0.006170231598261922,0.41028464464220127
txfed_pd_minus_pd_sale,0.0061701313696926295,0.0061701313696926295,0.4102922483829391
fatb_d_over_seq,-0.006166857914926903,0.006166857914926903,0.4105406317964444
dv_d_over_at,-0.006166112757118859,0.006166112757118859,0.41059718540733203
nopi_over_lct_pd,0.006164967585877183,0.006164967585877183,0.4106841069819156
xacc_over_ceq_d,0.006164796374722791,0.006164796374722791,0.4106971033076601
caps_over_lt_pd,-0.006162346128931602,0.006162346128931602,0.41088312374744856
pstkr_over_mktcap,-0.006158496905586227,0.006158496905586227,0.4111754543076419
txndba_pd_minus_pd_act,0.006158253648273994,0.006158253648273994,0.41119393271261484
txdb_over_cogs_d,-0.006156323490432519,0.006156323490432519,0.411340569572532
ceqt_over_dltt_pd,-0.00615604935513901,0.00615604935513901,0.4113613985406354
sppiv_over_lt,-0.006151295922001909,0.006151295922001909,0.4117226668286542
spi_over_emp_d,-0.006147936319791209,0.006147936319791209,0.41197811528988837
cld2_over_lt,-0.006147685316447072,0.006147685316447072,0.41199720418464053
txt_over_emp_pd,0.006143532537642446,0.006143532537642446,0.41231310063037774
dm_over_seq_d,-0.006142708106576706,0.006142708106576706,0.41237583110014464
xopr_over_ceq_pd,-0.0061417928590221296,0.0061417928590221296,0.41244547836876805
txndbl_pd_minus_pd_mktcap,0.00613770368004097,0.00613770368004097,0.41275673632492893
oiadp_pd_minus_pd_mktcap,0.006136161466713772,0.006136161466713772,0.4128741618350817
sstk_over_xsga_d,-0.006131468939125384,0.006131468939125384,0.4132315768111439
txach_d_over_ceq,0.006129452051268129,0.006129452051268129,0.41338525306003027
txditc_over_emp_pd,-0.00612874203429393,0.00612874203429393,0.41343936067166454
rea_d_over_lct,0.006128427668990252,0.006128427668990252,0.4134633185588697
aox_d_over_cogs,0.006128403036419104,0.006128403036419104,0.41346519585027286
sale_over_mktcap_pd,0.006127640622434741,0.006127640622434741,0.41352330325052933
revt_over_mktcap_pd,0.006127640622434741,0.006127640622434741,0.41352330325052933
pstkn_over_invt,-0.006126649812021779,0.006126649812021779,0.4135988251133246
emp_over_ceq_pd,-0.006125189678421806,0.006125189678421806,0.4137101347556716
txp_d_over_icapt,0.00612300763395655,0.00612300763395655,0.4138765105138321
dd4_over_lct_d,0.006122381533066739,0.006122381533066739,0.4139242565432897
txdfo_d_over_emp,-0.006122342939464367,0.006122342939464367,0.41392719977187614
fatl_pd_minus_pd_sale,-0.006120132347527027,0.006120132347527027,0.41409580479069547
pstkl_d_over_emp,-0.006119344691381144,0.006119344691381144,0.4141558902712651
gp_pd_minus_pd_lct,0.006115419251639697,0.006115419251639697,0.4144554150051176
ceql_d_over_lct,-0.006113744284249176,0.006113744284249176,0.4145832598364954
cld5_over_cogs_d,0.006109715488447892,0.006109715488447892,0.4148908602363601
invt_over_xsga_d,0.006107848894471114,0.006107848894471114,0.4150334212543362
che_over_cogs_d,0.006106761909095097,0.006106761909095097,0.41511645304158157
dm_pd_minus_pd_icapt,-0.00610669013688453,0.00610669013688453,0.4151219358664101
lo_over_lt,0.006104699265460025,0.006104699265460025,0.41527403963022214
txds_d_over_emp,0.006101387805077521,0.006101387805077521,0.4155271100960931
seq_over_invt_d,-0.00610097894867356,0.00610097894867356,0.4155583622883284
mrct_over_icapt_pd,-0.006098198115893984,0.006098198115893984,0.4157709605918155
rea_d_over_xsga,0.006093814051565674,0.006093814051565674,0.4161062584446452
ppent_d_over_lt,0.006093724225064942,0.006093724225064942,0.4161131301380498
ch_over_emp_pd,-0.006090211897388502,0.006090211897388502,0.416381874387562
ibadj_over_act_d,0.006086788326300707,0.006086788326300707,0.41664392600057454
cld3_d_over_lt,-0.006085999026123248,0.006085999026123248,0.4167043554798502
cstk_pd_minus_pd_seq,0.006082090421809237,0.006082090421809237,0.4170036776576386
at_over_lt_pd,-0.006080856415035299,0.006080856415035299,0.4170982046171261
lse_over_lt_pd,-0.006080856415035299,0.006080856415035299,0.4170982046171261
mrc1_over_invt_pd,-0.006080454868229676,0.006080454868229676,0.417128966490354
dltt_d_over_act,-0.006080157058148355,0.006080157058148355,0.41715178211906095
txfed_pd,0.006078873841347341,0.006078873841347341,0.41725009948864034
fopo_over_sale_pd,-0.006078271131877437,0.006078271131877437,0.41729628253309625
gp_over_invt,-0.006077274579507977,0.006077274579507977,0.41737265068062773
rect_over_lt_pd,-0.006074832201054632,0.006074832201054632,0.41755985070252
wcap_over_icapt_d,0.006074256611485162,0.006074256611485162,0.4176039748925949
txs_over_seq_pd,0.006072475098027873,0.006072475098027873,0.417740561556366
dlcch_over_ppent,-0.0060722233988832735,0.0060722233988832735,0.41775986117260266
lo_over_xsga_pd,0.006072206580704047,0.006072206580704047,0.4177611507642619
dxd2_over_invt_d,0.0060703670004920015,0.0060703670004920015,0.41790222105150787
chech_pd,-0.0060657148649614565,0.0060657148649614565,0.41825910049606363
txc_pd_minus_pd_ceq,0.006061771250303866,0.006061771250303866,0.4185617676269819
lcox_over_act,-0.00605630388986665,0.00605630388986665,0.41898159336545077
txt_over_mktcap_pd,0.006053761442036661,0.006053761442036661,0.4191769062982794
xacc_over_icapt,0.006052379986036426,0.006052379986036426,0.4192830533322981
oiadp_over_xsga_pd,0.006051081139331115,0.006051081139331115,0.41938286732529384
ebit_over_xsga_pd,0.006051081139331115,0.006051081139331115,0.41938286732529384
xidoc_d_over_at,-0.006045542869097278,0.006045542869097278,0.4198086300294956
capx_pd_minus_pd_at,-0.006044903037754652,0.006044903037754652,0.4198578343723354
xrent_d_over_seq,0.006044769959147261,0.006044769959147261,0.419868068815975
tlcf_over_mktcap_d,-0.006044007499819544,0.006044007499819544,0.4199267087677156
ao_over_lct_d,-0.006043961125137153,0.006043961125137153,0.4199302755514246
dpc_pd_minus_pd_seq,0.006043233389176194,0.006043233389176194,0.41998624973293514
mrc4_over_ceq,-0.006043059879278597,0.006043059879278597,0.4199995959821322
dltr_d_over_act,0.006039809939348295,0.006039809939348295,0.4202496249294626
txdc_d_over_seq,0.006036345901663687,0.006036345901663687,0.42051622137987993
cld5_d_over_ppent,0.0060359580700587384,0.0060359580700587384,0.42054607554082163
lct_over_mktcap_pd,0.00603583305367841,0.00603583305367841,0.42055569920725955
mrct_over_invt_d,0.006032422842684908,0.006032422842684908,0.4208182645411648
xrd_over_icapt_d,-0.0060301729345686814,0.0060301729345686814,0.4209915463409
ch_d_over_ppent,-0.006029137758916931,0.006029137758916931,0.42107128681573786
txdfo_over_emp_d,-0.006027746376780817,0.006027746376780817,0.4211784801452874
recco_over_sale,-0.006027269365874202,0.006027269365874202,0.4212152331792314
capxv_pd_minus_pd_at,-0.006020107840020716,0.006020107840020716,0.42176724504713475
lcox_over_invt_pd,-0.0060185598221761975,0.0060185598221761975,0.42188662230662377
mrc4_over_dltt_d,0.006014070763368639,0.006014070763368639,0.4222329134712523
seq_over_lt_pd,-0.00601321065293423,0.00601321065293423,0.42229928239044245
txpd_pd_minus_pd_act,0.006010169077314109,0.006010169077314109,0.42253402928535705
dvpa_over_ppent_d,-0.006004728776170518,0.006004728776170518,0.42295409890087676
pstkl_d_over_dltt,0.006003932456109905,0.006003932456109905,0.42301560678962125
dudd_over_xsga,-0.005998463052141958,0.005998463052141958,0.4234382059144514
wcap_over_cogs_d,0.005997920802898453,0.005997920802898453,0.42348011681698494
fopo_over_ppent_d,-0.005993039732613376,0.005993039732613376,0.4238574881202192
lo,0.005990114509341425,0.005990114509341425,0.4240837408055455
dltt_over_emp_d,-0.005989241836725675,0.005989241836725675,0.4241512517284518
gp_d_over_invt,-0.005988111806810855,0.005988111806810855,0.4242386814341213
am_pd_minus_pd_icapt,-0.005984224251713693,0.005984224251713693,0.4245395395941506
invwip_over_icapt_d,0.005984024289626427,0.005984024289626427,0.424555018045136
sstk_d_over_sale,0.0059811462127710765,0.0059811462127710765,0.4247778376673727
txt_pd_minus_pd_dltt,0.005979145835515171,0.005979145835515171,0.42493274635818007
xpr_over_invt_pd,-0.005978552149461779,0.005978552149461779,0.4249787276003541
dm_d_over_ceq,-0.005977222000715907,0.005977222000715907,0.4250817587471036
aoloch_d_over_emp,-0.005976267094430966,0.005976267094430966,0.4251557332216601
txdba_over_dltt,0.005974527584367727,0.005974527584367727,0.42529050853297085
ebit_pd_minus_pd_mktcap,0.005974295867256118,0.005974295867256118,0.42530846360061325
pstkl_d_over_xsga,-0.005973242950125671,0.005973242950125671,0.42539005658262974
txpd_over_ceq_pd,0.00596969215870634,0.00596969215870634,0.4256652829848696
ppent_over_xsga_d,0.005969141765996092,0.005969141765996092,0.4257079539321852
rect_over_ceq_d,0.0059689872949688265,0.0059689872949688265,0.42571993023905
apalch_over_seq,0.00596449568762642,0.00596449568762642,0.4260682554216393
txs_pd_minus_pd_mktcap,0.0059620323531878894,0.0059620323531878894,0.42625935814835775
xpr_over_lt_d,0.005961572080280575,0.005961572080280575,0.4262950711473951
gdwl_over_icapt_pd,-0.005959547406435404,0.005959547406435404,0.426452188177
am_d_over_lct,0.005955140835297136,0.005955140835297136,0.4267942598840592
mrc5_over_lct_d,0.005952994025308604,0.005952994025308604,0.42696096959333263
ivncf_over_sale,-0.005952457020003316,0.005952457020003316,0.42700267646777196
ivao_d_over_ppent,0.005951144780923891,0.005951144780923891,0.42710460237747594
ivaeq,0.0059491197696244415,0.0059491197696244415,0.42726191945542785
pstkr_d_over_xsga,-0.00594882998395298,0.00594882998395298,0.42728443479907596
sppe_over_lt_d,-0.0059423787664111116,0.0059423787664111116,0.42778585101093236
txdfed_over_ceq,0.005940811714288121,0.005940811714288121,0.4279077006946428
itcb_over_sale,-0.005940558680464119,0.005940558680464119,0.427927377806504
xacc_over_emp,-0.005937635395350365,0.005937635395350365,0.42815474452944946
itcb_d_over_ceq,0.005935977778180374,0.005935977778180374,0.4282837015950602
chech_over_lt,-0.005935972989450783,0.005935972989450783,0.4282840741749326
mrc2_pd_minus_pd_sale,0.005935268135358028,0.005935268135358028,0.42833891633830223
seq_over_ceq,-0.005934178151303484,0.005934178151303484,0.4284237321235312
pstk_over_ceq,-0.005934178151303456,0.005934178151303456,0.4284237321235511
aqc_over_at_d,-0.0059311747630691036,0.0059311747630691036,0.42865748767481887
txc_over_xsga_pd,0.005930722476342437,0.005930722476342437,0.42869269585370945
txc_over_ceq,0.005930065397409803,0.005930065397409803,0.4287438490414087
oancf_over_sale_d,0.005929862334169663,0.005929862334169663,0.42875965810673305
txs_pd_minus_pd_emp,0.0059286567874995005,0.0059286567874995005,0.42885352040990826
exre_over_cogs,-0.005928301495895699,0.005928301495895699,0.42888118523351143
dd,0.005927259710839468,0.005927259710839468,0.4289623099343585
acox_pd_minus_pd_xsga,0.005921622640490759,0.005921622640490759,0.42940142817402316
idit_over_mktcap,0.005920232836789356,0.005920232836789356,0.42950973165417683
txc_over_seq,0.0059180645663731105,0.0059180645663731105,0.429678730539165
intan_d_over_sale,-0.005917926227259293,0.005917926227259293,0.4296895142484648
aoloch_over_sale_d,-0.005913606910972842,0.005913606910972842,0.4300262895020285
aco_d_over_ceq,-0.005912894705373679,0.005912894705373679,0.43008183458484495
chech_over_cogs_d,-0.005911992953651911,0.005911992953651911,0.430152168390154
txach_over_sale,0.00590844504343617,0.00590844504343617,0.43042895906891676
ceq_over_seq_d,0.005908423303361486,0.005908423303361486,0.4304306554422506
pstk_over_seq_d,-0.005908422517773713,0.005908422517773713,0.4304307167415691
ivao_d_over_lt,0.005908042201415484,0.005908042201415484,0.4304603933749946
dm_over_ceq_d,-0.005906762670530448,0.005906762670530448,0.4305602457309635
prstkc_over_cogs_d,0.0059041277067673386,0.0059041277067673386,0.4307659160345698
dm_over_icapt_d,-0.00590062405022191,0.00590062405022191,0.4310394798190865
recch_d_over_dltt,-0.0059000924867023685,0.0059000924867023685,0.4310809928386442
np_over_at_d,0.00589891834187281,0.00589891834187281,0.431172697146652
xpr_over_at_d,0.005891324283127185,0.005891324283127185,0.4317660895114799
pstk_over_act_d,-0.005890534531444044,0.005890534531444044,0.4318278270919054
dclo_over_mktcap_d,-0.005890507860582396,0.005890507860582396,0.43182991213330657
sppe_over_ceq_d,0.005890449412999782,0.005890449412999782,0.43183448139605907
lco_pd_minus_pd_invt,0.005883273667718262,0.005883273667718262,0.432395673182333
aco_over_seq_d,-0.005876941099029322,0.005876941099029322,0.4328912734232584
tstk_d_over_ceq,-0.005874205367898068,0.005874205367898068,0.43310547916939013
dd4_d_over_at,0.0058741247708758975,0.0058741247708758975,0.4331117907869987
xacc_pd_minus_pd_cogs,0.0058727983154736076,0.0058727983154736076,0.43321567421942325
ch_pd_minus_pd_lct,-0.005869186924823345,0.005869186924823345,0.43349857895947314
lcox_d_over_ppent,-0.005865425135847923,0.005865425135847923,0.4337933789809346
mrct_pd_minus_pd_icapt,0.005864741901673838,0.005864741901673838,0.43384693440820477
txs_pd_minus_pd_ppent,0.005863949860756216,0.005863949860756216,0.4339090234532708
sppiv_over_mktcap,-0.005863124206799756,0.005863124206799756,0.43397375293175766
dxd2,-0.005862016496399762,0.005862016496399762,0.43406060378808914
txo_d_over_sale,-0.0058599618861557776,0.0058599618861557776,0.4342217236184718
dltp_over_mktcap_d,-0.005852624102231476,0.005852624102231476,0.43479742494320106
txdba_over_at_d,-0.005852542855243608,0.005852542855243608,0.43480380181271205
aoloch_over_act_d,-0.005850890233991644,0.005850890233991644,0.4349335235718147
fincf_over_mktcap_d,0.005849315372092866,0.005849315372092866,0.43505716243093173
ceqt_over_cogs_pd,-0.0058449613500740905,0.0058449613500740905,0.4353990924347634
esubc_over_sale_d,0.005843135285843342,0.005843135285843342,0.4355425430217174
acox_pd_minus_pd_lct,0.005842598744253639,0.005842598744253639,0.43558469743550216
mib_over_sale_d,-0.005838901143787876,0.005838901143787876,0.4358752704545133
gp_pd,0.005838036091899711,0.005838036091899711,0.4359432660037916
chech_over_seq,-0.005837898242444678,0.005837898242444678,0.43595410192956274
esub_d_over_invt,0.005837612917258039,0.005837612917258039,0.43597653096672134
caps_pd_minus_pd_at,0.005836416452516889,0.005836416452516889,0.43607059072767396
mrc5_over_xsga_pd,-0.0058326644453687935,0.0058326644453687935,0.43636562962980907
fatp,0.005830722087993121,0.005830722087993121,0.436518411985171
dlc_d_over_act,0.005828913541799416,0.005828913541799416,0.43666069669550384
dpc_over_lt_pd,0.00582643579479725,0.00582643579479725,0.4368556731597297
emp_d_over_seq,-0.005820405968263361,0.005820405968263361,0.4373303758381747
pstkl_d_over_lct,0.005819020261687407,0.005819020261687407,0.43743950858079017
ppeveb_over_at_pd,0.005810820889557756,0.005810820889557756,0.4380855791875697
dpc_over_lct_pd,-0.005808370642644879,0.005808370642644879,0.43827875314800036
txpd_over_mktcap_pd,0.00580656417179333,0.00580656417179333,0.43842120408027696
msa_over_ppent,-0.0058037402619917425,0.0058037402619917425,0.4386439394126436
xidoc_d_over_xsga,-0.005803021476135627,0.005803021476135627,0.43870064388665725
txc_over_act_pd,0.005802807164061675,0.005802807164061675,0.43871755161962045
lo_d_over_mktcap,0.005801139781808272,0.005801139781808272,0.43884910927757387
aoloch_over_cogs,0.005799636064051591,0.005799636064051591,0.4389677731230736
recta_d_over_emp,0.005798224685192613,0.005798224685192613,0.4390791669360182
esopct_over_xsga_d,0.005794796028333715,0.005794796028333715,0.43934984308345
sstk_over_icapt_d,0.005790338082729288,0.005790338082729288,0.4397019199014415
mrc5_over_ppent_d,-0.00578989455568477,0.00578989455568477,0.4397369573549166
oiadp_over_lt_pd,0.0057894495306649845,0.0057894495306649845,0.4397721147547364
dlto_pd_minus_pd_lct,-0.005787948334135065,0.005787948334135065,0.43989072260571654
am_over_seq_d,0.0057846281188821385,0.0057846281188821385,0.4401531142609484
ivaeq_d_over_lct,-0.0057808664594161795,0.0057808664594161795,0.4404505010378928
xi_d_over_ceq,0.005779978421284277,0.005779978421284277,0.4405207237726706
ivstch_over_lct,0.005778202066909741,0.005778202066909741,0.4406612104944284
act_d_over_mktcap,0.005777800312651311,0.005777800312651311,0.4406929876356936
intpn_over_invt,-0.005773489626865058,0.005773489626865058,0.44103402814057097
ni_over_emp_d,0.00577150960331528,0.00577150960331528,0.4411907286473737
ch_over_seq_d,-0.005771100061006703,0.005771100061006703,0.44122314410447877
txdfo_over_invt_d,-0.005769370518337072,0.005769370518337072,0.4413600532271242
ch_over_xsga_pd,-0.005766180169762287,0.005766180169762287,0.44161266232530555
dlc_over_dltt_pd,0.005765225939013059,0.005765225939013059,0.44168823358758325
np_over_dltt,0.005763553224418195,0.005763553224418195,0.44182072376250137
aoloch_d_over_lct,-0.005762399263277798,0.005762399263277798,0.4419121384559735
spi_over_dltt,0.005761058204995204,0.005761058204995204,0.4420183882428149
che_over_xsga_pd,-0.005761009916744203,0.005761009916744203,0.44202221431218636
emp_over_icapt_pd,0.005760828267416705,0.005760828267416705,0.44203660727760835
cstk_pd_minus_pd_ppent,-0.005760683780343536,0.005760683780343536,0.4420480558872268
chech_pd_minus_pd_lct,-0.005758319893225278,0.005758319893225278,0.44223538546458013
ppeveb_over_sale_d,-0.005756538952450578,0.005756538952450578,0.44237654862906967
cld3_over_seq_d,-0.005754352542871247,0.005754352542871247,0.4425498858124887
fatl,-0.005752040581839609,0.005752040581839609,0.4427332188829492
mrc5_over_cogs_d,-0.005750717845098018,0.005750717845098018,0.4428381283216007
dp_pd_minus_pd_ceq,0.005750429068532102,0.005750429068532102,0.4428610337769028
diladj_d_over_cogs,-0.005747662493040257,0.005747662493040257,0.4430805099778686
reuna_over_dltt_d,0.0057432181488866925,0.0057432181488866925,0.4434332159668808
sale_over_lct_d,0.005743001847857209,0.005743001847857209,0.44345038584686974
revt_over_lct_d,0.005743001847857209,0.005743001847857209,0.44345038584686974
sstk_over_ppent_pd,-0.005741253678814896,0.005741253678814896,0.4435891686702436
ppegt_over_at_pd,0.0057403276036456785,0.0057403276036456785,0.44366269754197346
recch_over_sale_d,-0.00573859555066239,0.00573859555066239,0.4438002384326119
ppent_over_lct_pd,-0.005736829248634698,0.005736829248634698,0.44394052408374973
rectr_pd_minus_pd_seq,-0.0057337825748615835,0.0057337825748615835,0.44418256065663814
ao_d_over_lt,-0.005733606893764315,0.005733606893764315,0.44419651956730555
mrc1_d_over_icapt,-0.005733175103747091,0.005733175103747091,0.4442308289225928
xint_over_invt,-0.005732095873269514,0.005732095873269514,0.44431658949214836
lo_pd_minus_pd_at,0.005731721552984469,0.005731721552984469,0.4443463368937037
txds_over_ceq_d,0.00573096400548724,0.00573096400548724,0.44440654301167726
itci_d_over_act,-0.005727615875786172,0.005727615875786172,0.4446726914974703
ivstch_over_lt,0.005727570956529898,0.005727570956529898,0.44467626282302186
dlto_over_sale_pd,-0.005727234628407158,0.005727234628407158,0.4447030032606032
xrd_over_mktcap_pd,0.0057270731366608225,0.0057270731366608225,0.44471584330962755
np_over_ppent_d,-0.0057257740885727874,0.0057257740885727874,0.4448191370300777
txds_over_invt,-0.005715426923058355,0.005715426923058355,0.4456423795899013
invch_d_over_act,-0.005713877611701219,0.005713877611701219,0.4457657207829254
gdwl_pd_minus_pd_icapt,-0.005713715677529939,0.005713715677529939,0.4457786135386231
txds_over_seq_d,0.0057111594646551715,0.0057111594646551715,0.4459821603545172
prstkc_over_lct_d,0.005710512230958177,0.005710512230958177,0.4460337068523532
ceq_d_over_lct,-0.0057104790375149764,0.0057104790375149764,0.44603635051097323
mrc4_over_invt_d,0.005709746638153675,0.005709746638153675,0.44609468399679936
xido_over_icapt,0.005706925725700409,0.005706925725700409,0.4463194020795942
lcox_d_over_dltt,-0.005700390812309225,0.005700390812309225,0.4468402304856986
sppiv_over_at,-0.0057001155496596715,0.0057001155496596715,0.4468621763285744
dxd2_over_cogs,-0.005698676554368948,0.005698676554368948,0.44697691296993425
ebit_over_lt_pd,0.005697596555124035,0.005697596555124035,0.44706303647935447
chech_d_over_sale,-0.005696962489892461,0.005696962489892461,0.44711360380307946
xpr_over_act_d,0.005693597974069859,0.005693597974069859,0.44738198165575266
txdb_over_emp_pd,-0.0056929476579632545,0.0056929476579632545,0.4474338660807634
txach_over_ppent_d,0.005689048118157291,0.005689048118157291,0.447745056339502
txdc_d_over_dltt,-0.005685482417348042,0.005685482417348042,0.44802971326553426
invch_over_at,0.005684684157888936,0.005684684157888936,0.44809345397286904
ppegt_over_sale_d,-0.005684405857111797,0.005684405857111797,0.4481156773925884
dm_over_dltt_d,0.005682668954752732,0.005682668954752732,0.44825439007317963
lcoxdr,-0.005681948509465282,0.005681948509465282,0.44831193350539533
txdi_over_ceq,0.005670729770794497,0.005670729770794497,0.4492085380906556
itcb_d_over_invt,0.0056704891453096574,0.0056704891453096574,0.44922778007915637
act,-0.005670440748103469,0.005670440748103469,0.44923165029297385
txdb,0.005667985916613977,0.005667985916613977,0.4494279823558575
ceql_over_act_pd,0.005667352141351256,0.005667352141351256,0.44947867821933507
mrc4_pd_minus_pd_ppent,-0.005666574465518541,0.005666574465518541,0.4495408891607596
emp_over_dltt_pd,0.005666424093125362,0.005666424093125362,0.44955291891115917
fopo_over_at_d,0.005665184531141294,0.005665184531141294,0.4496520904850384
dd5_d_over_lct,0.00566478080074362,0.00566478080074362,0.44968439374890173
dp_pd_minus_pd_ppent,0.005664139678843935,0.005664139678843935,0.44973569387744355
fatb_d_over_at,-0.005662972189027339,0.005662972189027339,0.449829120479171
fopo_over_seq_d,-0.005656862542831963,0.005656862542831963,0.4503182150230828
itcb_over_invt_d,0.00565477088919143,0.00565477088919143,0.45048572703381273
ibcom_over_act_d,0.005648120314241429,0.005648120314241429,0.4510185788838422
np_d_over_xsga,0.005647892119186652,0.005647892119186652,0.4510368684662862
cld5_over_sale,-0.0056450484186208435,0.0056450484186208435,0.4512648231410422
txs_over_act,-0.005641562518330822,0.005641562518330822,0.45154434627264484
siv_over_lct_d,-0.005640352999847102,0.005640352999847102,0.45164135654854515
dvc_over_ceq,-0.0056402246379817535,0.0056402246379817535,0.4516516525934639
ch_over_act_d,-0.005638427813024818,0.005638427813024818,0.4517957918120655
lo_over_invt,-0.005638370763136417,0.005638370763136417,0.45180036871406387
cld2_over_icapt_d,-0.005637338905223265,0.005637338905223265,0.4518831553912016
esubc_d_over_xsga,0.0056360906452812025,0.0056360906452812025,0.4519833156151287
cstk_over_sale_d,-0.005631373695256834,0.005631373695256834,0.4523619163943344
mrc3_over_seq_d,-0.0056258334230390086,0.0056258334230390086,0.4528068289576307
revt_over_at_pd,0.005623709458504328,0.005623709458504328,0.4529774598161982
sale_over_at_pd,0.005623709458504328,0.005623709458504328,0.4529774598161982
txc_pd_minus_pd_at,0.005618097877413793,0.005618097877413793,0.45342844651910696
ivstch_over_at_d,0.0056158478658181995,0.0056158478658181995,0.4536093446412125
dlto_over_lct_pd,-0.00561324037624108,0.00561324037624108,0.45381903446732985
dltr_d_over_emp,0.005612492245691686,0.005612492245691686,0.4538792079303863
niadj_d_over_lt,0.005608971362520546,0.005608971362520546,0.45416245919843085
dd4_d_over_ceq,0.005608032405279417,0.005608032405279417,0.45423801412728043
mrc2_d_over_sale,-0.005607197427861209,0.005607197427861209,0.45430520807891217
msa_over_lt,-0.005606241929570082,0.005606241929570082,0.4543821076975304
mrc3_over_invt_pd,-0.005601358221709317,0.005601358221709317,0.4547752687611359
ivaco_over_act_d,-0.005599906356353631,0.005599906356353631,0.45489218757735106
dxd4_d_over_sale,0.0055984087771738,0.0055984087771738,0.4550128054666856
mrct_over_seq_d,-0.0055964777431315345,0.0055964777431315345,0.45516836122015847
xrent_pd_minus_pd_xsga,0.005593567488265483,0.005593567488265483,0.4554028553260576
fatc_over_icapt,0.005593540332952465,0.005593540332952465,0.4554050436885463
che_over_dltt_pd,-0.005587260465026651,0.005587260465026651,0.45591127770434065
itcb_over_seq_d,0.005586559124248645,0.005586559124248645,0.4559678339756839
recd_d_over_emp,0.005585400213807015,0.005585400213807015,0.4560612974104482
xint_pd_minus_pd_mktcap,-0.005585373183520476,0.005585373183520476,0.45606347746881964
txditc_pd_minus_pd_cogs,-0.005583613597711053,0.005583613597711053,0.456205404954051
recd_d_over_xsga,0.005581857268328966,0.005581857268328966,0.45634709454014716
xsga_over_seq_d,0.0055768913194408284,0.0055768913194408284,0.45674784983918426
msa_over_emp,-0.005570086830828292,0.005570086830828292,0.45729729747850595
dlto_over_seq_d,-0.005568902290633628,0.005568902290633628,0.45739298443391263
nopi_over_seq,0.005568734324047544,0.005568734324047544,0.45740655365610267
pstkr_over_at,-0.005566193142819987,0.005566193142819987,0.4576118711830982
idit_d_over_lct,-0.005565554595889338,0.005565554595889338,0.45766347141462027
dxd5_d_over_act,-0.005564928745602392,0.005564928745602392,0.4577140488139239
ch_over_lct_pd,-0.0055612395598224834,0.0055612395598224834,0.45801225002222556
txo_over_ppent_d,-0.005560891802254957,0.005560891802254957,0.45804036529395187
dudd_over_invt,0.005560270789725443,0.005560270789725443,0.4580905749086159
itci_over_seq_d,-0.005559403068138305,0.005559403068138305,0.4581607364198012
recco_over_emp_d,0.005557337015368163,0.005557337015368163,0.45832781585698745
dd1_over_dltt_pd,0.005557293073829337,0.005557293073829337,0.45833136973241556
dxd4_d_over_ppent,0.005556525324516471,0.005556525324516471,0.4583934657596652
sstk_over_lct_pd,-0.005555387522420622,0.005555387522420622,0.4584855005546492
dvt_over_ceq,-0.005555158422621431,0.005555158422621431,0.45850403328434247
txpd_over_emp_pd,0.005553394871623374,0.005553394871623374,0.45864670750357733
mrc2_d_over_act,-0.005553270404114972,0.005553270404114972,0.45865677807286237
lo_d_over_seq,0.0055504536553800474,0.0055504536553800474,0.4588847121614746
mrc3_over_seq,-0.005549947368464863,0.005549947368464863,0.4589256881276488
txdb_d_over_ppent,0.005548565484893816,0.005548565484893816,0.45903754031214883
xacc_over_cogs_pd,-0.005546965681776603,0.005546965681776603,0.4591670503781955
nopi_over_icapt,-0.005545477869551582,0.005545477869551582,0.4592875127287071
xido_over_ceq,0.005544209543874136,0.005544209543874136,0.4593902180850695
sppiv_over_ceq,-0.005543926993526753,0.005543926993526753,0.4594130999492453
xacc_pd_minus_pd_emp,0.0055424542465336655,0.0055424542465336655,0.459532378218046
dlcch_over_emp,0.0055422023826803765,0.0055422023826803765,0.4595527784914555
invt_over_sale_pd,-0.005542104088188513,0.005542104088188513,0.4595607402101619
ivch_over_xsga_d,-0.005541872861132542,0.005541872861132542,0.4595794695883557
dp_pd,-0.005531248118871303,0.005531248118871303,0.46044053394881523
xint_over_lct,0.005527166937582141,0.005527166937582141,0.46077152612279726
dxd5_d_over_ppent,0.005524275944570501,0.005524275944570501,0.46100607204994437
txndb_d_over_seq,-0.005523579022736799,0.005523579022736799,0.4610626232171143
exre_over_emp,-0.00552327718282339,0.00552327718282339,0.4610871169795588
txndba_over_emp_pd,0.00552222507164145,0.00552222507164145,0.46117249958138334
recd_over_seq_d,-0.005519721991809655,0.005519721991809655,0.4613756690083302
xsga_over_lct_pd,-0.005519535264088387,0.005519535264088387,0.4613908272863197
itcb_over_cogs,-0.005519025474961193,0.005519025474961193,0.46143221262398904
dltr_over_mktcap_pd,0.005514366762429097,0.005514366762429097,0.46181050894686176
txndbl_pd_minus_pd_lct,0.005514295340302852,0.005514295340302852,0.46181630990674066
dc_d_over_lct,-0.005512796041685622,0.005512796041685622,0.46193809348095527
txditc_d_over_ppent,0.005511261298645972,0.005511261298645972,0.46206277466601914
donr_d_over_mktcap,0.005508685077349496,0.005508685077349496,0.4622721068551486
xpr_over_dltt,-0.0055080825763924824,0.0055080825763924824,0.4623210710147125
dcvsr,-0.00550793571302167,0.00550793571302167,0.4623330067729986
itci_d_over_mktcap,0.00550688779128841,0.00550688779128841,0.4624181775904028
invo_over_icapt_d,0.005506871627311585,0.005506871627311585,0.46241949140126304
dd2,-0.0055068070710110805,0.0055068070710110805,0.46242473856938704
invt_d_over_dltt,0.005506226935631847,0.005506226935631847,0.4624718937512456
dpvieb_pd_minus_pd_sale,0.005505253710016006,0.005505253710016006,0.46255100653660736
xrent_over_act_pd,0.005505143903206406,0.005505143903206406,0.46255993312425503
dvt_d_over_ppent,-0.005505122789433519,0.005505122789433519,0.46256164954923457
dpvieb_over_seq_pd,-0.005504277782551482,0.005504277782551482,0.4626303465327885
txpd_over_xsga,0.005504055696196474,0.005504055696196474,0.4626484025520684
txs_over_ppent_pd,0.005499558765454342,0.005499558765454342,0.46301409563116513
am_d_over_at,0.005499022378917907,0.005499022378917907,0.4630577256565224
txs_over_icapt_pd,0.005498032258522557,0.005498032258522557,0.46313826870451436
ao_d_over_ceq,-0.0054979838254436576,0.0054979838254436576,0.4631422087769942
xint_over_act_d,0.005497413649521141,0.005497413649521141,0.46318859448159266
lct_over_at,0.005497389540522105,0.005497389540522105,0.46319055588575725
xacc_pd_minus_pd_invt,0.005492610553530024,0.005492610553530024,0.4635794450446772
oiadp_pd_minus_pd_lct,0.0054913807249722685,0.0054913807249722685,0.46367955152688095
revt_d_over_lt,-0.005489995065340977,0.005489995065340977,0.4637923568843924
sale_d_over_lt,-0.005489995065340977,0.005489995065340977,0.4637923568843924
txndbl_pd_minus_pd_at,0.005486873352420323,0.005486873352420323,0.464046548836531
cstkcv_pd_minus_pd_sale,0.0054829853807149345,0.0054829853807149345,0.4643632434232475
fiao_over_act_d,0.005482831797273896,0.005482831797273896,0.46437575602548575
caps_over_cogs_d,-0.005481141513789128,0.005481141513789128,0.4645134775686486
sppe_over_seq_d,0.005477621846868729,0.005477621846868729,0.464800327206303
txditc,0.005475854840523724,0.005475854840523724,0.4649443737460062
sale_over_dltt,-0.0054743299434285445,0.0054743299434285445,0.4650687034670398
revt_over_dltt,-0.0054743299434285445,0.0054743299434285445,0.4650687034670398
xido_over_icapt_d,-0.00547342152066494,0.00547342152066494,0.46514277885570116
pstkr_over_ppent_d,0.005472591947398257,0.005472591947398257,0.4652104303605201
xint_d_over_cogs,0.005471646126884016,0.005471646126884016,0.4652875684735037
fincf_over_emp_d,0.005471601129616225,0.005471601129616225,0.46529123848469556
txdbca_d_over_ceq,-0.005471525914383541,0.005471525914383541,0.4652973731318949
xidoc_over_seq_d,-0.005471302724820609,0.005471302724820609,0.4653155770126892
ap_pd_minus_pd_icapt,-0.00546963036493411,0.00546963036493411,0.4654519913260852
txt_pd_minus_pd_lt,0.005468912488214118,0.005468912488214118,0.46551055531142843
invch_over_mktcap,-0.005465502055878893,0.005465502055878893,0.4657888324165585
mrc3_over_at_pd,0.005464875329546898,0.005464875329546898,0.4658399807292861
aoloch_over_icapt_d,0.005462035909673107,0.005462035909673107,0.46607175019580294
cstk_over_invt_pd,-0.005459439609866362,0.005459439609866362,0.4662837308591121
lco_pd_minus_pd_ppent,0.005457839921792974,0.005457839921792974,0.4664143675867996
invt_over_cogs,-0.0054575470713112695,0.0054575470713112695,0.4664382850916785
pi_over_at_d,0.005456152712038509,0.005456152712038509,0.4665521736825458
txc_pd_minus_pd_icapt,0.0054550191957904205,0.0054550191957904205,0.4666447684854012
fato_d_over_emp,-0.005453747238516273,0.005453747238516273,0.46674868441386336
loxdr,0.005453607599065848,0.005453607599065848,0.46676009341173
dv_over_seq_d,0.005451298109803311,0.005451298109803311,0.4669488086433968
lo_pd_minus_pd_xsga,0.005449643553460442,0.005449643553460442,0.46708403337430693
mrc3_over_ceq_d,-0.005448557551586631,0.005448557551586631,0.46717280269363787
recch_over_invt_d,0.005444719728486188,0.005444719728486188,0.4674865796065272
dpc_over_dltt_pd,0.005442760306150478,0.005442760306150478,0.46764682521916606
cld3_over_seq,0.005442599768115373,0.005442599768115373,0.46765995570077
xacc_d_over_sale,-0.005439123332026655,0.005439123332026655,0.467944345154756
txo_over_sale,-0.0054376639162101535,0.0054376639162101535,0.4680637610404215
mrc3_pd_minus_pd_ppent,0.005437192769099513,0.005437192769099513,0.4681023159936517
mrc5_pd_minus_pd_cogs,-0.00543692533417644,0.00543692533417644,0.46812420153509654
cld5_over_act_d,0.005436810945176422,0.005436810945176422,0.4681335627338726
exre_over_emp_d,-0.005436269241957445,0.005436269241957445,0.46817789525318354
cstk_over_invt,-0.005435547540568091,0.005435547540568091,0.4682369622776418
che_over_at_pd,0.005435199346080542,0.005435199346080542,0.4682654614291445
rect_over_seq_d,0.0054294453301312745,0.0054294453301312745,0.4687365573102423
msa_over_icapt,-0.005423962691200294,0.005423962691200294,0.4691856787563827
txds_d_over_xsga,0.005423924489468881,0.005423924489468881,0.46918880896306125
ebit_pd_minus_pd_lct,0.005423282880496318,0.005423282880496318,0.46924138340277916
ivstch_d_over_dltt,0.005423190941759765,0.005423190941759765,0.4692489172730644
caps_pd_minus_pd_seq,0.005421296125660063,0.005421296125660063,0.46940420185264453
fiao_d_over_ppent,-0.005421004539942816,0.005421004539942816,0.46942810050146533
dxd3_d_over_ppent,-0.005414133809724702,0.005414133809724702,0.4699914268606384
dvc_d_over_ppent,-0.005413439472662672,0.005413439472662672,0.4700483758403546
dclo_over_xsga_d,-0.005410662887881827,0.005410662887881827,0.470276147236405
dd3_d_over_ceq,-0.005409035273098833,0.005409035273098833,0.4704096935845987
cld2_over_ceq,0.005406794044397659,0.005406794044397659,0.47059362142849315
xi_over_ceq,0.005404291744351093,0.005404291744351093,0.47079902115251043
diladj_d_over_mktcap,0.0054030827013640224,0.0054030827013640224,0.4708982824101139
cstk_over_emp,-0.005399165769904525,0.005399165769904525,0.47121993798142814
txr_over_icapt_d,-0.005398987126681283,0.005398987126681283,0.47123461092241914
ao_over_at,-0.005395351344380427,0.005395351344380427,0.47153329227604907
txndbl_over_cogs_pd,0.005392981531214845,0.005392981531214845,0.4717280298001562
lct_over_invt_d,0.005390825134492894,0.005390825134492894,0.4719052685115606
aco_over_mktcap_d,-0.0053895570763969865,0.0053895570763969865,0.47200950996452534
gp_over_cogs_pd,0.005388048819741657,0.005388048819741657,0.4721335135981795
dlc_over_invt_pd,-0.005386165890831936,0.005386165890831936,0.47228834667132713
dd1_over_xsga_d,-0.005384918026067061,0.005384918026067061,0.47239097388490636
dlto_d_over_sale,0.00538399262778264,0.00538399262778264,0.4724670886579878
rea_over_lct_d,0.0053832041631797336,0.0053832041631797336,0.4725319458507814
lifr_over_sale_d,0.005381767268751793,0.005381767268751793,0.47265015392061543
am_over_lt_d,-0.005378880122262565,0.005378880122262565,0.47288771815549974
tstkc_d_over_ceq,-0.005375740849696502,0.005375740849696502,0.4731461027403463
pstkr_over_lt,-0.005372542218273089,0.005372542218273089,0.47340945285656494
fatb_d_over_ceq,-0.005369248286629947,0.005369248286629947,0.4736807334774814
seq_over_lt_d,0.0053689893026700845,0.0053689893026700845,0.4737020664232417
cld2_d_over_xsga,-0.0053671307539526585,0.0053671307539526585,0.4738551737127029
esub_over_mktcap_d,-0.00536548982872212,0.00536548982872212,0.47399037578106945
ppent_over_at_pd,0.005365095449860989,0.005365095449860989,0.47402287331452403
oancf_over_xsga_d,0.005362839583194176,0.005362839583194176,0.47420878435074554
dclo_d_over_invt,0.005362187633840755,0.005362187633840755,0.4742625204212985
chech,-0.005361867382110849,0.005361867382110849,0.47428891797539957
pstkr_d_over_at,0.00536046200598111,0.00536046200598111,0.47440476917930274
recco_d_over_sale,0.0053595487872619115,0.0053595487872619115,0.4744800580602814
pstkl_d_over_lt,0.005358601695596653,0.005358601695596653,0.4745581464745497
recd_d_over_seq,0.005358589489943177,0.005358589489943177,0.4745591528858392
nopi_d_over_lt,0.005357712026486158,0.005357712026486158,0.4746315067846685
dd4_over_ceq_d,0.005357664646259913,0.005357664646259913,0.4746354138366455
txc_pd_minus_pd_seq,0.005357098592370028,0.005357098592370028,0.4746820929444101
oancf_over_ceq_d,0.005349440716168411,0.005349440716168411,0.47531384024194234
nopio_over_icapt_d,0.005349006915320813,0.005349006915320813,0.4753496410545725
xacc_d_over_at,0.005347912213434422,0.005347912213434422,0.47543999143116267
dd5_d_over_lt,0.005346433089167981,0.005346433089167981,0.475562084773914
cstkcv_over_xsga_pd,0.005344514629422113,0.005344514629422113,0.4757204683879993
reajo_d_over_act,0.005344512054461182,0.005344512054461182,0.47572068099027637
dd5_over_icapt_d,0.005343159179217767,0.005343159179217767,0.47583238866685273
dm_d_over_lct,-0.00534237996944927,0.00534237996944927,0.4758967349858938
recta_over_lct_d,0.0053411524984012535,0.0053411524984012535,0.4759981079226294
dv_d_over_sale,-0.005337699341928338,0.005337699341928338,0.47628335662837074
txndba_pd_minus_pd_lct,0.005336030588333121,0.005336030588333121,0.4764212379253467
dd3_d_over_seq,-0.00533295970092784,0.00533295970092784,0.4766750281101228
cld3_over_lct,-0.0053319994688934514,0.0053319994688934514,0.47675440064544045
nopi_over_dltt_d,0.005322853320990958,0.005322853320990958,0.4775107815415973
dcpstk_over_dltt_d,-0.0053228043637703545,0.0053228043637703545,0.4775148320396705
txndb_over_ppent_d,-0.005320502485017621,0.005320502485017621,0.47770530024791397
recd_over_dltt_pd,-0.005318790591771418,0.005318790591771418,0.47784697723299985
ch_pd_minus_pd_sale,-0.005316014454044107,0.005316014454044107,0.478076780358228
fiao_d_over_ceq,0.005313524689214094,0.005313524689214094,0.4782829294819223
mrct_over_ceq,-0.0053060017272902795,0.0053060017272902795,0.478906115481681
xido_d_over_lt,-0.00530520442415012,0.00530520442415012,0.4789721883352381
cstk_over_icapt_pd,-0.005303949314920265,0.005303949314920265,0.479076209859392
xido_over_seq,0.005302108962189569,0.005302108962189569,0.4792287577618912
xrd,-0.005298885428787044,0.005298885428787044,0.4794960221863993
mrc1_d_over_act,-0.005298545239761025,0.005298545239761025,0.4795242321358013
txdba_over_lct_d,-0.005294979789502359,0.005294979789502359,0.47981994920397764
dlto_over_xsga_d,-0.005294843705220928,0.005294843705220928,0.47983123795182964
dpact_pd_minus_pd_invt,0.00529399261095663,0.00529399261095663,0.479901842988362
lct_d_over_invt,0.005289980864825043,0.005289980864825043,0.480234725504476
xacc_over_cogs_d,-0.005283804074740939,0.005283804074740939,0.48074750276847816
ivao_over_mktcap,0.00528224490757999,0.00528224490757999,0.4808769869415552
lco_over_lct_pd,0.005281081550538774,0.005281081550538774,0.480973612638328
xi_over_mktcap,-0.005280649200980848,0.005280649200980848,0.48100952526912066
xsga_d_over_mktcap,-0.005280435642235589,0.005280435642235589,0.481027264825334
apalch_over_sale,0.005276257354377799,0.005276257354377799,0.4813744118103543
lcox_d_over_icapt,-0.005274356803786072,0.005274356803786072,0.48153236140214845
dclo_d_over_act,-0.005271511855954038,0.005271511855954038,0.4817688499719113
cld2_over_mktcap_d,-0.005270749776769063,0.005270749776769063,0.4818322091416995
gdwl_d_over_xsga,-0.005269715503966387,0.005269715503966387,0.4819182057042074
ibc_over_invt_d,-0.005269240073449723,0.005269240073449723,0.48195773907125866
gdwl_over_mktcap_pd,-0.005266502993459826,0.005266502993459826,0.4821853691684636
idit_over_lt_d,0.00526624004464939,0.00526624004464939,0.482207240463746
dvc_over_emp,0.00526591317343906,0.00526591317343906,0.4822344293849164
dclo,-0.005264165016153526,0.005264165016153526,0.4823798540444877
spi_d_over_emp,-0.00526391448466452,0.00526391448466452,0.4824006970602369
mrct_d_over_seq,-0.005261393542365824,0.005261393542365824,0.4826104545827656
dlto_over_lt_d,-0.005259474910086503,0.005259474910086503,0.4827701295028679
xrent_pd_minus_pd_sale,0.005254096078220669,0.005254096078220669,0.4832179266328288
xidoc_d_over_act,-0.005253750430226342,0.005253750430226342,0.48324671013977966
aox,-0.005253512017430423,0.005253512017430423,0.4832665642803042
fopo_over_invt_pd,-0.0052533335758691065,0.0052533335758691065,0.48328142452678624
tstk_d_over_lt,-0.005252400230692317,0.005252400230692317,0.48335915563656545
txdba_over_xsga_d,-0.005251794687231081,0.005251794687231081,0.48340959030311
lse_over_lt_d,0.005251288024185874,0.005251288024185874,0.4834517915855865
at_over_lt_d,0.005251288024185874,0.005251288024185874,0.4834517915855865
do_over_sale,0.005250099832306576,0.005250099832306576,0.4835507670190558
dltp_over_at_d,0.00524987499667521,0.00524987499667521,0.48356949688449813
dltr_pd_minus_pd_invt,0.005245719115173208,0.005245719115173208,0.48391577223764937
invwip_d_over_emp,0.005244679411007893,0.005244679411007893,0.4840024232439247
invfg_over_cogs,-0.0052436181800326375,0.0052436181800326375,0.48409087701431786
fate_over_ppent_pd,0.005241894704428528,0.005241894704428528,0.4842345476556822
rectr_pd_minus_pd_ceq,-0.005240289814621038,0.005240289814621038,0.48436835365023045
txc_pd_minus_pd_lt,0.005239189063369893,0.005239189063369893,0.4844601392104962
cld5_over_seq,0.005237461796753875,0.005237461796753875,0.48460418542269434
dpvieb_over_icapt_pd,0.005237004518977826,0.005237004518977826,0.4846423242031322
mii_over_sale_d,0.00523558965066778,0.00523558965066778,0.48476034013339375
lo_pd_minus_pd_lt,0.005234049063656587,0.005234049063656587,0.4848888601214915
dp_over_lt,0.0052337618007285616,0.0052337618007285616,0.4849128264232106
dd4_over_at_d,0.005233415842018623,0.005233415842018623,0.4849416905566067
xopr_over_cogs_pd,-0.005229344273286293,0.005229344273286293,0.48528146084406515
fatc_over_invt,-0.005228602133001787,0.005228602133001787,0.48534340594779096
oiadp_pd_minus_pd_ceq,0.005225496045670389,0.005225496045670389,0.48560271186661996
cld2_d_over_lct,-0.005224658157623172,0.005224658157623172,0.4856726742282813
lco_over_lct_d,0.0052206018593627,0.0052206018593627,0.48601144598868334
sstk_over_mktcap_d,0.005219958690706435,0.005219958690706435,0.48606517354321893
txt_over_lt,0.005217119651568557,0.005217119651568557,0.48630237309085045
txpd_over_icapt_pd,0.005216462912664614,0.005216462912664614,0.48635725203518126
fopo_over_lct_d,0.005214840480319693,0.005214840480319693,0.4864928413821902
txndba_over_lct_d,0.0052145829789346865,0.0052145829789346865,0.48651436307618173
dxd3_d_over_act,-0.005214464835305048,0.005214464835305048,0.4865242375682802
fatb_d_over_xsga,-0.005214189985869486,0.005214189985869486,0.4865472100137945
itci_d_over_lct,-0.0052134543781162754,0.0052134543781162754,0.48660869641157933
txndbl_over_mktcap_d,-0.005209559917810585,0.005209559917810585,0.4869342881320767
dv_over_emp_d,-0.005208604719674812,0.005208604719674812,0.48701416430380046
mrc4_over_act_d,0.00520790279283701,0.00520790279283701,0.4870728657766786
mrc4_over_icapt_pd,-0.005204339479341321,0.005204339479341321,0.48737092122062875
intpn_over_dltt_pd,-0.005203413990935959,0.005203413990935959,0.4874483503455044
itcb_over_ceq,-0.005202802079624421,0.005202802079624421,0.48749954832033776
oiadp_pd_minus_pd_invt,0.005200519415062295,0.005200519415062295,0.4876905620669968
cogs_over_dltt_d,0.005198889914351421,0.005198889914351421,0.4878269436576967
esub_over_lct_d,-0.005198688595135244,0.005198688595135244,0.48784379456286414
ao_over_lt_d,-0.0051971072232067095,0.0051971072232067095,0.48797617013820416
txo_over_seq_d,-0.005195456416711846,0.005195456416711846,0.4881143787025134
txds_over_invt_d,-0.005195321237718802,0.005195321237718802,0.4881256970722043
dltis_d_over_ppent,-0.005192973574995273,0.005192973574995273,0.48832228653799153
donr_over_ppent,0.0051913649886456605,0.0051913649886456605,0.48845701158981153
ebit_pd_minus_pd_invt,0.005188016391751091,0.005188016391751091,0.4887375332152057
wcap_pd_minus_pd_ceq,-0.005187858702344423,0.005187858702344423,0.48875074545189134
itcb_over_lct,-0.00518745946288219,0.00518745946288219,0.4887841971723599
txdfed_over_seq,0.005182958046776162,0.005182958046776162,0.48916144993795324
dlto_over_at_d,-0.0051822499655859704,0.0051822499655859704,0.48922080677534013
do_over_dltt,0.005182245635146732,0.005182245635146732,0.489221169798167
txfed_over_ppent_d,0.005179453026868713,0.005179453026868713,0.48945530570831147
dlto_over_dltt_pd,0.005174587289465358,0.005174587289465358,0.4898633995392127
lt_pd_minus_pd_at,-0.005173073529587578,0.005173073529587578,0.48999039728701943
at_pd_minus_pd_lt,0.005173073529587569,0.005173073529587569,0.48999039728701943
lse_pd_minus_pd_lt,0.005173073529587569,0.005173073529587569,0.48999039728701943
fato_over_ceq_d,0.005172612167144568,0.005172612167144568,0.49002910707359326
txdba_over_ppent_d,-0.00516860882619625,0.00516860882619625,0.49036506925772566
txndba_pd_minus_pd_dltt,-0.005167097650286671,0.005167097650286671,0.49049192001451786
ivstch_over_sale_d,-0.005165600923582592,0.005165600923582592,0.4906175752660512
txdba_over_emp_d,-0.0051602500392471,0.0051602500392471,0.491066941504787
mrc4_pd_minus_pd_lct,-0.005159413474623258,0.005159413474623258,0.491137216020404
ivst_d_over_mktcap,0.005155595137615273,0.005155595137615273,0.4914580390011767
am_pd_minus_pd_seq,-0.005154879903650521,0.005154879903650521,0.4915181466491347
chech_over_ceq,-0.005154085355980851,0.005154085355980851,0.49158492437969237
chech_pd_minus_pd_seq,-0.005149100231038206,0.005149100231038206,0.4920040101354249
exre_over_ppent,-0.00514581261613484,0.00514581261613484,0.4922804957347569
txs_pd_minus_pd_ceq,0.005144540547825754,0.005144540547825754,0.49238749794363346
pstk_over_lct_d,0.005143662720605418,0.005143662720605418,0.4924613451584152
reajo_d_over_lt,-0.005143405776079754,0.005143405776079754,0.4924829617399595
mrc5_over_icapt_d,-0.005142862995367727,0.005142862995367727,0.49252862721259955
ceql,-0.005138906811508129,0.005138906811508129,0.49286153922370973
lo_pd_minus_pd_cogs,0.005137756611596603,0.005137756611596603,0.49295835091532697
ds_d_over_at,-0.0051351895626347965,0.0051351895626347965,0.493174454748875
invrm_d_over_sale,0.005118902362687546,0.005118902362687546,0.49454675397906644
intan_over_mktcap_pd,-0.005118115102801261,0.005118115102801261,0.4946131372685038
dltr_d_over_seq,0.005115977593482597,0.005115977593482597,0.494793400245307
xrent_over_seq_pd,-0.00511559006108131,0.00511559006108131,0.4948260858478524
at_d_over_mktcap,0.005115458141371977,0.005115458141371977,0.4948372126005857
lse_d_over_mktcap,0.005115458141371977,0.005115458141371977,0.4948372126005857
oiadp_pd_minus_pd_emp,0.005113463263172611,0.005113463263172611,0.49500548667016825
ao_d_over_mktcap,-0.005113026101193177,0.005113026101193177,0.4950423667020448
aqc_over_cogs_d,0.005108197301000538,0.005108197301000538,0.4954498334957351
cogs_pd,-0.005107051151512568,0.005107051151512568,0.49554657487843057
cogs_d_over_cogs,-0.005107051151512549,0.005107051151512549,0.49554657487843057
recd_over_lt_pd,0.005106125335717645,0.005106125335717645,0.4956247262361261
dvt_d_over_icapt,0.005103915616848472,0.005103915616848472,0.49581128294317567
dd3_d_over_ppent,-0.005103276221428342,0.005103276221428342,0.4958652712362099
xint_pd_minus_pd_icapt,-0.005102581190886404,0.005102581190886404,0.495923960720861
fatb_over_ppent_d,-0.005102227214736862,0.005102227214736862,0.4959538524545596
itcb_d_over_seq,0.005098980452135544,0.005098980452135544,0.49622807216220804
txdb_pd_minus_pd_cogs,-0.005097911532028404,0.005097911532028404,0.49631837023329
txds_d_over_icapt,0.005095368371114888,0.005095368371114888,0.4965332414589523
mii_d_over_dltt,0.005094119821642504,0.005094119821642504,0.4966387493362935
ebit_pd_minus_pd_ceq,0.005094103375632254,0.005094103375632254,0.49664013917564953
dm_d_over_seq,-0.005093277685934419,0.005093277685934419,0.49670992022587296
dltr_d_over_lt,0.005093182811474462,0.005093182811474462,0.4967179386326337
ch_over_dltt_pd,-0.005091134398372268,0.005091134398372268,0.49689107907174285
seq_d_over_invt,0.005089190113676459,0.005089190113676459,0.4970554478874437
invt_over_seq_d,0.005089055736901028,0.005089055736901028,0.49706680910017464
txdfo_over_lct_d,-0.005088958661542767,0.005088958661542767,0.49707501665954124
ppent_pd_minus_pd_seq,0.005085155677760933,0.005085155677760933,0.4973966093948119
seq_pd_minus_pd_ppent,-0.005085155677760926,0.005085155677760926,0.4973966093948119
fincf_d_over_mktcap,-0.005083152763891991,0.005083152763891991,0.49756602686786455
np_d_over_act,0.00508091524017487,0.00508091524017487,0.4977553252561843
ap_pd_minus_pd_at,-0.005079419680331979,0.005079419680331979,0.4978818735831286
txt_over_dltt_pd,0.005075672768844995,0.005075672768844995,0.49819899749929425
invt_over_dltt,0.005067550817625515,0.005067550817625515,0.4988867763459233
ivaco_d_over_lt,0.005067057624483586,0.005067057624483586,0.4989285569148475
dxd5_over_ppent_d,0.00506469716888698,0.00506469716888698,0.49912854727357453
ivst_d_over_cogs,0.005064192160622762,0.005064192160622762,0.4991713397904771
pstkr_over_cogs_d,-0.005061336026233203,0.005061336026233203,0.49941339464135653
recd_d_over_lct,0.005054764528557259,0.005054764528557259,0.4999705598274021
siv_d_over_act,-0.005054508931985334,0.005054508931985334,0.49999223727384834
fate_over_cogs_pd,-0.00505318999020683,0.00505318999020683,0.5001041062061573
fiao_over_lt_d,-0.0050527395061005665,0.0050527395061005665,0.5001423180430399
fato_d_over_sale,-0.005049722629900138,0.005049722629900138,0.50039826128277
chech_over_lt_pd,-0.005044653342921473,0.005044653342921473,0.5008284816020501
pstkc_d_over_sale,-0.005044165528137249,0.005044165528137249,0.5008698918111273
ivncf_over_at,-0.005043357943916316,0.005043357943916316,0.5009384509816552
xpr_pd_minus_pd_at,0.0050409325084161925,0.0050409325084161925,0.5011443861409889
ivstch_over_emp_d,0.005038843099286738,0.005038843099286738,0.5013218264399107
lo_over_icapt_pd,0.005038701996652018,0.005038701996652018,0.5013338105932805
pi_over_lt_d,-0.00503793431475808,0.00503793431475808,0.5013990141427306
dvc_over_seq,-0.0050374958084606555,0.0050374958084606555,0.5014362609688581
xido_d_over_dltt,-0.005036009446428515,0.005036009446428515,0.5015625238021328
am_over_mktcap_d,0.005034469163135952,0.005034469163135952,0.5016933848723363
exre_over_sale_d,-0.005033537560549526,0.005033537560549526,0.501772541752531
txs_pd_minus_pd_seq,0.005031162170694357,0.005031162170694357,0.5019744049920654
ceql_over_dltt_pd,-0.005030937063456402,0.005030937063456402,0.5019935370812199
itcb_d_over_sale,0.005029993319377649,0.005029993319377649,0.5020737510330577
dv_d_over_cogs,-0.005023894323653254,0.005023894323653254,0.5025923013872676
dlc_d_over_ceq,-0.00502298054164226,0.00502298054164226,0.5026700175732512
ivstch_over_lct_d,0.005022923095872298,0.005022923095872298,0.5026749034869659
txdbca_d_over_dltt,-0.005021970746315817,0.005021970746315817,0.5027559069775268
ebit_pd_minus_pd_emp,0.005020987730117768,0.005020987730117768,0.502839526099836
recd_pd_minus_pd_sale,-0.005020702383086188,0.005020702383086188,0.5028638001874468
recd_over_icapt,0.005019788918709977,0.005019788918709977,0.5029415115355559
ceqt_over_lt_pd,0.005012607696370922,0.005012607696370922,0.5035526621571538
txc_pd_minus_pd_act,0.005011547773408183,0.005011547773408183,0.5036428990166407
seq_d_over_lct,-0.00501111813314181,0.00501111813314181,0.5036794790008533
wcap_d_over_mktcap,-0.005010290784870964,0.005010290784870964,0.50374992417628
dlc_over_ppent_pd,-0.005009151481789371,0.005009151481789371,0.5038469394833294
txdba_over_seq_d,-0.005009095250143393,0.005009095250143393,0.5038517280434478
mrc1_over_dltt_pd,0.005007849610897463,0.005007849610897463,0.5039578100299754
itcb_d_over_act,0.005005595621808616,0.005005595621808616,0.5041497957518369
oancf_over_invt_pd,0.005004777637408739,0.005004777637408739,0.504219477911973
sstk_over_invt_d,-0.0050044218798821595,0.0050044218798821595,0.5042497856409762
xpr_over_xsga_pd,-0.005000725551983352,0.005000725551983352,0.5045647404049466
xopr_over_ppent_d,-0.005000702584800581,0.005000702584800581,0.5045666977047263
icapt_over_at_pd,-0.0049993568728158334,0.0049993568728158334,0.5046813884053647
lo_over_lt_d,-0.004995810026846093,0.004995810026846093,0.5049837404975017
xidoc_d_over_icapt,-0.004994882775243951,0.004994882775243951,0.5050628001099267
nopi_over_invt,-0.004993758146913969,0.004993758146913969,0.5051586972678105
acox_over_ppent_pd,-0.00499233771861686,0.00499233771861686,0.5052798310210616
dpact_over_ppent_pd,-0.004988153647388508,0.004988153647388508,0.505636736402266
ao_over_xsga_d,-0.0049871700828272355,0.0049871700828272355,0.5057206546849685
mrc2_d_over_icapt,-0.004985377435701287,0.004985377435701287,0.505873623202253
wcap_pd_minus_pd_ppent,-0.004984383589744877,0.004984383589744877,0.5059584396422023
dltp_over_sale_d,-0.0049821038224023015,0.0049821038224023015,0.5061530269812746
dd5_d_over_cogs,0.004980332248003002,0.004980332248003002,0.5063042651791809
at_over_cogs_d,0.004976801755896843,0.004976801755896843,0.5066057319398672
lse_over_cogs_d,0.004976801755896843,0.004976801755896843,0.5066057319398672
pstkr_d_over_icapt,0.0049711084688514266,0.0049711084688514266,0.5070920772634243
dlc_over_xsga_pd,-0.0049709589155882816,0.0049709589155882816,0.5071048560584007
mrct_d_over_icapt,-0.0049654289025062885,0.0049654289025062885,0.5075774947785955
cogs_over_xsga_pd,0.004959651415124115,0.004959651415124115,0.5080715315090468
dlto_over_cogs_pd,-0.004959394937120347,0.004959394937120347,0.5080934689573553
lo_over_lt_pd,0.004956791271452708,0.004956791271452708,0.5083161975846111
txc_over_mktcap_pd,0.004956204589149239,0.004956204589149239,0.5083663919498234
fatc_d_over_invt,0.004954319718787322,0.004954319718787322,0.5085276720645687
txc_over_lct_pd,0.00495121296241405,0.00495121296241405,0.5087935621545671
esopct_d_over_dltt,0.004949553100152293,0.004949553100152293,0.5089356504376068
mrc3_over_dltt_pd,0.004949450224843334,0.004949450224843334,0.5089444575006736
act_over_icapt_pd,0.004948781344098728,0.004948781344098728,0.5090017217295332
pstkl_over_cogs_d,-0.004947456729328597,0.004947456729328597,0.5091151346307748
xidoc_over_emp,-0.004946184980517578,0.004946184980517578,0.5092240336267542
diladj_over_dltt_d,0.004944359173711039,0.004944359173711039,0.5093803975634946
ap_over_seq_d,-0.004942699145729165,0.004942699145729165,0.5095225858516298
ni_over_mktcap_d,0.004938172319137568,0.004938172319137568,0.5099104329040107
txds_over_at_d,0.004937986004818059,0.004937986004818059,0.5099263991526373
fopo_over_emp_pd,-0.004937945406254429,0.004937945406254429,0.5099298782906324
txndba_d_over_ppent,0.004937396758384359,0.004937396758384359,0.5099768964835352
sstk_over_sale_pd,-0.004935130232391091,0.004935130232391091,0.5101711579572025
sppe_d_over_invt,0.004934799274233188,0.004934799274233188,0.5101995272583311
fatc_d_over_at,0.0049345417955356,0.0049345417955356,0.5102215985666937
dpc_over_invt,-0.00493190282616222,0.00493190282616222,0.5104478422074199
lct_d_over_act,0.00492996189272257,0.00492996189272257,0.510614275427071
cld3_over_cogs_d,0.004929805052846202,0.004929805052846202,0.5106277255377025
fatp_d_over_cogs,0.004929119452899801,0.004929119452899801,0.5106865226771484
fopo_pd_minus_pd_ppent,-0.004928115904141875,0.004928115904141875,0.5107725935274312
txach_over_ceq,0.004917073711214851,0.004917073711214851,0.5117201439740515
intpn_d_over_dltt,-0.0049150689860490305,0.0049150689860490305,0.5118922713869887
recch_over_lt,-0.004914490456004504,0.004914490456004504,0.5119419500861536
mrc2_d_over_mktcap,0.004914061465645007,0.004914061465645007,0.5119787893527554
txds_over_ppent_d,0.004913354284740953,0.004913354284740953,0.5120395210692026
dd4_d_over_lt,0.004911634052488937,0.004911634052488937,0.5121872679190407
ivstch_over_invt,-0.004909772476810036,0.004909772476810036,0.5123471794802944
oiadp_over_ppent_pd,0.004909177961051968,0.004909177961051968,0.5123982545735217
cstk_over_seq,-0.004908611546933466,0.004908611546933466,0.5124469179125082
itcb_over_seq,-0.0049078400312416864,0.0049078400312416864,0.5125132063818811
che_d_over_invt,0.004904101671623502,0.004904101671623502,0.5128344687612931
txndba_over_cogs_pd,0.004902345625783965,0.004902345625783965,0.5129854137997292
re_over_dltt_d,0.004901978472258385,0.004901978472258385,0.5130169762670905
tstkc_over_icapt_d,0.004901593365951942,0.004901593365951942,0.5130500831377762
dltr_over_invt_pd,0.004898056704607946,0.004898056704607946,0.5133541753449673
recch_over_dltt,-0.004897366400753399,0.004897366400753399,0.5134135405786474
xi_d_over_icapt,0.004894485427343686,0.004894485427343686,0.5136613391229152
ap_d_over_seq,-0.004894087450700171,0.004894087450700171,0.5136955748179866
dcvsr_over_mktcap_d,-0.004892856482040315,0.004892856482040315,0.5138014756530167
oiadp_over_lct_d,0.004889916760433788,0.004889916760433788,0.5140544272869907
nopio_over_mktcap_d,0.004889095960900618,0.004889095960900618,0.5141250654662147
dpact_over_icapt_pd,0.004888542489998369,0.004888542489998369,0.5141727001371539
recch_over_xsga_d,-0.00488727687366804,0.00488727687366804,0.5142816344827198
dlto_pd_minus_pd_sale,-0.0048868170513071685,0.0048868170513071685,0.5143212153634079
act_over_cogs_d,0.004886734809713019,0.004886734809713019,0.5143282947744631
esopct_over_dltt,-0.004885915852466502,0.004885915852466502,0.5143987939221978
capxv_over_invt,0.004884004837506895,0.004884004837506895,0.5145633213448715
emp_over_seq_pd,-0.004883756372626995,0.004883756372626995,0.5145847147543242
rea_over_xsga,0.004883226321203448,0.004883226321203448,0.5146303549711414
tstk_over_icapt_d,0.004883147073366158,0.004883147073366158,0.5146371788077292
nopi_over_icapt_pd,0.004881636758102721,0.004881636758102721,0.5147672373315083
mrc1_pd_minus_pd_invt,-0.0048802856762419616,0.0048802856762419616,0.5148835981809107
pstk_over_dltt_d,0.004873290442192996,0.004873290442192996,0.5154862755885853
diladj_d_over_xsga,-0.0048726884563621495,0.0048726884563621495,0.5155381570430196
ebit_over_ppent_pd,0.004870911714247293,0.004870911714247293,0.5156912993142815
capxv_over_mktcap_d,0.004868624080523685,0.004868624080523685,0.5158885114894177
lcox_over_seq_pd,-0.004859237067041192,0.004859237067041192,0.5166981559621271
ivaeq_d_over_emp,-0.004857195565664278,0.004857195565664278,0.5168743257436805
gp_over_invt_pd,0.004851295682669279,0.004851295682669279,0.5173836264149188
fatb_d_over_cogs,-0.004847695325769847,0.004847695325769847,0.517694550693445
diladj_over_at,0.004844908266397527,0.004844908266397527,0.5179353055377993
dd1_over_lt,0.00484477444455869,0.00484477444455869,0.5179468669406367
txdfed_d_over_seq,0.004844025724702253,0.004844025724702253,0.5180115543001591
gp_over_lct_d,0.0048402604421693765,0.0048402604421693765,0.5183369277964152
txndba_over_invt_d,0.004838790598625515,0.004838790598625515,0.5184639716635426
mrc1_over_mktcap_pd,0.0048384587623503915,0.0048384587623503915,0.5184926556934689
ch_d_over_lt,-0.004838409429010035,0.004838409429010035,0.5184969201526602
cld4_d_over_ppent,0.0048367365527307,0.0048367365527307,0.5186415371958343
am_over_lct_pd,-0.0048356279523326575,0.0048356279523326575,0.5187373851186067
dltr_pd_minus_pd_mktcap,0.004834405310792576,0.004834405310792576,0.5188431034769294
ivch_d_over_cogs,0.004830477435004587,0.004830477435004587,0.519182811082451
ch_d_over_lct,-0.004826699411046584,0.004826699411046584,0.5195096668563799
dd5_d_over_at,0.00482464824404513,0.00482464824404513,0.5196871680494146
mrc2_d_over_cogs,-0.004823544207801368,0.004823544207801368,0.5197827206365008
pstkn_over_dltt_d,-0.004820095996614749,0.004820095996614749,0.5200812161901447
dlc_over_ppent_d,-0.004818967407774563,0.004818967407774563,0.5201789320535103
itcb_over_icapt_d,0.0048183227904635,0.0048183227904635,0.520234748775496
mrc5_pd_minus_pd_lt,0.004818136852369726,0.004818136852369726,0.5202508495293889
exre_over_lt,-0.0048181099999230585,0.0048181099999230585,0.5202531747580141
txc_over_mktcap_d,0.004814591654077511,0.004814591654077511,0.5205578845152233
recd_over_at,0.004813769982178097,0.004813769982178097,0.520629059449768
lo_pd_minus_pd_lct,0.004812821421876868,0.004812821421876868,0.5207112319564877
recco_d_over_lt,0.004812460849758198,0.004812460849758198,0.5207424695878498
mrc1_over_sale_pd,-0.004810639821539996,0.004810639821539996,0.5209002464158707
intpn_over_cogs_d,-0.004810529428310053,0.004810529428310053,0.5209098118550656
cld3_d_over_ppent,-0.00480925068576288,0.00480925068576288,0.5210206199344329
apalch_over_ppent,-0.004809172554341242,0.004809172554341242,0.5210273907232903
txdfed_d_over_ceq,0.004809153725463408,0.004809153725463408,0.5210290224213259
fatc_over_sale,-0.004806775948913747,0.004806775948913747,0.5212351000966767
fatc_over_lt,-0.004806426092900058,0.004806426092900058,0.5212654250368076
exre_d_over_dltt,0.0048018762484836,0.0048018762484836,0.5216598806951844
tstk_d_over_seq,-0.0048014450217361716,0.0048014450217361716,0.5216972745159641
ivncf_over_xsga_d,-0.00479942504226947,0.00479942504226947,0.5218724553578811
dc_over_act,0.004797429224866799,0.004797429224866799,0.5220455704706335
dxd3_d_over_xsga,-0.004792646768188925,0.004792646768188925,0.5224605158531688
xpr_over_cogs,0.0047895100865061185,0.0047895100865061185,0.522732759094237
dclo_over_act,0.004788877120708437,0.004788877120708437,0.5227877051754508
dilavx_over_ppent_d,0.004788867484171681,0.004788867484171681,0.5227885417205766
acchg_over_lct,0.004786231593660735,0.004786231593660735,0.5230173884577218
niadj_d_over_invt,0.004785075285646477,0.004785075285646477,0.5231177947847865
xi_over_icapt_d,0.004781117416891151,0.004781117416891151,0.5234615454439451
mrc5_over_seq_d,-0.004779358146901197,0.004779358146901197,0.5236143795746702
mrct_d_over_xsga,-0.0047768289438544775,0.0047768289438544775,0.5238341406643101
oiadp_pd_minus_pd_cogs,0.00477642715555656,0.00477642715555656,0.5238690561856021
cld2_over_seq_d,-0.004776261488244468,0.004776261488244468,0.5238834530711702
lo_pd_minus_pd_seq,0.004773648713849825,0.004773648713849825,0.524110536238121
gp_over_lct_pd,0.004770742912580159,0.004770742912580159,0.5243631463896882
fatc_d_over_icapt,0.004769804458705514,0.004769804458705514,0.5244447423661828
xpr_pd_minus_pd_lt,0.004768793322023928,0.004768793322023928,0.5245326651913064
sppe_d_over_dltt,-0.00476849334591921,0.00476849334591921,0.524558750898007
tstkc_d_over_lt,-0.004766919774614269,0.004766919774614269,0.5246955984125864
dm_over_emp_d,0.0047658985754712325,0.0047658985754712325,0.5247844180010601
cld2_d_over_emp,-0.004765239497818501,0.004765239497818501,0.5248417458789506
txndba_over_lt_pd,0.004764089499819099,0.004764089499819099,0.5249417826571093
dd5_d_over_icapt,0.004762991761297693,0.004762991761297693,0.5250372825581132
xpr_over_icapt_pd,-0.004761907112666745,0.004761907112666745,0.5251316524117293
aqc_over_mktcap,0.004760328927894981,0.004760328927894981,0.525268977878943
emp_d_over_xsga,-0.004759677665829681,0.004759677665829681,0.5253256526869088
dp_over_icapt_pd,0.004756737207565431,0.004756737207565431,0.5255815792630304
dclo_d_over_sale,0.004755601524921782,0.004755601524921782,0.5256804419328026
acox_over_lt_pd,0.0047548180210191604,0.0047548180210191604,0.5257486525219631
mib_over_seq_d,0.0047529760353156245,0.0047529760353156245,0.5259090306567374
dvt,-0.00475155368972905,0.00475155368972905,0.5260328886461433
dvp_over_ceq,-0.004751365219885819,0.004751365219885819,0.5260493017365852
fopo_over_act_pd,-0.004749651118061251,0.004749651118061251,0.5261985880730421
cld5_over_ceq,0.004748891336169503,0.004748891336169503,0.5262647667099456
che_over_ceq_pd,0.004748744491508542,0.004748744491508542,0.5262775576860659
act_over_invt_d,-0.0047481078428467365,0.0047481078428467365,0.5263330151165648
mrc4_over_emp_d,-0.0047478361693431715,0.0047478361693431715,0.5263566810627447
ivncf,-0.004746942293178848,0.004746942293178848,0.5264345519893185
pi_d_over_ppent,0.004743439722951334,0.004743439722951334,0.5267397386301923
at_over_mktcap_pd,0.004741671699181273,0.004741671699181273,0.5268938247239844
lse_over_mktcap_pd,0.004741671699181273,0.004741671699181273,0.5268938247239844
mrct_pd_minus_pd_ppent,-0.00474131593706752,0.00474131593706752,0.5269248327403251
mrc2_over_sale_pd,-0.004740111034324203,0.004740111034324203,0.5270298582723999
txr_over_at_d,-0.004738708073630396,0.004738708073630396,0.5271521610154728
aoloch_over_emp_d,-0.004738398158766409,0.004738398158766409,0.5271791797178234
txdfo_over_lct,-0.004738255065035585,0.004738255065035585,0.5271916550175019
itcb_over_act,-0.0047378388357299074,0.0047378388357299074,0.5272279438739265
rectr_d_over_dltt,-0.00473599164019947,0.00473599164019947,0.5273890065674421
apalch_over_emp_d,-0.004735638479568233,0.004735638479568233,0.5274198025929231
txs_over_mktcap_pd,0.004733828166507823,0.004733828166507823,0.5275776784356755
mrct_d_over_act,-0.004733386909320543,0.004733386909320543,0.5276161637471448
invt_over_act_d,0.004733228236160466,0.004733228236160466,0.5276300031599674
spi_d_over_sale,-0.004729783215736443,0.004729783215736443,0.5279305221592286
invch_d_over_lt,0.004726181357461536,0.004726181357461536,0.5282448158239194
aco_over_invt_d,-0.004724099199165898,0.004724099199165898,0.5284265458260278
rect_over_cogs,0.004719274250546497,0.004719274250546497,0.5288477878840913
dxd3_d_over_seq,-0.0047186084947508705,0.0047186084947508705,0.528905925096935
seq_over_dltt_pd,-0.0047177040178085,0.0047177040178085,0.5289849138758328
tstkc_over_invt_d,-0.004713247014580815,0.004713247014580815,0.529374235591153
caps_over_at_pd,-0.004711922879533784,0.004711922879533784,0.5294899275936504
ivst_d_over_emp,-0.004709518868611707,0.004709518868611707,0.5297000030971933
pstkn_over_emp,-0.004708101010626692,0.004708101010626692,0.5298239230702394
dxd5,0.004704265851593705,0.004704265851593705,0.5301591875684963
dvt_over_seq_d,0.00470345304591965,0.00470345304591965,0.5302302557949501
ebit_over_lct_d,0.0047025249391537466,0.0047025249391537466,0.5303114113682992
tstk_over_invt_d,-0.004702103241858622,0.004702103241858622,0.5303482875351123
cstkcv_over_ceq,0.004693070434823646,0.004693070434823646,0.5311384920155665
txdi_d_over_seq,0.004691846393718379,0.004691846393718379,0.5312456190232235
fatb_d_over_lct,-0.004690672594414395,0.004690672594414395,0.5313483592026992
xido_d_over_ceq,-0.004688351024720567,0.004688351024720567,0.5315515909677725
ebit_pd_minus_pd_cogs,0.004686867728085161,0.004686867728085161,0.5316814603735118
fate_pd_minus_pd_cogs,0.004686800068746579,0.004686800068746579,0.5316873846415345
wcap,-0.004685716011415022,0.004685716011415022,0.5317823095248643
dlc_d_over_lt,-0.004683747227865737,0.004683747227865737,0.5319547269284041
dltr_over_dltt,0.004682860972407523,0.004682860972407523,0.5320323505248937
rect_d_over_lt,-0.00468230424593398,0.00468230424593398,0.53208111491979
txndba_pd_minus_pd_emp,0.004682092767344301,0.004682092767344301,0.5320996391973712
nopio_over_at_d,0.004681724314038953,0.004681724314038953,0.5321319143147345
xpr_pd,-0.004680454416616075,0.004680454416616075,0.5322431601270473
lct_over_ceq_d,-0.004680271047936807,0.004680271047936807,0.532259224600274
ch_d_over_xsga,-0.004676131992604192,0.004676131992604192,0.5326219022280242
mrct_over_xsga_pd,-0.004675842384735428,0.004675842384735428,0.5326472833014182
itcb_over_ppent,-0.004674853386032415,0.004674853386032415,0.5327339632141616
at_over_emp_d,0.0046742428179387,0.0046742428179387,0.5327874794751729
lse_over_emp_d,0.0046742428179387,0.0046742428179387,0.5327874794751729
txditc_over_ppent_pd,-0.004674143849164036,0.004674143849164036,0.5327961543391808
pstkr_over_ceq,-0.004670124210390187,0.004670124210390187,0.5331485462459999
ceqt_d_over_lct,0.004670078432890102,0.004670078432890102,0.5331525601261463
capx_over_invt,0.004669395694055942,0.004669395694055942,0.5332124261052676
lo_d_over_lt,-0.004667711153578797,0.004667711153578797,0.5333601496336775
rectr_over_invt_d,-0.004666585103052704,0.004666585103052704,0.5334589086663036
xint_over_dltt_pd,0.004665577618179814,0.004665577618179814,0.5335472768606289
nopi_d_over_mktcap,0.00466448171247854,0.00466448171247854,0.5336434089934974
xacc_over_act_pd,0.0046628436949460285,0.0046628436949460285,0.5337871111363331
invfg_over_lt_d,0.004661701260798436,0.004661701260798436,0.5338873476621268
icapt_d_over_xsga,0.004661647444257136,0.004661647444257136,0.5338920697294623
apalch_over_seq_d,0.004658781941073041,0.004658781941073041,0.5341435303016934
txach_over_seq,0.004657062545255814,0.004657062545255814,0.53429444358474
mrc2_pd_minus_pd_emp,-0.004656760389249046,0.004656760389249046,0.5343209663767013
dd2_over_dltt_d,-0.004652587832908791,0.004652587832908791,0.5346872949267839
txp_d_over_at,0.004650015961470365,0.004650015961470365,0.5349131548395447
ao_d_over_xsga,-0.004644022488662671,0.004644022488662671,0.5354396839761192
txo_d_over_dltt,-0.004641606323852897,0.004641606323852897,0.5356520189181122
acox_d_over_seq,-0.004639616718157993,0.004639616718157993,0.5358268992634421
dpvieb_over_lct_pd,0.004638687147780919,0.004638687147780919,0.5359086155522528
xidoc,0.004636083668395805,0.004636083668395805,0.5361375145358326
dlc_pd_minus_pd_xsga,-0.004635277567537527,0.004635277567537527,0.5362083972325151
txr_over_ppent_d,-0.004634382103598694,0.004634382103598694,0.5362871434035434
aco_over_xsga_pd,0.004633320468639096,0.004633320468639096,0.5363805100210949
rea_d_over_icapt,0.004631427283521122,0.004631427283521122,0.5365470284978464
lse_over_act_pd,-0.004630784460279428,0.004630784460279428,0.5366035750769275
at_over_act_pd,-0.004630784460279428,0.004630784460279428,0.5366035750769275
che_pd_minus_pd_xsga,-0.004630777229464625,0.004630777229464625,0.5366042111597173
rectr_over_cogs,0.004629913250640657,0.004629913250640657,0.5366802166740818
dv_d_over_lt,-0.004626295861942846,0.004626295861942846,0.5369985025690189
aoloch_d_over_cogs,-0.004625962926540584,0.004625962926540584,0.5370278015740294
cstkcv_over_invt,-0.004624936928937317,0.004624936928937317,0.5371180965416429
cld3_over_lt,-0.004623826014051841,0.004623826014051841,0.5372158734272692
lct_pd_minus_pd_act,0.0046231727162194414,0.0046231727162194414,0.5372733774429485
act_pd_minus_pd_lct,-0.004623172716219433,0.004623172716219433,0.5372733774429485
txndb_over_sale_d,-0.004620174923068878,0.004620174923068878,0.5375372862456125
diladj_over_seq,0.004620138202474157,0.004620138202474157,0.5375405193232923
ivstch_d_over_lt,0.004619208849598448,0.004619208849598448,0.5376223477757709
rea_d_over_mktcap,0.004617917773200361,0.004617917773200361,0.5377360359494999
fatc_over_icapt_d,0.0046177518038078395,0.0046177518038078395,0.5377506515738293
ivstch_over_act_d,0.0046174727016276024,0.0046174727016276024,0.5377752303662567
pstkrv_d_over_sale,-0.00461608067860441,0.00461608067860441,0.5378978255942735
dxd5_d_over_ceq,-0.004615454013892745,0.004615454013892745,0.5379530204267358
mrc5_d_over_seq,-0.004612808135038185,0.004612808135038185,0.5381860931925738
lifr_over_cogs_d,0.004611795935192049,0.004611795935192049,0.5382752702408927
fincf_over_lt_d,-0.00460960131880909,0.00460960131880909,0.5384686462633577
mrc3_pd_minus_pd_invt,-0.004607607978393234,0.004607607978393234,0.5386443172835672
esopct_d_over_xsga,0.004606670742757296,0.004606670742757296,0.5387269248176981
ceqt_over_invt,-0.004605910837478076,0.004605910837478076,0.538793907194985
ceq,-0.004604098595759217,0.004604098595759217,0.5389536653455138
capx_over_mktcap_d,0.004602691809179737,0.004602691809179737,0.539077696967833
ivaco_d_over_ceq,-0.004601851490790275,0.004601851490790275,0.5391517918255135
fopo_pd_minus_pd_cogs,-0.004598352707851272,0.004598352707851272,0.5394603509510626
lcox_pd_minus_pd_invt,-0.004598068340307085,0.004598068340307085,0.5394854333286248
txp_over_at_d,0.004597879400262812,0.004597879400262812,0.539502098934308
txr_d_over_mktcap,-0.004597494404637413,0.004597494404637413,0.5395360585750102
aox_over_at,-0.004594462393194069,0.004594462393194069,0.5398035432226295
ivaco_d_over_ppent,0.004591471305228318,0.004591471305228318,0.540067482613781
ceqt_over_lct_d,0.004590394746893878,0.004590394746893878,0.540162496004344
dv,-0.004590334304245301,0.004590334304245301,0.540167830715607
xacc_over_lct_pd,0.004589539470473957,0.004589539470473957,0.5402379857629142
dv_d_over_act,-0.004587490131281974,0.004587490131281974,0.5404188892442647
cld2_d_over_seq,0.004587243023801303,0.004587243023801303,0.5404407044699838
xopr_over_lct_d,0.0045845658919764784,0.0045845658919764784,0.54067707614569
txndbl_pd,0.004581612984999839,0.004581612984999839,0.5409378567235618
fatc_over_ppent_d,0.004578939448566341,0.004578939448566341,0.5411740193989736
idit_over_xsga,0.004578520691300695,0.004578520691300695,0.541211014333723
xido_over_act_d,0.004578518462748382,0.004578518462748382,0.5412112112176202
exre_over_mktcap,0.004578500201521203,0.004578500201521203,0.5412128245270912
mrc3_over_ceq,-0.004576974559810069,0.004576974559810069,0.5413476176109558
recta_over_at_d,0.00457544758273693,0.00457544758273693,0.5414825454594113
am_over_invt_d,0.004573431150976126,0.004573431150976126,0.5416607485756213
dd5_over_dltt,0.0045733016999795015,0.0045733016999795015,0.5416721898688108
lo_pd_minus_pd_emp,0.0045714140240266255,0.0045714140240266255,0.5418390424098414
txndbl_pd_minus_pd_lt,0.004570991524207709,0.004570991524207709,0.5418763908739612
ivncf_over_at_d,0.004570974078075185,0.004570974078075185,0.5418779331182225
invwip_d_over_ceq,0.004559674238717454,0.004559674238717454,0.5428773027295414
recd,-0.004558192036271948,0.004558192036271948,0.5430084583466753
txndb_d_over_dltt,-0.004557659665534403,0.004557659665534403,0.5430555700769029
esub_over_seq_d,-0.004552940568724666,0.004552940568724666,0.5434732718167853
xpr_over_seq_pd,-0.004550333541378327,0.004550333541378327,0.5437040963545043
chech_pd_minus_pd_emp,-0.004550314689625481,0.004550314689625481,0.5437057656542728
fatp_over_seq_d,-0.004550130225414907,0.004550130225414907,0.5437220998701605
txs_over_cogs_pd,0.0045480645812673755,0.0045480645812673755,0.5439050283236534
txt_pd_minus_pd_lct,0.004543155074759974,0.004543155074759974,0.5443399251462497
dd_over_dltt_d,0.004542013735034958,0.004542013735034958,0.5444410527338912
lcox_over_dltt_d,0.004541477339900583,0.004541477339900583,0.5444885828646845
xint_over_cogs,-0.004541461819810719,0.004541461819810719,0.5444899581351138
msa_over_sale,-0.004540525400172416,0.004540525400172416,0.5445729396005184
ivstch_over_invt_d,0.004540126237400335,0.004540126237400335,0.5446083135919262
esopct_over_invt_d,0.0045395273538551256,0.0045395273538551256,0.5446613890726985
fatp_d_over_seq,0.004539331868725286,0.004539331868725286,0.5446787143114058
dpvieb_over_ppent_pd,-0.004538225891645784,0.004538225891645784,0.54477673877353
msa_over_act,-0.004537848893154938,0.004537848893154938,0.5448101547361853
lco_d_over_seq,0.004535789005200787,0.004535789005200787,0.544992754712163
dd3_d_over_lct,-0.004535587288155786,0.004535587288155786,0.5450106376713119
rectr_pd_minus_pd_mktcap,0.0045335525639190345,0.0045335525639190345,0.5451910397601862
ib_over_invt_d,-0.004532926953524661,0.004532926953524661,0.5452465133917902
gdwl_over_act_d,-0.004529872096892394,0.004529872096892394,0.5455174314614719
dvt_d_over_seq,0.004524787017486411,0.004524787017486411,0.5459685466316401
nopi_d_over_at,-0.004524557560020303,0.004524557560020303,0.5459889069655918
ibadj_over_ppent_d,0.004523334449348044,0.004523334449348044,0.546097442980084
txr_over_invt_d,0.004520278921934424,0.004520278921934424,0.5463686301399209
invrm_d_over_cogs,0.004511819289505354,0.004511819289505354,0.5471197956207413
tstk_over_ceq,0.004511240919800427,0.004511240919800427,0.5471711700985119
itcb_over_mktcap,-0.004511197078198372,0.004511197078198372,0.547175064485931
xpr_over_lct_pd,-0.004509699942784614,0.004509699942784614,0.5473080611346469
xido_d_over_icapt,-0.004509642728492833,0.004509642728492833,0.5473131440309369
siv_over_act_d,-0.004509298068249036,0.004509298068249036,0.547343764012039
dv_over_ceq_d,0.0045089811083329516,0.0045089811083329516,0.5473719238147008
cld4_over_xsga_d,0.004507660345036037,0.004507660345036037,0.5474892726560815
fopo_over_icapt_d,0.004506212629213706,0.004506212629213706,0.5476179154274803
sppe_d_over_cogs,0.0045062013853641,0.0045062013853641,0.5476189146046783
oancf_pd_minus_pd_ceq,0.004505531991023524,0.004505531991023524,0.5476784015111534
oiadp_over_lct_pd,0.004505146462419778,0.004505146462419778,0.547712663639066
ch_over_invt_d,-0.004504310184836962,0.004504310184836962,0.5477869877058087
gp_over_lt_d,0.004503189643933571,0.004503189643933571,0.547886583455207
lcox_over_emp_pd,-0.004501125938990315,0.004501125938990315,0.5480700327871878
invo_d_over_ppent,-0.004498911351187358,0.004498911351187358,0.548266928333506
invfg_over_icapt_d,-0.004497271131971163,0.004497271131971163,0.5484127801840029
lco_over_ppent_pd,-0.004496548919581639,0.004496548919581639,0.5484770069516278
xrent_over_lct_d,0.004495624607571328,0.004495624607571328,0.5485592119744114
pstkc_over_xsga,-0.004495483253870888,0.004495483253870888,0.5485717840060603
siv_d_over_at,-0.004493982985601278,0.004493982985601278,0.5487052269884394
txds_over_xsga_d,0.004490018794977343,0.004490018794977343,0.5490579032939307
diladj_over_icapt,0.004487694343769934,0.004487694343769934,0.5492647513181309
dlto_over_ppent,-0.004485064502777215,0.004485064502777215,0.5494988216651159
itcb_over_ppent_d,0.004484466617388749,0.004484466617388749,0.5495520436210695
che_d_over_cogs,0.004483652304266463,0.004483652304266463,0.5496245354089424
xrent_pd_minus_pd_ppent,0.004482955408553813,0.004482955408553813,0.5496865782061285
dd5_d_over_xsga,0.004478255870220578,0.004478255870220578,0.5501050558759698
dpc_over_emp_pd,-0.004477561226164061,0.004477561226164061,0.5501669248402135
xrent_pd_minus_pd_invt,0.0044721630413746185,0.0044721630413746185,0.5506478347426093
xopr_over_lct_pd,0.004471875996771818,0.004471875996771818,0.5506734125728852
invch_d_over_seq,-0.0044717267083156965,0.0044717267083156965,0.5506867155268407
reajo_over_dltt_d,-0.004471636230450727,0.004471636230450727,0.5506947780012806
esopct_d_over_invt,0.004468026484986849,0.004468026484986849,0.551016489472988
ch_pd_minus_pd_xsga,-0.0044669142792051406,0.0044669142792051406,0.5511156312518857
nopi_over_emp_pd,0.004464568794938936,0.004464568794938936,0.55132473595366
lo_pd_minus_pd_invt,0.004462484822550443,0.004462484822550443,0.5515105590534485
xpr_pd_minus_pd_cogs,-0.00446231224514221,0.00446231224514221,0.551525948770104
fato_d_over_at,-0.00446186562663489,0.00446186562663489,0.5515657772819733
diladj_over_xsga,0.0044617986450498515,0.0044617986450498515,0.5515717506826272
fopo_pd_minus_pd_ceq,-0.004461505460299293,0.004461505460299293,0.5515978971979572
fiao_over_cogs_d,-0.004461185115601972,0.004461185115601972,0.5516264665612773
xacc_d_over_cogs,0.004459275705334877,0.004459275705334877,0.5517967689480201
dd1_d_over_cogs,-0.004452889668063648,0.004452889668063648,0.5523665341459448
ivstch_over_dltt_d,-0.004451250621734879,0.004451250621734879,0.552512817165291
reajo_d_over_icapt,-0.004449862062069929,0.004449862062069929,0.5526367594055607
fincf_over_icapt_d,-0.004447974836016697,0.004447974836016697,0.5528052342562635
txndbl_over_at_pd,0.004445647384295183,0.004445647384295183,0.5530130432417261
txdi_over_seq,0.0044439087161252736,0.0044439087161252736,0.5531683070527799
pstkrv_d_over_lct,0.004442771935436546,0.004442771935436546,0.553269833604551
rea_over_cogs_d,0.004441927320264915,0.004441927320264915,0.5533452725945062
fato_over_ppent_d,-0.004441843732007531,0.004441843732007531,0.5533527387701224
fiao_d_over_seq,0.0044383810310397835,0.0044383810310397835,0.5536620735916191
cld5_over_at_d,0.00443801989286367,0.00443801989286367,0.5536943401659117
fate_over_ceq_pd,-0.004435561279153377,0.004435561279153377,0.5539140341366163
dvp_over_ppent_d,-0.004434608071164623,0.004434608071164623,0.5539992212757253
recco_over_lt,0.004434408119228607,0.004434408119228607,0.5540170915717549
nopi_over_seq_pd,0.004432860264696344,0.004432860264696344,0.5541554374556183
ivncf_over_dltt_d,-0.004431461410260359,0.004431461410260359,0.5542804803825867
txs_pd_minus_pd_cogs,0.0044295724714660464,0.0044295724714660464,0.5544493536187693
txc_over_sale_pd,0.004423349967492312,0.004423349967492312,0.5550058303496487
txds_d_over_dltt,-0.004422827707564292,0.004422827707564292,0.5550525483164856
sppiv_over_ppent_d,-0.004422452773924256,0.004422452773924256,0.5550860886194359
mrc3_over_emp_pd,0.004421455256705604,0.004421455256705604,0.5551753279783089
chech_over_ppent_pd,-0.004420610591679549,0.004420610591679549,0.5552508984350547
nopi_over_dltt_pd,-0.004418308303801985,0.004418308303801985,0.5554569049457517
lo_d_over_lct,0.0044176610950080845,0.0044176610950080845,0.5555148232880593
ebit_over_lct_pd,0.004417520443350593,0.004417520443350593,0.5555274105139825
pstk_d_over_dltt,0.004417446244496453,0.004417446244496453,0.5555340507885959
txp_d_over_cogs,0.004415607916738359,0.004415607916738359,0.5556985805430956
tstkc_d_over_seq,-0.004414950324999025,0.004414950324999025,0.5557574405719894
xido_over_emp_d,0.004414210013906026,0.004414210013906026,0.5558237083246054
tstk_d_over_sale,-0.004411510984914022,0.004411510984914022,0.5560653402027427
dp,0.004410848965452728,0.004410848965452728,0.5561246156413001
chech_pd_minus_pd_act,-0.004409013492867734,0.004409013492867734,0.5562889750282027
wcap_pd_minus_pd_mktcap,0.0044090032002087704,0.0044090032002087704,0.5562898967623225
seq,-0.004408506114408301,0.004408506114408301,0.5563344129626195
capx_pd_minus_pd_seq,-0.0044077594253484655,0.0044077594253484655,0.5564012854872646
txdfo_over_invt,-0.004405356943482619,0.004405356943482619,0.5566164753035393
dv_over_mktcap,0.004401613152049333,0.004401613152049333,0.5569518867866826
tstkc_over_ceq,0.004400358776982919,0.004400358776982919,0.5570642900120646
txr_d_over_lt,-0.00439988436551998,0.00439988436551998,0.5571068044019294
acox_over_emp_d,0.004398220002945117,0.004398220002945117,0.5572559687729639
dxd3_d_over_lct,-0.004396949567325361,0.004396949567325361,0.5573698415028971
xsga_over_icapt_d,0.00439649413563846,0.00439649413563846,0.557410665888519
aqc_d_over_dltt,-0.004396312099161105,0.004396312099161105,0.5574269838413819
dlto_pd_minus_pd_act,-0.004395749791439552,0.004395749791439552,0.5574773912011772
seq_over_lct_d,0.004394017216783233,0.004394017216783233,0.5576327195991089
recta_over_icapt,0.004392333773003099,0.004392333773003099,0.5577836634970568
txdbcl_over_ppent_d,0.004389048597412787,0.004389048597412787,0.5580782819234374
rect_over_sale_d,-0.004385219388974314,0.004385219388974314,0.5584217853367992
recco_d_over_act,0.004383396999694402,0.004383396999694402,0.5585853008805389
txndba_over_mktcap_d,-0.004382357536731948,0.004382357536731948,0.558678578062734
dpc_over_lt,-0.004378383882292008,0.004378383882292008,0.5590352274026094
am_over_cogs_pd,-0.004376662897731658,0.004376662897731658,0.5591897260650227
cld3_d_over_xsga,0.004374203323339958,0.004374203323339958,0.5594105664296664
xsga_d_over_ceq,-0.004372463650726136,0.004372463650726136,0.5595667937725641
rectr_over_seq_d,0.004372338439945076,0.004372338439945076,0.5595780388584345
intpn_pd_minus_pd_icapt,-0.004368242554172314,0.004368242554172314,0.5599459477048652
cld4_over_emp,-0.004367497414223072,0.004367497414223072,0.560012891761706
do_over_act,-0.004367171051909459,0.004367171051909459,0.560042213673158
dd1_over_lt_d,0.004361603850065569,0.004361603850065569,0.5605425116250271
itcb_over_icapt,-0.004360508131253105,0.004360508131253105,0.5606410041515507
ppeveb_over_act_pd,0.004357075735821401,0.004357075735821401,0.5609495912808689
icapt_over_dltt_pd,-0.00435610224468581,0.00435610224468581,0.5610371272880873
txndbl_over_invt_d,0.004354750566806448,0.004354750566806448,0.5611586806852709
invch_over_ceq,0.004349344847335897,0.004349344847335897,0.5616449324023404
mrc5_pd_minus_pd_sale,-0.004346937414518146,0.004346937414518146,0.5618615497544823
pstkn_over_emp_d,-0.0043461195204977186,0.0043461195204977186,0.561935151873251
lt_over_cogs,-0.004345835524147136,0.004345835524147136,0.5619607097375527
pidom,-0.004345224221731853,0.004345224221731853,0.5620157249705443
pstkc_over_ceq,-0.00434412498560769,0.00434412498560769,0.5621146591998675
recta_d_over_sale,0.004343752236779563,0.004343752236779563,0.5621482095143947
invo_d_over_mktcap,-0.004343554903705589,0.004343554903705589,0.5621659714284796
intan_over_xsga_d,-0.0043426563423663075,0.0043426563423663075,0.5622468541987423
pstkn_over_ceq,-0.004342260331972784,0.004342260331972784,0.5622825023171208
dvt_over_ppent_d,-0.0043418405292218725,0.0043418405292218725,0.5623202933710695
invfg_over_cogs_d,-0.0043415687664455915,0.0043415687664455915,0.5623447583758345
lcox_pd_minus_pd_sale,-0.004335784236924321,0.004335784236924321,0.5628656231703323
fopo_pd_minus_pd_lct,-0.004332867742012398,0.004332867742012398,0.563128325597445
rea_over_at_d,0.004332423690385976,0.004332423690385976,0.5631683286044338
itcb_d_over_emp,0.004330977457634001,0.004330977457634001,0.5632986239879477
fopo_over_at_pd,-0.004330328128378077,0.004330328128378077,0.5633571287074421
itci_d_over_sale,-0.004329125790690459,0.004329125790690459,0.5634654673508952
sstk_over_act_d,-0.0043280187042509435,0.0043280187042509435,0.5635652321016626
recd_over_act_pd,0.0043272808390927755,0.0043272808390927755,0.5636317293186289
ni_over_ppent_d,0.004327187476984116,0.004327187476984116,0.5636401434836852
lco_over_seq_pd,0.0043262890713600035,0.0043262890713600035,0.5637211144700186
txndb_over_icapt_d,-0.004321551675826105,0.004321551675826105,0.5641481764056054
capxv_pd_minus_pd_seq,-0.004317159604698471,0.004317159604698471,0.5645442474894523
ni_over_icapt_d,0.004316981020162608,0.004316981020162608,0.5645603548337181
ppegt_over_invt_d,-0.004313758880654463,0.004313758880654463,0.5648510120997776
esub_d_over_lt,-0.004311421703886582,0.004311421703886582,0.5650618851780055
dltt_over_invt,-0.004311079677485088,0.004311079677485088,0.5650927478752338
reajo_d_over_lct,-0.004310444252101002,0.004310444252101002,0.5651500875334808
mrc2_pd_minus_pd_xsga,-0.004303624775668376,0.004303624775668376,0.5657656409800265
ch_over_icapt_pd,0.004303258774992246,0.004303258774992246,0.5657986867782021
pstk_d_over_emp,-0.00430212045357235,0.00430212045357235,0.5659014704895978
diladj_over_ceq,0.0043020695343218346,0.0043020695343218346,0.5659060684070691
pstkn_over_lt_d,-0.0043020521260143845,0.0043020521260143845,0.5659076403503064
cld4_over_lt,-0.004296457941829255,0.004296457941829255,0.5664128950675826
recta_over_cogs_d,-0.004295916505566729,0.004295916505566729,0.5664618079121849
siv_over_at_d,-0.00429432093795114,0.00429432093795114,0.5666059617764244
txdfo_over_at,-0.004293656972283093,0.004293656972283093,0.5666659538979021
diladj_over_invt_d,-0.004290301210074104,0.004290301210074104,0.566969207869485
chech_pd_minus_pd_ppent,-0.004289266882420601,0.004289266882420601,0.5670626938081484
ni_d_over_dltt,-0.004289025278986629,0.004289025278986629,0.5670845317860513
txndbl_over_lct_pd,0.004288590360684212,0.004288590360684212,0.5671238440651892
txdfo_d_over_sale,-0.004287623423311886,0.004287623423311886,0.5672112502430806
mrc5_over_icapt_pd,-0.0042875638820244,0.0042875638820244,0.5672166326809265
dltt_d_over_emp,-0.004287076946037037,0.004287076946037037,0.5672606518392379
recco_over_lt_d,0.004286794639835609,0.004286794639835609,0.56728617315327
dd1_d_over_ceq,-0.004284140095796668,0.004284140095796668,0.5675261786667687
rectr_d_over_invt,-0.004283343666526281,0.004283343666526281,0.5675981957735258
dltis_over_dltt_d,0.004283116463578889,0.004283116463578889,0.5676187413992486
xrent_over_ceq_d,0.004283033280585192,0.004283033280585192,0.567626263603077
cld3_d_over_at,-0.00428137480086168,0.00428137480086168,0.5677762492006088
dltr_over_ppent_d,-0.00427768591143499,0.00427768591143499,0.5681099241001146
ap_over_lt_d,0.004277634031242716,0.004277634031242716,0.5681146175411552
invfg_over_at_d,-0.0042771578286742275,0.0042771578286742275,0.5681576989857126
cstkcv_over_lct_pd,-0.004274299986707969,0.004274299986707969,0.5684162771584416
idit_over_icapt_d,-0.004272505402577803,0.004272505402577803,0.5685786802798221
acox_over_dltt_d,0.004272404631567203,0.004272404631567203,0.5685878003352749
siv_over_ceq_d,-0.004272147073336261,0.004272147073336261,0.5686111103859349
esub_over_cogs_d,-0.004265425812266447,0.004265425812266447,0.5692195728275701
ivaco_d_over_sale,-0.004265009423394286,0.004265009423394286,0.5692572779103072
fopo_pd_minus_pd_emp,-0.004261567557818936,0.004261567557818936,0.5695689933404909
cld2_over_xsga,0.004260183024838956,0.004260183024838956,0.5696944076933189
intpn_over_lt_d,-0.004258887338461273,0.004258887338461273,0.5698117860375301
xpr_pd_minus_pd_act,0.004258490038216472,0.004258490038216472,0.5698477804260036
invt_over_xsga_pd,0.004258063184902424,0.004258063184902424,0.569886453455543
txds_over_cogs_d,0.004256796914516107,0.004256796914516107,0.5700011852699804
xpr,0.004253494114173077,0.004253494114173077,0.5703004909269919
rectr_over_ceq_d,0.004253193035672156,0.004253193035672156,0.5703277789224097
ch_over_xsga,-0.0042530473600207305,0.0042530473600207305,0.5703409823352928
ppent_over_invt_d,-0.004252949819092447,0.004252949819092447,0.5703498231058439
fincf,0.004248821159525841,0.004248821159525841,0.5707240903217033
fincf_over_dltt_d,0.004245147549189137,0.004245147549189137,0.571057205164548
txdfo_over_xsga_d,-0.004244904284912937,0.004244904284912937,0.5710792670965218
itcb_d_over_lct,0.004239619413479383,0.004239619413479383,0.5715586586005781
dlto_over_act_pd,-0.004239576070018777,0.004239576070018777,0.5715625910837039
xacc_d_over_emp,0.004238928015521331,0.004238928015521331,0.5716213895701242
txdb_over_ppent_pd,-0.004238391254594026,0.004238391254594026,0.5716700924824373
xi_over_icapt,0.0042368550722862285,0.0042368550722862285,0.5718094886281087
mrc1_over_seq,-0.004233829639467111,0.004233829639467111,0.5720840694757777
fatc_over_at,0.00423045057109488,0.00423045057109488,0.5723908194601841
aqc_d_over_ceq,0.004229748260050481,0.004229748260050481,0.5724545846771639
fato_over_icapt,-0.004226745169957706,0.004226745169957706,0.572727283520361
dd5_over_at_d,0.004226480482845648,0.004226480482845648,0.5727513216762041
at_over_icapt_pd,0.004222682460376591,0.004222682460376591,0.5730963003564541
lse_over_icapt_pd,0.004222682460376591,0.004222682460376591,0.5730963003564541
dxd4_over_ceq_d,0.004222202781663007,0.004222202781663007,0.5731398771262071
recch_d_over_lt,-0.00421851154965628,0.00421851154965628,0.5734752624132623
ivao_d_over_mktcap,0.004218271290031344,0.004218271290031344,0.5734970956237775
dpact_over_lct_pd,0.004217895866770964,0.004217895866770964,0.5735312124030993
invt_d_over_mktcap,0.004217285793064312,0.004217285793064312,0.5735866552125881
dxd5_over_ppent,-0.004217043699506014,0.004217043699506014,0.5736086571057467
txdfo_over_sale_d,-0.004216693908723661,0.004216693908723661,0.5736404474206266
lct_over_at_pd,0.0042160258697494825,0.0042160258697494825,0.5737011636598721
cld3_d_over_icapt,-0.004211566801591739,0.004211566801591739,0.5741065141767318
recco_over_invt_d,-0.0042113174570490575,0.0042113174570490575,0.5741291847856578
donr_d_over_invt,-0.0042086541216940585,0.0042086541216940585,0.5743713638472766
cstk_over_ceq,-0.004207660777438884,0.004207660777438884,0.5744617017565578
dxd4_over_ppent,-0.004206852806789611,0.004206852806789611,0.5745351861547776
seq_pd_minus_pd_lct,-0.004206194797671274,0.004206194797671274,0.574595034936631
lct_pd_minus_pd_seq,0.004206194797671272,0.004206194797671272,0.574595034936631
ppeveb_over_invt_d,-0.004205665175035376,0.004205665175035376,0.5746432085538451
capxv_over_at_d,0.004204920688908288,0.004204920688908288,0.5747109290368336
mrc5_pd_minus_pd_emp,-0.0042030726809393565,0.0042030726809393565,0.5748790451824629
itci_d_over_lt,-0.004202669561035848,0.004202669561035848,0.5749157207138321
chech_over_xsga,-0.004198955223525045,0.004198955223525045,0.5752537002688185
dvc_over_xsga_d,-0.0041986216774612724,0.0041986216774612724,0.5752840552956953
pstkrv_over_cogs_d,-0.004196903430400861,0.004196903430400861,0.5754404397998959
lo_d_over_icapt,0.004196267918990333,0.004196267918990333,0.5754982853105969
invch_over_seq,0.00419490457336842,0.00419490457336842,0.5756223890036278
dlto_pd,-0.004190446267563661,0.004190446267563661,0.5760283113847264
intc_over_invt,0.0041893076669275555,0.0041893076669275555,0.5761320010022389
mrc2_d_over_ceq,-0.004186252053209532,0.004186252053209532,0.5764103119121752
txdfo_d_over_xsga,-0.004186125565207202,0.004186125565207202,0.5764218340385026
tlcf_pd_minus_pd_lt,-0.00418609048041281,0.00418609048041281,0.5764250300243681
ivncf_over_act_d,-0.004184540969952512,0.004184540969952512,0.5765661882111899
dlto_pd_minus_pd_cogs,-0.004183163375011196,0.004183163375011196,0.5766916988266364
mrc1_over_sale_d,0.0041802153902830985,0.0041802153902830985,0.5769603285751419
tstk_over_seq,0.004179467105802568,0.004179467105802568,0.5770285240200879
xacc_over_seq_d,0.004177451856586736,0.004177451856586736,0.5772122040940091
dpc_over_seq_d,0.004176827536838145,0.004176827536838145,0.5772691133617425
dv_d_over_lct,-0.004170283582687529,0.004170283582687529,0.5778657801850373
idit_d_over_ppent,-0.004168504251830938,0.004168504251830938,0.5780280667661116
msa_over_lct,-0.004166746571232222,0.004166746571232222,0.578188399747752
dudd_d_over_dltt,-0.0041666657070790905,0.0041666657070790905,0.5781957765574017
txp,-0.004159702585398919,0.004159702585398919,0.5788311512984454
acox_over_invt_pd,0.004157293472716688,0.004157293472716688,0.5790510556723679
mrc4_over_lt_pd,-0.004152805615258109,0.004152805615258109,0.5794608129322756
txdfo_d_over_at,-0.00415131175651815,0.00415131175651815,0.5795972376945392
dvp_d_over_emp,0.004150592385808909,0.004150592385808909,0.57966293869024
dvp_over_mktcap_d,-0.004149818283203205,0.004149818283203205,0.5797336423180985
cstkcv_over_at_d,-0.004149604577671527,0.004149604577671527,0.5797531620920292
recd_over_xsga_d,0.004149088495170001,0.004149088495170001,0.5798003021228935
pstkrv_d_over_dltt,0.0041490264972745185,0.0041490264972745185,0.5798059652583527
sstk_d_over_emp,-0.004148499723838848,0.004148499723838848,0.579854083895053
diladj_d_over_lt,-0.004146875885407357,0.004146875885407357,0.5800024267926771
ds_over_xsga_d,-0.004146307640797936,0.004146307640797936,0.5800543419791219
itcb_d_over_icapt,0.004145453128803761,0.004145453128803761,0.5801324148349623
dp_pd_minus_pd_xsga,0.0041451302344997585,0.0041451302344997585,0.5801619174939774
invt_pd_minus_pd_xsga,0.0041438407163287795,0.0041438407163287795,0.5802797470071123
xsga_pd_minus_pd_invt,-0.0041438407163287404,0.0041438407163287404,0.5802797470071123
dlc_over_act_pd,-0.004138177347732496,0.004138177347732496,0.5807973691089977
ceq_over_at_d,0.004135910779399399,0.004135910779399399,0.5810045900858073
xacc_over_ceq_pd,0.004131473090333963,0.004131473090333963,0.5814104058984896
capx_over_at_d,0.004125980880822187,0.004125980880822187,0.5819128384940926
xido_d_over_at,-0.004124229060667681,0.004124229060667681,0.5820731393455226
ivaco_d_over_invt,-0.004119792565905501,0.004119792565905501,0.5824791944245146
xopr,-0.004116495169024,0.004116495169024,0.5827810779441106
sstk_over_ceq_d,0.004115963210341701,0.004115963210341701,0.5828297867011226
che_d_over_dltt,-0.004115367963632229,0.004115367963632229,0.5828842926730088
apalch_d_over_mktcap,0.004113425315234169,0.004113425315234169,0.5830621950164746
cstkcv_over_seq,0.004111606987122824,0.004111606987122824,0.5832287353907082
cstkcv_d_over_at,0.004108179697863521,0.004108179697863521,0.5835427005285186
mrct_over_xsga,0.004106746590131591,0.004106746590131591,0.5836740071792373
cld2_over_icapt,0.004103200933277179,0.004103200933277179,0.5839989325574478
lo_pd_minus_pd_sale,0.0041028410499392865,0.0041028410499392865,0.5840319171138552
niadj_over_at_d,-0.004101913282614337,0.004101913282614337,0.5841169542073142
txs_over_sale_pd,0.004100013486895477,0.004100013486895477,0.5842911032463574
dc_over_dltt_d,-0.004098531271846345,0.004098531271846345,0.5844269905912035
am_d_over_ppent,0.004097794785482186,0.004097794785482186,0.5844945160692726
dvc_d_over_seq,-0.00409683426556614,0.00409683426556614,0.5845825877367554
pstk_d_over_icapt,-0.004094107212576954,0.004094107212576954,0.5848326693877424
ppegt_over_act_pd,0.004093776215146646,0.004093776215146646,0.5848630265583479
lco_d_over_invt,-0.00409086136081992,0.00409086136081992,0.585130391766881
niadj_over_mktcap_d,0.004090729333736744,0.004090729333736744,0.5851425033041842
dp_pd_minus_pd_cogs,0.004090590554308618,0.004090590554308618,0.5851552343950914
dvp_over_dltt_d,0.004090328224681638,0.004090328224681638,0.5851792998575553
wcap_over_dltt_d,-0.00408343170943712,0.00408343170943712,0.5858121337572973
lct_pd_minus_pd_ppent,-0.004077777862077212,0.004077777862077212,0.5863311755043155
ppent_pd_minus_pd_lct,0.004077777862077141,0.004077777862077141,0.5863311755043422
ao_d_over_lct,-0.004077168624078306,0.004077168624078306,0.5863871182762952
xsga_over_icapt_pd,0.0040703782818306755,0.0040703782818306755,0.5870108032213482
aco_over_at_pd,-0.0040664314832333445,0.0040664314832333445,0.5873734531401354
tstkc_over_seq,0.004065800882076297,0.004065800882076297,0.5874314052660455
spi_d_over_lt,-0.004065574550804849,0.004065574550804849,0.5874522057118947
mrc5_over_act_pd,-0.004062002107484733,0.004062002107484733,0.5877805678910755
apalch_over_icapt,0.004061484216239585,0.004061484216239585,0.5878281770610096
txdfed_over_invt,-0.004061330254721147,0.004061330254721147,0.5878423309171429
txndb_over_icapt,-0.0040604213633064256,0.0040604213633064256,0.587925889541601
txdb_pd_minus_pd_ceq,0.004060024679423625,0.004060024679423625,0.5879623602613943
esopct_over_xsga,-0.004059146494379454,0.004059146494379454,0.5880431034374464
ib_over_emp_d,0.004058702853799891,0.004058702853799891,0.5880838951372226
mrc1_pd_minus_pd_lct,0.004058412562340044,0.004058412562340044,0.5881105874568351
rect_d_over_dltt,-0.0040564366913320785,0.0040564366913320785,0.5882922838063855
fatc_over_cogs,-0.0040561964731516496,0.0040561964731516496,0.5883143754612342
dxd3_d_over_mktcap,-0.004055907935882285,0.004055907935882285,0.5883409112857567
intpn_over_lct_d,-0.00405532468477552,0.00405532468477552,0.5883945526620364
itcb_over_at,-0.004053310118584845,0.004053310118584845,0.5885798489041234
dltr_pd_minus_pd_ceq,0.004052956996660837,0.004052956996660837,0.5886123312109788
rect_pd_minus_pd_mktcap,0.0040529168680672484,0.0040529168680672484,0.5886160225360026
msa,-0.004051009128559489,0.004051009128559489,0.5887915228669751
dxd5_d_over_seq,-0.004045666628544861,0.004045666628544861,0.5892831285934933
diladj_d_over_seq,0.004044556194845098,0.004044556194845098,0.5893853321502951
ceqt_d_over_act,-0.00404252856033214,0.00404252856033214,0.5895719753293174
wcap_pd_minus_pd_sale,0.0040418690614658585,0.0040418690614658585,0.5896326878840161
txpd_over_xsga_pd,0.004041683363069969,0.004041683363069969,0.5896497835418437
dlto_over_act_d,0.004041264131567966,0.004041264131567966,0.5896883794288583
oancf_over_invt_d,-0.004038636530218973,0.004038636530218973,0.5899303119186983
ibcom_d_over_cogs,-0.004036306935113289,0.004036306935113289,0.590144844163001
sppiv_over_seq,-0.004036291969777114,0.004036291969777114,0.59014622243586
xpr_pd_minus_pd_xsga,-0.004032598525025996,0.004032598525025996,0.5904864254796207
mib_over_sale,0.004032468895604942,0.004032468895604942,0.5904983672796937
txfo_over_invt_d,0.004029709150273391,0.004029709150273391,0.5907526285803046
dlto_pd_minus_pd_mktcap,-0.004027551483733688,0.004027551483733688,0.590951454136659
wcap_over_act_pd,-0.004026314613736572,0.004026314613736572,0.591065443624155
tstk_over_lct,-0.004025103255099449,0.004025103255099449,0.5911770917919732
txc_pd_minus_pd_emp,0.004023985566460967,0.004023985566460967,0.5912801152077332
dltr_over_at_pd,0.004022364498321818,0.004022364498321818,0.5914295524999548
cogs_over_lct_pd,-0.0040204003428613196,0.0040204003428613196,0.591610640360185
txs_over_dltt,0.004018163197900928,0.004018163197900928,0.5918169278604021
am_over_emp_pd,-0.004016540929512253,0.004016540929512253,0.5919665381479412
ivao_over_xsga_d,-0.004015850189182599,0.004015850189182599,0.5920302454905582
xint_d_over_sale,-0.004015604492086738,0.004015604492086738,0.5920529070212048
dd3_d_over_icapt,-0.004015261745268386,0.004015261745268386,0.5920845204633909
mrc2_over_seq,-0.004015066750948154,0.004015066750948154,0.5921025062180177
txds_d_over_at,0.004012895057349722,0.004012895057349722,0.5923028343725292
dxd3_d_over_ceq,-0.004012198626509017,0.004012198626509017,0.5923670833087858
dd1_d_over_act,0.004011484311839134,0.004011484311839134,0.5924329854311792
aqc_over_lt_d,-0.004005511693116322,0.004005511693116322,0.5929841462042995
invt_over_sale_d,-0.003998551424039588,0.003998551424039588,0.5936267448759108
msa_over_seq,-0.0039952155885319115,0.0039952155885319115,0.593934834910768
pstkc_over_lct_d,0.003995178878892482,0.003995178878892482,0.5939382257348088
mrc1_over_cogs_d,-0.00399345426197717,0.00399345426197717,0.5940975364481815
siv_over_icapt_d,-0.003992632401697222,0.003992632401697222,0.5941734622969833
xacc_over_seq_pd,0.0039913809120306,0.0039913809120306,0.5942890870822044
siv_d_over_lt,-0.0039907392132723565,0.0039907392132723565,0.5943483774424079
dvc,-0.003990596841510657,0.003990596841510657,0.5943615323816885
mrct_pd_minus_pd_sale,0.003989541325041816,0.003989541325041816,0.5944590646859806
cld2_over_emp_d,-0.003988622972598498,0.003988622972598498,0.5945439286484548
aoloch_over_invt_d,-0.003986074000212808,0.003986074000212808,0.5947795054484711
fatp_over_ceq_d,-0.003985639214190222,0.003985639214190222,0.5948196927603006
cld5_over_ppent,-0.0039850340067219495,0.0039850340067219495,0.5948756342062578
fopo_over_cogs_d,-0.003980638121007666,0.003980638121007666,0.5952820334010468
nopio_d_over_icapt,0.003979763382911171,0.003979763382911171,0.5953629179619313
acox_over_icapt_d,0.003975133692010516,0.003975133692010516,0.5957910958789997
dltt_over_ppent_d,-0.003972121343831346,0.003972121343831346,0.5960697688905608
lcox_over_icapt_d,0.0039686898316848825,0.0039686898316848825,0.5963872912028843
txndba_over_cogs_d,-0.003968491540989186,0.003968491540989186,0.5964056416545896
xi_over_at,0.003967362473183233,0.003967362473183233,0.5965101340807135
dxd3_over_sale,-0.003966428635337819,0.003966428635337819,0.5965965647557778
nopio_over_seq_d,0.003966186529551396,0.003966186529551396,0.5966189736093717
sstk_over_invt_pd,-0.003962323675921326,0.003962323675921326,0.5969765638494475
xidoc_over_ppent,0.003962258043451696,0.003962258043451696,0.5969826403893725
esub_over_act_d,-0.00395968788324371,0.00395968788324371,0.5972206191389801
fate_over_ppent_d,0.003956592502033325,0.003956592502033325,0.5975072869059277
cld4_d_over_at,0.003955245200630841,0.003955245200630841,0.5976320819845399
dlc_over_at_d,0.003955191649112054,0.003955191649112054,0.5976370424898056
dudd,-0.003954807968861065,0.003954807968861065,0.5976725835398442
dpc_pd_minus_pd_invt,-0.003954051930474198,0.003954051930474198,0.5977426196607578
dpvieb_over_ceq_d,0.003953538069161848,0.003953538069161848,0.5977902236747618
lco_over_dltt_d,0.003952823228099912,0.003952823228099912,0.5978564492784876
pstkrv_over_icapt_d,-0.00395177516457053,0.00395177516457053,0.5979535519071841
mrc1_pd_minus_pd_sale,0.003951465058314887,0.003951465058314887,0.597982284489483
xrd_over_lt_pd,0.003950935799949867,0.003950935799949867,0.5980313238374481
np_over_icapt_d,-0.003949306828843972,0.003949306828843972,0.5981822704269408
tstkc_d_over_sale,-0.003948408572156331,0.003948408572156331,0.598265513667213
xido_d_over_emp,0.003946608678785566,0.003946608678785566,0.5984323291990893
itcb_over_lt,-0.003946128922422614,0.003946128922422614,0.5984767969579152
nopi_over_ceq,0.003942303267023487,0.003942303267023487,0.5988314437375376
rect_over_mktcap_d,0.003938417551454789,0.003938417551454789,0.5991917557372447
cld4_over_at,-0.003937827888934072,0.003937827888934072,0.5992464421470673
mrc4_pd_minus_pd_act,-0.003937422960343856,0.003937422960343856,0.5992839972947074
fato_d_over_lt,-0.0039374090585441324,0.0039374090585441324,0.5992852866376189
rectr_d_over_seq,0.00393739427964867,0.00393739427964867,0.5992866573294596
nopi_d_over_lct,0.003937234850321623,0.003937234850321623,0.5993014439425767
ap_d_over_mktcap,0.003934768728699559,0.003934768728699559,0.5995301907027486
txp_over_xsga,0.003933958493171274,0.003933958493171274,0.5996053532685188
dc_over_lt,-0.003931822730220556,0.003931822730220556,0.5998035005733209
fiao_over_ppent_d,-0.003930897269899863,0.003930897269899863,0.5998893701787351
rectr_pd_minus_pd_icapt,-0.003930479570093519,0.003930479570093519,0.5999281286245545
fopo_over_lct_pd,-0.003930108301980154,0.003930108301980154,0.599962579615739
mrc5_pd_minus_pd_ppent,-0.0039255060295368075,0.0039255060295368075,0.600389711456975
cstk_over_mktcap_pd,-0.0039230413705042535,0.0039230413705042535,0.600618510262052
fincf_d_over_cogs,0.003922684920156254,0.003922684920156254,0.6006516034608498
ivstch_d_over_cogs,-0.003921083959773238,0.003921083959773238,0.6008002483483359
ivstch_over_emp,0.00391985291262813,0.00391985291262813,0.6009145590826438
lct,-0.003918957009010359,0.003918957009010359,0.6009977557361366
caps_over_dltt_pd,-0.003918938977482631,0.003918938977482631,0.6009994302584616
spi_d_over_cogs,-0.0039187381736205925,0.0039187381736205925,0.6010180783243
txt_over_sale_pd,0.003916539829796934,0.003916539829796934,0.6012222491555457
spi_over_act_d,0.003903960293066156,0.003903960293066156,0.6023911733110516
ch_over_lt_pd,-0.003903021520723929,0.003903021520723929,0.6024784475799768
dd5_over_ppent,-0.0039006697025222867,0.0039006697025222867,0.6026971126102276
recd_over_at_pd,0.003900403807059266,0.003900403807059266,0.6027218370239249
txr_over_lt_d,-0.0038987175712655907,0.0038987175712655907,0.6028786430743036
pstkr_d_over_sale,0.003895941798877745,0.003895941798877745,0.6031368070384578
itcb_d_over_ppent,0.003893232676200362,0.003893232676200362,0.6033888201092323
xrd_pd_minus_pd_emp,0.003891753661717296,0.003891753661717296,0.6035264237338395
ivncf_d_over_dltt,0.0038910966256513893,0.0038910966256513893,0.6035875571691925
ibcom_over_ppent_d,0.003889158463192281,0.003889158463192281,0.6037679082754569
fopo_pd_minus_pd_invt,-0.003887272409181476,0.003887272409181476,0.6039434337947556
dltr_pd_minus_pd_seq,0.0038867851189665157,0.0038867851189665157,0.603988787159022
xsga_over_emp_d,0.003885252547476737,0.003885252547476737,0.6041314375324218
pstkrv_over_xsga,-0.00388314054423485,0.00388314054423485,0.6043280456748032
intan_over_mktcap,0.0038819177262638593,0.0038819177262638593,0.6044418919447683
pstkn_over_invt_d,-0.0038810155438396368,0.0038810155438396368,0.6045258927119074
invwip_d_over_dltt,-0.0038803996655729987,0.0038803996655729987,0.6045832391634266
txditc_pd_minus_pd_ceq,0.0038771984645586837,0.0038771984645586837,0.6048813528230558
am_pd_minus_pd_cogs,-0.0038759446867085165,0.0038759446867085165,0.6049981295559043
dltr_over_icapt_d,0.0038737821893057916,0.0038737821893057916,0.6051995680734871
txpd_pd_minus_pd_emp,0.0038717527231209603,0.0038717527231209603,0.6053886419510154
pstkl_over_sale_d,0.003871186929251976,0.003871186929251976,0.6054413584797319
invo_over_at_d,0.003870947289736251,0.003870947289736251,0.6054636869544902
pstkrv_d_over_lt,0.0038701254884467087,0.0038701254884467087,0.6055402613062472
am_over_xsga_d,0.003869542807149921,0.003869542807149921,0.6055945574024943
pstkc_over_emp_d,-0.0038690135699923547,0.0038690135699923547,0.6056438752930604
tstkc_over_lct,-0.0038673391867275727,0.0038673391867275727,0.6057999174704637
ao_d_over_seq,-0.003866991194992113,0.003866991194992113,0.6058323504092088
nopio_over_cogs,0.0038644389265820433,0.0038644389265820433,0.6060702463731411
fate_over_xsga_d,-0.0038629801502313185,0.0038629801502313185,0.6062062371271808
fato_over_lt,-0.0038615381101854696,0.0038615381101854696,0.6063406810937062
lct_d_over_emp,0.003860993372151845,0.003860993372151845,0.6063914714619346
aco_pd_minus_pd_sale,0.0038601036194054884,0.0038601036194054884,0.6064744344555297
acox_d_over_mktcap,-0.0038599223011586497,0.0038599223011586497,0.6064913416900144
ppent_pd_minus_pd_emp,-0.003858404775776813,0.003858404775776813,0.6066328534004093
emp_pd_minus_pd_ppent,0.0038584047757768128,0.0038584047757768128,0.6066328534004093
dlc_pd_minus_pd_invt,-0.0038582722831455997,0.0038582722831455997,0.6066452092542072
xopr_pd_minus_pd_invt,0.003857219457321228,0.003857219457321228,0.6067433965380293
xpr_pd_minus_pd_invt,-0.0038566204464051917,0.0038566204464051917,0.6067992638904846
xidoc_over_act,-0.0038531685328229304,0.0038531685328229304,0.6071212548379056
prstkc_over_dltt_d,0.003851713075438321,0.003851713075438321,0.6072570412665121
ds_d_over_icapt,-0.0038489094147228053,0.0038489094147228053,0.6075186460930202
fatp_d_over_lct,0.0038488302715219747,0.0038488302715219747,0.6075260315405615
mrct_over_lct_pd,-0.0038461318367517985,0.0038461318367517985,0.6077778667552705
tstk_d_over_lct,-0.0038447682861308136,0.0038447682861308136,0.6079051397354557
fatb_over_lt_d,-0.003844577429879795,0.003844577429879795,0.6079229550890617
txt_d_over_dltt,-0.003844000884715223,0.003844000884715223,0.6079767737391032
lo_over_lct_d,-0.003843840101073966,0.003843840101073966,0.6079917827573232
ni_over_sale_d,-0.0038437571284647455,0.0038437571284647455,0.6079995282454752
dpc_pd_minus_pd_ceq,0.0038430186264009087,0.0038430186264009087,0.6080684693075119
cld3_over_sale_d,0.003841871709913304,0.003841871709913304,0.6081755438105225
ni_d_over_invt,0.0038375141765573727,0.0038375141765573727,0.6085824335498898
rectr_pd_minus_pd_lt,-0.0038373843193845033,0.0038373843193845033,0.6085945609740984
lcox_over_ceq_pd,-0.0038368219615042393,0.0038368219615042393,0.6086470810905904
mrc2_pd_minus_pd_lct,0.0038367356371408453,0.0038367356371408453,0.6086551433339388
donr_over_lct_d,-0.003835609591130981,0.003835609591130981,0.6087603144879604
dvp_over_mktcap,-0.003835503325456974,0.003835503325456974,0.6087702399740029
diladj_over_act,0.003829054774651798,0.003829054774651798,0.6093726858924627
txdi_d_over_ceq,0.003828266228488024,0.003828266228488024,0.6094463727881766
fato_over_seq,-0.003826294043740774,0.003826294043740774,0.6096306839321292
dlc_over_lt,-0.0038249560899284614,0.0038249560899284614,0.6097557369264757
ao,-0.0038237000291812405,0.0038237000291812405,0.6098731460868053
mrct_over_sale_pd,-0.0038234415956385067,0.0038234415956385067,0.6098973041777893
lo_d_over_ceq,0.0038223732204274315,0.0038223732204274315,0.609997179259573
pstkc_over_ppent_d,-0.0038212824876436707,0.0038212824876436707,0.6100991518900514
chech_over_lct,-0.0038207982173590945,0.0038207982173590945,0.6101444287551155
idit_over_emp_d,0.003819998470866049,0.003819998470866049,0.6102192043438515
ceq_over_xsga_d,0.003819340011831502,0.003819340011831502,0.6102807727337134
diladj_over_act_d,-0.00381920911061806,0.00381920911061806,0.6102930128167853
txdfo_d_over_dltt,-0.003818246551539066,0.003818246551539066,0.610383021463866
ap_over_dltt,-0.00381587381869001,0.00381587381869001,0.6106049202452069
rect_pd_minus_pd_ceq,-0.003812563237593592,0.003812563237593592,0.6109145866931243
dlc_pd_minus_pd_sale,-0.0038100216832050154,0.0038100216832050154,0.6111523668474979
fopo_pd_minus_pd_seq,-0.003809381461788261,0.003809381461788261,0.6112122704961291
fopo_pd_minus_pd_sale,-0.003808021772997128,0.003808021772997128,0.6113395012352298
lcox_pd_minus_pd_ppent,-0.003805751727487129,0.003805751727487129,0.6115519433113865
txt_over_cogs_pd,0.0038053955684126672,0.0038053955684126672,0.6115852774040398
rectr_pd_minus_pd_act,-0.0038040881584972958,0.0038040881584972958,0.6117076490704932
che_over_invt_pd,-0.0038029532899367066,0.0038029532899367066,0.6118138799038252
ivstch_over_icapt_d,0.0038008534175591117,0.0038008534175591117,0.6120104626897015
icapt_over_xsga_d,-0.0038006387106418443,0.0038006387106418443,0.612030564382997
dltis_over_dltt,0.0037978666800213513,0.0037978666800213513,0.612290118852171
invch_d_over_cogs,0.0037939244403177082,0.0037939244403177082,0.6126593277029135
pstkr_over_icapt,-0.003793000897347302,0.003793000897347302,0.612745835963427
txpd_over_at_pd,0.0037923401903281586,0.0037923401903281586,0.6128077276942322
sppe_over_ppent_d,-0.0037910283800062523,0.0037910283800062523,0.6129306197115222
ivstch_over_act,0.0037903903412106693,0.0037903903412106693,0.6129903959109494
sstk_over_cogs_pd,-0.003789201753275423,0.003789201753275423,0.6131017584950181
acox_over_seq_d,-0.0037859794125560875,0.0037859794125560875,0.6134037147680043
sstk_over_act_pd,-0.003785444103721546,0.003785444103721546,0.6134538833732831
dltr_over_lt_pd,0.0037847958811962883,0.0037847958811962883,0.6135146365592388
aoloch,0.0037812413965849596,0.0037812413965849596,0.6138478197372892
che_over_at_d,-0.0037803803063876655,0.0037803803063876655,0.6139285468919204
txt_over_ppent_d,0.0037789792548639446,0.0037789792548639446,0.6140599053891624
ivst_over_at_d,-0.003778845486744868,0.003778845486744868,0.614072447744898
intan_d_over_mktcap,-0.0037776781384659852,0.0037776781384659852,0.6141819053520884
rectr_d_over_emp,-0.0037771561658300934,0.0037771561658300934,0.6142308514320406
siv_d_over_icapt,-0.003777036276439074,0.003777036276439074,0.6142420938650277
dd2_over_cogs,-0.0037714082712084606,0.0037714082712084606,0.6147699528903314
txndbl_pd_minus_pd_cogs,0.003770870571993143,0.003770870571993143,0.6148203949498887
nopi_over_ppent_d,-0.0037702204936960167,0.0037702204936960167,0.6148813818267121
rea_over_xsga_d,0.0037697242581578375,0.0037697242581578375,0.6149279377882265
spi_d_over_ppent,-0.003768761017125662,0.003768761017125662,0.6150183118254942
txndb_over_mktcap_d,0.003768657276075461,0.003768657276075461,0.6150280454569473
mrct_over_cogs_d,-0.0037663055113027768,0.0037663055113027768,0.6152487208527249
pstkrv_over_act_d,-0.0037657748688584673,0.0037657748688584673,0.6152985179468354
txt_pd_minus_pd_xsga,0.0037638014408207417,0.0037638014408207417,0.615483725957157
am_pd_minus_pd_emp,-0.003762208619608189,0.003762208619608189,0.6156332315378633
dpc_pd_minus_pd_sale,-0.0037607925423878857,0.0037607925423878857,0.6157661609489481
mrc5_over_cogs_pd,-0.003760544318673304,0.003760544318673304,0.6157894634007378
invch_d_over_invt,0.003760174174988274,0.003760174174988274,0.6158242120304704
dvc_d_over_ceq,-0.003759306751817064,0.003759306751817064,0.6159056480148267
pstkl_d_over_sale,-0.0037562763375759214,0.0037562763375759214,0.6161901884405047
dlc_pd,-0.003755737981208828,0.003755737981208828,0.6162407433894219
txdba_d_over_cogs,0.0037549226570979684,0.0037549226570979684,0.616317310765609
donr_over_mktcap_d,0.003750972626142529,0.003750972626142529,0.6166883186570833
ibadj_d_over_cogs,-0.0037506953522445825,0.0037506953522445825,0.6167143653725005
dlto_d_over_ceq,-0.0037458791338562383,0.0037458791338562383,0.6171668710041519
fato_over_lct,-0.003743687659818766,0.003743687659818766,0.6173728180974507
dlc_over_xsga_d,-0.0037353713240808684,0.0037353713240808684,0.6181546319770412
dp_over_emp_pd,0.0037322015025314167,0.0037322015025314167,0.6184527389558137
dxd4_over_mktcap_d,-0.003731426406157704,0.003731426406157704,0.6185256427236948
txs_over_xsga_pd,0.0037240269301557043,0.0037240269301557043,0.6192218092086385
cstkcv_pd,-0.0037227790731646777,0.0037227790731646777,0.6193392452873347
itcb_d_over_lt,0.003720842646949543,0.003720842646949543,0.6195215019911101
dlc_over_ceq_d,-0.0037172333175705106,0.0037172333175705106,0.6198612749793908
recd_over_sale_pd,-0.003715667641886161,0.003715667641886161,0.6200086889122999
cstkcv_pd_minus_pd_cogs,0.003714247675595206,0.003714247675595206,0.6201423969933356
lo_over_xsga_d,-0.003711056554070322,0.003711056554070322,0.6204429279241641
tstkc_over_emp,0.0037100378622938485,0.0037100378622938485,0.6205388788238847
lct_over_seq_d,-0.003710036032266605,0.003710036032266605,0.6205390512005411
niadj_over_icapt_d,0.0037095677257913927,0.0037095677257913927,0.6205831633071617
xrd_over_lct_pd,-0.003707908359758646,0.003707908359758646,0.6207394781961468
dd5_d_over_sale,0.003707076878820611,0.003707076878820611,0.620817811449055
fopo_d_over_cogs,-0.0037026166885523546,0.0037026166885523546,0.6212380763066676
am_pd_minus_pd_sale,-0.0037005579733892166,0.0037005579733892166,0.6214321020250194
pstkl_d_over_at,0.003696757347831082,0.003696757347831082,0.6217903650159695
diladj_over_ceq_d,-0.003691954324488686,0.003691954324488686,0.6222432464617853
txndb_over_ceq_d,0.0036897548651090156,0.0036897548651090156,0.6224506832410769
rea_over_act,0.0036891334944842585,0.0036891334944842585,0.6225092917648791
itcb_d_over_mktcap,0.0036886602610826536,0.0036886602610826536,0.6225539293887993
mrc3_d_over_ceq,-0.0036885038632178324,0.0036885038632178324,0.6225686818838815
dxd3_d_over_icapt,-0.0036873719490431744,0.0036873719490431744,0.6226754561338975
aqc_over_lct_d,-0.0036835511210787054,0.0036835511210787054,0.6230359360824692
pstkrv_over_sale_d,0.00368351190601847,0.00368351190601847,0.6230396363362202
spi_over_lct_d,-0.003683385795512071,0.003683385795512071,0.6230515359330964
do_over_mktcap,-0.0036827167531182283,0.0036827167531182283,0.6231146674086925
lse_d_over_cogs,-0.0036820972475730468,0.0036820972475730468,0.6231731270099821
at_d_over_cogs,-0.0036820972475730468,0.0036820972475730468,0.6231731270099821
dvc_d_over_act,-0.003678917545298189,0.003678917545298189,0.6234732167771911
txds_over_icapt,0.003676939547479685,0.003676939547479685,0.6236599252007862
nopi_pd,0.0036714606203934264,0.0036714606203934264,0.6241772217835021
txds_d_over_lt,0.00367111263991999,0.00367111263991999,0.6242100828548405
capx_pd_minus_pd_sale,-0.0036709283940419817,0.0036709283940419817,0.6242274821709539
rect_over_invt_d,-0.0036665601236225824,0.0036665601236225824,0.6246400624915767
cld4_d_over_lt,0.0036645676625546484,0.0036645676625546484,0.6248282882397553
donr_d_over_ppent,0.0036636487002793313,0.0036636487002793313,0.6249151099083324
pstk_over_emp_d,-0.0036616274655951785,0.0036616274655951785,0.6251060903234128
acox_over_invt_d,-0.0036600145650233706,0.0036600145650233706,0.6252585065271823
esub_d_over_seq,0.0036553997739162563,0.0036553997739162563,0.6256946844717451
msa_over_ceq,-0.003654710862970791,0.003654710862970791,0.6257598097701862
txdb_over_invt,0.003652950837298527,0.003652950837298527,0.6259262047607912
dpact_pd,-0.0036520069511449607,0.0036520069511449607,0.6260154487662054
ivao_over_ceq_d,0.0036507428480807153,0.0036507428480807153,0.62613497771509
ch_over_mktcap_pd,0.0036490795172035295,0.0036490795172035295,0.6262922711468693
dxd4_d_over_dltt,0.003645988658810397,0.003645988658810397,0.6265846043312658
invwip_d_over_seq,0.003645167759719199,0.003645167759719199,0.626662254774782
txs_pd,0.0036451516672016153,0.0036451516672016153,0.6266637770387076
idit_over_ceq_d,-0.0036451375941974652,0.0036451375941974652,0.6266651082690363
dd3_d_over_mktcap,-0.0036444307566689425,0.0036444307566689425,0.6267319728532187
txdi_over_invt_d,-0.0036425167852071148,0.0036425167852071148,0.6269130438672346
dltis,0.0036417769210813937,0.0036417769210813937,0.6269830446386896
tstkc_over_at_d,0.0036410690151251444,0.0036410690151251444,0.6270500248956267
lo_pd,0.0036397524377624244,0.0036397524377624244,0.6271746042644983
lct_over_emp_d,0.003637678180225495,0.003637678180225495,0.6273708996711075
txdb_pd_minus_pd_act,0.003631197645466056,0.003631197645466056,0.6279843488436907
pstkn_over_lct_d,-0.0036277156864662793,0.0036277156864662793,0.6283140582264055
esubc_d_over_emp,0.003626492270830212,0.003626492270830212,0.6284299220067912
pstkn_over_ceq_d,-0.0036224644296174585,0.0036224644296174585,0.6288114440407679
txo_over_lt,0.0036221246371778417,0.0036221246371778417,0.6288436341306958
txndba_pd_minus_pd_at,0.003621612155178354,0.003621612155178354,0.6288921852258186
exre_over_dltt_d,0.0036209805113153947,0.0036209805113153947,0.628952027586405
gdwl_pd_minus_pd_mktcap,-0.003620155308043032,0.003620155308043032,0.6290302115662936
aox_d_over_sale,-0.0036200352383512703,0.0036200352383512703,0.6290415879297991
dd3_d_over_sale,-0.003618917567369734,0.003618917567369734,0.6291474892473936
wcap_d_over_dltt,-0.003618889839245021,0.003618889839245021,0.6291501166335947
aox_d_over_act,0.003616202762405016,0.003616202762405016,0.6294047536174786
dilavx_d_over_cogs,-0.00361566480664835,0.00361566480664835,0.6294557375178492
rectr_over_sale,-0.003613732108535857,0.003613732108535857,0.6296389204710473
sppe_over_emp_d,0.00361250693374694,0.00361250693374694,0.629755055494557
txndb_over_xsga_d,-0.00361204999145866,0.00361204999145866,0.6297983716606476
mrc1_over_emp_pd,-0.003612042181792639,0.003612042181792639,0.629799111994497
dd1_d_over_lct,-0.003609445520107824,0.003609445520107824,0.6300452886603172
txfed_over_xsga,-0.0036072382413764787,0.0036072382413764787,0.6302545821605483
fiao_d_over_invt,0.003606593819045625,0.003606593819045625,0.6303156916877928
fiao_d_over_xsga,-0.0036027138504618043,0.0036027138504618043,0.6306836762736171
xpr_pd_minus_pd_ceq,-0.003602277645853913,0.003602277645853913,0.6307250525886657
lcox_d_over_seq,-0.003600707466636227,0.003600707466636227,0.6308740019787368
ivncf_d_over_ceq,0.0035977171267679102,0.0035977171267679102,0.6311577112582397
dd5_over_lct_d,0.0035949398451071615,0.0035949398451071615,0.6314212552684701
aco_pd_minus_pd_invt,-0.0035941219352938945,0.0035941219352938945,0.6314988779469687
np_over_xsga,-0.0035929259552337067,0.0035929259552337067,0.6316123882102062
rectr_over_mktcap_d,0.0035911853112725947,0.0035911853112725947,0.6317776079500658
txdfo_over_icapt,-0.003590511571794552,0.003590511571794552,0.6318415633929144
rect_over_dltt,-0.003589762893202447,0.003589762893202447,0.6319126357431172
lifr_over_lct_d,0.003588808359832262,0.003588808359832262,0.6320032549001425
itcb_d_over_at,0.003586475526111323,0.003586475526111323,0.6322247470292476
mrc4_d_over_mktcap,-0.0035840302118148428,0.0035840302118148428,0.6324569541107624
xido_over_lt_d,-0.003583136861245802,0.003583136861245802,0.6325417957331452
dlc_pd_minus_pd_cogs,-0.003582815329333998,0.003582815329333998,0.6325723328451197
fato,0.0035824659175326115,0.0035824659175326115,0.6326055185267891
np_d_over_cogs,-0.003581070507894227,0.003581070507894227,0.6327380561135477
mrc2_over_xsga_pd,-0.0035803221093705165,0.0035803221093705165,0.6328091447114015
invwip_d_over_lct,-0.0035798871409490032,0.0035798871409490032,0.6328504628870135
dxd4_over_cogs_d,0.003575771270623967,0.003575771270623967,0.633241491073618
dltr_pd_minus_pd_lt,0.0035751217768838816,0.0035751217768838816,0.6333032055794798
esub_d_over_icapt,-0.0035739323833661367,0.0035739323833661367,0.6334162276534172
aqc_over_emp_d,-0.0035731118409648923,0.0035731118409648923,0.6334942046509484
che_pd_minus_pd_cogs,-0.0035726763082751063,0.0035726763082751063,0.6335355954292382
txdfed_over_dltt_d,-0.0035724790274201303,0.0035724790274201303,0.6335543443605633
fatb_d_over_emp,-0.003569311466143377,0.003569311466143377,0.6338554113011503
intc_over_mktcap_d,0.0035687901357274107,0.0035687901357274107,0.6339049679613845
aox_d_over_ceq,0.0035675144779407156,0.0035675144779407156,0.634026236444665
cld4_over_act_d,0.0035674734058513046,0.0035674734058513046,0.6340301410642168
cstkcv_over_invt_pd,-0.0035669081797250644,0.0035669081797250644,0.6340838767155206
ceqt_over_icapt,0.003564862156370516,0.003564862156370516,0.6342784068490869
diladj_over_seq_d,-0.003562842300721561,0.003562842300721561,0.63447047381457
fato_over_at_d,-0.0035618441844170166,0.0035618441844170166,0.6345653932334837
dlto_pd_minus_pd_emp,-0.0035611716093555588,0.0035611716093555588,0.6346293575392421
txndba_over_ceq_pd,-0.0035598510219415585,0.0035598510219415585,0.6347549580853733
ao_over_cogs_d,-0.003557441119462837,0.003557441119462837,0.634984190054668
ibc_over_emp_d,0.00355713661347141,0.00355713661347141,0.6350131574137603
fato_d_over_seq,0.0035564240673756613,0.0035564240673756613,0.6350809434147734
recta_d_over_dltt,-0.003555962668222768,0.003555962668222768,0.6351248389132415
fatl_over_icapt,-0.0035558927564033347,0.0035558927564033347,0.6351314901300056
invch_over_lt_d,-0.0035523187815650857,0.0035523187815650857,0.6354715474071951
dd5_over_emp_d,0.0035511824086480208,0.0035511824086480208,0.6355796873583966
tstk_d_over_xsga,-0.0035500706706168353,0.0035500706706168353,0.6356854905152086
wcap_pd_minus_pd_act,-0.0035496929518982695,0.0035496929518982695,0.6357214393747649
txdb_pd_minus_pd_icapt,0.003548744989205533,0.003548744989205533,0.6358116642000736
xrent_over_invt_pd,0.0035459355575808726,0.0035459355575808726,0.6360790909333246
chech_pd_minus_pd_lt,-0.003544308640600728,0.003544308640600728,0.6362339770801817
aqc_d_over_mktcap,0.0035434385248638706,0.0035434385248638706,0.6363168205784383
caps_pd_minus_pd_ppent,-0.003543214194485787,0.003543214194485787,0.636338179754233
txditc_pd_minus_pd_emp,-0.00354202184616147,0.00354202184616147,0.6364517119284225
dm_d_over_xsga,-0.003539640346789017,0.003539640346789017,0.636678497395693
dxd3_over_dltt_d,-0.0035389775931522114,0.0035389775931522114,0.6367416161675721
fincf_d_over_xsga,-0.003538930811176794,0.003538930811176794,0.6367460716494954
txditc_over_invt,0.0035382764263076133,0.0035382764263076133,0.6368083961738622
ch_pd_minus_pd_mktcap,0.003537054489329423,0.003537054489329423,0.6369247820285435
pstk_over_sale_d,-0.0035359060188826586,0.0035359060188826586,0.6370341785808633
cogs_over_lct_d,0.003531500379666937,0.003531500379666937,0.6374539072683668
rea_d_over_emp,0.0035311400056605266,0.0035311400056605266,0.637488245528347
ppent_over_dltt,-0.003528243735179363,0.003528243735179363,0.6377642450940026
dp_over_invt_pd,-0.003525512573566482,0.003525512573566482,0.6380245566523781
mrc3_over_ppent_pd,-0.0035217909678619407,0.0035217909678619407,0.6383793409295903
fincf_over_act_d,-0.0035214705279248077,0.0035214705279248077,0.6384098926522475
txp_over_icapt_d,0.0035186968885619644,0.0035186968885619644,0.6386743655518159
xacc,-0.003517007199837008,0.003517007199837008,0.6388355037938859
exre_d_over_sale,-0.0035161073090271425,0.0035161073090271425,0.6389213294139137
txndb_d_over_mktcap,-0.003514888622316379,0.003514888622316379,0.6390375673821217
dvp_over_xsga,0.003512853877035421,0.003512853877035421,0.6392316605272275
mrc1_d_over_seq,-0.003512388820370519,0.003512388820370519,0.6392760254754681
ceq_over_lt_pd,-0.0035103801268804493,0.0035103801268804493,0.6394676633606299
txs_pd_minus_pd_sale,0.003509885173589562,0.003509885173589562,0.6395148877010355
rea_over_ceq,0.0035077878459783694,0.0035077878459783694,0.6397150135254965
txo_over_xsga,-0.003507455035198567,0.003507455035198567,0.6397467725540735
txr_over_act_d,-0.003506054352248569,0.003506054352248569,0.6398804423159735
capxv_pd_minus_pd_sale,-0.0035041690882407265,0.0035041690882407265,0.6400603749975446
cld4_over_icapt,-0.0035039812471049595,0.0035039812471049595,0.6400783040226111
fato_d_over_icapt,-0.0035039485705355856,0.0035039485705355856,0.640081422951075
nopi_over_icapt_d,0.003501560344960646,0.003501560344960646,0.6403093926331663
invwip_over_at_d,0.0034996846973410576,0.0034996846973410576,0.6404884576428228
spi_over_at_d,-0.0034992056022624084,0.0034992056022624084,0.6405341994224943
invch_d_over_ceq,-0.0034965469056289665,0.0034965469056289665,0.6407880642763795
txditc_pd_minus_pd_act,0.0034947077850436005,0.0034947077850436005,0.640963696747864
mrc4_over_lct_d,0.003493940187301951,0.003493940187301951,0.6410370067989887
ib_d_over_ppent,0.0034937178683334567,0.0034937178683334567,0.6410582402080574
tstk_d_over_icapt,-0.003492170480043554,0.003492170480043554,0.641206037479901
xopr_pd,-0.0034908573986661834,0.0034908573986661834,0.6413314663120258
acox_over_emp,0.003490039327413437,0.003490039327413437,0.6414096157096976
txndb_over_ceq,-0.003488050161870423,0.003488050161870423,0.6415996549603541
xopr_over_dltt_pd,0.0034877593278423847,0.0034877593278423847,0.6416274423886038
icapt_over_lt_d,0.0034859083204900787,0.0034859083204900787,0.6418043066806852
invch_over_invt,0.0034840148068085077,0.0034840148068085077,0.6419852534919394
intc,0.0034830428328434943,0.0034830428328434943,0.6420781449379966
intpn_over_emp_d,0.0034798147505569303,0.0034798147505569303,0.6423866925862178
mrc4_d_over_cogs,-0.0034785628822728955,0.0034785628822728955,0.6425063656938974
dd5_over_invt,0.0034779162447362223,0.0034779162447362223,0.6425681850361432
dlto_over_dltt_d,0.0034737949517865195,0.0034737949517865195,0.6429622438555385
lcox_pd_minus_pd_lct,-0.003473615730197223,0.003473615730197223,0.6429793824685851
txds_over_dltt_d,0.0034674666106105007,0.0034674666106105007,0.6435675258829175
itcb_over_emp,-0.003465801361085032,0.003465801361085032,0.6437268400617399
tstk_over_at_d,0.003465523191330604,0.003465523191330604,0.6437534541176413
rea_over_lct,0.003461135348650733,0.003461135348650733,0.6441733239824361
mrc2_over_cogs_pd,-0.003458768025738245,0.003458768025738245,0.6443998987680633
ao_d_over_emp,-0.003458554254581845,0.003458554254581845,0.6444203602793802
diladj_over_lct,0.003454222744501737,0.003454222744501737,0.6448350169830498
txndba_over_dltt_pd,0.003453168614524297,0.003453168614524297,0.6449359458685687
reajo_d_over_sale,0.0034528795040643916,0.0034528795040643916,0.6449636282248696
np_d_over_lct,0.0034518142453104465,0.0034518142453104465,0.6450656311067933
nopi_over_ceq_pd,0.0034515771543090754,0.0034515771543090754,0.6450883344484252
ivst_over_mktcap_d,0.0034494710008970714,0.0034494710008970714,0.6452900298434296
chech_pd_minus_pd_at,-0.0034435074614157348,0.0034435074614157348,0.6458612686091371
aco_d_over_invt,-0.0034422073521725273,0.0034422073521725273,0.6459858319285092
dlc_over_emp_pd,-0.0034385440031746853,0.0034385440031746853,0.6463368703626381
aox_over_invt_d,0.003436605236834896,0.003436605236834896,0.6465226834669385
diladj_over_lct_d,-0.0034346719766836335,0.0034346719766836335,0.6467079908053052
itcb_over_lt_d,0.003433913747040617,0.003433913747040617,0.6467806748063452
ap_over_icapt_d,-0.003433226407678753,0.003433226407678753,0.646846566167004
dlto_pd_minus_pd_ppent,-0.003432770951520035,0.003432770951520035,0.6468902297137631
esub_d_over_mktcap,-0.003430265246357548,0.003430265246357548,0.6471304677090588
lo_pd_minus_pd_ceq,0.00342747278386829,0.00342747278386829,0.6473982422879517
diladj_over_lt,0.003426813705865694,0.003426813705865694,0.6474614491987167
xrent_over_sale_pd,-0.003412154158062561,0.003412154158062561,0.6488679857797387
nopio_over_ceq_d,0.003410962323663334,0.003410962323663334,0.6489823936146843
lco_over_seq_d,0.0034068344221403306,0.0034068344221403306,0.649378707529083
lt_pd_minus_pd_icapt,-0.003406692364440648,0.003406692364440648,0.6493923480525854
icapt_pd_minus_pd_lt,0.0034066923644406433,0.0034066923644406433,0.6493923480525854
lco_d_over_cogs,-0.0034045081154239504,0.0034045081154239504,0.6496020966406753
che_pd_minus_pd_ppent,-0.003403580936927049,0.003403580936927049,0.649691139933324
dd4_over_sale,0.0034016606883712683,0.0034016606883712683,0.6498755704472307
chech_pd_minus_pd_cogs,-0.0033989434037330008,0.0033989434037330008,0.6501365890464672
gp_pd_minus_pd_invt,0.0033935617760255526,0.0033935617760255526,0.6506536674309331
dp_over_act_pd,0.0033914645801091064,0.0033914645801091064,0.6508552160834483
ivncf_d_over_seq,0.003391024572736569,0.003391024572736569,0.6508975057367966
mrc2_d_over_seq,-0.00338966015694431,0.00338966015694431,0.6510286485713065
recta_over_at,0.003388989023663447,0.003388989023663447,0.6510931594986319
diladj_d_over_act,-0.0033886416128181447,0.0033886416128181447,0.651126554481732
lcoxdr_over_lct,-0.003388124865324179,0.003388124865324179,0.6511762283015693
emp_pd_minus_pd_sale,-0.0033880063249755827,0.0033880063249755827,0.6511876235474809
sale_pd_minus_pd_emp,0.003388006324975479,0.003388006324975479,0.6511876235475024
revt_pd_minus_pd_emp,0.003388006324975479,0.003388006324975479,0.6511876235475024
mrct_over_ceq_d,-0.0033840920103629093,0.0033840920103629093,0.6515639511226264
dd3_over_dltt_d,-0.00338196004247361,0.00338196004247361,0.6517689587880253
lcox_over_dltt,-0.003381714296097958,0.003381714296097958,0.6517925911788436
chech_over_icapt_d,-0.0033800554722340764,0.0033800554722340764,0.651952122408679
donr_over_invt_d,-0.00337772283657601,0.00337772283657601,0.6521764819331801
lct_pd_minus_pd_ceq,0.0033774462280845396,0.0033774462280845396,0.6522030890118033
ceq_pd_minus_pd_lct,-0.0033774462280845284,0.0033774462280845284,0.6522030890118033
dpact_over_dltt_pd,0.0033770568826802776,0.0033770568826802776,0.6522405410479329
tstk_over_emp,0.003375494928078252,0.003375494928078252,0.652390797892655
txs_over_lt,-0.003373365455592708,0.003373365455592708,0.6525956715248443
mrc3_over_emp_d,0.003372584516500233,0.003372584516500233,0.6526708111741594
dltr_over_xsga_pd,0.003371030038320925,0.003371030038320925,0.6528203889540384
dclo_over_lct,0.003368404414593019,0.003368404414593019,0.6530730681117803
sppe_over_icapt_d,0.003368084694683301,0.003368084694683301,0.6531038393507245
mib_over_act_d,-0.0033670043144769096,0.0033670043144769096,0.6532078242204373
xpr_over_dltt_pd,-0.0033657998694760797,0.0033657998694760797,0.6533237580686589
mrc2_over_lct_pd,-0.003363398436894658,0.003363398436894658,0.6535549329263304
fatp_d_over_act,0.0033623563716173232,0.0033623563716173232,0.6536552580983307
fate_over_invt,-0.003361759568472378,0.003361759568472378,0.6537127183334424
at,-0.0033597727737027655,0.0033597727737027655,0.6539040218185553
lse,-0.0033597727737027655,0.0033597727737027655,0.6539040218185553
xopr_over_seq_pd,-0.0033585777151485235,0.0033585777151485235,0.65401910196255
am_d_over_mktcap,0.003358545122298387,0.003358545122298387,0.6540222406603127
pstkl_over_xsga,-0.003358246762696026,0.003358246762696026,0.6540509730318227
siv_d_over_emp,-0.0033542351777357577,0.0033542351777357577,0.6544373430271514
ivaeq_d_over_act,-0.0033487480317525922,0.0033487480317525922,0.6549659794569288
lse_d_over_emp,0.0033442308254417637,0.0033442308254417637,0.6554013008895418
at_d_over_emp,0.0033442308254417637,0.0033442308254417637,0.6554013008895418
oibdp_d_over_invt,-0.003343222723256646,0.003343222723256646,0.6554984672977952
ebitda_d_over_invt,-0.003343222723256646,0.003343222723256646,0.6554984672977952
pstkr_d_over_invt,-0.003342549821907495,0.003342549821907495,0.6555633284595245
tstk_d_over_act,-0.003342018454233165,0.003342018454233165,0.6556145489837433
esub_d_over_at,-0.00334068132667226,0.00334068132667226,0.6557434468927048
fato_d_over_act,0.003340567206947328,0.003340567206947328,0.6557544484077257
pstkc_over_sale_d,-0.003340390416452354,0.003340390416452354,0.6557714917375332
ceq_over_invt_d,-0.0033393594035384844,0.0033393594035384844,0.6558708891869948
exre_d_over_emp,-0.0033380139133223235,0.0033380139133223235,0.6560006137940071
xpr_d_over_dltt,-0.0033364879048032414,0.0033364879048032414,0.6561477555174556
dclo_over_cogs_d,-0.0033344931295778224,0.0033344931295778224,0.6563401170661518
ivaco_over_invt_d,-0.0033334789361224625,0.0033334789361224625,0.6564379272108088
mrc1_over_icapt_d,0.0033294302593417603,0.0033294302593417603,0.656828445557154
aqc_d_over_lt,-0.0033272380578741245,0.0033272380578741245,0.6570399352248218
txndba_over_at_pd,0.003327157078468478,0.003327157078468478,0.6570477481294972
fatc_over_at_d,0.003323564789852661,0.003323564789852661,0.6573943703519135
txditc_pd_minus_pd_mktcap,-0.0033235022104701134,0.0033235022104701134,0.6574004093297835
esub_d_over_ceq,0.003322831835818427,0.003322831835818427,0.6574651026091869
cstkcv_over_emp_pd,0.0033208841249418213,0.0033208841249418213,0.6576530774410064
mrc3_d_over_seq,-0.0033195099837638104,0.0033195099837638104,0.6577857097181037
caps_over_mktcap_pd,0.0033187581537954722,0.0033187581537954722,0.6578582809998034
recd_over_dltt_d,-0.0033105418192659226,0.0033105418192659226,0.6586515824952572
rect_d_over_invt,-0.003309589430388069,0.003309589430388069,0.6587435621806682
txds_over_sale_d,0.003309467319596569,0.003309467319596569,0.6587553557537459
aco_over_icapt_pd,-0.0033086954965585243,0.0033086954965585243,0.6588299010992653
icapt_d_over_invt,-0.0033086288737885824,0.0033086288737885824,0.6588363359163432
itci_over_emp_d,-0.003304874114548857,0.003304874114548857,0.6591990333528354
pstkl_over_icapt_d,-0.003303220771918634,0.003303220771918634,0.6593587662529136
recd_over_ceq_d,-0.0033014838036894544,0.0033014838036894544,0.6595265951299918
recch_over_emp,-0.003300909006221814,0.003300909006221814,0.659582136830735
ib_over_at_d,0.003299264630423191,0.003299264630423191,0.659741040426552
fatp_d_over_sale,0.0032977945944400898,0.0032977945944400898,0.6598831097606137
dclo_over_at_d,-0.0032965816999403355,0.0032965816999403355,0.6600003372913594
dltr_pd_minus_pd_icapt,0.003295830423860579,0.003295830423860579,0.6600729531018866
txfo_over_dltt,-0.003295830209323433,0.003295830209323433,0.6600729738387963
txdfo_over_mktcap,-0.003295480342036187,0.003295480342036187,0.6601067919232021
recd_over_xsga_pd,0.003294309175104289,0.003294309175104289,0.6602200016774505
cld2_d_over_act,-0.003293598615063084,0.003293598615063084,0.6602886910892004
dd4_over_invt,-0.0032882476375794096,0.0032882476375794096,0.660806058773215
rea_d_over_sale,0.0032867740764616717,0.0032867740764616717,0.6609485608288992
tstkc_d_over_lct,-0.0032839116734274276,0.0032839116734274276,0.661225407213157
apalch_d_over_xsga,0.003282415829849264,0.003282415829849264,0.6613701009055587
xrd_pd_minus_pd_lct,0.003281184343233883,0.003281184343233883,0.6614892327126238
mrc1_over_ceq,-0.0032738897829803085,0.0032738897829803085,0.6621950710693952
fate_over_sale_d,0.003273568070574927,0.003273568070574927,0.6622262076146808
fopo_over_mktcap_d,-0.0032734463622073173,0.0032734463622073173,0.6622379871637786
cogs_pd_minus_pd_ceq,0.003273306336328281,0.003273306336328281,0.6622515396773136
ceq_pd_minus_pd_cogs,-0.0032733063363282085,0.0032733063363282085,0.6622515396773312
dclo_d_over_ceq,-0.0032685708419590725,0.0032685708419590725,0.6627099332777174
txpd_over_mktcap_d,0.003268418653696683,0.003268418653696683,0.6627246671254977
dv_d_over_xsga,0.0032681732351522923,0.0032681732351522923,0.6627484271793629
mrc5_over_emp_pd,-0.0032656054625007877,0.0032656054625007877,0.6629970449426326
rea_d_over_invt,-0.003263835200684475,0.003263835200684475,0.6631684674594402
txt_d_over_ppent,0.0032628593766925035,0.0032628593766925035,0.6632629684834442
diladj_over_sale,0.003262449161291153,0.003262449161291153,0.6633026962794465
acox_pd_minus_pd_ceq,0.0032590391776341227,0.0032590391776341227,0.6636329768175966
dltis_over_sale,0.0032583860645301857,0.0032583860645301857,0.6636962428060096
lcox_pd_minus_pd_emp,-0.0032583004634358834,0.0032583004634358834,0.6637045350204193
ceql_over_at_d,0.0032581592037408454,0.0032581592037408454,0.6637182189972518
lct_d_over_dltt,0.0032580154792493984,0.0032580154792493984,0.6637321418566033
ivst_over_icapt_d,-0.0032577086755254114,0.0032577086755254114,0.663761862893572
lct_over_sale_d,0.0032548139995809875,0.0032548139995809875,0.66404230524454
txdfo_over_lt_d,-0.003254793503583585,0.003254793503583585,0.6640442911080681
txc_over_cogs_pd,0.003253424998634467,0.003253424998634467,0.6641768913129724
mrc5_over_xsga,-0.00325268387056797,0.00325268387056797,0.6642487067194648
dxd5_over_dltt,0.0032526129237321517,0.0032526129237321517,0.6642555816387973
intpn_d_over_seq,0.003251481568887151,0.003251481568887151,0.6643652164660965
dltp_d_over_xsga,0.003250195612911498,0.003250195612911498,0.664489841757487
txditc_pd_minus_pd_icapt,0.0032493873570727055,0.0032493873570727055,0.6645681766507224
dvc_over_dltt_d,0.0032484257573489874,0.0032484257573489874,0.6646613781655659
xrent_over_at_pd,0.003247924866039638,0.003247924866039638,0.6647099283079696
txdfo_over_mktcap_d,-0.0032423060535470977,0.0032423060535470977,0.6652546420921506
mrc1_pd_minus_pd_emp,-0.0032405215908289046,0.0032405215908289046,0.6654276731853613
dc,0.0032395218201994474,0.0032395218201994474,0.665524624105471
ivst_over_lt_d,0.0032386750529628467,0.0032386750529628467,0.6656067421760128
lco_over_ceq_pd,0.003236609091192606,0.003236609091192606,0.6658071125191772
mrc3_over_xsga,0.0032363358140156066,0.0032363358140156066,0.6658336184953649
dltr_d_over_mktcap,0.003236137270850496,0.003236137270850496,0.6658528760565289
invo_d_over_lct,-0.003235754135959053,0.003235754135959053,0.665890038591189
np_over_seq_d,0.0032346150625587426,0.0032346150625587426,0.6660005289482166
mrct_d_over_emp,-0.003233715921652059,0.003233715921652059,0.6660877509230222
intpn_over_at_d,-0.0032317727369893683,0.0032317727369893683,0.6662762667283901
dltr_over_lt_d,-0.003230266450409813,0.003230266450409813,0.6664224118780865
aox_over_lct_d,-0.0032297314101319384,0.0032297314101319384,0.6664743263900096
txndbl_over_lt_pd,0.003229177148146617,0.003229177148146617,0.6665281076527264
fopo_over_invt_d,-0.0032288317059729604,0.0032288317059729604,0.6665616275356459
ceqt_d_over_ceq,-0.0032271672136028155,0.0032271672136028155,0.6667231504097649
invch_over_icapt,0.003226333085058165,0.003226333085058165,0.6668041003232604
dd1_over_invt,-0.0032258612960756198,0.0032258612960756198,0.6668498878823529
nopi_d_over_ceq,0.0032238838075198174,0.0032238838075198174,0.6670418184825153
mrct_over_xsga_d,0.0032221261363598,0.0032221261363598,0.6672124323903526
txds_over_act,0.0032171787666100487,0.0032171787666100487,0.6676927568266616
ceqt_pd_minus_pd_emp,0.0032160118070641776,0.0032160118070641776,0.6678060730784094
txp_d_over_dltt,-0.003214526119873987,0.003214526119873987,0.6679503499653127
pstkc,-0.003213583205083673,0.003213583205083673,0.6680419239303722
chech_over_act_pd,-0.0032134440959266522,0.0032134440959266522,0.6680554343468117
dltr_over_at_d,-0.0032087249132883786,0.0032087249132883786,0.6685138296289778
lo_over_emp_pd,0.0032071094160570127,0.0032071094160570127,0.6686707784973444
invt_over_ppent_pd,-0.0032068836986533732,0.0032068836986533732,0.6686927085589582
esubc_over_emp_d,0.00320159473677009,0.00320159473677009,0.6692066499415631
dlc_d_over_seq,-0.0031991271936056016,0.0031991271936056016,0.669446480189179
pstkc_d_over_ppent,0.00319814291196149,0.00319814291196149,0.6695421558096747
seq_over_act_pd,0.003197256446881627,0.003197256446881627,0.6696283279077976
txpd_pd_minus_pd_ppent,0.0031970635800569846,0.0031970635800569846,0.6696470768128482
txdfo_d_over_lct,-0.0031970606506859633,0.0031970606506859633,0.6696473615834618
ceql_pd_minus_pd_act,0.0031929232012319407,0.0031929232012319407,0.6700496195570053
mrc2_over_mktcap_pd,0.0031924977293583553,0.0031924977293583553,0.6700909908571276
pstkc_d_over_dltt,-0.0031911344542043165,0.0031911344542043165,0.6702235573940343
txdb_pd_minus_pd_mktcap,-0.003190061275904552,0.003190061275904552,0.670327921783671
txndba_over_lct_pd,0.003188958256316431,0.003188958256316431,0.6704351948074286
donr_d_over_sale,-0.0031872136988243425,0.0031872136988243425,0.6706048736499818
dvt_over_mktcap,0.0031866963568842593,0.0031866963568842593,0.6706551945003973
txdba_d_over_lt,0.003186351127771486,0.003186351127771486,0.6706887750906446
mib_over_xsga_d,0.003184659166836105,0.003184659166836105,0.6708533623979687
pstk,-0.003184541767927401,0.003184541767927401,0.6708647830881851
rea_over_seq,0.0031840377271096084,0.0031840377271096084,0.6709138175769035
ivncf_over_mktcap_d,-0.0031840157038834807,0.0031840157038834807,0.6709159600893657
sppiv_over_lct,-0.003181291474815262,0.003181291474815262,0.6711810052283435
invfg_over_lct_d,-0.003180465682535215,0.003180465682535215,0.6712613561227492
ap_over_mktcap_pd,-0.0031768213136419434,0.0031768213136419434,0.671616003852406
txo_over_lct,-0.0031766479397246717,0.0031766479397246717,0.6716328773660245
ivncf_over_lt_d,-0.003174751281520947,0.003174751281520947,0.6718174793053111
revt_over_icapt_pd,0.0031720562368292345,0.0031720562368292345,0.6720798223273723
sale_over_icapt_pd,0.0031720562368292345,0.0031720562368292345,0.6720798223273723
am_over_at_d,0.003171047179227174,0.003171047179227174,0.6721780570317605
ceq_over_act_pd,0.003168054639757708,0.003168054639757708,0.6724694223966369
mrc5_over_ceq_d,-0.0031673450551589983,0.0031673450551589983,0.6725385175488926
cogs_over_emp_pd,0.003166516770437287,0.003166516770437287,0.6726191745149264
dd3_over_invt,-0.003165134579062273,0.003165134579062273,0.6727537783619435
dclo_d_over_emp,-0.0031605157179920213,0.0031605157179920213,0.6732036593198223
ceql_pd_minus_pd_at,0.003158045633145175,0.003158045633145175,0.6734442956696423
aoloch_over_ppent,0.0031576814933159973,0.0031576814933159973,0.6734797731002703
txc_over_cogs,-0.0031561300689698364,0.0031561300689698364,0.6736309334760023
recd_over_mktcap_d,0.003153054482671087,0.003153054482671087,0.6739306369204631
dvc_over_emp_d,-0.003150276527900172,0.003150276527900172,0.6742013818629405
dpvieb_pd,-0.003143638527890758,0.003143638527890758,0.6748485052260083
mrc5_over_at_pd,-0.0031421072985863448,0.0031421072985863448,0.6749978154034697
acox_pd,-0.003142100860405193,0.003142100860405193,0.6749984432175741
lt_pd_minus_pd_mktcap,0.003141122786245801,0.003141122786245801,0.6750938219636848
nopi_over_mktcap_pd,0.00314021840754186,0.00314021840754186,0.6751820188014743
fato_over_at,-0.003140046656780275,0.003140046656780275,0.6751987687865656
cld4_over_invt,-0.0031235299590946543,0.0031235299590946543,0.6768103094010025
donr_d_over_icapt,0.0031220999249691804,0.0031220999249691804,0.6769499081475845
mrc1_d_over_xsga,0.003121258896773088,0.003121258896773088,0.6770320138065807
lcox_over_act_d,-0.0031193439545162236,0.0031193439545162236,0.6772189750013486
dn_over_invt,0.003117306446007893,0.003117306446007893,0.677417924520278
spi_over_ceq_d,0.003116703544421509,0.003116703544421509,0.677476798272985
txdb_pd_minus_pd_emp,-0.0031154258172611804,0.0031154258172611804,0.6776015757157707
dd5,0.0031149020842562393,0.0031149020842562393,0.677652723826882
emp_over_lct,-0.0031137897602421132,0.0031137897602421132,0.6777613590531297
txc_over_dltt_pd,-0.0031125711617541268,0.0031125711617541268,0.6778803812762733
mii_over_mktcap_d,-0.003111660581046478,0.003111660581046478,0.6779693242187794
txndba_over_at_d,-0.0031111338906095864,0.0031111338906095864,0.678020771896306
itcb_d_over_cogs,0.0031096110024476887,0.0031096110024476887,0.6781695376630069
sppe_d_over_ppent,0.003105698524639014,0.003105698524639014,0.6785517918204325
ivstch_over_at,0.003105022280873202,0.003105022280873202,0.678617870099848
nopi_over_ppent_pd,0.003103827549809168,0.003103827549809168,0.6787346177286991
lcoxdr_over_icapt,0.003103177224694751,0.003103177224694751,0.6787981699277887
txdba_d_over_icapt,0.0031028953492270852,0.0031028953492270852,0.678825716560735
tstkc_over_dltt_d,0.003100370668904436,0.003100370668904436,0.6790724632315084
fiao_over_lct,-0.0030972969981565204,0.0030972969981565204,0.6793729112598847
mrc1_d_over_mktcap,0.003095575569294378,0.003095575569294378,0.6795412013442889
fatp_over_invt,0.003094895465062331,0.003094895465062331,0.6796076939990734
sstk_pd_minus_pd_ppent,-0.0030902260896893737,0.0030902260896893737,0.6800642782979326
recta_d_over_invt,0.0030894648770577217,0.0030894648770577217,0.6801387228780432
ap_d_over_ceq,-0.003079245374915617,0.003079245374915617,0.6811384647461567
recco_over_xsga_d,-0.0030788345860770657,0.0030788345860770657,0.6811786626558428
ch_pd_minus_pd_act,-0.0030738795071198143,0.0030738795071198143,0.6816636152224559
fiao_d_over_dltt,-0.0030707152734535774,0.0030707152734535774,0.6819733669582136
revt_d_over_cogs,0.0030702921701910163,0.0030702921701910163,0.6820147892554589
sale_d_over_cogs,0.0030702921701910163,0.0030702921701910163,0.6820147892554589
lcox_over_invt_d,0.0030697296879208073,0.0030697296879208073,0.6820698584018647
txp_over_act,0.0030689657983767934,0.0030689657983767934,0.6821446487948308
dvp_over_seq_d,0.003068844325956343,0.003068844325956343,0.682156542124072
txt_pd_minus_pd_sale,0.0030623518197834447,0.0030623518197834447,0.6827923363158827
icapt,-0.0030590895520825855,0.0030590895520825855,0.6831118866854305
txt_pd_minus_pd_emp,0.0030590675166621015,0.0030590675166621015,0.6831140453239896
ppent_over_xsga_pd,-0.0030583360975738427,0.0030583360975738427,0.6831856982268818
txdba_d_over_at,0.0030551782007190147,0.0030551782007190147,0.6834950918944447
dxd3_over_icapt_d,-0.003054000505144935,0.003054000505144935,0.6836104897530825
dltr_pd_minus_pd_at,0.003051537697674399,0.003051537697674399,0.6838518346677579
mrc1_over_icapt_pd,-0.003051129569100551,0.003051129569100551,0.6838918326951138
mrc2_over_emp_pd,-0.0030507059478916687,0.0030507059478916687,0.6839333499928792
txndbl_over_emp_pd,0.0030486558758213845,0.0030486558758213845,0.6841342822611168
cld3_over_xsga,0.0030457309973765593,0.0030457309973765593,0.6844209950189807
xint_d_over_lct,-0.003045470946010152,0.003045470946010152,0.6844464888941247
xpr_d_over_sale,-0.003041579615689587,0.003041579615689587,0.6848280144888804
cstkcv_d_over_lt,0.0030411521394923336,0.0030411521394923336,0.6848699313088004
recd_over_emp_pd,0.0030410435668584306,0.0030410435668584306,0.6848805777158605
mrc3_over_icapt_pd,0.0030403762491849253,0.0030403762491849253,0.6849460148759194
invwip_over_lt_d,-0.0030376962281825253,0.0030376962281825253,0.6852088414992634
sstk_pd,-0.0030362224898758594,0.0030362224898758594,0.685353385584255
dltp,0.003035538591539468,0.003035538591539468,0.6854204661677364
dltp_over_seq_d,-0.003034804422043307,0.003034804422043307,0.6854924803882503
np_over_seq,-0.003031008539553214,0.003031008539553214,0.6858648616568584
ap_over_emp_d,-0.003030415160020946,0.003030415160020946,0.6859230798988909
txpd_pd_minus_pd_cogs,0.0030303118072035956,0.0030303118072035956,0.6859332203437833
ivstch_over_mktcap,-0.0030297033853341404,0.0030297033853341404,0.6859929167030175
idit_d_over_lt,-0.0030267526226464914,0.0030267526226464914,0.6862824636539672
recd_pd_minus_pd_invt,-0.003025948609679489,0.003025948609679489,0.6863613663273475
chech_over_sale_pd,-0.0030248798587813076,0.0030248798587813076,0.6864662546327269
dclo_d_over_cogs,-0.0030232564539446403,0.0030232564539446403,0.6866255887933649
dv_over_cogs_d,-0.0030229813682765435,0.0030229813682765435,0.6866525893191889
oiadp_pd_minus_pd_sale,0.0030224497809031433,0.0030224497809031433,0.6867047674290048
acox_pd_minus_pd_emp,0.003019849221192509,0.003019849221192509,0.6869600476171938
pstkc_over_invt_d,-0.003019163668926792,0.003019163668926792,0.687027349812391
dlc_over_ceq,0.0030190022053412976,0.0030190022053412976,0.6870432014136691
pstk_d_over_sale,-0.0030167985480523494,0.0030167985480523494,0.6872595580418023
nopi_over_seq_d,0.0030156568611230143,0.0030156568611230143,0.6873716597436246
invo_d_over_act,-0.0030118908371094795,0.0030118908371094795,0.6877414925820496
cstkcv_d_over_lct,0.0030110251350100245,0.0030110251350100245,0.6878265172241845
dn_over_dltt_d,-0.003008510762830996,0.003008510762830996,0.6880734878199904
txndbl_over_ceq_pd,-0.003004208949952144,0.003004208949952144,0.6884961043472608
dxd5_over_dltt_d,0.0030039018658164756,0.0030039018658164756,0.6885262764725225
ibc_d_over_ppent,0.00299725801307565,0.00299725801307565,0.6891791802750316
txndbl_pd_minus_pd_icapt,0.0029965300608595846,0.0029965300608595846,0.6892507315799877
xidoc_over_sale,0.0029932680001697838,0.0029932680001697838,0.6895713975988386
do_over_invt_d,-0.0029918882004209123,0.0029918882004209123,0.689707051003687
aoloch_d_over_xsga,-0.0029918449173463586,0.0029918449173463586,0.6897113064900823
capx_pd_minus_pd_lt,-0.002991132222268033,0.002991132222268033,0.689781378343786
esubc_over_invt_d,0.002990744986653072,0.002990744986653072,0.68981945228736
txach_over_ppent,-0.0029899757143200937,0.0029899757143200937,0.6898950913354915
exre_over_xsga,0.002989690849242309,0.002989690849242309,0.6899231016084199
idit_over_seq_d,-0.002984355737764893,0.002984355737764893,0.690447772002089
xpr_d_over_cogs,0.0029842132466326504,0.0029842132466326504,0.690461787035573
acox_over_at,0.002983018083480311,0.002983018083480311,0.6905793441535119
invch_over_invt_d,-0.002981507219855908,0.002981507219855908,0.6907279644798342
xido_over_dltt_d,-0.0029810528785288067,0.0029810528785288067,0.6907726593670432
txndba_over_xsga_pd,0.0029778104091795297,0.0029778104091795297,0.691091661862796
recco_d_over_dltt,0.0029752045152326716,0.0029752045152326716,0.6913480761856203
dlc_d_over_lct,-0.002974836263969982,0.002974836263969982,0.6913843141680833
am_pd_minus_pd_ppent,-0.0029731574221098286,0.0029731574221098286,0.6915495305464581
txndb_over_invt_d,-0.0029724190538740584,0.0029724190538740584,0.6916221986966024
lcox_over_mktcap_d,0.0029717270012362975,0.0029717270012362975,0.6916903111725485
tstkc_d_over_xsga,-0.002970518713303915,0.002970518713303915,0.6918092379940486
tstkc_d_over_icapt,-0.0029698177602274123,0.0029698177602274123,0.6918782334120673
reajo_over_invt,-0.0029680917455843702,0.0029680917455843702,0.6920481374284889
txp_over_at,-0.002966675321816943,0.002966675321816943,0.6921875777707066
txc_over_icapt,0.002966049804532798,0.002966049804532798,0.6922491603640417
cstkcv_over_dltt,-0.002965021361553825,0.002965021361553825,0.692350415682586
invch_d_over_sale,0.0029641101264878456,0.0029641101264878456,0.6924401358939327
ivaco_over_xsga_d,-0.002963007012367226,0.002963007012367226,0.6925487542921046
txpd_pd,0.0029628705455140803,0.0029628705455140803,0.6925621919732085
capxv_pd_minus_pd_lt,-0.0029622014333455567,0.0029622014333455567,0.6926280798191117
txr_d_over_ceq,-0.002961403744774707,0.002961403744774707,0.6927066316931279
loxdr_over_dltt,-0.0029574654575641015,0.0029574654575641015,0.6930945004306719
xi_over_xsga,0.0029564273461647962,0.0029564273461647962,0.6931967539526327
lco_over_emp_d,-0.0029530702460026127,0.0029530702460026127,0.6935274651079775
dltr_over_act_pd,0.0029517756664415922,0.0029517756664415922,0.6936550109828812
dlto_pd_minus_pd_lt,-0.002950565696791955,0.002950565696791955,0.6937742286813232
recco_over_cogs,0.002949522288054885,0.002949522288054885,0.6938770413030004
dlc_pd_minus_pd_lct,-0.002945342855875499,0.002945342855875499,0.694288919488159
sstk_pd_minus_pd_lt,-0.0029452482684825306,0.0029452482684825306,0.6942982420110551
dpvieb_over_dltt_pd,0.0029438459643887213,0.0029438459643887213,0.6944364583705744
ceqt_over_ppent_pd,-0.0029395142461646337,0.0029395142461646337,0.6948634729401088
sale,-0.002938354254270737,0.002938354254270737,0.6949778397187454
revt,-0.002938354254270737,0.002938354254270737,0.6949778397187454
act_over_dltt_pd,-0.0029361470852210967,0.0029361470852210967,0.6951954697291107
fatc_over_invt_d,0.002933708765069382,0.002933708765069382,0.6954359207642542
ebit_pd_minus_pd_sale,0.0029298261264313914,0.0029298261264313914,0.6958188641605886
lco_d_over_emp,-0.00292653155492289,0.00292653155492289,0.6961438675289541
esopct_over_ceq,-0.0029251704176940277,0.0029251704176940277,0.6962781574844032
dlc_over_seq_d,-0.0029210836344274274,0.0029210836344274274,0.6966814171846392
fiao_over_emp_d,0.0029196432553121494,0.0029196432553121494,0.6968235657487045
ds_d_over_act,0.0029190110104310462,0.0029190110104310462,0.6968859642822114
xsga_over_emp_pd,0.002915564498346509,0.002915564498346509,0.6972261490687428
lo_d_over_invt,-0.0029124446894497674,0.0029124446894497674,0.6975341394122889
fatl_over_at_d,-0.002909919253517021,0.002909919253517021,0.6977834892210496
mii_over_seq_d,0.0029096067555007786,0.0029096067555007786,0.6978143460921978
txp_over_cogs_d,-0.0029095947916047203,0.0029095947916047203,0.6978155274485174
nopi_over_mktcap_d,0.002909527189577795,0.002909527189577795,0.6978222027192571
dltp_d_over_ceq,0.002908608619941355,0.002908608619941355,0.6979129079530064
mrc4_pd_minus_pd_at,-0.0029080155571714417,0.0029080155571714417,0.6979714729228115
mrc5_d_over_sale,0.0029075240221068553,0.0029075240221068553,0.6980200133910996
aoloch_d_over_lt,-0.002904916549445526,0.002904916549445526,0.698277529292963
txt,-0.0029035105518487045,0.0029035105518487045,0.6984164010570489
txc_pd_minus_pd_ppent,0.002902969216032089,0.002902969216032089,0.698469872019402
lt_d_over_mktcap,-0.0029009751656214637,0.0029009751656214637,0.6986668491583738
txc_pd_minus_pd_lct,0.0029008697186950444,0.0029008697186950444,0.6986772660266537
loxdr_over_invt,0.002895845214018883,0.002895845214018883,0.6991736914436799
cld5_over_icapt_d,0.0028952724140282483,0.0028952724140282483,0.6992302927507573
dudd_over_ppent,0.0028921075659127243,0.0028921075659127243,0.6995430577604309
invo_d_over_lt,-0.0028918182670238505,0.0028918182670238505,0.699571650165767
fiao_over_xsga_d,-0.0028916767881862183,0.0028916767881862183,0.6995856331615713
ivncf_over_invt,0.0028895074230041746,0.0028895074230041746,0.6998000541235322
xido_d_over_ppent,-0.0028890837241493557,0.0028890837241493557,0.6998419354898362
acox_pd_minus_pd_ppent,0.002888611943772555,0.002888611943772555,0.6998885706451049
dlto_pd_minus_pd_at,-0.0028872997749523335,0.0028872997749523335,0.7000182835517117
cld3_over_ceq,0.0028842018953933336,0.0028842018953933336,0.7003245555060819
dudd_over_sale,0.0028823876582246824,0.0028823876582246824,0.7005039427462882
np_d_over_icapt,-0.002880922375256681,0.002880922375256681,0.7006488384609261
txndba_pd_minus_pd_invt,-0.002879759188004239,0.002879759188004239,0.7007638689466912
intpn_pd_minus_pd_mktcap,-0.0028784709735276493,0.0028784709735276493,0.7008912716932071
txs_over_lct_pd,0.0028780032811524764,0.0028780032811524764,0.7009375279461839
cld4_over_lct,-0.0028767053897202433,0.0028767053897202433,0.7010658993146288
recco_d_over_invt,-0.002872359991449479,0.002872359991449479,0.7014957544714049
dpc_pd_minus_pd_lct,0.002871919258602306,0.002871919258602306,0.7015393579514142
ao_d_over_dltt,-0.002871874591212967,0.002871874591212967,0.7015437771314139
xacc_over_dltt_pd,-0.0028701279427394157,0.0028701279427394157,0.701716590175003
dc_over_emp_d,-0.002868030788441062,0.002868030788441062,0.7019241025735669
ivstch_over_ceq_d,0.0028647412636475657,0.0028647412636475657,0.7022496442206609
fatc_over_emp,0.0028628843706394636,0.0028628843706394636,0.7024334322781949
esopct_over_ceq_d,0.0028628840211938227,0.0028628840211938227,0.7024334668666362
capx_pd_minus_pd_act,-0.002862072554800323,0.002862072554800323,0.7025137881231368
cstk_over_mktcap,0.002859623296370891,0.002859623296370891,0.7027562428438971
esub_over_emp_d,0.002858835453379665,0.002858835453379665,0.7028342386961463
lo_d_over_at,0.002857891871611248,0.002857891871611248,0.7029276566846235
cld4_over_seq_d,-0.002855178897483904,0.002855178897483904,0.7031962758654742
txpd_over_seq_pd,0.0028550634699585076,0.0028550634699585076,0.7032077054906176
txditc_over_lct_pd,-0.0028541509195093217,0.0028541509195093217,0.7032980685305044
donr_over_cogs_d,0.0028539696562428886,0.0028539696562428886,0.7033160181738117
ceqt_d_over_lt,-0.0028539576228108765,0.0028539576228108765,0.7033172097934796
ppegt_pd_minus_pd_cogs,-0.0028481063977320465,0.0028481063977320465,0.7038967180356736
emp_over_ppent_d,0.002846888628727419,0.002846888628727419,0.7040173481156525
recd_d_over_act,0.0028464518581118783,0.0028464518581118783,0.7040606156678927
dlto_pd_minus_pd_seq,-0.0028463088592965953,0.0028463088592965953,0.704074781684112
mrc5_over_sale_d,-0.0028452055476414343,0.0028452055476414343,0.7041840834593928
lo_over_act_d,-0.0028403485385985194,0.0028403485385985194,0.7046653253944141
lcox_over_ppent_d,-0.0028395384075849744,0.0028395384075849744,0.7047456062657741
ch_over_lt_d,0.0028362875916090134,0.0028362875916090134,0.7050677827059812
diladj_d_over_ceq,0.002831901203412237,0.002831901203412237,0.7055025853749696
ds_d_over_lct,-0.0028303531721516504,0.0028303531721516504,0.7056560576265067
invfg_d_over_dltt,0.002827471234190618,0.002827471234190618,0.705941805652366
siv_d_over_invt,-0.0028253301365759338,0.0028253301365759338,0.7061541252087123
txdfo_over_cogs,-0.002824925400732689,0.002824925400732689,0.7061942629578688
ceql_over_lct_d,0.002823599712264293,0.002823599712264293,0.7063257375174932
dlto_over_ppent_pd,-0.002817084321142033,0.002817084321142033,0.7069720258166489
xido_d_over_seq,-0.00281649805001573,0.00281649805001573,0.7070301908141807
dpvieb_d_over_invt,0.0028125949851327105,0.0028125949851327105,0.7074174643761024
dc_over_icapt,0.0028125426758503712,0.0028125426758503712,0.7074226551710804
dclo_over_emp_d,-0.0028114932355583623,0.0028114932355583623,0.7075267969105292
mrc4_pd_minus_pd_lt,0.0028114207884816634,0.0028114207884816634,0.7075339864348232
aox_over_act,0.0028096341690937664,0.0028096341690937664,0.7077112957439424
ivstch_over_seq_d,0.002809500340014974,0.002809500340014974,0.707724577969491
xacc_over_emp_pd,0.002808709158750926,0.002808709158750926,0.707803102690836
dm_over_sale,0.0028075976639427534,0.0028075976639427534,0.7079134237723086
mrc2_over_lt_pd,0.002807570092182963,0.002807570092182963,0.7079161604769166
ch_over_icapt_d,0.0028031701460760495,0.0028031701460760495,0.708352936546054
fopo_pd_minus_pd_at,-0.002802236085430882,0.002802236085430882,0.7084456716982068
oiadp_pd_minus_pd_ppent,0.0028003005904479,0.0028003005904479,0.7086378447347691
caps_pd_minus_pd_act,0.0027992132256457938,0.0027992132256457938,0.7087458160537561
fopo_d_over_ppent,-0.002798328476121191,0.002798328476121191,0.7088336727401011
txo_over_dltt,0.002797495397825665,0.002797495397825665,0.7089164019521491
cld2_d_over_ceq,0.002797218277353638,0.002797218277353638,0.7089439222853143
rea_over_invt_d,-0.002796322718820139,0.002796322718820139,0.7090328611817468
mrc5_over_mktcap_pd,-0.002793731008006332,0.002793731008006332,0.7092902691567083
lo_pd_minus_pd_ppent,0.002792978769803515,0.002792978769803515,0.7093649874549846
mrc3_over_xsga_d,-0.0027899088702438104,0.0027899088702438104,0.709669943339581
dlc_pd_minus_pd_emp,-0.0027880597077395656,0.0027880597077395656,0.7098536568100079
dd3_over_icapt_d,-0.0027879709765411425,0.0027879709765411425,0.7098624726391716
am_pd_minus_pd_ceq,-0.0027853596250062007,0.0027853596250062007,0.710121939116305
donr_over_ceq_d,0.0027844775031172038,0.0027844775031172038,0.710209595216682
ebit_pd_minus_pd_ppent,0.002782336953188422,0.002782336953188422,0.7104223167465206
capxv_pd_minus_pd_act,-0.0027813574686566672,0.0027813574686566672,0.710519662550739
txdb_pd_minus_pd_seq,0.0027798143596682433,0.0027798143596682433,0.7106730335980719
mii_over_act_d,0.0027796617599349263,0.0027796617599349263,0.7106882012650971
ivstch_over_ppent,0.002779379745074436,0.002779379745074436,0.7107162324641889
pstkrv_d_over_at,0.002776775417438364,0.002776775417438364,0.7109751111598759
invfg_over_ppent_d,-0.0027766335614740115,0.0027766335614740115,0.7109892130649192
mrc3_pd_minus_pd_cogs,0.002776289369450912,0.002776289369450912,0.7110234296138334
tstkc_d_over_act,-0.0027718065848361126,0.0027718065848361126,0.7114691218483572
txndbl_pd_minus_pd_emp,0.0027667089557608434,0.0027667089557608434,0.711976063639482
reajo_over_icapt_d,0.0027663795976018302,0.0027663795976018302,0.7120088215640363
ceql_over_seq_d,0.0027656031551945657,0.0027656031551945657,0.7120860485395513
donr_over_dltt_d,0.0027630793363189244,0.0027630793363189244,0.7123370945054688
che_pd_minus_pd_lt,0.0027579620162032567,0.0027579620162032567,0.7128462134508291
fato_d_over_cogs,-0.0027520096337858907,0.0027520096337858907,0.7134385731882037
ivaco_over_at_d,-0.002751436081712905,0.002751436081712905,0.7134956601651118
aoloch_d_over_ceq,-0.002745367875267108,0.002745367875267108,0.714099741131998
pstk_d_over_lt,0.0027452176144669473,0.0027452176144669473,0.7141147016474828
txdi_over_dltt_d,-0.002744933283412084,0.002744933283412084,0.7141430109891163
apalch_d_over_cogs,-0.002744417398906342,0.002744417398906342,0.7141943758895452
recco_d_over_ppent,0.0027442608550348525,0.0027442608550348525,0.7142099626970668
txr_d_over_sale,-0.002743740164479732,0.002743740164479732,0.7142618078294412
xido_d_over_mktcap,0.002741675381210655,0.002741675381210655,0.714467411178198
ppeveb_over_xsga_d,0.002740420219243876,0.002740420219243876,0.7145924056138482
intan_over_act_d,0.0027378415642741855,0.0027378415642741855,0.7148492232014209
seq_pd_minus_pd_cogs,-0.0027373069863326884,0.0027373069863326884,0.7149024677960233
cogs_pd_minus_pd_seq,0.0027373069863326415,0.0027373069863326415,0.7149024677960432
ppent_over_emp_pd,-0.002735765663072448,0.002735765663072448,0.7150559931797126
chech_pd_minus_pd_icapt,-0.0027355535735042284,0.0027355535735042284,0.7150771195222644
chech_over_mktcap,-0.0027328207211365467,0.0027328207211365467,0.7153493597632423
mrc4_pd_minus_pd_sale,-0.0027313708762872857,0.0027313708762872857,0.7154938045536035
fiao_over_ppent,-0.002730407154584266,0.002730407154584266,0.7155898236210042
ceql_over_xsga_d,0.0027293188002967175,0.0027293188002967175,0.7156982656913438
txo_over_cogs,-0.0027279981151032417,0.0027279981151032417,0.7158298645852349
oibdp_over_invt_d,-0.0027266591900066343,0.0027266591900066343,0.7159632896017994
ebitda_over_invt_d,-0.0027266591900066343,0.0027266591900066343,0.7159632896017994
gp_d_over_icapt,0.002725323134256578,0.002725323134256578,0.716096437331463
np_over_ceq_d,0.0027246303042254435,0.0027246303042254435,0.7161654863119327
txdc_over_dltt,0.0027241757262084507,0.0027241757262084507,0.7162107918282818
lco_over_xsga_d,0.002721979414232323,0.002721979414232323,0.7164297013241234
dvt_over_icapt_d,0.002718045875834492,0.002718045875834492,0.7168218208478118
txr_d_over_seq,-0.0027168332271766153,0.0027168332271766153,0.7169427202529747
xido_over_ppent_d,-0.002716783366697253,0.002716783366697253,0.7169476914260853
dltr_over_act_d,0.0027167183440344033,0.0027167183440344033,0.7169541743122491
dltis_d_over_act,0.002713331598848335,0.002713331598848335,0.7172918675865068
acox_over_emp_pd,0.002713128081600669,0.002713128081600669,0.7173121621067958
recd_pd_minus_pd_cogs,-0.002713095524809052,0.002713095524809052,0.7173154086534199
ds_over_invt_d,0.002712985070128817,0.002712985070128817,0.717326423175779
dv_d_over_seq,-0.0027125430101515606,0.0027125430101515606,0.7173705059115589
rect_pd_minus_pd_icapt,-0.002708327120345802,0.002708327120345802,0.7177909666262133
diladj_over_mktcap_d,-0.002707388261463105,0.002707388261463105,0.7178846128984084
dd5_over_lt_d,0.0027068552069605327,0.0027068552069605327,0.7179377841887246
txc_pd_minus_pd_dltt,0.0027064104983423195,0.0027064104983423195,0.7179821441708747
dxd4_over_sale_d,0.0027051335336911817,0.0027051335336911817,0.7181095275328818
itci_d_over_emp,-0.00270490072038508,0.00270490072038508,0.7181327526238521
txds_over_emp_d,0.002703990673181415,0.002703990673181415,0.7182235400066319
aqc_over_sale_d,0.0027033295419041513,0.0027033295419041513,0.7182894977377533
xidoc_over_ceq_d,-0.0027025948690923337,0.0027025948690923337,0.7183627947989005
txo_d_over_ppent,-0.0027012338043554815,0.0027012338043554815,0.7184985927678291
dd1_over_emp_d,0.0027009685065373513,0.0027009685065373513,0.7185250634515689
sstk_pd_minus_pd_mktcap,-0.0027007999230826297,0.0027007999230826297,0.7185418844186799
donr_d_over_ceq,0.002699874076317508,0.002699874076317508,0.7186342662470845
aoloch_over_act,0.0026985083553853974,0.0026985083553853974,0.7187705466242066
txpd_pd_minus_pd_lct,0.0026981031337268745,0.0026981031337268745,0.7188109839559044
cstkcv_over_lt,0.0026956370140999806,0.0026956370140999806,0.7190570966009715
esopct_over_cogs,-0.0026949194210650292,0.0026949194210650292,0.7191287160859132
cogs_pd_minus_pd_invt,-0.00268962173849909,0.00268962173849909,0.7196575283951412
invt_pd_minus_pd_cogs,0.0026896217384990238,0.0026896217384990238,0.7196575283951412
cstk_pd_minus_pd_emp,-0.002689532365481995,0.002689532365481995,0.7196664507214169
xido_over_mktcap,0.0026861755837585726,0.0026861755837585726,0.7200015940717551
ceqt_over_xsga_d,0.0026856457713566777,0.0026856457713566777,0.7200544958177346
ivch_over_emp_d,-0.0026852691096463355,0.0026852691096463355,0.7200921062887984
nopio_over_dltt,-0.0026827340611201523,0.0026827340611201523,0.7203452538802158
che_pd_minus_pd_emp,-0.002681556483097822,0.002681556483097822,0.7204628561574162
itcb_over_emp_d,0.0026808356449815806,0.0026808356449815806,0.7205348480295068
apalch_d_over_icapt,-0.002676490756779206,0.002676490756779206,0.7209688351257021
mrct_d_over_invt,-0.002675080196886558,0.002675080196886558,0.7211097475623228
dv_d_over_emp,-0.002673425061761855,0.002673425061761855,0.7212751047042798
sale_over_invt_pd,-0.0026730247206109546,0.0026730247206109546,0.7213151029538808
revt_over_invt_pd,-0.0026730247206109546,0.0026730247206109546,0.7213151029538808
mrc3_over_act_pd,0.0026723792332296135,0.0026723792332296135,0.721379595469564
invfg_over_xsga_d,-0.002670723703535726,0.002670723703535726,0.7215450132957972
xopr_over_sale_pd,-0.002669378446149601,0.002669378446149601,0.7216794388107087
aco_pd_minus_pd_xsga,0.002662886959004797,0.002662886959004797,0.7223282246463887
diladj_over_sale_d,-0.0026615949550574235,0.0026615949550574235,0.7224573766624
ni_over_invt_d,0.0026610466074486992,0.0026610466074486992,0.7225121932812643
ao_over_emp_d,-0.002658281770890285,0.002658281770890285,0.7227886071529396
chech_over_cogs_pd,-0.0026550359219592087,0.0026550359219592087,0.7231131562836309
cogs_pd_minus_pd_xsga,0.0026511884652170915,0.0026511884652170915,0.7234979240713112
xsga_pd_minus_pd_cogs,-0.0026511884652170577,0.0026511884652170577,0.7234979240713374
xrent_d_over_act,0.0026511410810508024,0.0026511410810508024,0.7235026631961632
esopct,-0.002646682063771268,0.002646682063771268,0.723948678981549
dxd3,-0.0026466177743450585,0.0026466177743450585,0.7239551102544252
xrd_over_emp_pd,-0.0026423905258963726,0.0026423905258963726,0.724378031065164
ivch_d_over_icapt,-0.002642289879444958,0.002642289879444958,0.7243881014018333
intc_over_dltt,-0.0026395200186099324,0.0026395200186099324,0.7246652628292807
dlc_pd_minus_pd_ppent,-0.0026385176165341245,0.0026385176165341245,0.724765575387143
gp_over_dltt,-0.002634766667654096,0.002634766667654096,0.7251409829088148
txfed_over_mktcap_d,0.0026337151196863928,0.0026337151196863928,0.7252462372104931
mrc5_pd_minus_pd_lct,-0.0026322383134447873,0.0026322383134447873,0.7253940663439055
acox_d_over_icapt,-0.002632022602652229,0.002632022602652229,0.7254156599718824
ch_pd_minus_pd_at,-0.002628423543230009,0.002628423543230009,0.7257759743259061
rea_over_icapt,0.002625742696872631,0.002625742696872631,0.7260444026258402
mrct_over_dltt_pd,0.0026245968302627495,0.0026245968302627495,0.7261591464444127
ppent_over_icapt_pd,0.002623395515936703,0.002623395515936703,0.7262794492373201
dd1_over_act_d,0.002623357298661106,0.002623357298661106,0.726283276527166
txpd_over_lct_pd,0.0026223984436902045,0.0026223984436902045,0.7263793038154929
ibc_over_at_d,0.002617075411525185,0.002617075411525185,0.7269124723282256
dlc_over_sale_d,-0.002614311597817262,0.002614311597817262,0.7271893551590828
aco_over_lt_d,-0.002613803609713726,0.002613803609713726,0.7272402500143379
rea_d_over_at,0.0026133942538429035,0.0026133942538429035,0.7272812638735344
aqc_over_dltt_d,-0.0026123170330762755,0.0026123170330762755,0.727389195656285
txr_d_over_lct,0.0026120279890841525,0.0026120279890841525,0.7274181572449712
txds_over_act_d,0.0026090824808456116,0.0026090824808456116,0.7277133130528629
esopct_d_over_emp,0.0026087562689273676,0.0026087562689273676,0.7277460037311642
ivncf_over_ceq_d,-0.0026078911665002678,0.0026078911665002678,0.7278327006482317
dltr_d_over_ceq,0.002607284627059791,0.002607284627059791,0.727893487550197
ivst_over_xsga_d,-0.0026067503590444206,0.0026067503590444206,0.727947032885176
sale_over_ppent_d,0.002603789361033884,0.002603789361033884,0.7282438136834352
revt_over_ppent_d,0.002603789361033884,0.002603789361033884,0.7282438136834352
intpn_d_over_at,-0.0026033522608153027,0.0026033522608153027,0.7282876276858905
ebit_d_over_cogs,-0.00260052028118676,0.00260052028118676,0.7285715208442783
txdfed_d_over_invt,0.0025903962092328676,0.0025903962092328676,0.7295867175039543
acchg_over_ceq,-0.002587286554179447,0.002587286554179447,0.7298986350727599
dpc_over_act_pd,-0.0025854548306775025,0.0025854548306775025,0.7300823891478581
ch_d_over_cogs,0.0025845445267239095,0.0025845445267239095,0.7301737144052746
aqc_d_over_cogs,0.002583285394467037,0.002583285394467037,0.7303000417898765
cld5_over_mktcap_d,-0.0025818082359955518,0.0025818082359955518,0.7304482528367243
invt_over_lct_d,0.0025796542657216094,0.0025796542657216094,0.7306643899945325
invo_d_over_ceq,0.002578425115324112,0.002578425115324112,0.7307877369700768
recd_pd_minus_pd_seq,0.0025779562765079686,0.0025779562765079686,0.7308347874404484
dv_d_over_icapt,-0.002576986365515557,0.002576986365515557,0.7309321263845037
re,0.002576828737199268,0.002576828737199268,0.7309479461565966
fate_over_lct_d,0.002575095816408719,0.002575095816408719,0.7311218717645146
esub_over_ceq_d,-0.0025731419055659106,0.0025731419055659106,0.7313179937442935
fopo_pd_minus_pd_act,-0.0025728168596286065,0.0025728168596286065,0.7313506216310411
dxd5_d_over_invt,-0.0025726909900564547,0.0025726909900564547,0.7313632564622913
sstk_pd_minus_pd_lct,-0.0025722605714683378,0.0025722605714683378,0.7314064625797296
ceqt_pd,-0.0025707386914533533,0.0025707386914533533,0.731559238198654
txditc_pd_minus_pd_seq,0.0025688455216426598,0.0025688455216426598,0.7317493010112647
esub_over_invt_d,0.002568621841219198,0.002568621841219198,0.7317717582619857
txo_over_invt,-0.002568570976180846,0.002568570976180846,0.7317768650839103
aox_over_xsga_d,-0.0025679613704852533,0.0025679613704852533,0.731838070085473
cstkcv,-0.0025657735534096292,0.0025657735534096292,0.7320577430826222
mrc3_pd_minus_pd_emp,0.002564182463189742,0.002564182463189742,0.7322175140873326
tstk_over_lt_d,-0.002563997716482309,0.002563997716482309,0.7322360663753066
ceqt_over_at,-0.002563443033998092,0.002563443033998092,0.7322917686014252
diladj_over_cogs,0.0025623345543323026,0.0025623345543323026,0.7324030883749764
sstk_over_at_pd,-0.0025610007827037277,0.0025610007827037277,0.7325370406994494
tstk_over_xsga_d,-0.0025608201460268812,0.0025608201460268812,0.7325551828894977
ppeveb_pd_minus_pd_cogs,-0.00255974543229871,0.00255974543229871,0.7326631245270828
dlc_over_lct_d,0.0025586527716461365,0.0025586527716461365,0.732772874130943
recco_over_ceq_d,-0.0025583870375286656,0.0025583870375286656,0.7327995659648576
xint_d_over_seq,0.0025550219628761063,0.0025550219628761063,0.733137600991166
che_over_icapt_d,-0.0025545723236795512,0.0025545723236795512,0.7331827729436668
rea_over_at,0.0025535531001227895,0.0025535531001227895,0.7332851702800826
txndb_over_seq,-0.0025535472164031226,0.0025535472164031226,0.7332857614077701
rea_over_sale_d,0.0025533415980191544,0.0025533415980191544,0.7333064196497182
che_pd_minus_pd_sale,-0.002548040398234091,0.002548040398234091,0.7338390917143027
dltp_d_over_dltt,0.002547934466094492,0.002547934466094492,0.733849737232354
sstk_over_at_d,-0.002547840341395027,0.002547840341395027,0.7338591962193799
rea_over_sale,0.0025474811878617746,0.0025474811878617746,0.7338952894399654
mrct_over_lt_pd,0.0025458015782203816,0.0025458015782203816,0.7340640900181782
dc_d_over_emp,0.0025457723282678022,0.0025457723282678022,0.7340670297489876
ivstch_d_over_xsga,-0.0025456055357171263,0.0025456055357171263,0.734083793105269
sstk_pd_minus_pd_at,-0.002545558877035569,0.002545558877035569,0.7340884825226577
ivncf_over_icapt_d,0.002544773774527122,0.002544773774527122,0.7341673905119633
pstk_over_at_d,-0.0025437764141894546,0.0025437764141894546,0.7342676358636501
pstk_d_over_cogs,-0.002543178102294829,0.002543178102294829,0.734327774763931
apalch_d_over_at,0.0025426795062918803,0.0025426795062918803,0.7343778920360462
dd4_d_over_sale,0.0025416027794129808,0.0025416027794129808,0.7344861250302476
txndba_pd,0.0025413996666197466,0.0025413996666197466,0.7345065425965849
dlto_d_over_seq,-0.0025391492255851,0.0025391492255851,0.7347327768905779
aco_over_act_d,0.0025389165896716817,0.0025389165896716817,0.7347561648291819
capx_over_ceq_d,-0.002537051535893733,0.002537051535893733,0.7349436759942669
esopct_over_seq,-0.0025333510950798013,0.0025333510950798013,0.7353157624129356
fatc_d_over_mktcap,0.0025324774581783793,0.0025324774581783793,0.7354036173448546
oiadp_d_over_cogs,-0.0025323733125012177,0.0025323733125012177,0.7354140907041103
siv_d_over_cogs,-0.002532274169989643,0.002532274169989643,0.7354240609681213
acox_over_sale_pd,-0.0025320372401529357,0.0025320372401529357,0.7354478879913381
xido_over_mktcap_d,0.002531508764761131,0.002531508764761131,0.7355010354246764
txndbl_pd_minus_pd_sale,0.002530607371320323,0.002530607371320323,0.7355916892041235
idit_d_over_emp,0.002529795908242643,0.002529795908242643,0.7356733017724492
ppeveb_over_xsga_pd,0.0025295476414930384,0.0025295476414930384,0.7356982716956454
ibc_d_over_invt,-0.0025287987156053775,0.0025287987156053775,0.7357735981010886
invch_d_over_dltt,0.0025268909258264463,0.0025268909258264463,0.7359654936454955
mrc3_over_cogs_d,-0.002525261578286351,0.002525261578286351,0.7361293950453914
fopo_over_icapt_pd,-0.0025252348642667032,0.0025252348642667032,0.7361320823960988
txc_over_lt,-0.002524745332539628,0.002524745332539628,0.7361813283995592
diladj_over_dltt,-0.0025242561869713697,0.0025242561869713697,0.7362305366386487
cstkcv_over_dltt_pd,0.0025240763280743486,0.0025240763280743486,0.7362486307874277
esopct_over_sale,-0.0025233469901377236,0.0025233469901377236,0.7363220050766895
mrc5_d_over_xsga,-0.002521396142579937,0.002521396142579937,0.7365182798947058
oiadp_pd_minus_pd_xsga,0.0025196859341019198,0.0025196859341019198,0.7366903581512344
ebit_pd_minus_pd_xsga,0.0025196859341019198,0.0025196859341019198,0.7366903581512344
itcb_over_at_d,0.002516955881876359,0.002516955881876359,0.7369650787034441
mrc2_over_ceq,-0.002515909160992956,0.002515909160992956,0.7370704173776067
caps_pd_minus_pd_invt,-0.002513791458811138,0.002513791458811138,0.7372835513217713
txt_pd_minus_pd_ppent,0.002510451306031066,0.002510451306031066,0.737619758599543
fopo_d_over_invt,-0.002510306736188432,0.002510306736188432,0.7376343115927159
cstkcv_d_over_ppent,0.002509687334246105,0.002509687334246105,0.7376966641966965
dlc_over_at_pd,-0.002507636925368037,0.002507636925368037,0.7379030825972618
invo_d_over_sale,0.0025072124096108023,0.0025072124096108023,0.7379458217345749
esopct_over_act_d,0.002507071346902614,0.002507071346902614,0.7379600237387812
xint_d_over_invt,0.0025045429146520475,0.0025045429146520475,0.7382145980692432
niadj_over_emp_d,0.002504015916568611,0.002504015916568611,0.7382676623058699
dlto_over_emp_pd,-0.002497084801176247,0.002497084801176247,0.7389656827831286
ivao_d_over_xsga,0.0024963524763338962,0.0024963524763338962,0.7390394465101042
cstk_pd_minus_pd_cogs,-0.0024946927275808157,0.0024946927275808157,0.739206634286659
caps_pd_minus_pd_cogs,-0.0024942310068370903,0.0024942310068370903,0.7392531459664164
diladj_d_over_sale,-0.0024921407263814887,0.0024921407263814887,0.7394637233881063
aox_over_icapt,0.0024899771010487154,0.0024899771010487154,0.7396817102362396
dcvsub_over_dltt_d,-0.002488227839133089,0.002488227839133089,0.7398579649533868
recco_over_invt,-0.002480090318680779,0.002480090318680779,0.7406780767166565
oancf_over_icapt_d,0.00247572869257633,0.00247572869257633,0.7411177694617845
donr_d_over_dltt,0.002475429675522508,0.002475429675522508,0.7411479162786241
dltr_pd_minus_pd_act,0.0024741582368815844,0.0024741582368815844,0.741276106807657
rectr_over_xsga_d,0.002473785104295514,0.002473785104295514,0.7413137285969389
exre_over_invt_d,0.0024722149637039247,0.0024722149637039247,0.7414720477267127
txdb_over_lct_pd,-0.002470270802214369,0.002470270802214369,0.7416680949883377
rect_over_lct_d,0.0024702050301145554,0.0024702050301145554,0.7416747276730489
intpn_d_over_lct,0.002460563818208098,0.002460563818208098,0.7426471879527181
ib_d_over_invt,-0.0024600379067486774,0.0024600379067486774,0.7427002458118329
ivstch_over_lt_d,0.0024567193300182527,0.0024567193300182527,0.7430350766935846
lo_over_lct_pd,0.002449473659327856,0.002449473659327856,0.7437663042217144
dudd_over_seq,-0.0024492159786031827,0.0024492159786031827,0.7437923134223117
act_over_ceq,0.002448553855072144,0.002448553855072144,0.7438591467065718
txds_d_over_act,0.0024465611491714,0.0024465611491714,0.7440602976704186
dlto_over_icapt_pd,-0.0024442394835735527,0.0024442394835735527,0.7442946770434581
revt_pd_minus_pd_seq,0.002442935940959002,0.002442935940959002,0.7444262841136576
sale_pd_minus_pd_seq,0.002442935940959002,0.002442935940959002,0.7444262841136576
seq_pd_minus_pd_sale,-0.0024429359409589737,0.0024429359409589737,0.7444262841136576
cld2_over_act_d,0.002439055970595242,0.002439055970595242,0.7448180542622825
txdba_d_over_act,0.002438894709629546,0.002438894709629546,0.7448343386082458
dltr_over_invt_d,-0.0024387823940796773,0.0024387823940796773,0.7448456804486092
cogs_pd_minus_pd_sale,-0.002437033382477498,0.002437033382477498,0.7450223061428142
sale_pd_minus_pd_cogs,0.002437033382477392,0.002437033382477392,0.7450223061428142
revt_pd_minus_pd_cogs,0.002437033382477392,0.002437033382477392,0.7450223061428142
dudd_over_ceq,-0.0024368216957672164,0.0024368216957672164,0.7450436844475921
capxv_over_ceq_d,-0.002434618509036553,0.002434618509036553,0.7452661965949803
cld3_d_over_lct,-0.002432643640548207,0.002432643640548207,0.7454656676705442
cld5_over_lt,-0.0024325862399482835,0.0024325862399482835,0.7454714656583866
rect_d_over_lct,0.0024316354861470893,0.0024316354861470893,0.7455675026221618
txdfo_over_ppent_d,-0.0024304443883146534,0.0024304443883146534,0.7456878226495867
do_over_at,0.002424460815842254,0.002424460815842254,0.7462923534374869
dlc_d_over_at,-0.0024239634542332707,0.0024239634542332707,0.7463426097854975
diladj_d_over_emp,-0.002416688485193771,0.002416688485193771,0.7470778387290355
ibcom_d_over_invt,-0.0024156859832214273,0.0024156859832214273,0.7471791724741272
rect_d_over_icapt,0.0024113744345271053,0.0024113744345271053,0.7476150372430679
dxd5_over_emp_d,0.0024103426223818754,0.0024103426223818754,0.7477193575721549
txo_over_ppent,0.002409939160236276,0.002409939160236276,0.747760150463048
caps_over_dltt_d,-0.0024075195299957095,0.0024075195299957095,0.7480048070950147
cogs_pd_minus_pd_lct,0.002406612693407744,0.002406612693407744,0.7480965068119418
lct_pd_minus_pd_cogs,-0.0024066126934077395,0.0024066126934077395,0.7480965068119418
lco_d_over_act,0.0024057542356658995,0.0024057542356658995,0.7481833177219955
txds_d_over_ppent,0.0024017657128531664,0.0024017657128531664,0.7485866960255565
prstkc_over_mktcap,0.0023990551442464514,0.0023990551442464514,0.7488608680134974
tstkc_over_xsga_d,-0.002397077006870552,0.002397077006870552,0.7490609751709285
recco_d_over_cogs,0.0023937228215493685,0.0023937228215493685,0.7494003210978868
fate_d_over_cogs,0.0023931490895662886,0.0023931490895662886,0.7494583709363741
mii_over_ppent_d,0.002390954158444107,0.002390954158444107,0.7496804657745796
exre_over_seq_d,0.0023908932623892963,0.0023908932623892963,0.7496866278581783
mrc3_d_over_mktcap,-0.002388066271653993,0.002388066271653993,0.7499727091784594
dclo_over_invt_d,-0.00238573565648215,0.00238573565648215,0.7502085849380923
dd5_d_over_seq,0.0023844847707434444,0.0023844847707434444,0.7503351936021598
cld2_over_lt_d,0.002383489548501561,0.002383489548501561,0.750435930034917
txpd_pd_minus_pd_sale,0.0023829497402196604,0.0023829497402196604,0.7504905712294645
dxd5_d_over_emp,0.002382739452937761,0.002382739452937761,0.7505118575482148
txds_d_over_lct,-0.0023826180496937343,0.0023826180496937343,0.7505241466714799
xrent_over_seq,-0.002382452548335963,0.002382452548335963,0.7505408997573159
xrd_over_act_pd,-0.0023813972559118914,0.0023813972559118914,0.7506477258434491
ch_over_cogs_d,0.0023800537337184003,0.0023800537337184003,0.7507837360275865
diladj_d_over_invt,-0.0023790135964021466,0.0023790135964021466,0.750889038652699
cstkcv_over_icapt,0.002374877605376698,0.002374877605376698,0.7513078087867155
fopo_over_dltt_pd,0.002373033606526636,0.002373033606526636,0.751494537750866
rectr_d_over_icapt,0.0023717665114270812,0.0023717665114270812,0.7516228561111666
cstk_pd_minus_pd_lct,-0.002369774030012124,0.002369774030012124,0.7518246480245567
dlc_over_seq,0.0023679356418069976,0.0023679356418069976,0.7520108489377513
dvpa_over_icapt,0.002367536906512088,0.002367536906512088,0.7520512366959758
txfed_over_dltt,-0.002366086948483961,0.002366086948483961,0.7521981081586099
acchg_over_xsga,0.002365095818163624,0.002365095818163624,0.7522985084758452
dpact_pd_minus_pd_sale,0.002362062777628051,0.002362062777628051,0.7526057778862888
exre_over_icapt,-0.0023613910410045574,0.0023613910410045574,0.7526738350720016
ch_pd_minus_pd_invt,-0.002361114514244662,0.002361114514244662,0.7527018520173643
pstkr_d_over_emp,0.0023599551423396795,0.0023599551423396795,0.7528193199963981
pstkr_d_over_lct,0.0023583234853011507,0.0023583234853011507,0.7529846497696087
txndba_over_act_d,0.0023578074325464457,0.0023578074325464457,0.753036941845026
aco_over_act_pd,-0.0023576912258165927,0.0023576912258165927,0.7530487173305467
mib_over_cogs,0.002356801151168918,0.002356801151168918,0.753138912472423
esopct_over_icapt_d,0.002354745411925898,0.002354745411925898,0.7533472423609378
aox_over_act_d,0.002354265880459128,0.002354265880459128,0.7533958409604056
nopi_over_sale_pd,-0.0023525787621620736,0.0023525787621620736,0.7535668314271895
dltr_pd_minus_pd_xsga,0.0023522906576301326,0.0023522906576301326,0.7535960322052375
cstkcv_over_icapt_pd,-0.0023522533108872087,0.0023522533108872087,0.7535998175027877
mrc3_pd,-0.002352141653295543,0.002352141653295543,0.7536111346484463
xido_over_at_d,-0.0023521270953740523,0.0023521270953740523,0.7536126101822532
cld3_over_lt_d,0.0023519842103372174,0.0023519842103372174,0.753627092496914
lct_d_over_ceq,0.002351684752694563,0.002351684752694563,0.7536574447302707
dd1_over_lct_d,-0.0023473234985730783,0.0023473234985730783,0.7540995330079334
recco_over_dltt_d,0.002345876471761032,0.002345876471761032,0.7542462319298492
ao_over_sale_d,-0.0023457746421167917,0.0023457746421167917,0.7542565557070259
tstk_over_dltt_d,0.0023432658677919344,0.0023432658677919344,0.7545109162024132
txdb_over_xsga_d,-0.002340041249256136,0.002340041249256136,0.7548378940669369
wcap_over_lct_d,0.0023400322840646075,0.0023400322840646075,0.7548388032029479
act_over_lct_d,0.002340032284064606,0.002340032284064606,0.7548388032029479
pstkl_d_over_act,0.002338918693808331,0.002338918693808331,0.7549517320397079
ivch_d_over_lt,0.0023385381010997464,0.0023385381010997464,0.7549903290272753
reajo_over_ppent_d,-0.002335860046189275,0.002335860046189275,0.7552619354725246
seq_over_xsga_d,0.002334139903158768,0.002334139903158768,0.7554364071283732
fatl_pd_minus_pd_at,0.0023332009519847832,0.0023332009519847832,0.7555316488709811
fatp_over_act_d,0.0023317600800400696,0.0023317600800400696,0.755677809760323
lcox_over_dltt_pd,-0.002331353044819082,0.002331353044819082,0.7557191006694467
dilavx_d_over_invt,-0.002327139884462033,0.002327139884462033,0.7561465376263182
ppegt_d_over_sale,0.002325357534787067,0.002325357534787067,0.7563273844799053
txndbl_over_xsga_pd,0.002323446287938096,0.002323446287938096,0.7565213247683935
lcox_d_over_ceq,-0.002323165288159311,0.002323165288159311,0.7565498400018739
icapt_over_mktcap_d,-0.0023214797238278457,0.0023214797238278457,0.7567208942828695
at_over_dltt_pd,-0.0023190268373044034,0.0023190268373044034,0.75696983917259
lse_over_dltt_pd,-0.0023190268373044034,0.0023190268373044034,0.75696983917259
dp_over_xsga_pd,0.002316565265440701,0.002316565265440701,0.7572196908926973
cld3_over_ppent_d,-0.002315759448930665,0.002315759448930665,0.757301487493998
sppe_d_over_sale,-0.002314081045110972,0.002314081045110972,0.7574718671738189
dd5_d_over_ceq,0.0023100755999940882,0.0023100755999940882,0.7578785192215094
fato_over_cogs,-0.0023099259267804094,0.0023099259267804094,0.7578937160651606
txditc_over_xsga_d,-0.0023097726548567355,0.0023097726548567355,0.7579092783953748
fato_over_mktcap_d,0.002309239439007239,0.002309239439007239,0.7579634187627209
mrc4_pd_minus_pd_icapt,-0.0023091033998618913,0.0023091033998618913,0.7579772317629558
fiao_over_ceq_d,0.0023031794492310606,0.0023031794492310606,0.7585788065357066
aco_pd_minus_pd_seq,0.0023006634794730417,0.0023006634794730417,0.7588343464814652
dm_over_act_d,0.002298805759058906,0.002298805759058906,0.7590230468053283
tstkc_over_ceq_d,-0.0022970750755003213,0.0022970750755003213,0.7591988561098225
ivstch_over_mktcap_d,0.0022934183624271818,0.0022934183624271818,0.7595703596089999
dpvieb_over_dltt,0.002293124495473722,0.002293124495473722,0.759600217410317
txdfo_d_over_ppent,-0.0022926911131156157,0.0022926911131156157,0.759644251066752
ppegt_over_xsga_d,0.0022910136384615624,0.0022910136384615624,0.7598146976096771
ibadj_d_over_invt,-0.002289314353974858,0.002289314353974858,0.7599873721208014
xpr_over_emp_pd,-0.0022890470324440724,0.0022890470324440724,0.7600145373574659
invt_over_cogs_d,0.0022850297464974876,0.0022850297464974876,0.7604228099259184
lo_over_act_pd,0.002283918834587958,0.002283918834587958,0.7605357225252672
fiao_d_over_at,0.0022838322078726644,0.0022838322078726644,0.7605445274410498
am_over_ceq,0.002282926880356878,0.002282926880356878,0.760636548629584
ivch_d_over_emp,0.002282254721408007,0.002282254721408007,0.7607048718026878
dltr_d_over_at,-0.002281945985987069,0.002281945985987069,0.7607362545643105
fopo_d_over_sale,0.0022815525317330058,0.0022815525317330058,0.7607762495126567
ppeveb_pd_minus_pd_xsga,0.002279936324299641,0.002279936324299641,0.7609405450322761
sstk_pd_minus_pd_act,-0.002277084605470589,0.002277084605470589,0.7612304627141845
xido_over_lct_d,0.002276660255392405,0.002276660255392405,0.7612736067870501
txs_pd_minus_pd_xsga,0.002275100506173449,0.002275100506173449,0.7614321943385797
dlto_pd_minus_pd_icapt,-0.0022736076866721753,0.0022736076866721753,0.761583986194115
pstkr_over_sale_d,0.0022735128190614212,0.0022735128190614212,0.7615936327679783
dltp_over_xsga_d,-0.0022693696814409187,0.0022693696814409187,0.7620149621271121
spi_over_seq_d,-0.002269205085867226,0.002269205085867226,0.7620317018527525
lo_over_dltt_pd,-0.0022682715934194764,0.0022682715934194764,0.7621266421585077
dvp_d_over_ceq,0.0022680864243819513,0.0022680864243819513,0.7621454750931068
txdb_over_lt_pd,0.0022662654772547834,0.0022662654772547834,0.7623306851453164
cld5_over_ceq_d,0.0022662528658814497,0.0022662528658814497,0.7623319679060834
txp_over_lct_d,0.002258589753157372,0.002258589753157372,0.7631115389300006
seq_d_over_dltt,-0.0022574654455326058,0.0022574654455326058,0.7632259353523675
recco_d_over_emp,0.0022570428777969713,0.0022570428777969713,0.7632689322503072
txndbl_over_at_d,-0.0022563358280956926,0.0022563358280956926,0.7633408772460273
invo_over_ppent_d,-0.0022562929703247897,0.0022562929703247897,0.7633452382528664
ch_pd_minus_pd_icapt,0.0022554848166093915,0.0022554848166093915,0.7634274736109845
xint_over_ceq,0.0022545145959390655,0.0022545145959390655,0.7635262039539862
ceqt_pd_minus_pd_xsga,0.0022542047767547518,0.0022542047767547518,0.7635577321838913
diladj_over_at_d,-0.0022512310490244024,0.0022512310490244024,0.7638603685358853
xidoc_over_lct,0.0022511960816093946,0.0022511960816093946,0.7638639273853707
lcox_over_icapt,-0.0022502811123075277,0.0022502811123075277,0.7639570512265844
txt_pd,0.0022460357319944455,0.0022460357319944455,0.7643891826394988
mrc4_pd_minus_pd_seq,-0.0022439067973348092,0.0022439067973348092,0.7646059115972627
sstk_over_lt_pd,-0.0022438311835149024,0.0022438311835149024,0.7646136095443296
itci_d_over_ceq,0.0022411079423704295,0.0022411079423704295,0.7648908675633684
aqc_d_over_sale,0.0022378606904057147,0.0022378606904057147,0.7652215154388838
dlc_pd_minus_pd_mktcap,0.0022325721497146954,0.0022325721497146954,0.7657601068642867
acox_d_over_ceq,-0.0022325497815300515,0.0022325497815300515,0.7657623851081228
txdba_over_dltt_d,0.0022311830573318063,0.0022311830573318063,0.7659015925132051
tstkc_over_lt_d,-0.0022308890810644934,0.0022308890810644934,0.7659315363918789
txndbl_over_ppent_d,0.0022289893188701827,0.0022289893188701827,0.7661250510836132
tstk_over_ceq_d,-0.002228366373559058,0.002228366373559058,0.7661885090819244
lct_over_icapt_d,0.0022281803981958987,0.0022281803981958987,0.7662074542662005
txr_d_over_icapt,-0.002227367437303545,0.002227367437303545,0.7662902716824778
dxd5_over_act_d,-0.002227240335401017,0.002227240335401017,0.7663032199651173
nopio_d_over_dltt,0.002223276369614012,0.002223276369614012,0.7667070747462919
fatc_over_ceq_d,-0.0022208892825990854,0.0022208892825990854,0.7669503053347033
dlc_over_mktcap_d,-0.002219110765576516,0.002219110765576516,0.7671315410308435
dd5_d_over_invt,0.002217213449722215,0.002217213449722215,0.7673248966905966
sstk_pd_minus_pd_emp,-0.0022171497175205706,0.0022171497175205706,0.767331391897515
nopio_over_lct,0.002216079771584036,0.002216079771584036,0.7674404368633204
intpn_d_over_lt,-0.0022151428207929096,0.0022151428207929096,0.7675359312328494
fatc,0.0022146580321428166,0.0022146580321428166,0.7675853424560258
spi_d_over_icapt,-0.002214063342609926,0.002214063342609926,0.7676459564217937
icapt_over_emp_d,0.0022096906653391157,0.0022096906653391157,0.7680916868994345
cstk_pd_minus_pd_xsga,-0.0022094458873149815,0.0022094458873149815,0.7681166407060703
lco_over_invt_d,0.002207963319441425,0.002207963319441425,0.7682677856833035
txndba_pd_minus_pd_cogs,0.0022076991644155147,0.0022076991644155147,0.7682947167110501
ibadj_d_over_ppent,0.00220622109624928,0.00220622109624928,0.7684454132861422
esubc_d_over_invt,0.002203384427231309,0.002203384427231309,0.7687346506423175
apalch_over_cogs_d,0.0022028637554455544,0.0022028637554455544,0.76878774377794
mrct_over_act_pd,-0.002202338970984312,0.002202338970984312,0.7688412573821726
exre_over_at_d,-0.002202198630627285,0.002202198630627285,0.768855568431397
gp_over_ppent,0.002200512814697104,0.002200512814697104,0.7690274837587777
txp_over_seq_d,-0.0022005056471169774,0.0022005056471169774,0.7690282147150642
ch_over_at_pd,-0.0021999457331922777,0.0021999457331922777,0.7690853158770627
txdfo_over_ppent,-0.002199340638720393,0.002199340638720393,0.7691470260513135
apalch_over_at,0.0021991092155504138,0.0021991092155504138,0.7691706279824918
spi_over_mktcap,0.002198884741300457,0.002198884741300457,0.7691935214252359
lcoxdr_over_lt,-0.0021976667753269563,0.0021976667753269563,0.7693177415598187
dltr_pd_minus_pd_sale,0.002197253826077151,0.002197253826077151,0.7693598595250506
emp_over_lct_d,0.0021930421714697022,0.0021930421714697022,0.7697894579847471
ppeveb_over_dltt_pd,0.0021907358590040676,0.0021907358590040676,0.7700247371109724
diladj_over_lt_d,-0.0021906493355777733,0.0021906493355777733,0.7700335642351634
tstk_over_act,-0.00219027109040135,0.00219027109040135,0.7700721531763413
xint_d_over_act,0.0021893969146286095,0.0021893969146286095,0.7701613396178009
caps_over_xsga,-0.0021848522352432,0.0021848522352432,0.7706250525073519
txpd_d_over_ppent,-0.0021846850902914796,0.0021846850902914796,0.7706421085790308
xopr_d_over_invt,0.002183674091162606,0.002183674091162606,0.7707452769279668
aox_d_over_invt,0.002180439239260481,0.002180439239260481,0.7710754076475195
ceqt_over_lct_pd,-0.0021797618061825826,0.0021797618061825826,0.7711445478951761
che_pd_minus_pd_lct,-0.0021796817581253283,0.0021796817581253283,0.7711527178887099
rea_over_dltt,0.002174923057727752,0.002174923057727752,0.7716384535970461
cld4_d_over_icapt,0.002174710574874325,0.002174710574874325,0.7716601444880112
dilavx_d_over_ppent,0.00217397803225885,0.00217397803225885,0.7717349260172788
xrd_over_at_pd,-0.0021731906821382697,0.0021731906821382697,0.7718153049289546
dd4_over_mktcap_d,-0.0021714786953381335,0.0021714786953381335,0.7719900864978453
txr_d_over_at,-0.002169006229652194,0.002169006229652194,0.7722425279231742
dclo_over_act_d,-0.0021689783989607943,0.0021689783989607943,0.7722453696041842
xidoc_over_xsga,0.002168961440435533,0.002168961440435533,0.7722471011731172
dlto,-0.002167387539118864,0.002167387539118864,0.7724078110395006
chech_over_icapt_pd,0.0021648069956210804,0.0021648069956210804,0.772671329494435
dp_over_dltt_pd,0.0021639690018085047,0.0021639690018085047,0.7727569089038707
txp_over_emp_d,0.0021631649134717023,0.0021631649134717023,0.7728390283431912
caps_pd_minus_pd_lct,-0.0021626706544401204,0.0021626706544401204,0.7728895069879402
sstk_pd_minus_pd_icapt,-0.002161619380045829,0.002161619380045829,0.7729968767725649
emp_over_invt_d,-0.0021600324709079243,0.0021600324709079243,0.7731589607570738
exre_over_ceq,0.002156737877695643,0.002156737877695643,0.7734954960390579
ppegt_pd_minus_pd_invt,-0.002155777938746505,0.002155777938746505,0.773593559656012
fate_over_seq_pd,-0.0021516103937565556,0.0021516103937565556,0.7740193416680288
mrct_over_emp_d,0.0021494043923588994,0.0021494043923588994,0.774244747856601
np_over_ceq,-0.00214938128600532,0.00214938128600532,0.7742471089327708
exre_over_xsga_d,-0.0021481968159094704,0.0021481968159094704,0.7743681444188425
exre_d_over_act,0.0021461767596142934,0.0021461767596142934,0.7745745772192998
cld3_over_emp_d,0.0021460138236145307,0.0021460138236145307,0.7745912286057994
ppeveb_d_over_sale,0.0021457187382880553,0.0021457187382880553,0.7746213853718084
dvp,0.0021452821004812475,0.0021452821004812475,0.7746660089672699
xpr_over_at_pd,-0.002143514977079759,0.002143514977079759,0.7748466133882832
rectr_over_ppent_d,-0.0021425672701560535,0.0021425672701560535,0.7749434764195208
reajo_over_at_d,0.002142393692152028,0.002142393692152028,0.7749612178233927
txndbl_pd_minus_pd_ppent,0.002140976282297526,0.002140976282297526,0.7751060956482563
dpc_over_xsga_pd,-0.0021400796487645447,0.0021400796487645447,0.7751977473648957
tstk_d_over_at,-0.0021368162227914716,0.0021368162227914716,0.7755313533267374
ppegt_over_xsga_pd,0.0021359478122462304,0.0021359478122462304,0.7756201341721329
invo_d_over_seq,0.00213541097504978,0.00213541097504978,0.7756750185054906
dltr_pd,0.002134778322617096,0.002134778322617096,0.7757397000872959
mrc1_over_emp_d,-0.002132562930202263,0.002132562930202263,0.7759662112539073
tstk_d_over_cogs,-0.002132347033000792,0.002132347033000792,0.7759882865236495
ppegt_over_dltt_pd,0.002130063274789205,0.002130063274789205,0.7762218095610026
invwip_d_over_sale,-0.002126343087053062,0.002126343087053062,0.7766022563324758
exre_over_lt_d,0.0021248363043881663,0.0021248363043881663,0.7767563634332132
sstk_over_emp_pd,-0.0021231311910377536,0.0021231311910377536,0.7769307655199773
dudd_over_cogs,0.002122240755030022,0.002122240755030022,0.7770218453991931
esub_d_over_cogs,-0.0021187764273689932,0.0021187764273689932,0.7773762296503609
mrc4_pd_minus_pd_mktcap,0.0021186710768556997,0.0021186710768556997,0.777387007233138
xrent_over_ceq,-0.0021166549474666866,0.0021166549474666866,0.7775932698320102
mrc5_over_mktcap_d,-0.002113154679663845,0.002113154679663845,0.777951406257721
acchg_over_seq,-0.0021129438238988974,0.0021129438238988974,0.7779729818655066
dd3_over_invt_d,-0.0021108030420242795,0.0021108030420242795,0.7781920449432035
dlc_d_over_sale,0.002110049420166384,0.002110049420166384,0.7782691661611962
fatc_d_over_ceq,-0.002109690331967955,0.002109690331967955,0.7783059138986207
nopi_over_act_pd,0.002107098240003549,0.002107098240003549,0.7785711935530719
lco_over_ceq_d,0.0021050957261995584,0.0021050957261995584,0.7787761523165961
mrc5_pd_minus_pd_act,-0.00210219727692672,0.00210219727692672,0.7790728379819626
apalch_d_over_ppent,-0.0020955253568209903,0.0020955253568209903,0.7797558989057438
dvc_over_ceq_d,-0.0020950329997767086,0.0020950329997767086,0.7798063124073905
rea_over_ppent_d,-0.0020947653364206615,0.0020947653364206615,0.7798337194252933
xrent_pd,-0.0020947142092549416,0.0020947142092549416,0.7798389545516218
itci_d_over_seq,0.002091227359176142,0.002091227359176142,0.7801960113952249
dlto_over_ceq_d,-0.002089290808448622,0.002089290808448622,0.7803943361051486
dvpa_over_dltt,0.0020884754818896885,0.0020884754818896885,0.7804778390465654
cld2_d_over_at,-0.0020850291000600613,0.0020850291000600613,0.7808308335770537
mrc2_over_emp_d,0.0020848463619293567,0.0020848463619293567,0.7808495517318536
txp_d_over_lt,0.002083965416432478,0.002083965416432478,0.7809397901492996
tlcf_over_dltt_d,0.002083030528952407,0.002083030528952407,0.7810355572645169
ppent_d_over_invt,0.002082540553599847,0.002082540553599847,0.7810857502204417
rectr_over_dltt,-0.0020812447928865085,0.0020812447928865085,0.7812184920270467
act_d_over_dltt,0.002080191459028376,0.002080191459028376,0.7813264035606222
dltis_d_over_seq,0.0020789471376708134,0.0020789471376708134,0.7814538867309986
aox_d_over_dltt,-0.0020785536244348913,0.0020785536244348913,0.7814942041583156
mrc1_over_seq_d,0.002076903051623168,0.002076903051623168,0.7816633201120157
mrc2_over_at_pd,-0.0020763684204347693,0.0020763684204347693,0.781718100074872
rect_pd_minus_pd_lt,-0.002076217345077151,0.002076217345077151,0.781733579918856
aqc_d_over_at,-0.002076201890680814,0.002076201890680814,0.7817351634490032
ivch_over_invt_d,0.002075475522497404,0.002075475522497404,0.7818095915696004
pstkr_d_over_seq,0.002074717506951578,0.002074717506951578,0.7818872646026942
dxd5_over_ceq_d,-0.0020741973237703307,0.0020741973237703307,0.7819405684691695
drc_over_mktcap,-0.002072452102133244,0.002072452102133244,0.7821194111452285
dd1_d_over_seq,-0.0020685917056264677,0.0020685917056264677,0.7825150485905946
fatb_over_dltt,0.002067507066208515,0.002067507066208515,0.7826262193129715
intpn_over_dltt,0.002066814356307326,0.002066814356307326,0.782697221323851
aqc_d_over_xsga,-0.002064313354052678,0.002064313354052678,0.7829535863937431
dltr_pd_minus_pd_ppent,0.0020606237508492857,0.0020606237508492857,0.783331831949253
recco_over_ppent_d,0.00205589712113131,0.00205589712113131,0.7838164647419581
txditc_over_seq_pd,-0.002055252260498402,0.002055252260498402,0.7838825903697327
nopio_over_ppent_d,0.002050743925717183,0.002050743925717183,0.7843449298998664
fatb_over_dltt_d,0.0020493604634664107,0.0020493604634664107,0.7844868222308123
lcoxdr_over_dltt,0.002048456847828833,0.002048456847828833,0.7845795038199956
dd_over_invt,0.0020484341268139678,0.0020484341268139678,0.7845818342968696
che_over_invt_d,-0.002047994654832373,0.002047994654832373,0.7846269109771136
mrct_over_at_pd,-0.0020444762700447625,0.0020444762700447625,0.7849878180490463
dpc,0.002044296402453581,0.002044296402453581,0.7850062696573481
siv_d_over_xsga,-0.002044125175733454,0.002044125175733454,0.7850238349593621
txo_over_dltt_d,0.002043842806355269,0.002043842806355269,0.7850528020758791
dxd5_d_over_xsga,0.002043435921023901,0.002043435921023901,0.7850945432968482
diladj_over_ppent,-0.0020386078570306795,0.0020386078570306795,0.785589887933774
recta_over_lt_d,-0.0020374615246312308,0.0020374615246312308,0.7857075109020772
txp_over_ceq_d,-0.0020371809880780976,0.0020371809880780976,0.7857362969647542
dltis_d_over_lt,0.002036873818872532,0.002036873818872532,0.7857678161595111
txdfo_over_sale,-0.0020365468544038152,0.0020365468544038152,0.7858013669682808
lco_over_cogs_pd,-0.0020355795526641593,0.0020355795526641593,0.7859006270418578
dlto_over_at_pd,-0.0020355470999828484,0.0020355470999828484,0.7859039572477013
invt_d_over_act,0.0020318287344802807,0.0020318287344802807,0.7862855517195231
recco_over_icapt_d,0.0020307409555513243,0.0020307409555513243,0.7863971939264526
np_over_cogs_d,-0.0020274176791643356,0.0020274176791643356,0.7867382995313617
mib_over_lct_d,0.0020254981908490095,0.0020254981908490095,0.7869353370703505
fatp_over_dltt,0.0020237023213635387,0.0020237023213635387,0.7871196973553664
fincf_d_over_invt,0.002018585803256384,0.002018585803256384,0.7876450140145452
lcox_over_at_pd,-0.0020162740692052975,0.0020162740692052975,0.787882393143401
xacc_pd_minus_pd_ppent,0.002015867687164264,0.002015867687164264,0.7879241242946498
dlc_over_lct,0.0020156160365082947,0.0020156160365082947,0.7879499664691362
aox_over_cogs_d,0.002015522811094251,0.002015522811094251,0.7879595399086232
dudd_over_ceq_d,-0.0020148371170395935,0.0020148371170395935,0.788029955710482
lt,-0.002011397156243288,0.002011397156243288,0.7883832408458601
cstk_pd_minus_pd_sale,-0.0020113562605241454,0.0020113562605241454,0.7883874411119571
ibcom_over_lct_d,-0.0020109445798118268,0.0020109445798118268,0.788429723839778
itci_over_icapt_d,-0.0020100456194465173,0.0020100456194465173,0.7885220560456907
invch_over_ppent_d,0.0020088846312616895,0.0020088846312616895,0.7886413055208185
siv_over_lt_d,-0.0020086684050607396,0.0020086684050607396,0.7886635154765594
dpact_d_over_invt,0.0020052716032039923,0.0020052716032039923,0.7890124449345072
dltr_over_dltt_pd,-0.002004306458755763,0.002004306458755763,0.7891115951293669
dltr_pd_minus_pd_lct,0.002003727046010103,0.002003727046010103,0.789171120385145
mrc3_over_lct_pd,0.0020025403603711666,0.0020025403603711666,0.789293036915333
fopo_pd_minus_pd_lt,-0.0020006786554933346,0.0020006786554933346,0.7894843132956966
invt,-0.0019995394245948565,0.0019995394245948565,0.789601367085884
dxd5_over_cogs_d,-0.00199747507710747,0.00199747507710747,0.7898134869265794
dpact_over_dltt,0.0019947227701847064,0.0019947227701847064,0.790096321533862
txdfed_over_dltt,0.0019939880827936395,0.0019939880827936395,0.7901718247019502
mrc5_over_at_d,0.001991370644585367,0.001991370644585367,0.7904408324957409
rectr_pd_minus_pd_at,-0.0019893509133155525,0.0019893509133155525,0.7906484278941209
ao_over_invt_d,-0.0019874756888788713,0.0019874756888788713,0.7908411836464648
dd4_d_over_ppent,0.0019864801361742417,0.0019864801361742417,0.7909435224686432
txdi_over_dltt,0.0019841714305823548,0.0019841714305823548,0.7911808620032472
ivncf_d_over_lct,0.0019828648984365196,0.0019828648984365196,0.7913151846904032
che_over_lct_d,0.001982726066764794,0.001982726066764794,0.7913294581387703
ivncf_d_over_act,-0.0019795251036660013,0.0019795251036660013,0.7916585723334331
lco_d_over_at,-0.001979502037400433,0.001979502037400433,0.7916609440780437
txdb_pd_minus_pd_at,0.0019787195564978733,0.0019787195564978733,0.7917414023215491
donr_over_emp_d,0.0019783868093790425,0.0019783868093790425,0.7917756175652146
mrc2_over_icapt_d,0.001976190143923403,0.001976190143923403,0.7920015031915704
dv_d_over_ceq,-0.0019756833990561408,0.0019756833990561408,0.7920536148263263
dvc_over_seq_d,-0.001973565108032086,0.001973565108032086,0.7922714615396836
mrc5_over_dltt_d,0.0019732634668993467,0.0019732634668993467,0.792302483870223
recta_over_ceq_d,0.0019731040582229437,0.0019731040582229437,0.7923188784138543
dd5_over_cogs_d,-0.0019707483431562808,0.0019707483431562808,0.7925611649696815
wcap_pd_minus_pd_cogs,0.001969189203627485,0.001969189203627485,0.7927215343216176
fatp_over_mktcap_d,-0.001964543126701271,0.001964543126701271,0.7931994706137941
icapt_over_mktcap_pd,0.001961873238875666,0.001961873238875666,0.7934741538902161
cstkcv_d_over_icapt,0.0019582592568265504,0.0019582592568265504,0.7938460082304101
txp_over_ppent_d,-0.0019564986902397543,0.0019564986902397543,0.794027175619736
cstkcv_d_over_ceq,0.001954962952779123,0.001954962952779123,0.7941852165167003
dvc_over_mktcap,0.00195442841215475,0.00195442841215475,0.7942402274326563
sale_pd_minus_pd_invt,-0.0019542576360602024,0.0019542576360602024,0.7942578026444301
revt_pd_minus_pd_invt,-0.0019542576360602024,0.0019542576360602024,0.7942578026444301
invt_pd_minus_pd_sale,0.0019542576360601837,0.0019542576360601837,0.7942578026444301
ceqt_over_invt_pd,0.00195278915543015,0.00195278915543015,0.7944089338324146
esopct_over_seq_d,0.0019527447587149335,0.0019527447587149335,0.7944135031162771
dpvieb_over_seq_d,0.001951933427070602,0.001951933427070602,0.7944970061347956
fopo_d_over_lt,-0.0019510289299031992,0.0019510289299031992,0.7945901006126458
acox_over_mktcap_d,-0.001950994270883055,0.001950994270883055,0.7945936679162723
fiao_over_at_d,-0.0019497614367741125,0.0019497614367741125,0.7947205610130114
dd1_over_at_d,0.001947574097417961,0.001947574097417961,0.7949457127499705
pstkn,0.0019471592941837088,0.0019471592941837088,0.7949884120611947
fatc_over_seq_d,-0.0019441124475022224,0.0019441124475022224,0.7953020693519287
txc_pd_minus_pd_invt,0.0019426700169327049,0.0019426700169327049,0.795450571747206
spi_d_over_ceq,0.00194169367034574,0.00194169367034574,0.7955510936551866
dlto_d_over_lct,0.0019408896285470392,0.0019408896285470392,0.79563387809304
ppegt_pd_minus_pd_xsga,0.0019405706869827215,0.0019405706869827215,0.7956667170705197
xacc_d_over_invt,-0.0019382741829190309,0.0019382741829190309,0.7959031812393764
txp_d_over_ppent,0.001938069964694975,0.001938069964694975,0.7959242098881316
dd1_over_sale_d,-0.0019378241368970318,0.0019378241368970318,0.7959495233320275
txdbca_d_over_mktcap,-0.0019374618851987792,0.0019374618851987792,0.7959868255993736
reuna,0.0019348374048357578,0.0019348374048357578,0.7962570910266733
esopct_d_over_ceq,0.0019347939546963,0.0019347939546963,0.7962615656688149
mrc5_over_xsga_d,0.001931079483950439,0.001931079483950439,0.7966441191616873
pstkl,-0.0019306636638043648,0.0019306636638043648,0.7966869475382516
recta_d_over_cogs,0.0019276294212647112,0.0019276294212647112,0.796999485029537
cld3_d_over_cogs,-0.0019272448233941138,0.0019272448233941138,0.7970391022678024
act_over_seq,0.001927064826806164,0.001927064826806164,0.7970576438077814
nopio_over_invt,0.0019255424673508676,0.0019255424673508676,0.7972144674079851
acox_over_xsga_d,-0.0019237552905535752,0.0019237552905535752,0.797398581218812
pi_over_lct_d,0.00192340208366114,0.00192340208366114,0.7974349697012596
exre_d_over_mktcap,0.0019225121816867478,0.0019225121816867478,0.7975266521467131
mrc2_pd_minus_pd_ppent,0.0019205062130571021,0.0019205062130571021,0.7977333279706945
ceql_over_invt_d,-0.0019198616622750526,0.0019198616622750526,0.7977997393296223
lcox_over_act_pd,-0.0019098774205621098,0.0019098774205621098,0.798828653356304
dd4,0.0019076590444887485,0.0019076590444887485,0.7990573129384427
dvpa,0.0019044985206323362,0.0019044985206323362,0.7993831143596247
dvpa_over_mktcap,0.0019044985206323362,0.0019044985206323362,0.7993831143596247
dvpa_over_lt,0.0019044985206323362,0.0019044985206323362,0.7993831143596247
dvpa_over_at,0.0019044985206323362,0.0019044985206323362,0.7993831143596247
dvpa_over_ppent,0.0019044985206323362,0.0019044985206323362,0.7993831143596247
recd_pd_minus_pd_lct,0.0019032393039541253,0.0019032393039541253,0.7995129299717649
itci_over_at_d,0.0019031494562953184,0.0019031494562953184,0.7995221927902325
txdfo_over_act,-0.001900833149413249,0.001900833149413249,0.7997610015123983
tstkc_over_act,-0.00189768989516433,0.00189768989516433,0.8000850975479228
txndb_over_at_d,-0.001895713787264725,0.001895713787264725,0.8002888685740351
sppiv_over_emp,-0.0018946940668586425,0.0018946940668586425,0.8003940247661161
fato_over_lct_d,-0.001893688023880731,0.001893688023880731,0.8004977740518505
xpr_pd_minus_pd_mktcap,-0.0018928699782750692,0.0018928699782750692,0.800582138496872
dltis_d_over_mktcap,-0.0018919938594427737,0.0018919938594427737,0.8006724945709034
oancf_d_over_icapt,0.0018915362352272358,0.0018915362352272358,0.8007196914293947
esub_d_over_xsga,-0.0018905242178326852,0.0018905242178326852,0.8008240679509252
aco_over_emp_d,0.0018887273660512381,0.0018887273660512381,0.8010093987618824
exre_over_at,-0.001887430456357063,0.001887430456357063,0.8011431715267561
gdwl_over_dltt_d,-0.0018822598830890722,0.0018822598830890722,0.8016765602504066
chech_over_sale_d,-0.0018799528955616893,0.0018799528955616893,0.8019145755243557
acox_over_sale_d,-0.0018796636180494473,0.0018796636180494473,0.8019444220053694
xacc_over_at,0.0018795777408233691,0.0018795777408233691,0.8019532825250383
lcoxdr_over_at,0.0018793581858801646,0.0018793581858801646,0.801975935572006
txdbcl_over_mktcap_d,0.0018776425120698808,0.0018776425120698808,0.8021529595870904
aqc_d_over_seq,0.0018755262962235082,0.0018755262962235082,0.8023713257005652
xrd_pd_minus_pd_ppent,-0.001875113569458481,0.001875113569458481,0.8024139155652874
lco_d_over_icapt,0.001875060626992978,0.001875060626992978,0.8024193788164437
dltr_over_lct_d,-0.0018743424187618104,0.0018743424187618104,0.8024934932804207
ibcom_over_at_d,-0.0018692525401511327,0.0018692525401511327,0.8030187868434382
gp_d_over_sale,-0.001868372623374109,0.001868372623374109,0.8031096064112995
dd5_over_invt_d,0.0018672335771358405,0.0018672335771358405,0.8032271756677474
rea_over_cogs,0.0018659072788032695,0.0018659072788032695,0.8033640781868835
dm_d_over_act,0.0018645122955185448,0.0018645122955185448,0.8035080769800829
mrc4_over_sale_d,-0.0018591182737590453,0.0018591182737590453,0.8040649439407409
xsga_over_dltt_pd,0.0018582053753209934,0.0018582053753209934,0.8041591994173635
ch_over_act_pd,-0.0018558460274952417,0.0018558460274952417,0.8044028119380707
fatl_over_icapt_d,-0.0018558172207313768,0.0018558172207313768,0.804405786474204
xpr_over_seq_d,0.0018520237574706137,0.0018520237574706137,0.8047975175896
intpn_d_over_mktcap,-0.0018502271723960457,0.0018502271723960457,0.8049830586431111
dltr_d_over_xsga,0.0018469694510780585,0.0018469694510780585,0.8053195255142793
nopi_over_ceq_d,0.0018459127313365528,0.0018459127313365528,0.8054286743289777
ivst_d_over_dltt,-0.0018454848692912784,0.0018454848692912784,0.8054728693721829
pstkrv,-0.0018445539319255867,0.0018445539319255867,0.8055690305905492
ivst_over_act_d,-0.0018440114654032541,0.0018440114654032541,0.8056250660510883
txpd_pd_minus_pd_xsga,0.0018414576859368433,0.0018414576859368433,0.8058888786078741
rea_over_lt,0.0018376906578035225,0.0018376906578035225,0.8062780634621958
txndba_over_seq_pd,-0.001837295153971185,0.001837295153971185,0.8063189271312178
cld5_over_lct,-0.0018336396943735053,0.0018336396943735053,0.8066966361989119
mrc5_pd_minus_pd_ceq,-0.0018333654006660643,0.0018333654006660643,0.806724980068786
mrct_over_icapt_d,0.0018324345099098483,0.0018324345099098483,0.8068211746395585
np_over_sale_d,-0.0018294166850117114,0.0018294166850117114,0.8071330448171257
chech_pd_minus_pd_sale,-0.0018289728447014875,0.0018289728447014875,0.8071789150611843
dxd3_d_over_sale,-0.001828561597728654,0.001828561597728654,0.8072214174234547
xpr_over_mktcap_pd,-0.0018279052696358,0.0018279052696358,0.8072892500909945
mrc1_pd_minus_pd_cogs,-0.0018274609651345022,0.0018274609651345022,0.8073351705684138
donr_over_xsga_d,0.00182511034674119,0.00182511034674119,0.8075781265263936
nopi_over_cogs_pd,0.0018216042547249027,0.0018216042547249027,0.8079405447728762
txdc_over_ppent,0.0018184256071929485,0.0018184256071929485,0.8082691513136692
am_over_ppent_d,0.0018138187689238558,0.0018138187689238558,0.8087454633123602
txo_over_icapt,0.0018131793579186822,0.0018131793579186822,0.8088115791466182
ppeveb_pd_minus_pd_invt,-0.001812757874755295,0.001812757874755295,0.808855161737482
esub_d_over_sale,-0.0018124723944465764,0.0018124723944465764,0.8088846815725259
txc_over_dltt,-0.001806188888363073,0.001806188888363073,0.8095344906798895
apalch_d_over_act,-0.0018056436472974058,0.0018056436472974058,0.809590883011557
caps_over_sale_d,0.0018022886195749196,0.0018022886195749196,0.8099379032651791
pifo_over_ppent,-0.001800704781625467,0.001800704781625467,0.8101017372078152
lct_over_act_pd,-0.0017965196472209668,0.0017965196472209668,0.8105346921436886
sstk_pd_minus_pd_dltt,-0.0017953390298110908,0.0017953390298110908,0.810656838287602
capxv_pd_minus_pd_mktcap,0.0017951308132183048,0.0017951308132183048,0.8106783807605705
itci_over_ceq_d,-0.0017936255129612977,0.0017936255129612977,0.8108341261671914
rect_over_ppent_d,-0.0017894666261389922,0.0017894666261389922,0.8112644629569442
dlc_pd_minus_pd_act,-0.001786312350644309,0.001786312350644309,0.8115908865983883
cld2_over_at,0.0017861471338425998,0.0017861471338425998,0.8116079851425385
dltr_pd_minus_pd_cogs,0.0017840276315240445,0.0017840276315240445,0.8118273437053877
mrc3_over_ceq_pd,-0.0017836315314098115,0.0017836315314098115,0.8118683398505391
ao_over_icapt,0.001781949221050592,0.001781949221050592,0.8120424637978181
revt_over_act_pd,-0.0017798594519434767,0.0017798594519434767,0.8122587738374896
sale_over_act_pd,-0.0017798594519434767,0.0017798594519434767,0.8122587738374896
txditc_over_lt_pd,0.0017788247579634492,0.0017788247579634492,0.8123658793443633
lt_over_emp_d,0.0017786876403832145,0.0017786876403832145,0.8123800732227661
dd1_d_over_ppent,-0.0017779271952289128,0.0017779271952289128,0.8124587926650323
sppe_d_over_lt,0.0017752416912803065,0.0017752416912803065,0.8127368046940857
chech_d_over_mktcap,-0.0017734217044467996,0.0017734217044467996,0.8129252290195084
sstk_over_xsga_pd,-0.0017720970936058004,0.0017720970936058004,0.8130623735817458
fatc_over_lct,-0.0017668333651964813,0.0017668333651964813,0.8136074142017515
dxd3_over_invt,-0.001766360421246057,0.001766360421246057,0.8136563903127777
aqc_d_over_act,0.0017635030293909506,0.0017635030293909506,0.8139523054350314
txdba_d_over_sale,0.0017617828287098628,0.0017617828287098628,0.8141304644045559
capx_pd_minus_pd_mktcap,0.001759147067399954,0.001759147067399954,0.8144034654582312
esopct_over_ppent,-0.0017580007342301467,0.0017580007342301467,0.8145222048543367
ivch_over_ceq_d,-0.0017529064783097094,0.0017529064783097094,0.8150499291924587
aco_over_dltt_pd,0.001752475253634991,0.001752475253634991,0.8150946044897206
capxv_over_lct_d,0.0017518369248430085,0.0017518369248430085,0.8151607370792645
aco_over_at_d,-0.0017478815148311171,0.0017478815148311171,0.8155705575989436
ppent_pd_minus_pd_ceq,0.0017441719241843342,0.0017441719241843342,0.8159549545934971
ceq_pd_minus_pd_ppent,-0.001744171924184276,0.001744171924184276,0.8159549545935199
dvt_over_mktcap_d,-0.0017406159048882156,0.0017406159048882156,0.8163234797204546
oancf,0.0017401621950724898,0.0017401621950724898,0.816370502486514
oancf_over_at_d,-0.0017400855048398584,0.0017400855048398584,0.816378450775003
itci_over_act_d,-0.0017382048200015668,0.0017382048200015668,0.8165733736259578
intpn_d_over_ceq,0.0017368636465284189,0.0017368636465284189,0.8167123859621986
esopct_d_over_sale,0.0017307517587434988,0.0017307517587434988,0.8173459547383598
do_over_icapt,0.0017274633613236238,0.0017274633613236238,0.8176868850640977
exre_over_lct,-0.0017256300204974693,0.0017256300204974693,0.8178769748420753
che_pd_minus_pd_at,0.001723587058301077,0.001723587058301077,0.8180888118075408
dltr_d_over_icapt,-0.0017225913848536857,0.0017225913848536857,0.8181920590820568
cld2_d_over_cogs,-0.0017166640617219029,0.0017166640617219029,0.8188067635097094
txndb_over_dltt_d,-0.0017145848989257996,0.0017145848989257996,0.8190224134864311
dlto_over_invt_d,0.0017145459464368933,0.0017145459464368933,0.8190264537544745
xrent_over_invt_d,-0.0017144784991601659,0.0017144784991601659,0.8190334495980924
oancf_over_cogs_d,0.0017143176376358425,0.0017143176376358425,0.8190501347193251
niadj_over_ppent_d,0.0017102785783483804,0.0017102785783483804,0.8194691069440161
che_d_over_mktcap,-0.001709079871612745,0.001709079871612745,0.8195934588957487
dxd5_over_lt_d,-0.0017084008258705617,0.0017084008258705617,0.8196639040461342
lcox_over_emp,-0.0017084002873260949,0.0017084002873260949,0.8196639599160609
fatl_over_xsga,0.001707633991308301,0.001707633991308301,0.8197434582803773
invfg_d_over_xsga,-0.0017067019383315725,0.0017067019383315725,0.8198401553772413
emp_over_act,0.0017065247249002085,0.0017065247249002085,0.8198585409343451
tstkc_d_over_cogs,-0.0017061062930990257,0.0017061062930990257,0.8199019528322321
acox_d_over_cogs,0.0017039776986895968,0.0017039776986895968,0.8201228010010122
fate_over_dltt,-0.0017022192099457774,0.0017022192099457774,0.8203052603369363
niadj_d_over_cogs,-0.0017015388190471025,0.0017015388190471025,0.8203758597431156
lo_d_over_emp,-0.0016997538595857624,0.0016997538595857624,0.8205610794215632
am_over_seq,0.0016992909473673712,0.0016992909473673712,0.8206091160137228
lo_over_sale_pd,0.0016956905997616329,0.0016956905997616329,0.8209827485257172
mrc5_over_emp_d,-0.0016952609771803203,0.0016952609771803203,0.8210273360917297
exre_d_over_lt,0.001694320824096325,0.001694320824096325,0.8211249101162117
am_over_lct_d,0.0016937458214750342,0.0016937458214750342,0.8211845882720724
capx_pd_minus_pd_icapt,0.0016936206824509719,0.0016936206824509719,0.821197576291181
acox_over_lt_d,-0.0016933381071638088,0.0016933381071638088,0.8212269045987929
rea,-0.0016928488138681147,0.0016928488138681147,0.8212776886266822
xacc_d_over_lct,-0.0016922376134724196,0.0016922376134724196,0.821341126513595
dpvieb_pd_minus_pd_cogs,0.0016896428125638694,0.0016896428125638694,0.8216104598382492
tstk_d_over_emp,-0.0016885231846761094,0.0016885231846761094,0.8217266806840431
exre_over_ceq_d,0.0016856523236904984,0.0016856523236904984,0.8220247028258881
dc_over_lct,0.0016854525329124373,0.0016854525329124373,0.8220454439280427
ppeveb_over_icapt_pd,0.001684646162471431,0.001684646162471431,0.8221291578228292
mrc2_pd_minus_pd_seq,0.00168418595592097,0.00168418595592097,0.822176935385966
dd1_d_over_emp,0.0016822700711884367,0.0016822700711884367,0.8223758451234422
capx_over_lct_d,0.001681000155872875,0.001681000155872875,0.8225076957365055
aco_pd_minus_pd_cogs,0.0016788930185884982,0.0016788930185884982,0.8227264830674564
xrd_d_over_sale,-0.0016769503896430487,0.0016769503896430487,0.8229282014531519
aoloch_d_over_icapt,0.0016768983203211932,0.0016768983203211932,0.8229336083799111
dp_over_lct_pd,-0.0016709096707559889,0.0016709096707559889,0.8235555313371431
do_over_xsga,0.0016688435213549895,0.0016688435213549895,0.8237701272710501
dvpa_over_lct,0.001667057808442108,0.001667057808442108,0.8239556069187816
dvpa_over_act,0.001667057808442108,0.001667057808442108,0.8239556069187816
txdb_over_seq_pd,-0.0016661496844685053,0.0016661496844685053,0.8240499363315396
txs_over_xsga,-0.0016606632864065106,0.0016606632864065106,0.8246198780691014
fincf_d_over_emp,0.0016569889663390503,0.0016569889663390503,0.825001628006581
mrc3_over_invt_d,0.0016568757735541792,0.0016568757735541792,0.8250133890273823
dxd3_over_cogs,0.0016560110608773864,0.0016560110608773864,0.8251032361891928
dltr_d_over_cogs,0.0016514818072519756,0.0016514818072519756,0.825573881450104
txditc_pd_minus_pd_at,0.0016482893289759418,0.0016482893289759418,0.8259056569562435
cstkcv_over_mktcap_pd,0.0016474681455764934,0.0016474681455764934,0.825991002750206
emp_over_act_pd,0.0016431588601128414,0.0016431588601128414,0.826438901535043
ap_over_dltt_pd,-0.001642842432555939,0.001642842432555939,0.8264717926299074
che_pd_minus_pd_act,0.0016422959157350245,0.0016422959157350245,0.8265286010938874
esopct_d_over_icapt,0.0016392541436277756,0.0016392541436277756,0.8268447989788344
dlcch_over_icapt,0.0016377998962210857,0.0016377998962210857,0.8269959806324741
siv_d_over_ppent,-0.0016376403544947685,0.0016376403544947685,0.8270125667715447
capxv_pd_minus_pd_icapt,0.0016368105838834091,0.0016368105838834091,0.8270988319108783
dpact_over_invt_d,-0.0016359985364665227,0.0016359985364665227,0.827183256520069
lcox_pd_minus_pd_icapt,0.0016340915699576185,0.0016340915699576185,0.8273815223769502
esopct_d_over_lct,0.0016335524355804995,0.0016335524355804995,0.8274375777632227
aox_d_over_xsga,0.0016325548869976082,0.0016325548869976082,0.827541298140077
esopct_over_icapt,-0.0016269936003946365,0.0016269936003946365,0.8281195894558634
invch_over_cogs_d,-0.0016265274885981914,0.0016265274885981914,0.828168062405056
rectr_d_over_lct,-0.0016248136239848917,0.0016248136239848917,0.8283463001045777
ceq_over_lct_d,0.0016246375515886072,0.0016246375515886072,0.828364611700987
txs_over_at,-0.0016232787281228196,0.0016232787281228196,0.8285059329968212
aoloch_over_xsga_d,0.0016205631666462417,0.0016205631666462417,0.8287883753215977
mrc5_d_over_ceq,-0.001620242965013893,0.001620242965013893,0.8288216805726139
ivncf_d_over_mktcap,-0.0016191482825601948,0.0016191482825601948,0.8289355445077697
dclo_over_sale_d,0.0016182266350484283,0.0016182266350484283,0.8290314129147394
txt_over_dltt,0.0016169170835087757,0.0016169170835087757,0.8291676349016898
dv_over_act_d,0.001616064042920832,0.001616064042920832,0.8292563725330714
am_pd_minus_pd_at,-0.0016146880511093622,0.0016146880511093622,0.8293995148072356
capxv_over_dltt_pd,-0.0016138323406826942,0.0016138323406826942,0.829488535879652
lcox_over_seq_d,0.0016135931256819652,0.0016135931256819652,0.829513422231748
fate_over_sale_pd,-0.0016110303248453805,0.0016110303248453805,0.8297800498674859
lo_over_ppent_pd,-0.0016093350072032431,0.0016093350072032431,0.8299564374122328
tstk_over_ppent_d,-0.0016088103070515164,0.0016088103070515164,0.8300110310257426
recd_over_mktcap_pd,-0.0016061736479944305,0.0016061736479944305,0.830285380595346
fato_over_sale_d,-0.001605476854081616,0.001605476854081616,0.8303578868322826
invwip_over_seq_d,-0.0015986944680474353,0.0015986944680474353,0.8310637164739989
aqc,-0.0015984756180927075,0.0015984756180927075,0.8310864940332596
dclo_over_cogs,-0.0015974672537662118,0.0015974672537662118,0.8311914448398128
tstkc_d_over_at,-0.0015973905429492435,0.0015973905429492435,0.8311994290437109
ch_over_ceq_pd,-0.0015964736774637858,0.0015964736774637858,0.8312948594496079
xidoc_over_cogs_d,-0.0015954060440872817,0.0015954060440872817,0.8314059854128655
aoloch_over_cogs_d,0.0015942318234464525,0.0015942318234464525,0.8315282095374619
esopct_over_emp,-0.001593139957314161,0.001593139957314161,0.8316418650720758
cld5_over_act,-0.00159233282584006,0.00159233282584006,0.8317258840076607
apalch_over_xsga_d,0.0015914544474556805,0.0015914544474556805,0.8318173216268038
emp_over_cogs_d,0.0015887796927398787,0.0015887796927398787,0.8320957728225373
mrc5_d_over_mktcap,-0.0015782491660687216,0.0015782491660687216,0.8331922414410164
dlc_pd_minus_pd_lt,-0.0015763108710710185,0.0015763108710710185,0.8333940976974307
cld3_over_act,-0.0015750518786783844,0.0015750518786783844,0.8335252164882401
lse_over_dltt_d,0.0015738433501680453,0.0015738433501680453,0.8336510840319614
at_over_dltt_d,0.0015738433501680453,0.0015738433501680453,0.8336510840319614
txo_over_seq,-0.0015731053873220934,0.0015731053873220934,0.8337279445310333
dxd4,0.0015722470515952692,0.0015722470515952692,0.8338173441364373
reajo_d_over_xsga,0.0015713261717221316,0.0015713261717221316,0.8339132603904883
tstkc_over_seq_d,-0.0015701072462399102,0.0015701072462399102,0.8340402240361033
mrc1_over_cogs_pd,-0.0015665322327274697,0.0015665322327274697,0.8344126234635428
xpr_over_cogs_d,-0.001566298989584319,0.001566298989584319,0.8344369210583282
lco_over_sale_pd,-0.0015653600558606772,0.0015653600558606772,0.8345347340259699
fiao_d_over_lct,0.0015648656383234058,0.0015648656383234058,0.8345862407633602
xopr_d_over_at,-0.00156266903366278,0.00156266903366278,0.8348150841420708
txpd_over_invt_pd,0.001561908683240148,0.001561908683240148,0.8348943010914243
dclo_over_emp,0.001560987885290503,0.001560987885290503,0.834990236475401
dlc_over_icapt,0.0015604709423493617,0.0015604709423493617,0.8350440964026319
spi_over_ppent_d,-0.001557083408491507,0.001557083408491507,0.8353970603447913
cld4_over_xsga,0.0015568029687595246,0.0015568029687595246,0.8354262822372143
cstk_over_dltt_pd,-0.0015561414943747027,0.0015561414943747027,0.8354952089385356
lco_over_sale_d,0.001552963483899885,0.001552963483899885,0.8358263803792163
mrc4_d_over_invt,-0.0015519680561606548,0.0015519680561606548,0.8359301170636786
wcap_over_icapt_pd,0.0015459458034870238,0.0015459458034870238,0.8365577759238082
txt_pd_minus_pd_cogs,0.001543818847000546,0.001543818847000546,0.8367794791677778
ppent_pd_minus_pd_cogs,-0.0015432258232942284,0.0015432258232942284,0.836841295287298
cogs_pd_minus_pd_ppent,0.0015432258232941447,0.0015432258232941447,0.836841295287298
che_over_lct_pd,-0.0015421312638052628,0.0015421312638052628,0.8369553935739918
dltis_over_icapt_d,0.0015406831352245552,0.0015406831352245552,0.8371063536263763
dvpa_over_emp,0.0015401079653631533,0.0015401079653631533,0.837166313828658
fatb,0.0015370613615815713,0.0015370613615815713,0.8374839313855118
acchg_over_icapt,-0.0015360087194582423,0.0015360087194582423,0.8375936786342254
mrc2_pd_minus_pd_cogs,0.001532187843278752,0.001532187843278752,0.8379920652940174
txp_over_emp,-0.0015312783888305238,0.0015312783888305238,0.838086896400082
aoloch_d_over_dltt,0.0015305177955452017,0.0015305177955452017,0.8381662071835443
chech_over_emp_pd,-0.0015244837014565453,0.0015244837014565453,0.8387954698909124
tstk_over_cogs_d,-0.0015236383222477984,0.0015236383222477984,0.8388836381114269
dp_over_invt,-0.0015228614036557205,0.0015228614036557205,0.8389646680640481
lo_over_at_pd,0.0015211834484122743,0.0015211834484122743,0.8391396788821861
dxd2_over_invt,0.0015196967612237187,0.0015196967612237187,0.8392947470785845
mrc3_over_icapt_d,-0.0015184115182813535,0.0015184115182813535,0.8394288087571693
dn_over_ppent_d,0.0015181454990374813,0.0015181454990374813,0.8394565573899306
mib_over_ceq_d,0.0015176871534816985,0.0015176871534816985,0.8395043681679701
dd1_over_icapt_d,0.0015165004956343225,0.0015165004956343225,0.839628153148766
msa_over_mktcap,-0.0015157374191165345,0.0015157374191165345,0.8397077547787405
recd_pd_minus_pd_ceq,0.0015145271897211347,0.0015145271897211347,0.8398340052862621
invwip_over_act_d,-0.0015143964959748965,0.0015143964959748965,0.8398476394371781
dlc_over_seq_pd,-0.001513829384952281,0.001513829384952281,0.8399068017936131
txr_over_emp_d,-0.0015137420691675252,0.0015137420691675252,0.8399159108621287
ceq_pd_minus_pd_act,0.0015121124053487545,0.0015121124053487545,0.8400859266591199
act_pd_minus_pd_ceq,-0.0015121124053487387,0.0015121124053487387,0.8400859266591199
txach_d_over_emp,0.0015113745870715286,0.0015113745870715286,0.8401629025113599
ao_d_over_cogs,0.0015110401831202555,0.0015110401831202555,0.8401977910487793
lco_d_over_dltt,-0.0015104858120827758,0.0015104858120827758,0.8402556295577063
cogs_over_invt_pd,-0.0015103919650452918,0.0015103919650452918,0.8402654208701346
nopi_d_over_seq,0.0015103089204978742,0.0015103089204978742,0.8402740851504968
ivst_over_cogs_d,-0.001509265141275673,0.001509265141275673,0.8403829873373614
ppent_over_act_pd,0.0015069490886754013,0.0015069490886754013,0.8406246424418721
recd_over_act,0.0015057068766882826,0.0015057068766882826,0.8407542600515561
aox_over_seq_d,0.0015050582880643394,0.0015050582880643394,0.8408219382249845
dxd5_d_over_sale,0.0015030709036732638,0.0015030709036732638,0.8410293228289156
tstk_over_seq_d,-0.0015026184706807373,0.0015026184706807373,0.8410765359910306
dd3_d_over_invt,-0.0015018725667301164,0.0015018725667301164,0.8411543752495526
fopo_pd_minus_pd_icapt,-0.0015008758226243736,0.0015008758226243736,0.8412583935080107
cld3_d_over_seq,0.0015007005357789713,0.0015007005357789713,0.8412766863856836
apalch_d_over_ceq,-0.0014976980417840961,0.0014976980417840961,0.8415900389693681
sppe_over_dltt_d,0.0014974795396778865,0.0014974795396778865,0.8416128437250602
aco_over_cogs_d,-0.0014942299830976989,0.0014942299830976989,0.8419520110189569
ds_over_lct_d,-0.001493429593818066,0.001493429593818066,0.842035554879018
act_over_dltt_d,-0.0014930462671576747,0.0014930462671576747,0.8420755667754356
wcap_over_at_pd,-0.0014917441027417966,0.0014917441027417966,0.8422114906236771
cstkcv_over_act_d,-0.0014909863502992544,0.0014909863502992544,0.8422905892727587
nopio_d_over_at,0.0014904628508481807,0.0014904628508481807,0.8423452361486211
dpc_pd_minus_pd_emp,0.0014904070224531028,0.0014904070224531028,0.8423510639882156
aox_over_at_d,-0.0014858115039952072,0.0014858115039952072,0.8428308126136882
esopct_over_ppent_d,-0.001481833097848963,0.001481833097848963,0.8432461849841043
txndbl_pd_minus_pd_seq,0.0014806620528769736,0.0014806620528769736,0.8433684582702143
dclo_over_ppent,-0.0014789837143128022,0.0014789837143128022,0.8435437066029652
cld5_over_emp,0.001478949968001539,0.001478949968001539,0.8435472303962457
txndbl_over_sale_pd,0.0014777230736496946,0.0014777230736496946,0.8436753449562784
txndba_pd_minus_pd_seq,0.0014775151038276375,0.0014775151038276375,0.8436970619568614
lt_d_over_emp,0.0014721303974991697,0.0014721303974991697,0.8442593948119135
mii_over_cogs_d,0.0014720015654253612,0.0014720015654253612,0.8442728499095595
fate_over_seq_d,-0.0014716165310298904,0.0014716165310298904,0.8443130628015866
invt_d_over_emp,0.0014698936863287698,0.0014698936863287698,0.8444930012214612
ivao_over_seq_d,0.0014695655627571457,0.0014695655627571457,0.8445272722280895
intpn_d_over_sale,-0.001464157174458365,0.001464157174458365,0.8450921960048696
txndbl_pd_minus_pd_xsga,0.0014608122691234337,0.0014608122691234337,0.8454416221506287
dvpa_over_cogs,0.001459629434197572,0.001459629434197572,0.8455651944969168
dvpa_over_sale,0.001459629434197572,0.001459629434197572,0.8455651944969168
apalch_d_over_lt,0.001458897490907943,0.001458897490907943,0.8456416634939716
sstk_pd_minus_pd_invt,-0.0014579849829462524,0.0014579849829462524,0.8457369988293587
aco_pd_minus_pd_ppent,-0.0014561716494644048,0.0014561716494644048,0.8459264556654776
fatl_pd_minus_pd_seq,0.0014549695744270241,0.0014549695744270241,0.8460520532127701
xidoc_over_lt,0.001452968357550935,0.001452968357550935,0.8462611569302911
ivaco_d_over_at,0.0014496833315757061,0.0014496833315757061,0.8466044271235255
cld4_over_seq,0.001448967134673351,0.001448967134673351,0.8466792702921332
lt_over_xsga_d,-0.0014463732966145443,0.0014463732966145443,0.8469503400839508
ppegt_over_dltt,-0.0014463431560975605,0.0014463431560975605,0.8469534900338345
dpc_d_over_ppent,0.0014458051094738862,0.0014458051094738862,0.8470097210633126
mrc4_over_at_d,-0.0014444781319226394,0.0014444781319226394,0.8471484062655169
ivst_over_lct_d,-0.0014435228889443721,0.0014435228889443721,0.8472482436396321
cstk_pd_minus_pd_invt,0.0014416225719515357,0.0014416225719515357,0.8474468628643339
aqc_d_over_emp,-0.0014404977884823179,0.0014404977884823179,0.8475644286689593
ppegt_over_icapt_pd,0.001437303133273329,0.001437303133273329,0.8478983622809103
ivao_over_cogs_d,0.001435762592853887,0.001435762592853887,0.8480594029495473
wcap_pd_minus_pd_seq,-0.0014336748446573595,0.0014336748446573595,0.848277656201986
xrd_d_over_cogs,-0.001432263471979887,0.001432263471979887,0.8484252077304966
capxv_over_sale,-0.0014320984768521868,0.0014320984768521868,0.8484424574429228
capx_over_dltt_pd,-0.0014302305984515472,0.0014302305984515472,0.8486377432098103
pi_d_over_dltt,-0.0014282495316588948,0.0014282495316588948,0.8488448729182754
icapt_d_over_emp,0.0014275410515984153,0.0014275410515984153,0.8489189503240255
intpn_over_ppent_d,-0.0014271227391035284,0.0014271227391035284,0.848962688955422
invo_over_emp_d,0.0014257412966768442,0.0014257412966768442,0.8491071354714373
diladj_d_over_icapt,0.0014250549670327703,0.0014250549670327703,0.8491789014216977
tstkc_over_act_d,0.0014245389846434403,0.0014245389846434403,0.8492328558613336
txdb_over_icapt_d,-0.0014221454748346452,0.0014221454748346452,0.8494831458839108
nopi_d_over_icapt,-0.001421044246855443,0.001421044246855443,0.8495983067136881
xrent_over_lct_pd,-0.0014205025338321555,0.0014205025338321555,0.8496549574884085
txds_d_over_seq,-0.0014184046905744109,0.0014184046905744109,0.8498743511646304
lifr_over_seq_d,-0.0014177166885534242,0.0014177166885534242,0.8499463053509442
txr_d_over_cogs,-0.0014157611782407314,0.0014157611782407314,0.8501508277835382
dd1_over_seq_d,-0.0014154400756005068,0.0014154400756005068,0.8501844121517452
dltr_d_over_sale,-0.0014122624645608963,0.0014122624645608963,0.8505167755393837
np_d_over_ceq,0.0014121402079574608,0.0014121402079574608,0.850529563544434
dvc_d_over_xsga,0.001410802698154036,0.001410802698154036,0.8506694692465543
apalch_d_over_seq,0.0014098671710004083,0.0014098671710004083,0.8507673297034919
spi_over_invt_d,-0.0014086383178289323,0.0014086383178289323,0.8508958769073371
ceql_pd_minus_pd_ppent,0.0014059323220476368,0.0014059323220476368,0.8511789582056482
tstkc_over_cogs_d,-0.0014035682388532434,0.0014035682388532434,0.8514262868305297
esopct_over_lt,-0.0013976026231846152,0.0013976026231846152,0.8520504700147433
chech_over_mktcap_pd,0.0013968730797269395,0.0013968730797269395,0.8521268086137507
dlc_over_icapt_pd,-0.0013968691379566045,0.0013968691379566045,0.8521272210798775
capx_over_invt_pd,-0.001395325462573795,0.001395325462573795,0.8522887541006244
wcap_d_over_cogs,0.0013940996766690578,0.0013940996766690578,0.8524170269972243
ivst_d_over_ceq,-0.0013940521018581968,0.0013940521018581968,0.8524220055625835
dltr_over_emp_d,0.0013925845427234726,0.0013925845427234726,0.8525755842383642
pstkrv_d_over_act,0.0013925267759405408,0.0013925267759405408,0.8525816295919387
xopr_over_invt_pd,0.0013898305084909196,0.0013898305084909196,0.8528638063972184
xidoc_d_over_seq,-0.0013889729946703596,0.0013889729946703596,0.8529535531156422
txdba_over_invt_d,-0.001386391387430545,0.001386391387430545,0.8532237535742166
cstkcv_over_act,0.0013858962900932619,0.0013858962900932619,0.8532755742417628
ppeveb_over_dltt,-0.00138554113994197,0.00138554113994197,0.853312747358246
donr_over_ppent_d,0.0013837413333550892,0.0013837413333550892,0.853501135840066
ceqt_over_xsga_pd,0.0013799614420524548,0.0013799614420524548,0.853896809972979
recta_over_ppent,-0.0013791838752060838,0.0013791838752060838,0.8539782092256619
txndbl_pd_minus_pd_invt,-0.0013763853130039797,0.0013763853130039797,0.8542711883711218
lo_over_dltt_d,0.0013760323689615457,0.0013760323689615457,0.8543081392166664
seq_over_emp,-0.0013745878854105496,0.0013745878854105496,0.8544593701689145
mrc2_over_act_pd,-0.001372684880914596,0.001372684880914596,0.8546586143698608
txw_over_invt_d,0.0013720879514822425,0.0013720879514822425,0.8547211146754892
ppegt_over_lct_d,0.0013681117875493495,0.0013681117875493495,0.8551374542282807
at_pd_minus_pd_act,-0.0013661992410786885,0.0013661992410786885,0.8553377291414138
lse_pd_minus_pd_act,-0.0013661992410786885,0.0013661992410786885,0.8553377291414138
act_pd_minus_pd_at,0.0013661992410786761,0.0013661992410786761,0.8553377291414138
ibadj_over_lct_d,-0.0013637124616679688,0.0013637124616679688,0.8555981495732135
spi_d_over_at,0.0013631493212351885,0.0013631493212351885,0.855657124931938
recta_over_icapt_d,-0.0013629374778627835,0.0013629374778627835,0.8556793106171889
np_d_over_seq,0.0013617879629271756,0.0013617879629271756,0.8557996976628659
tstkc_over_ppent_d,-0.001361114773079941,0.001361114773079941,0.8558702014253952
donr_over_sale_d,-0.0013605034175942921,0.0013605034175942921,0.855934230217725
fatb_over_emp_d,0.0013583109907453145,0.0013583109907453145,0.8561638563720867
xidoc_over_icapt,-0.0013551349978380407,0.0013551349978380407,0.8564965189528955
fatl_pd_minus_pd_lct,0.001353028771006243,0.001353028771006243,0.8567171452387919
do_over_seq,-0.0013523093163202403,0.0013523093163202403,0.856792510350318
dd5_over_xsga_d,0.0013514791294182906,0.0013514791294182906,0.8568794766276446
dltr_pd_minus_pd_emp,0.0013477978962917947,0.0013477978962917947,0.8572651253373286
ivncf_d_over_lt,0.0013473922633269455,0.0013473922633269455,0.8573076218329181
acox_over_dltt_pd,-0.0013437916566872983,0.0013437916566872983,0.85768486068029
txds_d_over_cogs,0.001343272098934417,0.001343272098934417,0.8577392979060923
xidoc_over_ceq,0.001341217288173618,0.001341217288173618,0.8579545995531219
che_pd_minus_pd_invt,-0.001336276835626335,0.001336276835626335,0.8584722999568701
txdfo_over_lt,-0.0013354136639499783,0.0013354136639499783,0.8585627562879599
cld3_d_over_emp,0.0013339534945787837,0.0013339534945787837,0.8587157793952543
ao_over_act_d,0.0013330313993242418,0.0013330313993242418,0.8588124160434087
esopct_over_lct,-0.001330419600715992,0.001330419600715992,0.8590861470307368
dvpa_over_xsga,0.0013291270041276837,0.0013291270041276837,0.8592216245932494
aoloch_over_ceq_d,-0.0013279999034291376,0.0013279999034291376,0.8593397598483662
dlc_pd_minus_pd_at,-0.0013279926384671974,0.0013279926384671974,0.8593405213239393
niadj_d_over_ppent,-0.0013277980914066278,0.0013277980914066278,0.8593609127848348
sstk_over_ceq_pd,-0.0013275843935882242,0.0013275843935882242,0.8593833116415398
lse_over_lct_d,-0.001327470988457247,0.001327470988457247,0.859395198309933
at_over_lct_d,-0.001327470988457247,0.001327470988457247,0.859395198309933
exre_d_over_seq,0.0013266207883534374,0.0013266207883534374,0.8594843138699786
txdfo,-0.0013256730848835556,0.0013256730848835556,0.8595836515652651
itcb_over_mktcap_d,0.0013245818712513992,0.0013245818712513992,0.8596980346599755
mrc2_pd_minus_pd_ceq,0.0013204597515821697,0.0013204597515821697,0.8601301496532046
txp_over_dltt_d,0.0013198229778271409,0.0013198229778271409,0.8601969053315411
pstkr_over_at_d,-0.0013175496879263265,0.0013175496879263265,0.8604352320454567
dltr_over_sale_pd,0.0013166769378835604,0.0013166769378835604,0.8605267326184521
exre_over_invt,0.001315744112610375,0.001315744112610375,0.8606245336489986
spi_d_over_lct,-0.0013141537643369607,0.0013141537643369607,0.8607912768762701
fatp_d_over_xsga,-0.0013135250002187656,0.0013135250002187656,0.8608572026126341
cstkcv_over_cogs,-0.0013116800215184276,0.0013116800215184276,0.8610506536915267
donr_d_over_cogs,0.0013111245634367054,0.0013111245634367054,0.8611088966286311
ppent_over_sale_d,0.0013100071413183919,0.0013100071413183919,0.8612260669768558
ivaco_d_over_mktcap,-0.0013091145699937908,0.0013091145699937908,0.8613196621751908
cogs_over_at_pd,0.0013062574912722003,0.0013062574912722003,0.8616192690783775
dc_over_at,0.0013056641761866879,0.0013056641761866879,0.8616814894264719
dpact_over_ceq_d,0.0013056200591713488,0.0013056200591713488,0.8616861159671603
am_over_dltt_d,-0.0013051971090754326,0.0013051971090754326,0.8617304708819937
capx_over_sale,-0.0012994071114000704,0.0012994071114000704,0.8623377136100951
txdbca_over_ppent,-0.0012980769502130513,0.0012980769502130513,0.8624772296107488
txr_d_over_xsga,0.0012978604690828594,0.0012978604690828594,0.8624999359728459
dd1_over_ceq_d,-0.0012960989020010586,0.0012960989020010586,0.8626847081688372
cstk_over_act_d,0.0012939155818518003,0.0012939155818518003,0.8629137288090261
at_pd_minus_pd_ceq,0.001293512137014912,0.001293512137014912,0.86295604965212
lse_pd_minus_pd_ceq,0.001293512137014912,0.001293512137014912,0.86295604965212
ceq_pd_minus_pd_at,-0.0012935121370148445,0.0012935121370148445,0.862956049652141
txndbl_over_seq_pd,-0.001291370689181236,0.001291370689181236,0.8631806913488256
np_d_over_sale,0.0012906370882283136,0.0012906370882283136,0.863257649941774
dltis_d_over_invt,0.001287247990987658,0.001287247990987658,0.8636132008737619
siv_over_seq_d,-0.0012846001096949047,0.0012846001096949047,0.8638910099021968
capxv_over_invt_pd,-0.0012844885329698968,0.0012844885329698968,0.8639027166205354
txpd_over_act_pd,0.0012801290286438578,0.0012801290286438578,0.8643601426284375
recta_over_mktcap_d,-0.0012771190419380365,0.0012771190419380365,0.8646759954838261
mrct_over_cogs_pd,-0.001277085420075457,0.001277085420075457,0.864679523715063
txditc_pd_minus_pd_ppent,-0.0012747909678413243,0.0012747909678413243,0.8649203066927541
tstkc_d_over_emp,-0.0012712540596382638,0.0012712540596382638,0.8652914992689775
donr_d_over_act,0.0012695313626282692,0.0012695313626282692,0.8654723041949145
am_over_mktcap_pd,0.001267630029368607,0.001267630029368607,0.8656718659855901
dlto_over_lt_pd,-0.001265952019650039,0.001265952019650039,0.8658479951047938
xint,-0.0012566494152848303,0.0012566494152848303,0.8668245460028162
dlc_over_lct_pd,-0.0012558297916184847,0.0012558297916184847,0.8669105966448741
txs_over_ceq,-0.0012554602942211404,0.0012554602942211404,0.866949389950115
dpc_over_mktcap_pd,0.0012532729176036993,0.0012532729176036993,0.8671790478404321
lse_over_icapt_d,-0.0012524453278287477,0.0012524453278287477,0.8672659413897915
at_over_icapt_d,-0.0012524453278287477,0.0012524453278287477,0.8672659413897915
mib_over_invt,-0.0012522699768064776,0.0012522699768064776,0.8672843527375235
ivaco_d_over_lct,-0.0012506848484027608,0.0012506848484027608,0.8674507898787647
dltis_d_over_at,0.0012491465412588635,0.0012491465412588635,0.8676123164450712
aoloch_d_over_at,-0.001248806013371019,0.001248806013371019,0.8676480735761086
ppeveb_over_lct_d,0.0012484057372415302,0.0012484057372415302,0.8676901049175104
mrc5_d_over_invt,-0.0012469374805408246,0.0012469374805408246,0.8678442836840168
cld2_over_lct_d,0.001246331999337887,0.001246331999337887,0.867907865545815
tstk_over_act_d,0.0012457864670410628,0.0012457864670410628,0.8679651528768835
mrc2_over_cogs_d,-0.0012442484279578019,0.0012442484279578019,0.8681266688683601
dp_over_ppent_d,-0.0012424124495206592,0.0012424124495206592,0.8683194799377276
lcox_over_icapt_pd,0.0012413387340545479,0.0012413387340545479,0.8684322431856645
ibadj_over_at_d,-0.0012391133521881255,0.0012391133521881255,0.8686659647272537
dlc_over_lt_pd,-0.001238348050229615,0.001238348050229615,0.8687463434972622
intan_over_lct_d,-0.0012373525635489737,0.0012373525635489737,0.8688509003291306
txdfo_over_dltt_d,-0.0012371870995808922,0.0012371870995808922,0.868868279375917
seq_pd_minus_pd_at,-0.0012367170619820614,0.0012367170619820614,0.8689176488108148
at_pd_minus_pd_seq,0.0012367170619820332,0.0012367170619820332,0.8689176488108148
lse_pd_minus_pd_seq,0.0012367170619820332,0.0012367170619820332,0.8689176488108148
txdc_over_invt_d,-0.0012356814767831331,0.0012356814767831331,0.8690264211805445
xrd_over_xsga_d,-0.0012348546449715788,0.0012348546449715788,0.8691132689825588
itci_d_over_at,-0.0012339766946837714,0.0012339766946837714,0.8692054878362055
txc_over_act,0.0012337903489982342,0.0012337903489982342,0.8692250615942306
ceql_d_over_dltt,0.0012317932128400192,0.0012317932128400192,0.8694348458824455
invt_over_lct_pd,-0.0012300028464816899,0.0012300028464816899,0.8696229183543397
ppent_d_over_dltt,-0.0012298656484158706,0.0012298656484158706,0.8696373308929712
txo_over_emp,0.001227751663443381,0.001227751663443381,0.8698594086642748
donr_over_at_d,-0.0012262592667173855,0.0012262592667173855,0.8700161936984824
ivao_over_invt_d,0.0012246382946832519,0.0012246382946832519,0.8701864921114939
aco_d_over_emp,0.001223274687088154,0.001223274687088154,0.870329756623009
acox_d_over_xsga,0.0012229907936905774,0.0012229907936905774,0.8703595838101558
dxd5_d_over_cogs,0.0012209489177872164,0.0012209489177872164,0.8705741184092987
invch_over_lct,-0.0012185786953064965,0.0012185786953064965,0.8708231634736152
invfg_d_over_mktcap,-0.0012180747455638851,0.0012180747455638851,0.8708761163557319
dlc_over_mktcap_pd,-0.001217171495570071,0.001217171495570071,0.8709710274475341
recta_over_seq_d,0.0012168055454930857,0.0012168055454930857,0.8710094810311005
exre_d_over_at,-0.0012163015492872207,0.0012163015492872207,0.8710624408310375
rect,0.0012153597995972674,0.0012153597995972674,0.8711614012107465
ceq_d_over_dltt,-0.0012152897005623083,0.0012152897005623083,0.8711687673964225
cld2_d_over_mktcap,-0.0012151334995497446,0.0012151334995497446,0.8711851814380778
capxv_over_seq_d,0.0012148451359890078,0.0012148451359890078,0.8712154836377045
lo_d_over_sale,-0.001213703163268864,0.001213703163268864,0.8713354877756964
fatb_d_over_mktcap,0.0012131889086176404,0.0012131889086176404,0.8713895291636314
cogs_over_lt,0.0012104322574686265,0.0012104322574686265,0.8716792271055497
dclo_over_lt,0.0012098578502956064,0.0012098578502956064,0.8717395940304707
esubc_over_mktcap_d,0.0012081509493983762,0.0012081509493983762,0.8719189840075081
dudd_over_act,0.0012053345762091361,0.0012053345762091361,0.8722149904696719
ap_pd_minus_pd_mktcap,0.0012042267306158513,0.0012042267306158513,0.8723314321657383
aco_d_over_xsga,0.0012029130576460415,0.0012029130576460415,0.8724695112272397
txc_pd_minus_pd_sale,0.0012005846709407424,0.0012005846709407424,0.8727142555397854
txpd_over_sale_pd,0.001199067552578422,0.001199067552578422,0.8728737313500755
txr_d_over_act,-0.001198352450682793,0.001198352450682793,0.8729489029222135
ivstch_over_cogs,-0.0011981681980365463,0.0011981681980365463,0.8729682717619471
aqc_over_icapt_d,-0.0011975895602021986,0.0011975895602021986,0.8730290992990785
dltis_over_invt,-0.0011950921545223867,0.0011950921545223867,0.8732916400583165
esopct_d_over_seq,0.0011950449448587595,0.0011950449448587595,0.873296603127308
recco_over_sale_d,0.0011946176813062643,0.0011946176813062643,0.8733415208208118
donr_d_over_xsga,0.0011941779773700417,0.0011941779773700417,0.8733877467828229
xrd_over_emp_d,-0.0011930502672783828,0.0011930502672783828,0.8735063046307963
esopct_d_over_cogs,0.0011923801981472766,0.0011923801981472766,0.8735767513457349
txp_over_icapt,0.001192185638749287,0.001192185638749287,0.8735972062445285
mrc3_over_ppent_d,-0.0011905786307848751,0.0011905786307848751,0.8737661614014404
esub_d_over_emp,0.0011904347832725575,0.0011904347832725575,0.8737812853029843
xpr_over_act_pd,0.001188067153904464,0.001188067153904464,0.8740302207585978
exre_d_over_invt,0.001186911726209053,0.001186911726209053,0.8741517083722568
capxv_pd_minus_pd_invt,-0.001186681966138671,0.001186681966138671,0.8741758668820976
oiadp_over_dltt_pd,0.001185715353553623,0.001185715353553623,0.8742775042758674
aox_d_over_lt,-0.0011826836786652242,0.0011826836786652242,0.8745962923172043
dlc_over_act,0.001182597055753495,0.001182597055753495,0.8746054012279012
dv_over_ppent_d,0.0011813937540272777,0.0011813937540272777,0.8747319372281532
chech_pd_minus_pd_mktcap,-0.001179086867537276,0.001179086867537276,0.8749745322124843
ap_over_lt,-0.0011744791089784022,0.0011744791089784022,0.8754591248479003
ao_d_over_act,-0.001173129604607304,0.001173129604607304,0.8756010595101112
donr_d_over_lct,-0.0011703283666915825,0.0011703283666915825,0.8758956935962257
txndba_pd_minus_pd_icapt,0.001168439856614792,0.001168439856614792,0.876094336715526
caps_pd_minus_pd_ceq,0.0011684276442751305,0.0011684276442751305,0.8760956212970874
ch_d_over_mktcap,-0.0011681862302043808,0.0011681862302043808,0.8761210150293602
esopct_d_over_ppent,0.00116806018839547,0.00116806018839547,0.8761342730974254
apalch_over_emp,0.0011678683314142197,0.0011678683314142197,0.8761544541893056
rectr_over_mktcap_pd,0.0011663063273218682,0.0011663063273218682,0.8763187615943523
pstkr_over_lct_d,-0.0011628774189610634,0.0011628774189610634,0.8766794675747122
ivstch_over_xsga,-0.001162202799049964,0.001162202799049964,0.8767504376203539
rea_d_over_ppent,0.0011615099908407185,0.0011615099908407185,0.8768233221070194
dd1_d_over_mktcap,-0.001161157504778053,0.001161157504778053,0.876860404582537
sppe_over_at_d,-0.00115766695745329,0.00115766695745329,0.877227634062838
esopct_over_at,-0.0011557525267821978,0.0011557525267821978,0.8774290565041337
fatl_over_ceq,-0.001152324114278847,0.001152324114278847,0.8777897889012317
fatl_pd_minus_pd_ceq,-0.0011471213818791725,0.0011471213818791725,0.8783372610147633
dv_over_lct_d,-0.0011452854413134793,0.0011452854413134793,0.8785304669132882
rect_over_mktcap_pd,0.001144945361699597,0.001144945361699597,0.8785662561142357
sale_over_dltt_pd,0.0011433067724052745,0.0011433067724052745,0.8787387009816924
revt_over_dltt_pd,0.0011433067724052745,0.0011433067724052745,0.8787387009816924
txdba_d_over_emp,0.0011402241736955861,0.0011402241736955861,0.8790631287461194
ni_d_over_cogs,0.0011374263418963706,0.0011374263418963706,0.8793576038277047
oibdp_over_lt_d,0.0011372376871592348,0.0011372376871592348,0.8793774605612548
ebitda_over_lt_d,0.0011372376871592348,0.0011372376871592348,0.8793774605612548
capx_pd_minus_pd_invt,-0.0011372206393440326,0.0011372206393440326,0.87937925492185
dltt,-0.0011353678781608383,0.0011353678781608383,0.8795742702096618
fato_d_over_lct,-0.0011313797230104354,0.0011313797230104354,0.8799940745123839
cld2_over_cogs_d,-0.0011309907333143096,0.0011309907333143096,0.8800350224568587
dd5_over_sale_d,0.0011293299038520966,0.0011293299038520966,0.8802098573084557
dpvieb_d_over_sale,-0.0011256921279508714,0.0011256921279508714,0.8805928249090741
emp_d_over_mktcap,0.0011250730301998477,0.0011250730301998477,0.8806580033342555
ebit,0.0011250099942253147,0.0011250099942253147,0.8806646397880948
lco_pd,-0.0011240492082036316,0.0011240492082036316,0.8807657927800111
ivst_over_emp_d,-0.0011240086191066118,0.0011240086191066118,0.8807700661038039
donr_over_seq_d,0.0011235655560741325,0.0011235655560741325,0.8808167131370235
ebit_over_dltt_pd,0.0011211222929524193,0.0011211222929524193,0.8810739547852456
esopct_d_over_act,0.0011186651088132915,0.0011186651088132915,0.8813326747775595
dvc_d_over_dltt,0.0011183088118764967,0.0011183088118764967,0.8813701907796784
invwip_d_over_icapt,-0.0011178029251591563,0.0011178029251591563,0.8814234581758281
txc_pd_minus_pd_xsga,0.00111624109102797,0.00111624109102797,0.8815879150511374
lcox_over_seq,0.0011126265644464122,0.0011126265644464122,0.8819685344117794
oiadp,0.0011126235982516653,0.0011126235982516653,0.8819688467712421
act_d_over_cogs,-0.001112234411216246,0.001112234411216246,0.8820098308411156
icapt_d_over_mktcap,-0.0011101303458218345,0.0011101303458218345,0.8822314088567935
ceqt_over_dltt_d,-0.0011097635661934436,0.0011097635661934436,0.8822700351695523
dcvsub_d_over_dltt,-0.0011079211883216478,0.0011079211883216478,0.8824640639841809
fato_over_ceq,-0.0011065741348795784,0.0011065741348795784,0.8826059324958377
dpc_over_icapt_pd,0.001104477024649531,0.001104477024649531,0.8828268027231991
mrct_pd_minus_pd_lct,0.0011042432854330153,0.0011042432854330153,0.8828514209893745
txp_over_mktcap_d,-0.0011025361074127676,0.0011025361074127676,0.8830312306298735
fatl_pd_minus_pd_icapt,0.0011009937920598435,0.0011009937920598435,0.8831936811840264
aqc_d_over_icapt,-0.0010944253711109094,0.0010944253711109094,0.88388558140335
invt_d_over_lct,-0.001092137352222541,0.001092137352222541,0.8841266161325376
dxd5_d_over_at,-0.0010919963478070978,0.0010919963478070978,0.8841414708020172
ivao_over_ppent_d,-0.0010895201382617589,0.0010895201382617589,0.8844023435520795
dp_pd_minus_pd_invt,-0.001089509069866067,0.001089509069866067,0.884403509653908
dudd_over_icapt,-0.0010893980579956461,0.0010893980579956461,0.8844152052333716
do_over_cogs,0.0010891248132868093,0.0010891248132868093,0.884443992849473
dpc_pd_minus_pd_xsga,-0.001086375162950752,0.001086375162950752,0.8847336899386004
ceql_over_dltt_d,-0.0010852068445236095,0.0010852068445236095,0.8848567860557164
donr_d_over_lt,0.00108298687082416,0.00108298687082416,0.8850906941061448
pstk_over_ppent_d,-0.0010817370793402715,0.0010817370793402715,0.8852223830863789
dilavx_over_lct_d,-0.0010785413343649113,0.0010785413343649113,0.8855591291835064
dltis_over_lt_d,0.0010778529882777502,0.0010778529882777502,0.8856316651687224
xidoc_over_sale_d,0.0010764232112855099,0.0010764232112855099,0.8857823341305224
ivst_over_sale_d,0.0010751738135989447,0.0010751738135989447,0.8859139982200662
txditc_over_act_pd,-0.0010744205401746207,0.0010744205401746207,0.8859933812397964
am_over_icapt_d,0.0010737345984879513,0.0010737345984879513,0.8860656695621267
invwip_d_over_at,0.0010733894695901785,0.0010733894695901785,0.8861020415095077
wcap_over_mktcap_pd,-0.0010731426929841657,0.0010731426929841657,0.8861280485942836
ibcom_d_over_ppent,0.00107287914123963,0.00107287914123963,0.8861558236986489
cstkcv_d_over_act,-0.0010720045055657886,0.0010720045055657886,0.8862480005165558
fate_over_ceq_d,0.0010714546761308704,0.0010714546761308704,0.8863059471774829
dudd_over_seq_d,-0.001070081273301516,0.001070081273301516,0.8864506930981101
txndbl_over_ppent_pd,0.0010698975781873953,0.0010698975781873953,0.8864700534142672
dudd_over_mktcap,-0.001069466390407569,0.001069466390407569,0.8865154981756551
fato_over_icapt_d,0.0010668021015281053,0.0010668021015281053,0.8867963074755947
cld4_over_icapt_d,-0.00106503244877422,0.00106503244877422,0.8869828322508153
aox_over_lt_d,-0.0010648653492119579,0.0010648653492119579,0.8870004451869478
mrc1_d_over_ceq,-0.0010621836722602544,0.0010621836722602544,0.8872831118734895
pstkrv_d_over_icapt,-0.0010589106104722384,0.0010589106104722384,0.8876281339017741
lo_over_cogs_pd,0.0010581144818492367,0.0010581144818492367,0.8877120591301311
cld3_over_act_d,0.001057244120159082,0.001057244120159082,0.887803811201647
ch_over_at_d,-0.0010553489796887756,0.0010553489796887756,0.8880035989345331
revt_pd_minus_pd_ceq,0.0010538750206346543,0.0010538750206346543,0.8881589901921063
sale_pd_minus_pd_ceq,0.0010538750206346543,0.0010538750206346543,0.8881589901921063
ceq_pd_minus_pd_sale,-0.0010538750206346365,0.0010538750206346365,0.8881589901921063
cld2_d_over_icapt,0.0010476672414930952,0.0010476672414930952,0.8888134887210342
mrc3_over_sale_d,0.001046673906644949,0.001046673906644949,0.8889182250403727
dltp_over_ceq_d,-0.001046517926916187,0.001046517926916187,0.8889346715767417
oancf_d_over_invt,0.001045485813188017,0.001045485813188017,0.8890434990759319
txds,-0.0010433535221765705,0.0010433535221765705,0.8892683374097666
intan_over_cogs_d,-0.0010380193959159151,0.0010380193959159151,0.8898308305928022
txt_over_ppent_pd,0.0010377541243943252,0.0010377541243943252,0.8898588054005274
txndbl_over_sale_d,-0.0010368393213336696,0.0010368393213336696,0.8899552790760618
recd_pd_minus_pd_emp,0.0010345093298563732,0.0010345093298563732,0.8902010036274208
mrct_pd_minus_pd_cogs,0.0010339927597770447,0.0010339927597770447,0.890255483346368
am_pd_minus_pd_lt,-0.0010321466355345799,0.0010321466355345799,0.8904501878415734
acox_over_cogs_pd,0.0010311989616824278,0.0010311989616824278,0.8905501383720977
lcox_over_ceq_d,0.0010311354189693682,0.0010311354189693682,0.8905568402419991
xpr_pd_minus_pd_lct,-0.0010242494674288964,0.0010242494674288964,0.8912831499467279
capx_over_seq_d,0.0010241777374175726,0.0010241777374175726,0.8912907162962589
xsga_over_act_pd,0.0010239301903363256,0.0010239301903363256,0.8913168285630637
np_d_over_at,0.0010230066342794177,0.0010230066342794177,0.8914142500291445
fato_d_over_xsga,-0.0010226315620121352,0.0010226315620121352,0.8914538150584248
esopct_over_act,-0.0010220427551377908,0.0010220427551377908,0.8915159267304182
dpact_pd_minus_pd_cogs,-0.0010216044055050676,0.0010216044055050676,0.8915621675001535
recta_over_emp_d,0.001018942565626273,0.001018942565626273,0.8918429684498003
sstk_pd_minus_pd_sale,0.0010167407729221546,0.0010167407729221546,0.8920752486746069
rect_d_over_at,0.0010164662894393602,0.0010164662894393602,0.8921042062213518
pstkl_over_dltt_d,-0.0010160277351511319,0.0010160277351511319,0.892150473261222
txo_over_at,0.001015861686925277,0.001015861686925277,0.8921679912792019
mrc1_over_xsga_pd,0.00101565549893581,0.00101565549893581,0.8921897440986057
fatp_over_dltt_d,0.0010110667103800605,0.0010110667103800605,0.892673881951543
cld4_over_ceq,0.0010103322243259732,0.0010103322243259732,0.8927513772551376
dltr_d_over_invt,0.001004830563884834,0.001004830563884834,0.8933318875630383
txditc_over_icapt_d,-0.0010025507093645554,0.0010025507093645554,0.8935724642574597
xidoc_over_at,-0.0010010965302177204,0.0010010965302177204,0.8937259184679825
rea_over_mktcap,0.00100102665766361,0.00100102665766361,0.8937332919634252
oibdp,0.0009999652547049262,0.0009999652547049262,0.893845300589382
ebitda,0.0009999652547049262,0.0009999652547049262,0.893845300589382
aox_d_over_at,-0.0009969717836977902,0.0009969717836977902,0.8941612095173171
dd5_d_over_mktcap,-0.0009953889289763393,0.0009953889289763393,0.8943282591590888
ivch_d_over_ceq,-0.000994834618587443,0.000994834618587443,0.8943867604890103
dvc_over_lct_d,-0.000994379466828982,0.000994379466828982,0.8944347971518631
recd_over_ppent_pd,-0.0009934830580637995,0.0009934830580637995,0.894529405158917
dd4_over_sale_d,-0.0009912139588189178,0.0009912139588189178,0.894768895192612
aqc_over_act_d,-0.000990414971130653,0.000990414971130653,0.8948532259120526
dpc_pd_minus_pd_cogs,-0.0009893717115471408,0.0009893717115471408,0.8949633405753675
dlc_d_over_dltt,0.0009879792846158228,0.0009879792846158228,0.8951103125412815
apalch_over_ceq_d,0.0009873988262246959,0.0009873988262246959,0.8951715815313067
invt_over_ceq_pd,-0.0009855687315885042,0.0009855687315885042,0.8953647571779864
ppeveb_over_emp_pd,0.0009853649250088862,0.0009853649250088862,0.8953862703664739
loxdr_over_sale,-0.000982980306421161,0.000982980306421161,0.8956379889973453
dvc_d_over_lt,-0.0009825943643974031,0.0009825943643974031,0.8956787297495389
ds_d_over_xsga,-0.0009806021934958596,0.0009806021934958596,0.8958890313586257
exre_over_seq,0.000980596117929102,0.000980596117929102,0.8958896727312204
cld2_d_over_sale,-0.00097835335870369,0.00097835335870369,0.896126436234054
txo,-0.0009771750422090941,0.0009771750422090941,0.8962508324037343
lo_over_cogs,0.0009749478027386215,0.0009749478027386215,0.8964859714908767
dpact_over_seq_d,-0.0009734456603596917,0.0009734456603596917,0.8966445641475113
niadj_over_lct_d,-0.0009724039867791801,0.0009724039867791801,0.8967545440172365
lcox_pd_minus_pd_lt,0.0009680450561292526,0.0009680450561292526,0.8972147812961054
dltis_over_lct_d,0.0009632648560690673,0.0009632648560690673,0.8977195380158751
ivncf_over_lct_d,-0.0009616231094378229,0.0009616231094378229,0.8978929048883234
dpc_pd_minus_pd_ppent,0.0009568594416782838,0.0009568594416782838,0.8983959712000849
dcom_over_mktcap,-0.0009541265065801897,0.0009541265065801897,0.898684600784685
ivch_over_ppent_d,0.0009536308660942669,0.0009536308660942669,0.8987369475946009
donr_over_act_d,0.0009472182604722071,0.0009472182604722071,0.8994142512156991
am_pd_minus_pd_lct,-0.0009433363180923904,0.0009433363180923904,0.899824300149988
esopct_over_mktcap_d,-0.0009433265983159865,0.0009433265983159865,0.899825326881972
mrc1_pd_minus_pd_xsga,-0.0009423681317767879,0.0009423681317767879,0.8999265736812571
dm_over_ppent_d,-0.0009410595924029402,0.0009410595924029402,0.9000648027560405
xrent_d_over_icapt,0.0009408304867313862,0.0009408304867313862,0.9000890049113544
fatb_over_icapt_d,-0.0009406402359169772,0.0009406402359169772,0.9001091026064585
txdc_over_invt,-0.0009403775225148498,0.0009403775225148498,0.9001368552018909
wcap_over_xsga,0.0009399218052186303,0.0009399218052186303,0.900184996688799
mrc5_over_lt_pd,-0.0009397757415382198,0.0009397757415382198,0.9002004267772384
gp_over_sale_d,-0.000938926503355564,0.000938926503355564,0.9002901405877402
cogs_over_sale_d,0.0009389265033550119,0.0009389265033550119,0.9002901405878054
mrc3_over_seq_pd,-0.0009387923816118536,0.0009387923816118536,0.9003043093708865
ivch_over_cogs_d,-0.0009324872314279717,0.0009324872314279717,0.9009704288291576
cstkcv_over_at_pd,0.0009309892047534756,0.0009309892047534756,0.9011287009469878
xint_over_invt_d,0.0009292364017732188,0.0009292364017732188,0.9013138961234286
ebit_over_lt_d,-0.0009249770310644434,0.0009249770310644434,0.9017639490496583
ivstch_over_seq,-0.0009249691132562133,0.0009249691132562133,0.9017647856892473
dd1_d_over_icapt,0.0009237314480137163,0.0009237314480137163,0.9018955656137834
dilavx_over_at_d,-0.0009236036514504759,0.0009236036514504759,0.9019090695986257
lcox_pd_minus_pd_act,0.0009224193874223248,0.0009224193874223248,0.9020342095517686
xacc_over_emp_d,0.0009219042146293675,0.0009219042146293675,0.9020886480871365
fatc_d_over_ppent,-0.0009192850311467889,0.0009192850311467889,0.9023654254711875
txc_pd_minus_pd_cogs,0.000916874424887114,0.000916874424887114,0.9026201723293301
txdfo_over_emp,0.0009168008894144411,0.0009168008894144411,0.9026279435324097
itci_d_over_icapt,0.0009149161272350684,0.0009149161272350684,0.9028271277234995
dpact_d_over_sale,-0.0009147731672830214,0.0009147731672830214,0.902842236172376
lct_d_over_seq,-0.0009143538461179419,0.0009143538461179419,0.9028865515299326
do_over_lct,-0.0009138249188748422,0.0009138249188748422,0.9029424508805743
exre_d_over_ppent,0.0009091119306792999,0.0009091119306792999,0.9034405613519151
rdip_over_mktcap_d,-0.0009069487807913514,0.0009069487807913514,0.9036691949893807
xido_d_over_lct,0.0009061582284902215,0.0009061582284902215,0.903752754229674
sppe_over_lct_d,-0.0009050946882105161,0.0009050946882105161,0.9038651692423109
revt_over_invt_d,-0.0009050751052942336,0.0009050751052942336,0.9038672391526598
sale_over_invt_d,-0.0009050751052942336,0.0009050751052942336,0.9038672391526598
txdb_pd_minus_pd_ppent,-0.0009037971765839137,0.0009037971765839137,0.9040023173725407
mii_over_dltt_d,-0.000902289478725924,0.000902289478725924,0.9041616859709055
dlc_d_over_icapt,-0.0009014483312290728,0.0009014483312290728,0.9042505996925072
at_over_mktcap_d,-0.0009000810457860653,0.0009000810457860653,0.9043951315278783
lse_over_mktcap_d,-0.0009000810457860653,0.0009000810457860653,0.9043951315278783
txndbl_over_invt_pd,0.0008982995808547551,0.0008982995808547551,0.9045834498438045
sstk_pd_minus_pd_xsga,-0.0008972352363677246,0.0008972352363677246,0.9046959640566788
txc_over_at,0.0008970088504421552,0.0008970088504421552,0.9047198960610534
ao_d_over_invt,-0.0008963870974966564,0.0008963870974966564,0.9047856240648733
cld5_over_xsga,0.000895385296770251,0.000895385296770251,0.9048915298197332
lcox_d_over_mktcap,0.0008931258129661962,0.0008931258129661962,0.9051303982391641
xint_over_emp_d,0.0008907537513205949,0.0008907537513205949,0.9053811774134393
fatc_d_over_seq,0.0008903636380076323,0.0008903636380076323,0.9054224218892332
oiadp_over_lt_d,-0.0008868941201434616,0.0008868941201434616,0.9057892456143749
fincf_over_invt_d,0.0008847508101386379,0.0008847508101386379,0.9060158626411122
dvt_over_emp,-0.0008844866501875161,0.0008844866501875161,0.9060437934017518
ivch_over_act_d,-0.0008831330892267099,0.0008831330892267099,0.9061869130096637
dlto_d_over_at,0.0008831231271927566,0.0008831231271927566,0.9061879663627839
pstkrv_over_dltt_d,0.0008812850481229361,0.0008812850481229361,0.9063823217002082
chech_over_ceq_pd,0.0008796807866729793,0.0008796807866729793,0.9065519581444467
rectr,0.0008789015224589434,0.0008789015224589434,0.9066343599741645
aqc_over_ceq,-0.0008777095783258379,0.0008777095783258379,0.9067604018100885
dpvieb_over_invt_d,-0.0008765472681121041,0.0008765472681121041,0.9068833122757733
mrct_pd_minus_pd_ceq,0.0008754664913931546,0.0008754664913931546,0.9069976028443726
xsga_over_lct_d,0.0008752754048650824,0.0008752754048650824,0.9070178101676244
cstkcv_over_lt_d,-0.0008745841766695595,0.0008745841766695595,0.9070909077729182
aoloch_over_ppent_d,-0.000874350159003409,0.000874350159003409,0.9071156553951215
cld4_over_act,-0.000873227679034104,0.000873227679034104,0.9072343601233357
acox_over_lct_pd,-0.000871986874204626,0.000871986874204626,0.9073655803768529
lco_over_icapt,-0.000871252545655773,0.000871252545655773,0.907443239855491
dxd2_over_dltt,0.0008704813137417602,0.0008704813137417602,0.9075248030302959
mrc5_over_dltt_pd,-0.0008688472505588767,0.0008688472505588767,0.9076976198733991
dd1_d_over_lt,-0.0008688013130151132,0.0008688013130151132,0.9077024782439875
cld4_over_at_d,0.0008682446741750438,0.0008682446741750438,0.9077613488355663
lt_d_over_act,-0.0008677851464422274,0.0008677851464422274,0.9078099492565899
ceql_pd_minus_pd_sale,-0.0008676497315627599,0.0008676497315627599,0.9078242710263921
txditc_pd_minus_pd_lct,-0.000866115182239935,0.000866115182239935,0.9079865703660305
cogs,0.000865745971158227,0.000865745971158227,0.9080256200035426
invch_d_over_icapt,-0.0008642290215709642,0.0008642290215709642,0.9081860626209483
cld2_over_at_d,-0.0008642184823792237,0.0008642184823792237,0.9081871773286504
dvt_d_over_invt,-0.0008627534943906341,0.0008627534943906341,0.9083421277241361
am_d_over_lt,0.0008614132974852373,0.0008614132974852373,0.9084838821390833
tstkc_d_over_mktcap,0.0008604750846027782,0.0008604750846027782,0.9085831199018689
mrc4_over_mktcap_d,0.0008585453463924298,0.0008585453463924298,0.9087872389373561
dxd3_over_invt_d,-0.0008579887708093259,0.0008579887708093259,0.9088461121206827
ivch_over_at_d,-0.0008566931057511003,0.0008566931057511003,0.90898316629224
pstkr_d_over_cogs,0.000851900116998372,0.000851900116998372,0.909490187426861
dvc_d_over_emp,0.0008508067341975985,0.0008508067341975985,0.9096058549159325
exre_d_over_cogs,-0.0008496012489621741,0.0008496012489621741,0.909733383790696
txds_d_over_sale,0.0008482420435083921,0.0008482420435083921,0.909877177592144
invo_over_act_d,0.0008461503500283575,0.0008461503500283575,0.9100984689298967
oancf_d_over_dltt,-0.0008448086529725131,0.0008448086529725131,0.9102404178439888
ch_pd_minus_pd_seq,0.0008444318313019413,0.0008444318313019413,0.9102802853523486
siv_d_over_sale,0.0008444195160311033,0.0008444195160311033,0.9102815883044612
dvc_d_over_at,-0.0008440454885031297,0.0008440454885031297,0.9103211604249248
dlto_over_icapt_d,-0.0008432627636817008,0.0008432627636817008,0.9104039734474586
xido_over_ceq_d,0.0008429499555898724,0.0008429499555898724,0.9104370691101225
sstk_over_seq_pd,-0.0008428313485800926,0.0008428313485800926,0.9104496179872298
ni_d_over_ppent,-0.0008398703064272433,0.0008398703064272433,0.9107629098560831
xpr_over_lt_pd,0.0008359777830340628,0.0008359777830340628,0.9111747778198488
txpd_pd_minus_pd_invt,0.0008354417160156809,0.0008354417160156809,0.9112315009519173
mrc4_over_mktcap_pd,0.0008343666535803216,0.0008343666535803216,0.911345258443062
txndba_over_ppent_pd,0.0008342781740288518,0.0008342781740288518,0.9113546209679805
lco_over_emp,-0.000833576971881854,0.000833576971881854,0.9114288195930027
recch_over_sale,0.000832575128277304,0.000832575128277304,0.9115348323279461
aoloch_d_over_ppent,0.0008320254514513703,0.0008320254514513703,0.9115929985064776
aco_over_lt_pd,0.0008302746967809088,0.0008302746967809088,0.9117782645362453
sale_over_emp_pd,0.0008299190639019694,0.0008299190639019694,0.911815898431564
revt_over_emp_pd,0.0008299190639019694,0.0008299190639019694,0.911815898431564
acchg_over_at,-0.0008277598663437739,0.0008277598663437739,0.9120443939631482
dv_over_xsga_d,0.0008236302538737078,0.0008236302538737078,0.9124814274763658
xsga_d_over_invt,0.000819808782981977,0.000819808782981977,0.9128858742011198
mrc4_over_xsga,-0.0008172667227767359,0.0008172667227767359,0.9131549265454619
ceql_over_emp,-0.000816273321175157,0.000816273321175157,0.9132600711479545
wcap_pd_minus_pd_icapt,0.0008160134440196043,0.0008160134440196043,0.913287577575491
dd1_over_emp,-0.0008144499886905535,0.0008144499886905535,0.9134530620713468
dd1_d_over_invt,-0.0008129585793778468,0.0008129585793778468,0.9136109243273537
txndba_over_invt_pd,0.0008118905407097957,0.0008118905407097957,0.9137239758660126
ceql_pd_minus_pd_lct,0.0008098024055197581,0.0008098024055197581,0.9139450093234421
cld2_over_act,0.0008092040589058018,0.0008092040589058018,0.914008346785814
xrd_over_icapt_pd,-0.0008089458181104686,0.0008089458181104686,0.9140356828101793
exre_over_ppent_d,0.0008078456204862747,0.0008078456204862747,0.9141521451342074
pstk_d_over_at,-0.0008075934774455437,0.0008075934774455437,0.9141788362027744
dv_over_dltt_d,-0.0008061657677130719,0.0008061657677130719,0.9143299708853218
txndba_pd_minus_pd_ppent,-0.0008028899328629449,0.0008028899328629449,0.9146767563347967
txdfo_over_xsga,0.0008018758785195762,0.0008018758785195762,0.9147841091474906
ivncf_over_seq_d,-0.0008015738572866307,0.0008015738572866307,0.9148160829108284
txdb_over_act_pd,-0.000801352733853478,0.000801352733853478,0.9148394924394831
pstkrv_d_over_cogs,-0.0007967294991605995,0.0007967294991605995,0.9153289542634084
pi_over_invt_d,-0.0007951324369171206,0.0007951324369171206,0.915498042701573
itci_d_over_xsga,0.0007941147853933067,0.0007941147853933067,0.9156057882157116
act_d_over_xsga,-0.0007894147226743444,0.0007894147226743444,0.9161034351041928
dxd5_over_sale_d,0.0007888626689093708,0.0007888626689093708,0.9161618892171847
aco_over_xsga_d,-0.0007885955582636234,0.0007885955582636234,0.916190172342315
aoloch_over_lct_d,0.0007880661738434084,0.0007880661738434084,0.9162462267518107
recta_over_invt_d,-0.0007827699180877757,0.0007827699180877757,0.9168070490727108
apalch_d_over_sale,-0.0007825718454091622,0.0007825718454091622,0.9168280238607842
mrc3_pd_minus_pd_xsga,-0.0007820305089486076,0.0007820305089486076,0.9168853486574041
lifr_over_ceq_d,0.0007811369694082464,0.0007811369694082464,0.9169799709261792
mrct_d_over_ceq,-0.0007796297554034902,0.0007796297554034902,0.9171395815340051
sstk_over_icapt_pd,-0.0007796242617025531,0.0007796242617025531,0.9171401633108044
lt_over_dltt_pd,0.0007793542805458503,0.0007793542805458503,0.9171687540693393
itcb,-0.0007770853856149068,0.0007770853856149068,0.9174090322046066
rect_pd_minus_pd_at,0.0007759410737910475,0.0007759410737910475,0.9175302187802187
ppegt_over_emp_pd,0.0007740723282315624,0.0007740723282315624,0.917728129509435
gp_over_ppent_pd,0.0007726237844923701,0.0007726237844923701,0.9178815419959138
lct_over_xsga_pd,0.0007719289262165289,0.0007719289262165289,0.9179551341872932
aqc_d_over_invt,0.0007703930937582506,0.0007703930937582506,0.918117796146174
sppiv_over_sale_d,0.0007663890487153424,0.0007663890487153424,0.9185418857194523
xacc_over_sale_d,0.0007648652352819627,0.0007648652352819627,0.9187032869481762
ivaco_d_over_xsga,0.0007648335121174573,0.0007648335121174573,0.9187066470786662
dxd5_over_xsga_d,0.0007644023669235697,0.0007644023669235697,0.9187523142971035
dd1_d_over_sale,0.0007641585662403697,0.0007641585662403697,0.918778137964781
idit_over_lct_d,0.0007620060649208863,0.0007620060649208863,0.9190061372609066
sppiv_over_cogs,0.0007611028132925054,0.0007611028132925054,0.919101814325221
acox_d_over_emp,-0.0007602096030609905,0.0007602096030609905,0.9191964289048163
invwip_over_ceq_d,-0.0007590596164852321,0.0007590596164852321,0.9193182445726544
dltr_over_emp_pd,0.0007576514284348707,0.0007576514284348707,0.9194674135600613
fatc_over_act_d,0.0007545871528360148,0.0007545871528360148,0.9197920212487357
ppent_over_dltt_pd,0.0007520955957882672,0.0007520955957882672,0.9200559690379886
wcap_over_at_d,-0.0007517688144813533,0.0007517688144813533,0.9200905878852383
esopct_d_over_at,0.0007516840113520979,0.0007516840113520979,0.9200995718589121
exre_over_lct_d,-0.00075090039436965,0.00075090039436965,0.920182588079199
acox_d_over_invt,0.0007503464990507298,0.0007503464990507298,0.9202412681589244
recd_over_cogs_d,0.0007494812380506163,0.0007494812380506163,0.9203329354181216
txdbca_over_dltt,0.0007466214453064632,0.0007466214453064632,0.9206359143724068
rea_over_emp_d,0.0007399407428630113,0.0007399407428630113,0.921343742026585
xpr_over_lct_d,-0.0007369024027179699,0.0007369024027179699,0.9216656780986234
cld3_over_at_d,-0.0007352501943153587,0.0007352501943153587,0.9218407479844152
dxd3_d_over_invt,0.0007343567733661342,0.0007343567733661342,0.9219354174647069
cogs_over_dltt_pd,0.0007315891500374186,0.0007315891500374186,0.9222286898897418
txditc_over_mktcap_pd,-0.0007294696270506707,0.0007294696270506707,0.9224532932281027
rea_over_ppent,0.0007279149132979565,0.0007279149132979565,0.9226180483338243
invo_d_over_at,0.0007261725262502237,0.0007261725262502237,0.9228026953758638
esopct_over_emp_d,0.0007214600895387169,0.0007214600895387169,0.9233021101092392
apalch_over_lct,-0.0007213338508967266,0.0007213338508967266,0.9233154890478131
ap_over_at_d,-0.0007188705281137471,0.0007188705281137471,0.923576559597935
mrct_d_over_cogs,0.0007179581605984021,0.0007179581605984021,0.9236732572132836
intpn_d_over_icapt,-0.0007168256871137512,0.0007168256871137512,0.9237932844115159
txp_over_invt_d,-0.0007140838694254328,0.0007140838694254328,0.9240838879714003
rea_over_emp,-0.0007140688921749613,0.0007140688921749613,0.9240854754287668
txfed_over_emp,-0.000713008796711914,0.000713008796711914,0.9241978370301349
lct_pd_minus_pd_sale,-0.0007129153941608062,0.0007129153941608062,0.9242077370226147
revt_pd_minus_pd_lct,0.0007129153941607663,0.0007129153941607663,0.9242077370226147
sale_pd_minus_pd_lct,0.0007129153941607663,0.0007129153941607663,0.9242077370226147
emp_over_lct_pd,-0.0007125003859234075,0.0007125003859234075,0.9242517250253973
ivaco_d_over_act,-0.0007117241803274823,0.0007117241803274823,0.9243339980715927
txndba_pd_minus_pd_sale,0.0007109541686631685,0.0007109541686631685,0.9244156153985379
fato_over_xsga,-0.0007108917738905211,0.0007108917738905211,0.9244222289625176
sstk_pd_minus_pd_ceq,-0.0007106135683727479,0.0007106135683727479,0.924451717553897
txp_over_seq,0.000707153252169493,0.000707153252169493,0.9248185048889286
txpd_over_cogs_pd,0.0007052633873056045,0.0007052633873056045,0.925018833940553
mrc5_over_invt_d,-0.0007038711605140337,0.0007038711605140337,0.925166415509604
txndbl_pd_minus_pd_ceq,-0.0007036991863448793,0.0007036991863448793,0.9251846456333099
recd_pd_minus_pd_ppent,0.0007001301217763467,0.0007001301217763467,0.9255629932158446
xint_over_seq,0.0006979855818924547,0.0006979855818924547,0.9257903386118143
ap_d_over_emp,0.0006959997280690253,0.0006959997280690253,0.9260008669010095
aqc_d_over_lct,0.0006950856617280892,0.0006950856617280892,0.9260977724639841
mrc4_over_dltt_pd,0.0006948780509269544,0.0006948780509269544,0.9261197826621065
diladj_over_emp_d,-0.0006935138554796292,0.0006935138554796292,0.9262644114758398
mrct_d_over_mktcap,0.0006934705323364864,0.0006934705323364864,0.9262690045341915
dxd5_d_over_icapt,-0.0006929330841805102,0.0006929330841805102,0.9263259842316367
lo_over_ceq_pd,-0.000689498057303502,0.000689498057303502,0.9266901711397599
xpr_pd_minus_pd_emp,-0.0006886646149798059,0.0006886646149798059,0.9267785363133559
dlc_pd_minus_pd_seq,-0.0006874075707210937,0.0006874075707210937,0.926911815311085
aox_over_emp_d,-0.0006873587169628026,0.0006873587169628026,0.9269169951064283
txditc_over_icapt_pd,-0.0006870806329278738,0.0006870806329278738,0.9269464794557255
invch_over_emp_d,-0.0006863525106769435,0.0006863525106769435,0.9270236803740796
wcap_pd_minus_pd_lct,-0.0006801894782873597,0.0006801894782873597,0.9276771581966262
cstkcv_d_over_xsga,-0.0006772066273326852,0.0006772066273326852,0.9279934529931703
exre_over_act,0.0006752961349332507,0.0006752961349332507,0.9281960432839917
dd1_d_over_at,0.0006739718047673598,0.0006739718047673598,0.9283364791490826
txpd_over_ppent_pd,0.0006717011519854934,0.0006717011519854934,0.9285772710388643
dc_d_over_cogs,-0.000670815732746645,0.000670815732746645,0.928671167296426
lcox_over_lt_pd,0.0006689701011179622,0.0006689701011179622,0.9288668946089347
dxd5_over_seq_d,-0.0006684637731375066,0.0006684637731375066,0.9289205909167346
txr_over_lct_d,-0.0006645793204538876,0.0006645793204538876,0.9293325496002675
recta_over_sale_d,0.0006633630347880008,0.0006633630347880008,0.9294615444998817
esopct_over_lct_d,0.0006598173364191171,0.0006598173364191171,0.9298375991278242
pstk_d_over_act,-0.0006597959345824717,0.0006597959345824717,0.9298398690413475
ib_over_lct_d,0.0006596625591997944,0.0006596625591997944,0.929854015063727
dltis_d_over_ceq,-0.000654372034523261,0.000654372034523261,0.9304151550331329
txs_over_icapt,-0.0006533186095699125,0.0006533186095699125,0.9305268907828125
ivch_d_over_at,-0.0006507960983611191,0.0006507960983611191,0.9307944566289991
xacc_over_invt_d,-0.0006500111137162162,0.0006500111137162162,0.930877722506538
cld3_over_icapt,0.0006493644738930335,0.0006493644738930335,0.9309463142666344
fatl_over_lt_d,-0.0006482878687242685,0.0006482878687242685,0.9310605153664757
txndba_pd_minus_pd_ceq,-0.0006470259106554588,0.0006470259106554588,0.9311943796173879
esub_over_lt_d,-0.0006437909424675843,0.0006437909424675843,0.9315375430001549
pstk_d_over_lct,-0.0006437353295468198,0.0006437353295468198,0.9315434424951433
dpc_over_at_pd,0.000643588200909288,0.000643588200909288,0.9315590501211004
txdi_over_ppent,0.0006432918622264827,0.0006432918622264827,0.9315904862517074
sppiv_over_invt,-0.0006409915320461213,0.0006409915320461213,0.9318345129635435
txw_d_over_seq,-0.0006407991711210054,0.0006407991711210054,0.9318549195438605
txw_over_icapt_d,-0.0006397648221814671,0.0006397648221814671,0.9319646490657371
txw_d_over_icapt,-0.0006385850819144632,0.0006385850819144632,0.9320898040911878
dvt_d_over_ceq,0.0006347106305179976,0.0006347106305179976,0.9325008445472965
gdwl_d_over_mktcap,-0.0006327616939726181,0.0006327616939726181,0.9327076139897712
recco_over_dltt,-0.000632392113394108,0.000632392113394108,0.9327468245886279
txndbl_over_icapt_pd,0.0006317243068841764,0.0006317243068841764,0.9328176758390261
pstkrv_over_ppent_d,-0.0006306873140307818,0.0006306873140307818,0.9329276971454225
recd_over_icapt_pd,0.0006273390586342238,0.0006273390586342238,0.9332829440416376
dlc_over_icapt_d,-0.00062523281328931,0.00062523281328931,0.9335064215972023
fatl_over_seq,-0.0006235663069682218,0.0006235663069682218,0.9336832455285046
ch_over_seq_pd,-0.0006235264755801253,0.0006235264755801253,0.9336874718607735
mrc2_over_ceq_d,-0.0006230351244925496,0.0006230351244925496,0.9337396071030677
dltis_over_ppent_d,0.0006197961727646299,0.0006197961727646299,0.9340832860453948
dpact_over_sale,0.0006196292800679432,0.0006196292800679432,0.934100995042004
mrc1_over_invt_d,0.0006181009358669262,0.0006181009358669262,0.9342631692759102
acox_over_act_pd,-0.0006175638575200425,0.0006175638575200425,0.9343201598804266
siv_d_over_ceq,-0.0006174254818916243,0.0006174254818916243,0.9343348432875567
sstk_pd_minus_pd_seq,-0.0006171105620134203,0.0006171105620134203,0.9343682603592439
txp_over_ceq,0.0006123185113401349,0.0006123185113401349,0.9348767731409945
txc_over_ppent_pd,0.0006079749236599661,0.0006079749236599661,0.9353377198289052
xidoc_over_cogs,0.0005992794020601038,0.0005992794020601038,0.9362605638927927
xint_over_xsga_d,0.0005986805347806047,0.0005986805347806047,0.9363241240412568
invo_over_lct_d,0.0005964649009074468,0.0005964649009074468,0.9365592815351786
pstkrv_over_at_d,-0.0005958767148454142,0.0005958767148454142,0.936621709909837
ch_pd_minus_pd_lt,-0.0005944542494223321,0.0005944542494223321,0.9367726879029245
ap_d_over_act,-0.0005940921683993206,0.0005940921683993206,0.9368111189128433
fiao_d_over_mktcap,-0.0005919564387214674,0.0005919564387214674,0.9370378066609785
cstkcv_over_at,-0.0005916032230836202,0.0005916032230836202,0.9370752976926175
ivstch_d_over_sale,-0.000588681923625147,0.000588681923625147,0.9373853757437601
recta_over_mktcap,0.0005883248682556994,0.0005883248682556994,0.9374232756372114
cld3_d_over_ceq,-0.0005881242583882619,0.0005881242583882619,0.9374445695749556
dltis_d_over_icapt,-0.0005872038414285118,0.0005872038414285118,0.9375422687394546
cld3_d_over_sale,0.0005851045870944889,0.0005851045870944889,0.9377651010416331
txdba_d_over_mktcap,0.000583281052859692,0.000583281052859692,0.9379586700770357
txdb_pd_minus_pd_lt,0.0005828386372137501,0.0005828386372137501,0.9380056332635062
siv_d_over_mktcap,-0.0005824189832753491,0.0005824189832753491,0.9380501804546213
dvp_over_emp_d,0.0005788635128472245,0.0005788635128472245,0.9384276092477409
aox_over_icapt_d,-0.0005776640491957574,0.0005776640491957574,0.9385549407039933
pifo,0.0005762070034011182,0.0005762070034011182,0.9387096184193292
aqc_over_invt_d,-0.0005753146572541074,0.0005753146572541074,0.9388043496404876
exre_d_over_icapt,-0.0005751353809325922,0.0005751353809325922,0.9388233816698757
txditc_pd,-0.0005747170462633803,0.0005747170462633803,0.9388677923428855
gp_d_over_dltt,0.000574094656811492,0.000574094656811492,0.9389338659524027
dclo_over_lct_d,-0.0005718474234120518,0.0005718474234120518,0.9391724384370939
ivstch_over_ceq,-0.0005714921324557545,0.0005714921324557545,0.9392101576034874
dclo_d_over_xsga,-0.0005697707541821444,0.0005697707541821444,0.9393929082136854
pi_over_dltt_pd,-0.0005683471513806034,0.0005683471513806034,0.9395440478184508
txr_over_mktcap_d,0.0005677168258072251,0.0005677168258072251,0.939610968274438
ds_over_ppent_d,0.0005676152420964443,0.0005676152420964443,0.9396217532618951
fopo_over_lt_pd,-0.0005668391546128717,0.0005668391546128717,0.9397041496502088
invt_over_ppent_d,0.0005659828705964149,0.0005659828705964149,0.9397950611686327
ivch_over_lct_d,-0.0005639426843140324,0.0005639426843140324,0.9400116705346601
cogs_over_icapt_pd,0.0005638275190318141,0.0005638275190318141,0.9400238979225494
aox_d_over_lct,0.0005630953835352147,0.0005630953835352147,0.9401016309215174
lcox_over_ceq,0.0005625311874690264,0.0005625311874690264,0.9401615336819591
intan_over_lt_d,-0.000560674592358206,0.000560674592358206,0.9403586575652698
invch_over_emp,-0.0005602190872901923,0.0005602190872901923,0.9404070213493435
txditc_over_ppent_d,0.0005599935813736934,0.0005599935813736934,0.9404309647854966
invo_d_over_icapt,-0.0005586349393843649,0.0005586349393843649,0.9405752218184944
sstk_over_lt_d,0.0005582019636878501,0.0005582019636878501,0.9406211944490697
txdb_over_ppent_d,0.0005578554933513836,0.0005578554933513836,0.940657982228615
dv_d_over_dltt,-0.0005552338758739641,0.0005552338758739641,0.9409363463350868
dlc_over_at,0.000554975985210527,0.000554975985210527,0.9409637296310542
ds_over_ppent,-0.0005540449415513479,0.0005540449415513479,0.9410625901073596
spi_d_over_seq,-0.0005536789211904263,0.0005536789211904263,0.9411014552866942
ap,0.0005494855357442048,0.0005494855357442048,0.9415467319690978
ao_over_dltt_pd,0.0005482452193974847,0.0005482452193974847,0.9416784390736195
pi_d_over_cogs,0.0005478000921395054,0.0005478000921395054,0.9417257067767377
diladj_d_over_lct,0.0005476118681384166,0.0005476118681384166,0.9417456941927493
xpr_over_dltt_d,-0.0005466074582331942,0.0005466074582331942,0.9418523526166699
dltr_over_cogs_pd,-0.0005429074653160921,0.0005429074653160921,0.9422452643462264
rectr_d_over_at,-0.0005410915939890433,0.0005410915939890433,0.9424381015229306
txc_over_lct,-0.0005408202348612992,0.0005408202348612992,0.9424669189032868
ceq_over_dltt_d,-0.0005345106520585042,0.0005345106520585042,0.9431369954517288
che_over_lt_pd,0.0005322258067686596,0.0005322258067686596,0.9433796555559848
revt_d_over_invt,-0.0005310205177436102,0.0005310205177436102,0.9435076643983815
sale_d_over_invt,-0.0005310205177436102,0.0005310205177436102,0.9435076643983815
txr_over_xsga_d,-0.0005293205129029577,0.0005293205129029577,0.943688217473456
itci_d_over_ppent,0.0005292987373659674,0.0005292987373659674,0.943690530215172
dvpa_over_invt,0.0005281531698740302,0.0005281531698740302,0.9438121996042699
invo_d_over_cogs,-0.0005223069847468209,0.0005223069847468209,0.944433136470926
xpr_d_over_invt,0.0005200862900324374,0.0005200862900324374,0.9446690104697268
donr_d_over_emp,0.0005195624644578332,0.0005195624644578332,0.9447246499973225
fatl_pd_minus_pd_act,0.0005190990378714836,0.0005190990378714836,0.9447738743104435
chech_over_seq_pd,0.0005170931867516464,0.0005170931867516464,0.9449869345277871
txr_d_over_ppent,-0.0005161863342721242,0.0005161863342721242,0.9450832611081519
xsga_pd_minus_pd_lct,0.0005157170824363093,0.0005157170824363093,0.9451331057208576
lct_pd_minus_pd_xsga,-0.000515717082436306,0.000515717082436306,0.9451331057208576
aco_over_at,-0.000514725758896656,0.000514725758896656,0.9452384062553898
sstk_over_dltt_pd,0.0005144685360358075,0.0005144685360358075,0.9452657291814489
txo_over_invt_d,0.0005134864839110027,0.0005134864839110027,0.9453700460752026
act_d_over_invt,-0.0005124207303849749,0.0005124207303849749,0.945483255074271
aco_pd_minus_pd_lct,0.0005113239258986552,0.0005113239258986552,0.9455997635914944
dxd4_over_invt,0.000511265937412302,0.000511265937412302,0.9456059234752402
dd4_d_over_dltt,0.0005106541428811706,0.0005106541428811706,0.9456709121461881
dd2_over_invt,-0.0005086700023651918,0.0005086700023651918,0.9458816825422725
dd3_over_cogs,-0.0005066154797395072,0.0005066154797395072,0.9460999334493138
dltis_over_invt_d,-0.0005048135356540992,0.0005048135356540992,0.9462913563950223
fopo_pd_minus_pd_mktcap,-0.0005038380050537991,0.0005038380050537991,0.9463949896181377
ceql_over_ceq,0.0005015203118871217,0.0005015203118871217,0.9466412079920552
txdb_pd_minus_pd_lct,-0.000501350818193128,0.000501350818193128,0.9466592142262171
pstkr_d_over_act,-0.0004992275830734572,0.0004992275830734572,0.9468847793110116
dxd5_over_icapt_d,0.0004984321356893462,0.0004984321356893462,0.9469692859606458
fiao_over_seq_d,0.0004980548224230733,0.0004980548224230733,0.9470093711335941
sstk_over_mktcap_pd,-0.0004979972951315763,0.0004979972951315763,0.9470154827551289
dudd_over_emp,0.0004974147297534285,0.0004974147297534285,0.9470773738872992
xrent_over_sale_d,0.000495624432949896,0.000495624432949896,0.947267575131044
xidoc_d_over_ceq,-0.0004914360623405447,0.0004914360623405447,0.9477125596052384
caps_pd_minus_pd_sale,-0.0004889941976767521,0.0004889941976767521,0.9479719978267818
ppegt_over_lct_pd,-0.00048207388614184953,0.00048207388614184953,0.9487072827504225
ni_over_at_d,0.00048060991973728796,0.00048060991973728796,0.9488628351850603
donr_d_over_at,0.00047987653471876467,0.00047987653471876467,0.9489407610841187
np_d_over_lt,0.0004732931988256062,0.0004732931988256062,0.9496402958811476
xacc_over_invt_pd,-0.0004720414761991185,0.0004720414761991185,0.9497733063434808
dvp_d_over_mktcap,-0.0004713117792343193,0.0004713117792343193,0.9498508459973304
ni_over_lct_d,0.00047129464379404794,0.00047129464379404794,0.9498526668631502
acox_over_act_d,-0.00047109663003854006,0.00047109663003854006,0.949873708447271
ivch_over_icapt_d,0.00047047561160388823,0.00047047561160388823,0.9499397001076433
tstk_over_emp_d,-0.0004650737951263316,0.0004650737951263316,0.950513731055928
dpvieb_over_invt_pd,0.0004649299062105289,0.0004649299062105289,0.9505290219483289
mrc2_over_seq_d,-0.00046452436995749694,0.00046452436995749694,0.9505721178690784
aco_over_emp_pd,-0.0004597378736050027,0.0004597378736050027,0.9510807848041997
diladj_d_over_at,0.0004545265728099889,0.0004545265728099889,0.9516346188933543
reajo_over_lt_d,-0.0004520700451051564,0.0004520700451051564,0.9518956959523247
recco_d_over_xsga,-0.0004506123413766448,0.0004506123413766448,0.9520506215416181
aoloch_over_at_d,-0.000446192435281795,0.000446192435281795,0.9525203827518031
mrc5_pd_minus_pd_mktcap,-0.00044483115687207514,0.00044483115687207514,0.952665066937158
txdba_d_over_xsga,0.000444113567769547,0.000444113567769547,0.9527413368972265
ibc_d_over_cogs,-0.0004401531148237863,0.0004401531148237863,0.9531622869374801
mrc1_over_ceq_d,0.00043926261556225454,0.00043926261556225454,0.9532569384451365
dd1_over_ppent_d,-0.00043913438004856845,0.00043913438004856845,0.9532705687013544
ppeveb_pd_minus_pd_sale,-0.0004385930514805534,0.0004385930514805534,0.9533281071021811
txndbl_over_dltt_pd,-0.0004370619338827336,0.0004370619338827336,0.9534908525688897
invt_over_seq_pd,0.00043648645949321153,0.00043648645949321153,0.9535520213625269
donr_over_icapt_d,0.00043586867569658815,0.00043586867569658815,0.9536176876466769
dd5_d_over_act,-0.00043168065022267696,0.00043168065022267696,0.9540628550129376
invo_d_over_dltt,-0.00043060055485105253,0.00043060055485105253,0.9541776663896476
aox_over_sale_d,0.0004303482215507826,0.0004303482215507826,0.9542044889114741
txpd_over_ppent_d,-0.000430263395048507,0.000430263395048507,0.954213505809539
esopct_d_over_mktcap,0.00042953345275653426,0.00042953345275653426,0.9542910975479652
txndb_d_over_ppent,0.00042657924567356836,0.00042657924567356836,0.954605129615466
dxd5_d_over_lt,-0.0004260518128288406,0.0004260518128288406,0.9546611964436457
che_over_emp_pd,-0.0004214497905992813,0.0004214497905992813,0.9551504071489308
acox_over_at_d,-0.000420870752488557,0.000420870752488557,0.955211962081241
txw_over_lct_d,0.0004206840726255732,0.0004206840726255732,0.9552318072332427
sppiv_over_dltt_d,0.00041875815333611017,0.00041875815333611017,0.9554365452398011
pi_d_over_invt,0.00041869382542868036,0.00041869382542868036,0.9554433837742604
siv_d_over_seq,0.0004162659982432058,0.0004162659982432058,0.9557014822334139
mrc4_pd_minus_pd_ceq,-0.00041481400879736215,0.00041481400879736215,0.9558558431507357
ibadj_over_emp_d,0.0004130887436438876,0.0004130887436438876,0.9560392581450081
txdc_d_over_invt,0.00041254330939867944,0.00041254330939867944,0.9560972443942719
dilavx_over_emp_d,0.0004096360631263837,0.0004096360631263837,0.9564063237053239
txdfo_d_over_lt,-0.00040728428071085056,0.00040728428071085056,0.9566563545484258
fatn_over_dltt_d,0.00040705422685826157,0.00040705422685826157,0.9566808130603293
dd1_over_invt_d,-0.0004061523326568013,0.0004061523326568013,0.9567766996548384
ivaco_over_ppent_d,-0.00040537761007802597,0.00040537761007802597,0.9568590662562391
intpn_over_icapt_d,-0.0004046724700293822,0.0004046724700293822,0.9569340354144169
mrc1_over_lct_pd,0.0004040762971946137,0.0004040762971946137,0.9569974196813894
seq_over_dltt_d,-0.0004038116402803765,0.0004038116402803765,0.9570255577237567
dd2_over_invt_d,0.0004029517446152191,0.0004029517446152191,0.9571169812880824
dvp_over_act_d,0.00040284020368713206,0.00040284020368713206,0.9571288402905005
dvc_d_over_lct,0.0004026440725876646,0.0004026440725876646,0.9571496929209041
ivch_d_over_seq,0.00040244227542251924,0.00040244227542251924,0.9571711479972116
cld5_over_at,-0.00040105825032017375,0.00040105825032017375,0.9573182983931209
dlc_d_over_mktcap,-0.0004002583659995869,0.0004002583659995869,0.9574033432471117
txdb_over_mktcap_pd,-0.0003998025995761126,0.0003998025995761126,0.9574518012071318
aqc_over_seq_d,-0.0003994655563339948,0.0003994655563339948,0.9574876363920064
gdwl_over_sale_d,-0.0003987000067627824,0.0003987000067627824,0.9575690316390313
xpr_over_ceq_d,0.00039650005345058233,0.00039650005345058233,0.9578029389295436
recch_over_cogs,0.00039639438524409574,0.00039639438524409574,0.9578141740613227
dvt_over_dltt_d,-0.00039623512857165245,0.00039623512857165245,0.9578311069821818
aoloch_d_over_seq,-0.0003955652653076535,0.0003955652653076535,0.9579023302132802
lcox_pd_minus_pd_at,-0.000395461479632485,0.000395461479632485,0.9579133652582987
esub_d_over_act,0.000394935189119146,0.000394935189119146,0.9579693233891364
dd1_d_over_xsga,-0.00039357098537298984,0.00039357098537298984,0.958114374072812
dlcch_over_at,-0.00039258234490395115,0.00039258234490395115,0.9582194933843496
dclo_over_invt,-0.00039256776503765673,0.00039256776503765673,0.9582210436252595
txds_over_seq,0.00039255646633900784,0.00039255646633900784,0.9582222449878727
ppegt_pd_minus_pd_sale,-0.0003909739593875918,0.0003909739593875918,0.958390509964514
dclo_d_over_seq,-0.0003905254019693791,0.0003905254019693791,0.9584382045655416
recch_d_over_ppent,0.0003904610884947037,0.0003904610884947037,0.9584450429564856
cld3_over_xsga_d,-0.000386990052765425,0.000386990052765425,0.958814119425725
xsga_over_invt_d,0.00038656849491149623,0.00038656849491149623,0.9588589444256661
fiao_d_over_icapt,0.0003853161694270797,0.0003853161694270797,0.9589921071990144
ibcom_over_emp_d,-0.0003850646416834392,0.0003850646416834392,0.9590188528855546
txdb_d_over_invt,-0.00038313764678849296,0.00038313764678849296,0.9592237574620922
acox_over_at_pd,0.00038003076249786753,0.00038003076249786753,0.959554129759237
mrc2_over_xsga_d,-0.00037995729771674383,0.00037995729771674383,0.9595619417625346
exre_over_cogs_d,-0.00037994511195821177,0.00037994511195821177,0.9595632375564332
itci_over_lt_d,0.0003783112255479294,0.0003783112255479294,0.9597369806822637
act_over_at_pd,-0.00037800307193733285,0.00037800307193733285,0.9597697491304409
aqc_over_ceq_d,0.00037718435585422003,0.00037718435585422003,0.9598568101166294
txdbca_over_dltt_d,0.0003743475014739764,0.0003743475014739764,0.960158480465529
txw_over_mktcap_d,0.0003725370582464779,0.0003725370582464779,0.9603510055069423
txditc_d_over_invt,-0.000372439392836885,0.000372439392836885,0.9603613914477879
fatb_over_invt,-0.0003707020948040987,0.0003707020948040987,0.9605461404212883
mrct_pd_minus_pd_seq,0.00037018836788565036,0.00037018836788565036,0.9606007719381059
lcox_over_lt_d,0.0003701721610287111,0.0003701721610287111,0.9606024954349447
dm_d_over_emp,0.0003687622861451908,0.0003687622861451908,0.9607524274256708
donr_d_over_seq,0.0003674691144465345,0.0003674691144465345,0.9608899499322514
lcox_pd_minus_pd_ceq,-0.0003669715087288325,0.0003669715087288325,0.9609428681850044
mii_over_ceq_d,-0.00036677869936704117,0.00036677869936704117,0.960963372687258
dd1_over_dltt,0.00036573040765436196,0.00036573040765436196,0.9610748547575967
dltp_over_cogs_d,-0.0003645574428572571,0.0003645574428572571,0.9611995962661918
sstk_pd_minus_pd_cogs,0.0003640354678752858,0.0003640354678752858,0.9612551071436298
acchg_over_act,0.0003638921126267768,0.0003638921126267768,0.9612703526880915
aox_d_over_icapt,-0.00036369742642238705,0.00036369742642238705,0.9612910571999244
invch_over_sale_d,0.0003624339038206946,0.0003624339038206946,0.9614254310869369
aox_over_dltt_pd,-0.0003606808912806443,0.0003606808912806443,0.9616118633679988
cstkcv_over_emp,-0.00035784722225313165,0.00035784722225313165,0.9619132275292215
lcox_over_at_d,-0.00035674534799779844,0.00035674534799779844,0.9620304146734541
lct_over_icapt_pd,-0.0003560832562011548,0.0003560832562011548,0.9621008302234776
recd_over_invt_d,0.00035323091756494954,0.00035323091756494954,0.962404188803209
ppeveb_over_lct_pd,-0.0003473489767542074,0.0003473489767542074,0.9630297758425517
ceq_over_emp,0.00034597248481131257,0.00034597248481131257,0.9631761790382899
ceql_pd_minus_pd_cogs,-0.000345836328108536,0.000345836328108536,0.9631906606845612
fiao_over_lct_d,0.00034535933379696527,0.00034535933379696527,0.96324139396309
esopct_over_at_d,-0.00033950077591690035,0.00033950077591690035,0.9638645242634339
dd4_over_cogs_d,-0.0003357743612768288,0.0003357743612768288,0.9642608861899566
acox_over_cogs_d,0.00033118809077187553,0.00033118809077187553,0.9647487192207577
xidoc_over_seq,0.0003305574002284695,0.0003305574002284695,0.9648158056323878
pstkr_over_icapt_d,-0.00033005229810327205,0.00033005229810327205,0.964869533411736
txpd_over_emp,0.00032801385074086365,0.00032801385074086365,0.9650863649433965
exre_d_over_xsga,0.00032783539695005264,0.00032783539695005264,0.9651053473613295
esopct_over_mktcap,-0.00032648710550692425,0.00032648710550692425,0.9652487679380148
dxd5_over_at_d,-0.00031973786969440027,0.00031973786969440027,0.9659667150520707
oancf_d_over_mktcap,-0.00031777716599807595,0.00031777716599807595,0.9661752892782558
ds_d_over_dltt,0.0003177715540913623,0.0003177715540913623,0.9661758862606696
aco_d_over_cogs,-0.00031564965037485194,0.00031564965037485194,0.9664016111122135
intpn_over_invt_d,0.0003147961088937551,0.0003147961088937551,0.9664924103015369
dltr_over_ppent_pd,0.00031443207836246746,0.00031443207836246746,0.9665311357656201
do_over_ceq,-0.0003134454947527519,0.0003134454947527519,0.9666360886452268
fatc_over_act,-0.0003131410529446061,0.0003131410529446061,0.9666684753170783
apalch_d_over_lct,-0.0003129518660402249,0.0003129518660402249,0.9666886011422959
txdi_over_invt,-0.00031294131130694394,0.00031294131130694394,0.9666897239622873
mrc2_over_invt_d,0.0003124450195910323,0.0003124450195910323,0.9667425198998769
tstkc_over_emp_d,-0.00031169634675517035,0.00031169634675517035,0.9668221646328216
wcap_pd_minus_pd_at,-0.0003116574224636714,0.0003116574224636714,0.9668263054556481
esopct_d_over_lt,0.0003086708302854511,0.0003086708302854511,0.9671440261420151
dvp_over_at_d,-0.0003058396198067719,0.0003058396198067719,0.9674452217746844
fate_over_cogs,0.00030464106628929006,0.00030464106628929006,0.9675727301517352
txp_over_xsga_d,-0.0003044464167444236,0.0003044464167444236,0.9675934380643055
txc_over_sale,0.0002994910501081668,0.0002994910501081668,0.968120625138145
ivaeq_over_invt,-0.0002990798648902967,0.0002990798648902967,0.9681643705691542
spi_d_over_invt,-0.0002988499850525498,0.0002988499850525498,0.9681888272113812
dlc_pd_minus_pd_ceq,0.0002986236763811833,0.0002986236763811833,0.9682129039506572
dn,0.00029719190584957117,0.00029719190584957117,0.9683652291680753
xacc_pd,0.00029684343132477774,0.00029684343132477774,0.9684023033408697
dxd5_d_over_lct,0.00029616784199618226,0.00029616784199618226,0.9684741794221742
txdfed_over_invt_d,0.00029536674546589824,0.00029536674546589824,0.968559408571076
cld5_over_icapt,0.0002943450214422349,0.0002943450214422349,0.9686681109346218
xpr_over_invt_d,-0.0002934203707385015,0.0002934203707385015,0.9687664860607497
lct_over_dltt_pd,-0.00029323062216907777,0.00029323062216907777,0.9687866737854424
txs_over_emp,-0.0002920386501418363,0.0002920386501418363,0.9689134904981346
mrc1_over_act_pd,-0.00029044249829115413,0.00029044249829115413,0.9690833100851385
rect_pd_minus_pd_act,-0.00028711515982156495,0.00028711515982156495,0.96943732052841
mrc3_over_cogs_pd,0.00028699926556046427,0.00028699926556046427,0.9694496511469003
xrent_over_cogs_pd,-0.00028043247747494717,0.00028043247747494717,0.9701483391578355
ppegt_over_mktcap_d,-0.000280048621242908,0.000280048621242908,0.9701891811086023
fiao_over_mktcap_d,0.0002795776352290827,0.0002795776352290827,0.9702392936949591
ch_pd_minus_pd_ceq,-0.00027764201823673833,0.00027764201823673833,0.9704452432367575
aco_pd_minus_pd_ceq,-0.0002766504613258868,0.0002766504613258868,0.9705507456018946
nopio_d_over_ppent,-0.00027614608398972024,0.00027614608398972024,0.9706044119093631
txndba_over_lt_d,-0.0002757662252386114,0.0002757662252386114,0.9706448293893026
am_pd_minus_pd_act,-0.00027385127092055235,0.00027385127092055235,0.9708485842396166
txds_d_over_ceq,0.00027205387950122745,0.00027205387950122745,0.9710398319009325
aco_over_icapt_d,0.000272016399692417,0.000272016399692417,0.9710438198790854
ivaco_over_lt_d,0.0002719243799437155,0.0002719243799437155,0.9710536110939787
txw_d_over_cogs,0.00027176302375267567,0.00027176302375267567,0.9710707799531679
ap_over_mktcap_d,0.0002690573192152832,0.0002690573192152832,0.971358678305283
recco_d_over_lct,0.0002688153927382018,0.0002688153927382018,0.9713844204830947
txo_over_ceq,0.000267151125302434,0.000267151125302434,0.9715615076044128
pstkl_d_over_icapt,-0.00026711797804445346,0.00026711797804445346,0.9715650346675008
dclo_over_lt_d,-0.00026697886480835336,0.00026697886480835336,0.9715798371395885
txdba_d_over_lct,0.00026636254220096254,0.00026636254220096254,0.9716454176323025
ivaco_d_over_icapt,0.00026481334280474095,0.00026481334280474095,0.9718102627631389
txdb_over_icapt_pd,-0.0002627318826674643,0.0002627318826674643,0.9720317458753296
rect_over_emp_d,0.00026254030262794366,0.00026254030262794366,0.972052131550163
txdb_over_at_pd,0.0002622057200957872,0.0002622057200957872,0.9720877338974063
rectr_over_dltt_pd,0.00025298686688217647,0.00025298686688217647,0.9730687177172404
mrc3_over_xsga_pd,0.00025107752509734055,0.00025107752509734055,0.9732718970881873
do_over_emp,0.00025017045582406347,0.00025017045582406347,0.9733684219365016
invo_d_over_xsga,0.0002501410732068055,0.0002501410732068055,0.9733715486641595
xrent_d_over_at,-0.0002481774123879177,0.0002481774123879177,0.9735805109817985
chech_over_at_pd,0.00024688221436846994,0.00024688221436846994,0.9737183400446819
exre_over_act_d,-0.00024614057443755763,0.00024614057443755763,0.9737972623354093
ceql_over_lt_pd,0.00024385951963933452,0.00024385951963933452,0.9740400044700829
txach_over_emp,-0.0002409054449568006,0.0002409054449568006,0.9743543706736838
ivch_d_over_xsga,-0.00023924014833536796,0.00023924014833536796,0.9745315896776191
lo_over_seq_pd,0.00023381924378344235,0.00023381924378344235,0.9751084849387258
cld4_over_mktcap_d,-0.0002326217010155643,0.0002326217010155643,0.9752359297805887
recd_over_lct_pd,0.00023181569335755823,0.00023181569335755823,0.9753217070469641
dltt_over_act_d,-0.00023165807062694487,0.00023165807062694487,0.9753384816690569
ivch_d_over_lct,-0.00023156940080034966,0.00023156940080034966,0.9753479181480652
apalch_over_act_d,0.00022979978946995223,0.00022979978946995223,0.9755362456166515
ceqt_over_emp_pd,0.00022898045738371277,0.00022898045738371277,0.9756234419142351
dp_pd_minus_pd_sale,0.00022858965631784986,0.00022858965631784986,0.9756650324862634
cstk_over_dltt_d,0.00022754023009248113,0.00022754023009248113,0.9757767168408912
ivch_d_over_mktcap,-0.0002271792575323705,0.0002271792575323705,0.9758151331694732
xidoc_over_invt_d,-0.00022375966541050987,0.00022375966541050987,0.9761790643630036
dc_d_over_sale,0.00022172684214047302,0.00022172684214047302,0.9763954105893606
cogs_over_act_pd,0.0002214313358355247,0.0002214313358355247,0.9764268604303252
txp_over_sale_d,-0.00022106704682509754,0.00022106704682509754,0.9764656306567269
gp_over_dltt_pd,-0.00022061605301755723,0.00022061605301755723,0.9765136287010505
fincf_over_lct_d,-0.0002184082745027927,0.0002184082745027927,0.9767485977875447
exre_d_over_ceq,0.0002170517310318168,0.0002170517310318168,0.9768929727735453
sstk_over_emp_d,0.00021401518049995495,0.00021401518049995495,0.9772161512503589
revt_pd_minus_pd_ppent,-0.00021329601822111106,0.00021329601822111106,0.9772926918633513
sale_pd_minus_pd_ppent,-0.00021329601822111106,0.00021329601822111106,0.9772926918633513
ppent_pd_minus_pd_sale,0.00021329601822107675,0.00021329601822107675,0.9772926918633513
aco_over_sale_d,0.00020860151683304825,0.00020860151683304825,0.9777923338711217
esopct_over_lt_d,-0.00020804783616126983,0.00020804783616126983,0.977851263417387
txditc_pd_minus_pd_lt,0.00020752571894198327,0.00020752571894198327,0.977906833701313
invfg_over_sale,0.00020728649355334977,0.00020728649355334977,0.9779322951130103
txw_d_over_lct,0.00020585219730402682,0.00020585219730402682,0.9780849516520891
tstk_d_over_mktcap,0.00020466324388400555,0.00020466324388400555,0.9782114962116691
fato_over_act_d,0.000203885751505101,0.000203885751505101,0.9782942477995452
tstkc_over_icapt,0.00020384349810143813,0.00020384349810143813,0.9782987450030405
dvc_over_act_d,-0.00020358026541734118,0.00020358026541734118,0.9783267619556416
txw_d_over_ceq,0.00020144337333291776,0.00020144337333291776,0.9785542012801403
invt_over_act_pd,0.00020057135966568447,0.00020057135966568447,0.9786470142365407
txs_over_seq,0.00019956226321013687,0.00019956226321013687,0.9787544179888208
ds_over_act_d,-0.00019830568863194592,0.00019830568863194592,0.978888162753258
ppegt_d_over_invt,-0.000194022987840008,0.000194022987840008,0.9793440007049101
seq_pd_minus_pd_act,0.00019384957411711784,0.00019384957411711784,0.9793624584895784
act_pd_minus_pd_seq,-0.0001938495741170762,0.0001938495741170762,0.9793624584895784
mii_d_over_ppent,-0.00019151066203344433,0.00019151066203344433,0.9796114083498205
txo_over_ceq_d,-0.00019034455339879882,0.00019034455339879882,0.979735527730816
cstk_over_invt_d,0.00018923993562384496,0.00018923993562384496,0.979853102541665
dxd3_over_dltt,-0.00018568688339060308,0.00018568688339060308,0.9802312901081659
txdi_d_over_invt,0.0001828029876558071,0.0001828029876558071,0.9805382557980862
ivstch_over_icapt,0.00018058681875453416,0.00018058681875453416,0.9807741497179067
fato_over_act,-0.00017665403254883433,0.00017665403254883433,0.9811927683060038
txditc_over_at_pd,-0.00017502365352934594,0.00017502365352934594,0.9813663126903179
dltis_over_xsga_d,0.00017461533791613359,0.00017461533791613359,0.9814097756559832
dltp_d_over_mktcap,0.00017432394193296163,0.00017432394193296163,0.9814407931997188
spi_over_mktcap_d,0.00017120542867562642,0.00017120542867562642,0.981772744002293
lcox_pd_minus_pd_seq,0.00017024884493500398,0.00017024884493500398,0.981874568395801
nopi_over_at_d,0.00016963712810189914,0.00016963712810189914,0.9819396832843924
aco_pd_minus_pd_emp,-0.00016858272163227804,0.00016858272163227804,0.9820519210530891
at_over_xsga_d,0.0001645944002416429,0.0001645944002416429,0.9824764666860453
lse_over_xsga_d,0.0001645944002416429,0.0001645944002416429,0.9824764666860453
cstkcv_over_act_pd,0.00015807324563080205,0.00015807324563080205,0.9831706359514972
mrc3_over_sale_pd,-0.000157591050165586,0.000157591050165586,0.9832219656059767
itci_over_xsga_d,-0.00015698006530799613,0.00015698006530799613,0.9832870049768976
txdb_pd,-0.00015662064375384396,0.00015662064375384396,0.9833252654725728
txc_pd,0.00015579408774557026,0.00015579408774557026,0.9834132526688428
aqc_over_seq,0.0001553927664177709,0.0001553927664177709,0.9834559735471166
ao_over_emp,-0.00015500406949715449,0.00015500406949715449,0.9834973505954675
dltis_over_at_d,-0.0001527463731930451,0.0001527463731930451,0.9837376847580649
tstk_over_at,-0.00015264944109689461,0.00015264944109689461,0.9837480033155463
txndb_over_dltt,-0.00015085171247635355,0.00015085171247635355,0.9839393745376971
xpr_d_over_lt,0.00014835966916545648,0.00014835966916545648,0.984204658247408
recd_pd_minus_pd_xsga,0.00014809565583523757,0.00014809565583523757,0.9842327631729981
ib_d_over_cogs,-0.00014617286822889673,0.00014617286822889673,0.9844374496478949
dpvieb_over_sale,-0.00014592639152713818,0.00014592639152713818,0.9844636879022006
xpr_pd_minus_pd_seq,-0.00014591862252780544,0.00014591862252780544,0.9844645149379447
lco_over_invt_pd,-0.00014566978578238422,0.00014566978578238422,0.9844910044442378
acox_over_icapt_pd,-0.00014367322328001685,0.00014367322328001685,0.984703545836647
esopct_over_sale_d,-0.00014319951643261314,0.00014319951643261314,0.9847539738257671
ibc_over_lct_d,0.0001413663511968409,0.0001413663511968409,0.9849491221714787
txw_d_over_emp,0.00014051535457416204,0.00014051535457416204,0.9850397147390387
ap_over_cogs,-0.00013922730974200983,0.00013922730974200983,0.9851768334975315
txw_over_cogs_d,0.00013671923804257197,0.00013671923804257197,0.9854438314176135
ivch_over_seq_d,-0.0001363646870711434,0.0001363646870711434,0.985481575435674
pstkl_over_act_d,-0.00013565374921751042,0.00013565374921751042,0.9855572590130337
fincf_over_xsga_d,0.00013294309900324956,0.00013294309900324956,0.9858458250918579
pstkl_over_ppent_d,-0.00013069206187934536,0.00013069206187934536,0.9860854638220327
txw_d_over_mktcap,-0.00013045392239104507,0.00013045392239104507,0.9861108155188514
rect_d_over_emp,0.00012812973207232316,0.00012812973207232316,0.9863582433736918
pstkl_over_at_d,-0.00012712106663594243,0.00012712106663594243,0.9864656239419949
txw_d_over_act,0.00012669116512252265,0.00012669116512252265,0.986511390498922
dudd_over_lct,0.00012598003815862593,0.00012598003815862593,0.9865870959186692
esopct_over_cogs_d,-0.00012438934509968356,0.00012438934509968356,0.9867564389502123
exre_over_icapt_d,0.00012340901495889176,0.00012340901495889176,0.986860803868702
intpn_over_dltt_d,-0.00012320286675958012,0.00012320286675958012,0.9868827502184238
txw_over_ceq_d,-0.0001230316646406151,0.0001230316646406151,0.98690097624779
txw_over_seq_d,-0.0001230316646406151,0.0001230316646406151,0.98690097624779
intpn,-0.00012245389677724428,0.00012245389677724428,0.9869624849646813
dltr_over_lct_pd,0.00012232599139628164,0.00012232599139628164,0.9869761016824553
cld3_d_over_act,0.00012182960307589207,0.00012182960307589207,0.9870289468731805
dudd_over_at,-0.00012156131578885867,0.00012156131578885867,0.9870575085939826
donr_over_lt_d,0.00012121566976009345,0.00012121566976009345,0.9870943059093924
niadj_over_invt_d,0.00012045322513417342,0.00012045322513417342,0.9871754755065556
txw_over_act_d,0.00011974266387367261,0.00011974266387367261,0.9872511217376775
txs_d_over_dltt,-0.00011859919916178455,0.00011859919916178455,0.9873728550370506
fato_over_emp_d,-0.00011857147612452114,0.00011857147612452114,0.987375806436362
dxd5_over_invt,0.00011800498843670678,0.00011800498843670678,0.9874361148510569
dlto_d_over_xsga,0.00011788598485990183,0.00011788598485990183,0.987448784009434
invch_d_over_emp,-0.00011732166626412383,0.00011732166626412383,0.9875088615883925
pstkl_d_over_cogs,0.00011696465336667565,0.00011696465336667565,0.9875468693580379
chech_over_invt,-0.00011523584358253932,0.00011523584358253932,0.9877309197009758
ao_over_act,-0.0001141295218699827,0.0001141295218699827,0.9878486998557174
txw_d_over_at,-0.00011284268650372744,0.00011284268650372744,0.9879856980138508
dvc_d_over_icapt,0.00011090072850560191,0.00011090072850560191,0.9881924420444106
xrent_over_cogs_d,0.00010912632177602659,0.00010912632177602659,0.9883813489858623
txw_d_over_ppent,-0.00010679442171586817,0.00010679442171586817,0.9886296087874198
ch_over_lct_d,-0.00010354452550851009,0.00010354452550851009,0.9889756025420263
aqc_over_mktcap_d,-0.00010254637602592667,0.00010254637602592667,0.9890818689663348
txr_d_over_emp,9.924865346893627e-05,9.924865346893627e-05,0.9894329572099119
dlc_over_ceq_pd,9.826998126668488e-05,9.826998126668488e-05,0.9895371508184136
txach_over_emp_d,9.814444352993098e-05,9.814444352993098e-05,0.9895505161131816
dlc_pd_minus_pd_icapt,-9.804799167819332e-05,9.804799167819332e-05,0.9895607847998283
lo_over_invt_pd,-9.547485385505943e-05,9.547485385505943e-05,0.9898347329569044
dpvieb_over_xsga_d,-9.438560920184674e-05,9.438560920184674e-05,0.9899506993448858
dpact_over_xsga_d,-9.438560920184674e-05,9.438560920184674e-05,0.9899506993448858
mrc3_d_over_cogs,-9.412364152859565e-05,9.412364152859565e-05,0.9899785897543991
lcox_over_sale_d,-9.403217696310863e-05,9.403217696310863e-05,0.9899883275396463
esub_d_over_lct,-9.14547588923492e-05,9.14547588923492e-05,0.9902627332518698
txw_d_over_lt,-8.96647597985198e-05,8.96647597985198e-05,0.9904533068082177
txw_over_ppent_d,-8.584503321753907e-05,8.584503321753907e-05,0.9908599785861736
dlto_d_over_icapt,-8.473703969155244e-05,8.473703969155244e-05,0.9909779428965951
aox_d_over_emp,-8.451218760565488e-05,8.451218760565488e-05,0.9910018821592271
txndba_over_sale_pd,8.296768385758773e-05,8.296768385758773e-05,0.991166320615219
dudd_d_over_invt,8.112784432131714e-05,8.112784432131714e-05,0.9913622030327605
dudd_over_lt,-8.1008187417516e-05,8.1008187417516e-05,0.991374942576924
lo_d_over_cogs,-7.819057484858725e-05,7.819057484858725e-05,0.9916749267297245
xacc_over_dltt_d,7.71981571109279e-05,7.71981571109279e-05,0.9917805872429301
cstkcv_over_lct,-7.638737182028233e-05,7.638737182028233e-05,0.9918669098597834
txds_over_ceq,7.586543995646193e-05,7.586543995646193e-05,0.9919224789058982
invt_over_sale,7.584409051743625e-05,7.584409051743625e-05,0.9919247519389858
dlc_d_over_xsga,-7.46088159763274e-05,7.46088159763274e-05,0.9920562693186975
cld3_over_icapt_d,7.356107312877147e-05,7.356107312877147e-05,0.9921678207175769
exre_d_over_lct,-7.14578878486064e-05,7.14578878486064e-05,0.9923917437369131
icapt_over_lct_d,-7.045010623567423e-05,7.045010623567423e-05,0.9924990409649426
txdc_over_dltt_d,6.964055494584767e-05,6.964055494584767e-05,0.9925852329606129
sppe_over_mktcap_d,6.955936794173694e-05,6.955936794173694e-05,0.9925938768524254
dpact_over_invt_pd,-6.942998497085312e-05,6.942998497085312e-05,0.992607652118127
ppeveb_over_mktcap_d,6.724885765983899e-05,6.724885765983899e-05,0.9928398747242384
txw_d_over_sale,6.694305936463495e-05,6.694305936463495e-05,0.9928724328346241
txw_over_emp_d,6.664451535839277e-05,6.664451535839277e-05,0.9929042185978947
aox_over_emp,6.346994457868586e-05,6.346994457868586e-05,0.9932422135268396
fato_over_lt_d,-6.173198688704255e-05,6.173198688704255e-05,0.9934272535118541
lcox_d_over_invt,6.0693664169191334e-05,6.0693664169191334e-05,0.993537803679632
txndba_over_icapt_pd,-6.050023503872482e-05,6.050023503872482e-05,0.9935583980832443
diladj_over_icapt_d,-6.011247792527333e-05,6.011247792527333e-05,0.9935996826042
mrct_over_mktcap_pd,-5.8460592527139095e-05,5.8460592527139095e-05,0.9937755591230736
fate_over_mktcap_d,5.8338567082199676e-05,5.8338567082199676e-05,0.9937885512050139
intpn_over_xsga_d,5.776484459035216e-05,5.776484459035216e-05,0.9938496356150669
txw_over_lt_d,-5.664578943956069e-05,5.664578943956069e-05,0.9939687818643055
mrc1_pd_minus_pd_ppent,-5.583937763986276e-05,5.583937763986276e-05,0.9940546409345291
txw_over_xsga_d,-5.4318278604783115e-05,5.4318278604783115e-05,0.9942165933009941
txo_over_act,-5.389627849708222e-05,5.389627849708222e-05,0.9942615239591407
tstkc_over_at,-5.384772866777205e-05,5.384772866777205e-05,0.9942666930959128
tstk_over_icapt,5.234614378169314e-05,5.234614378169314e-05,0.9944265680838869
txndba_pd_minus_pd_xsga,-5.128246693116272e-05,5.128246693116272e-05,0.9945398187759904
aoloch_over_seq_d,-5.120584150621814e-05,5.120584150621814e-05,0.9945479771625689
cogs_over_ppent_d,5.1104372683102644e-05,5.1104372683102644e-05,0.9945587806518066
sppiv_over_sale,5.0375031615784716e-05,5.0375031615784716e-05,0.9946364343693473
aox_d_over_mktcap,-4.960296657469934e-05,4.960296657469934e-05,0.9947186370090934
xrent_over_dltt_pd,4.699692436726079e-05,4.699692436726079e-05,0.9949961056845317
gp_d_over_lt,-4.6768508064830424e-05,4.6768508064830424e-05,0.995020425492248
ivch_d_over_act,4.605664051319288e-05,4.605664051319288e-05,0.9950962190696941
mrc1_over_at_pd,4.517999023711866e-05,4.517999023711866e-05,0.9951895573651198
txdfo_over_dltt,-4.386159302833463e-05,4.386159302833463e-05,0.9953299292555038
invch_d_over_at,-4.2371534478567556e-05,4.2371534478567556e-05,0.9954885783811993
ppeveb_d_over_invt,-4.22100748859529e-05,4.22100748859529e-05,0.9955057692756973
cstk_over_xsga,-4.1560111894657116e-05,4.1560111894657116e-05,0.9955749720305561
sstk_over_lct_d,-4.1545309699518454e-05,4.1545309699518454e-05,0.9955765480478702
dxd5_over_lct_d,-4.122415820117099e-05,4.122415820117099e-05,0.9956107416511676
mrc4_d_over_sale,-4.094714393538699e-05,4.094714393538699e-05,0.9956402358868344
xrent_over_icapt_pd,-3.857165591451936e-05,3.857165591451936e-05,0.9958931588543632
fiao_d_over_emp,-3.665878951343744e-05,3.665878951343744e-05,0.9960968258725407
recta_d_over_lt,-3.485010319053631e-05,3.485010319053631e-05,0.996289400846876
mrc5_pd_minus_pd_seq,3.4512830225781783e-05,3.4512830225781783e-05,0.9963253110959898
invo_d_over_emp,3.440663313779139e-05,3.440663313779139e-05,0.9963366181522962
aox_over_ceq_d,3.207802372997041e-05,3.207802372997041e-05,0.9965845509101924
xopr_over_invt_d,-3.089670215477842e-05,3.089670215477842e-05,0.9967103292447819
cld3_over_at,3.038510008014357e-05,3.038510008014357e-05,0.9967648008538931
xrd_over_at_d,2.8977308724110204e-05,2.8977308724110204e-05,0.9969146921536016
recco_over_act_d,2.493394731385213e-05,2.493394731385213e-05,0.9973452002121118
xint_over_dltt,2.4844551684152782e-05,2.4844551684152782e-05,0.9973547184253664
rect_over_dltt_pd,-2.4281273310114253e-05,2.4281273310114253e-05,0.9974146923241974
dlto_d_over_lt,-2.2539069764877274e-05,2.2539069764877274e-05,0.9976001899311598
dd5_over_act_d,2.1013800274226942e-05,2.1013800274226942e-05,0.9977625900292016
txds_over_lct_d,-2.072737345062579e-05,2.072737345062579e-05,0.9977930867778548
diladj_d_over_dltt,-1.9791725650390593e-05,1.9791725650390593e-05,0.9978927081115868
xint_d_over_ceq,-1.9704500022230706e-05,1.9704500022230706e-05,0.9979019952974134
txw_over_at_d,-1.792211875532893e-05,1.792211875532893e-05,0.998091771074118
txw_d_over_xsga,-1.5924470445256493e-05,1.5924470445256493e-05,0.99830446714224
mrc5_pd_minus_pd_icapt,1.4962113827795805e-05,1.4962113827795805e-05,0.9984069324037051
rectr_over_lct_d,-1.331904447739651e-05,1.331904447739651e-05,0.9985818754394985
ppent_over_lct_d,-1.2134105616843372e-05,1.2134105616843372e-05,0.9987080398474145
icapt_over_dltt_d,1.196875515286364e-05,1.196875515286364e-05,0.9987256452675686
mrc5_pd_minus_pd_at,-6.403062006443911e-06,6.403062006443911e-06,0.9993182436484281
xido_over_seq_d,-6.391818212107239e-06,6.391818212107239e-06,0.9993194408141506
txw_over_sale_d,4.039560807991029e-06,4.039560807991029e-06,0.9995698938355757
invch_d_over_lct,3.6207731079801637e-06,3.6207731079801637e-06,0.9996144836226993
dltis_over_act_d,-2.2392812975076566e-06,2.2392812975076566e-06,0.9997615758821163
at_over_at,,,
at_over_at_d,,,
at_over_at_pd,,,
at_pd_minus_pd_at,,,
act_over_act,,,
act_over_act_d,,,
act_over_act_pd,,,
act_pd_minus_pd_act,,,
invt_over_invt,,,
invt_over_invt_d,,,
invt_over_invt_pd,,,
invt_pd_minus_pd_invt,,,
ppent_over_ppent,,,
ppent_over_ppent_d,,,
ppent_over_ppent_pd,,,
ppent_pd_minus_pd_ppent,,,
lt_over_lt,,,
lt_over_lt_d,,,
lt_over_lt_pd,,,
lt_pd_minus_pd_lt,,,
lct_over_lct,,,
lct_over_lct_d,,,
lct_over_lct_pd,,,
lct_pd_minus_pd_lct,,,
dltt_over_dltt,,,
dltt_over_dltt_d,,,
dltt_over_dltt_pd,,,
dltt_pd_minus_pd_dltt,,,
ceq_over_ceq,,,
ceq_over_ceq_d,,,
ceq_over_ceq_pd,,,
ceq_pd_minus_pd_ceq,,,
seq_over_seq,,,
seq_over_seq_d,,,
seq_over_seq_pd,,,
seq_pd_minus_pd_seq,,,
icapt_over_icapt,,,
icapt_over_icapt_d,,,
icapt_over_icapt_pd,,,
icapt_pd_minus_pd_icapt,,,
sale_over_sale,,,
sale_over_sale_d,,,
sale_over_sale_pd,,,
sale_pd_minus_pd_sale,,,
cogs_over_cogs,,,
cogs_over_cogs_d,,,
cogs_over_cogs_pd,,,
cogs_pd_minus_pd_cogs,,,
xsga_over_xsga,,,
xsga_over_xsga_d,,,
xsga_over_xsga_pd,,,
xsga_pd_minus_pd_xsga,,,
emp_over_emp,,,
emp_over_emp_d,,,
emp_over_emp_pd,,,
emp_pd_minus_pd_emp,,,
cstke,,,
cstke_over_at,,,
cstke_over_at_d,,,
cstke_over_act,,,
cstke_over_act_d,,,
cstke_over_invt,,,
cstke_over_invt_d,,,
cstke_over_ppent,,,
cstke_over_ppent_d,,,
cstke_over_lt,,,
cstke_over_lt_d,,,
cstke_over_lct,,,
cstke_over_lct_d,,,
cstke_over_ceq,,,
cstke_over_ceq_d,,,
cstke_over_seq,,,
cstke_over_seq_d,,,
cstke_over_icapt,,,
cstke_over_icapt_d,,,
cstke_over_sale,,,
cstke_over_sale_d,,,
cstke_over_cogs,,,
cstke_over_cogs_d,,,
cstke_over_xsga,,,
cstke_over_xsga_d,,,
cstke_over_emp,,,
cstke_over_emp_d,,,
cstke_over_mktcap,,,
cstke_over_mktcap_d,,,
cstke_d_over_at,,,
cstke_d_over_act,,,
cstke_d_over_invt,,,
cstke_d_over_ppent,,,
cstke_d_over_lt,,,
cstke_d_over_lct,,,
cstke_d_over_ceq,,,
cstke_d_over_seq,,,
cstke_d_over_icapt,,,
cstke_d_over_sale,,,
cstke_d_over_cogs,,,
cstke_d_over_xsga,,,
cstke_d_over_emp,,,
cstke_d_over_mktcap,,,
dvpa_over_ceq,,,
dvpa_over_seq,,,
esopnr,,,
esopnr_over_at,,,
esopnr_over_act,,,
esopnr_over_invt,,,
esopnr_over_ppent,,,
esopnr_over_lt,,,
esopnr_over_lct,,,
esopnr_over_dltt,,,
esopnr_over_ceq,,,
esopnr_over_seq,,,
esopnr_over_icapt,,,
esopnr_over_sale,,,
esopnr_over_cogs,,,
esopnr_over_xsga,,,
esopnr_over_emp,,,
esopnr_over_mktcap,,,
esopr,,,
esopr_over_at,,,
esopr_over_act,,,
esopr_over_invt,,,
esopr_over_ppent,,,
esopr_over_lt,,,
esopr_over_lct,,,
esopr_over_dltt,,,
esopr_over_ceq,,,
esopr_over_seq,,,
esopr_over_icapt,,,
esopr_over_sale,,,
esopr_over_cogs,,,
esopr_over_xsga,,,
esopr_over_emp,,,
esopr_over_mktcap,,,
esopt,,,
esopt_over_at,,,
esopt_over_at_d,,,
esopt_over_act,,,
esopt_over_act_d,,,
esopt_over_invt,,,
esopt_over_invt_d,,,
esopt_over_ppent,,,
esopt_over_ppent_d,,,
esopt_over_lt,,,
esopt_over_lt_d,,,
esopt_over_lct,,,
esopt_over_lct_d,,,
esopt_over_dltt,,,
esopt_over_dltt_d,,,
esopt_over_ceq,,,
esopt_over_ceq_d,,,
esopt_over_seq,,,
esopt_over_seq_d,,,
esopt_over_icapt,,,
esopt_over_icapt_d,,,
esopt_over_sale,,,
esopt_over_sale_d,,,
esopt_over_cogs,,,
esopt_over_cogs_d,,,
esopt_over_xsga,,,
esopt_over_xsga_d,,,
esopt_over_emp,,,
esopt_over_emp_d,,,
esopt_over_mktcap,,,
esopt_over_mktcap_d,,,
esopt_d_over_at,,,
esopt_d_over_act,,,
esopt_d_over_invt,,,
esopt_d_over_ppent,,,
esopt_d_over_lt,,,
esopt_d_over_lct,,,
esopt_d_over_dltt,,,
esopt_d_over_ceq,,,
esopt_d_over_seq,,,
esopt_d_over_icapt,,,
esopt_d_over_sale,,,
esopt_d_over_cogs,,,
esopt_d_over_xsga,,,
esopt_d_over_emp,,,
esopt_d_over_mktcap,,,
fatn_over_at_d,,,
fatn_over_act,,,
fatn_over_act_d,,,
fatn_over_invt_d,,,
fatn_over_ppent_d,,,
fatn_over_lt_d,,,
fatn_over_lct,,,
fatn_over_lct_d,,,
fatn_over_ceq,,,
fatn_over_ceq_d,,,
fatn_over_seq,,,
fatn_over_seq_d,,,
fatn_over_icapt_d,,,
fatn_over_sale_d,,,
fatn_over_cogs_d,,,
fatn_over_xsga_d,,,
fatn_over_emp_d,,,
fatn_over_mktcap_d,,,
fatn_d_over_at,,,
fatn_d_over_act,,,
fatn_d_over_invt,,,
fatn_d_over_ppent,,,
fatn_d_over_lt,,,
fatn_d_over_lct,,,
fatn_d_over_dltt,,,
fatn_d_over_ceq,,,
fatn_d_over_seq,,,
fatn_d_over_icapt,,,
fatn_d_over_sale,,,
fatn_d_over_cogs,,,
fatn_d_over_xsga,,,
fatn_d_over_emp,,,
fatn_d_over_mktcap,,,
itcb_over_xsga,,,
itcb_over_xsga_d,,,
itcb_d_over_xsga,,,
lse_over_at,,,
lse_over_at_d,,,
lse_over_at_pd,,,
lse_pd_minus_pd_at,,,
revt_over_sale,,,
revt_over_sale_d,,,
revt_over_sale_pd,,,
revt_pd_minus_pd_sale,,,
tstkp,,,
tstkp_over_at,,,
tstkp_over_at_d,,,
tstkp_over_act,,,
tstkp_over_act_d,,,
tstkp_over_invt,,,
tstkp_over_invt_d,,,
tstkp_over_ppent,,,
tstkp_over_ppent_d,,,
tstkp_over_lt,,,
tstkp_over_lt_d,,,
tstkp_over_lct,,,
tstkp_over_lct_d,,,
tstkp_over_dltt,,,
tstkp_over_dltt_d,,,
tstkp_over_ceq,,,
tstkp_over_ceq_d,,,
tstkp_over_seq,,,
tstkp_over_seq_d,,,
tstkp_over_icapt,,,
tstkp_over_icapt_d,,,
tstkp_over_sale,,,
tstkp_over_sale_d,,,
tstkp_over_cogs,,,
tstkp_over_cogs_d,,,
tstkp_over_xsga,,,
tstkp_over_xsga_d,,,
tstkp_over_emp,,,
tstkp_over_emp_d,,,
tstkp_over_mktcap,,,
tstkp_over_mktcap_d,,,
tstkp_d_over_at,,,
tstkp_d_over_act,,,
tstkp_d_over_invt,,,
tstkp_d_over_ppent,,,
tstkp_d_over_lt,,,
tstkp_d_over_lct,,,
tstkp_d_over_dltt,,,
tstkp_d_over_ceq,,,
tstkp_d_over_seq,,,
tstkp_d_over_icapt,,,
tstkp_d_over_sale,,,
tstkp_d_over_cogs,,,
tstkp_d_over_xsga,,,
tstkp_d_over_emp,,,
tstkp_d_over_mktcap,,,
txndbr,,,
txndbr_over_at,,,
txndbr_over_at_d,,,
txndbr_over_act,,,
txndbr_over_act_d,,,
txndbr_over_invt,,,
txndbr_over_invt_d,,,
txndbr_over_ppent,,,
txndbr_over_ppent_d,,,
txndbr_over_lt,,,
txndbr_over_lct,,,
txndbr_over_dltt,,,
txndbr_over_ceq,,,
txndbr_over_ceq_d,,,
txndbr_over_seq,,,
txndbr_over_seq_d,,,
txndbr_over_icapt,,,
txndbr_over_icapt_d,,,
txndbr_over_sale,,,
txndbr_over_sale_d,,,
txndbr_over_cogs,,,
txndbr_over_cogs_d,,,
txndbr_over_xsga,,,
txndbr_over_xsga_d,,,
txndbr_over_emp,,,
txndbr_over_emp_d,,,
txndbr_over_mktcap,,,
txndbr_over_mktcap_d,,,
txndbr_d_over_at,,,
txndbr_d_over_act,,,
txndbr_d_over_invt,,,
txndbr_d_over_ppent,,,
txndbr_d_over_lt,,,
txndbr_d_over_lct,,,
txndbr_d_over_ceq,,,
txndbr_d_over_seq,,,
txndbr_d_over_icapt,,,
txndbr_d_over_sale,,,
txndbr_d_over_cogs,,,
txndbr_d_over_xsga,,,
txndbr_d_over_emp,,,
txndbr_d_over_mktcap,,,
