permno,ticker,comnam
87432.0,A,AGILENT TECHNOLOGIES INC
16347.0,AA,ALCOA CORP
24643.0,AA,ALCOA INC
22271.0,AACI,ARMADA ACQUISITION CORP I
17869.0,AADI,AADI BIOSCIENCE INC
21020.0,AAL,AMERICAN AIRLINES GROUP INC
10517.0,AAN,AARONS INC
20064.0,AAN,AARONS CO INC
14145.0,AAOI,APPLIED OPTOELECTRONICS INC
76868.0,AAON,AAON INC
89217.0,AAP,ADVANCE AUTO PARTS INC
14593.0,AAPL,APPLE INC
81624.0,AATC,AUTOSCOPE TECHNOLOGIES CORP
91262.0,AAWW,ATLAS AIR WORLDWIDE HOLDINGS INC
89031.0,AAXN,AXON ENTERPRISE INC
77279.0,ABAX,ABAXIS INC
13721.0,ABBV,ABBVIE INC
81540.0,ABC,AMERISOURCEBERGEN CORP
93188.0,ABCD,CAMBIUM LEARNING GROUP INC
89203.0,ABCO,ADVISORY BOARD CO
87656.0,ABEO,ABEONA THERAPEUTICS INC
89327.0,ABG,ASBURY AUTOMOTIVE GROUP INC
85293.0,ABIO,ARCA BIOPHARMA INC
19826.0,ABL,ABACUS LIFE INC
47730.0,ABM,A B M INDUSTRIES INC
75107.0,ABMD,ABIOMED INC
20190.0,ABNB,AIRBNB INC
21695.0,ABOS,ACUMEN PHARMACEUTICALS INC
21604.0,ABSI,ABSCI CORP
20482.0,ABT,ABBOTT LABORATORIES
86763.0,ABTL,AUTOBYTEL INC
15774.0,ABTX,ALLEGIANCE BANCSHARES INC
21828.0,ABVC,A B V C BIOPHARMA INC
18144.0,ACA,ARCOSA INC
90177.0,ACAD,ACADIA PHARMACEUTICALS
18546.0,ACAM,ACAMAR PARTNERS ACQUISITION CORP
76207.0,ACAT,ARCTIC CAT INC
15709.0,ACBI,ATLANTIC CAPITAL BANCSHARES INC
19496.0,ACCD,ACCOLADE INC
90825.0,ACCO,A C C O BRANDS CORP
23064.0,ACDC,PROFRAC HOLDING CORP
16874.0,ACEL,ACCEL ENTERTAINMENT INC
91471.0,ACER,ACER THERAPEUTICS INC
10656.0,ACET,ACETO CORP
17272.0,ACET,ADICET BIO INC
82824.0,ACGN,ACERAGEN INC
13105.0,ACHC,ACADIA HEALTHCARE CO INC
91491.0,ACHN,ACHILLION PHARMACEUTICALS INC
20207.0,ACHR,ARCHER AVIATION INC
82526.0,ACHV,ACHIEVE LIFE SCIENCES INC
19413.0,ACI,ALBERTSONS COMPANIES INC
16051.0,ACIA,ACACIA COMMUNICATIONS INC
13712.0,ACIC,AMERICAN COASTAL INSURANCE CORP
81282.0,ACIW,A C I WORLDWIDE INC
88417.0,ACLS,AXCELIS TECHNOLOGIES INC
22758.0,ACLX,ARCELLX INC
91975.0,ACM,A E C O M
17045.0,ACMR,A C M RESEARCH INC
43334.0,ACNT,ASCENT INDUSTRIES CO
91086.0,ACOR,ACORDA THERAPEUTICS INC
15775.0,ACRS,ACLARIS THERAPEUTICS INC
23510.0,ACRV,ACRIVON THERAPEUTICS INC
12573.0,ACRX,ACELRX PHARMACEUTICALS INC
21906.0,ACT,ENACT HOLDINGS INC
87167.0,ACTA,ACTUA CORP
89611.0,ACTG,ACACIA RESEARCH CORP
60038.0,ACU,ACME UNITED CORP
10116.0,ACUR,ACURA PHARMACEUTICALS INC
20657.0,ACVA,A C V AUCTIONS INC
90643.0,ACW,ACCURIDE CORP NEW
20117.0,ACXM,ACXIOM CORP
21512.0,ACXP,ACURX PHARMACEUTICALS INC
85757.0,ACY,AEROCENTURY CORP
75510.0,ADBE,ADOBE SYSTEMS INC
75510.0,ADBE,ADOBE INC
89922.0,ADEA,ADEIA INC
90400.0,ADES,ADVANCED EMISSIONS SOLUTIONS INC
21790.0,ADGI,ADAGIO THERAPEUTICS INC
60871.0,ADI,ANALOG DEVICES INC
17951.0,ADIL,ADIAL PHARMACEUTICALS INC
91627.0,ADK,ADCARE HEALTH SYSTEMS INC
10516.0,ADM,ARCHER DANIELS MIDLAND CO
15056.0,ADMA,ADMA BIOLOGICS INC
82163.0,ADMP,ADAMIS PHARMACEUTICALS CORP
14589.0,ADMS,ADAMAS PHARMACEUTICALS INC
18302.0,ADN,ADVENT TECHNOLOGIES HLDGS INC
16773.0,ADOM,ADOMANI INC
44644.0,ADP,AUTOMATIC DATA PROCESSING INC
14713.0,ADPT,ADEPTUS HEALTH INC
18769.0,ADPT,ADAPTIVE BIOTECHNOLOGIES CORP
15282.0,ADRO,ADURO BIOTECH INC
89002.0,ADS,ALLIANCE DATA SYSTEMS CORP
85631.0,ADSK,AUTODESK INC
16435.0,ADSW,ADVANCED DISPOSAL SERVICES INC
17223.0,ADT,A D T INC
21076.0,ADTH,ADTHEORENT HOLDING CO INC
80791.0,ADTN,ADTRAN INC
80791.0,ADTN,ADTRAN HOLDINGS INC
19460.0,ADTX,ADITX THERAPEUTICS INC
19460.0,ADTX,ADITXT INC
93073.0,ADUS,ADDUS HOMECARE CORP
18953.0,ADV,ADVANTAGE SOLUTIONS INC
14790.0,ADVM,ADVERUM BIOTECHNOLOGIES INC
14237.0,ADXS,ADVAXIS INC
61487.0,AE,ADAMS RESOURCES & ENERGY INC
24985.0,AEE,AMEREN CORP
44274.0,AEGN,AEGION CORP
12347.0,AEGR,AEGERION PHARMACEUTICALS INC
85272.0,AEHR,AEHR TEST SYSTEMS
20147.0,AEI,ALSET EHOME INTERNATIONAL INC
20147.0,AEI,ALSET INC
82547.0,AEIS,ADVANCED ENERGY INDUSTRIES INC
15491.0,AEMD,AETHLON MEDICAL INC
80432.0,AEO,AMERICAN EAGLE OUTFITTERS INC NE
21086.0,AEON,AEON BIOPHARMA INC
24109.0,AEP,AMERICAN ELECTRIC POWER CO INC
10025.0,AEPI,A E P INDUSTRIES INC
22273.0,AERC,AEROCLEAN TECHNOLOGIES INC
14238.0,AERI,AERIE PHARMACEUTICALS INC
76712.0,AES,A E S CORP
16975.0,AESE,ALLIED ESPORTS ENTERTAINMENT INC
23738.0,AESI,ATLAS ENERGY SOLUTIONS INC NEW
86812.0,AETI,AMERICAN ELECTRIC TECHNOLS INC
76869.0,AEY,ADDVANTAGE TECHNOLOGIES GRP INC
18098.0,AEYE,AUDIOEYE INC
75526.0,AFAM,ALMOST FAMILY INC
16671.0,AFBI,AFFINITY BANCSHARES INC
20764.0,AFCG,A F C GAMMA INC
15956.0,AFI,ARMSTRONG FLOORING INC
19619.0,AFIB,ACUTUS MEDICAL INC
20339.0,AFRM,AFFIRM HOLDINGS INC
16975.0,AGAE,ALLIED GAMING & ENTERTAINMENT IN
77520.0,AGCO,A G C O CORP
18217.0,AGE,AGEX THERAPEUTICS INC
87583.0,AGEN,AGENUS INC
14590.0,AGFS,AGROFRESH SOLUTIONS INC
20412.0,AGFY,AGRIFY CORP
19194.0,AGIL,AGILETHOUGHT INC
14044.0,AGIO,AGIOS PHARMACEUTICALS INC
20893.0,AGL,AGILON HEALTH INC
16005.0,AGLE,AEGLEA BIOTHERAPEUTICS INC
15859.0,AGR,AVANGRID INC
14645.0,AGRX,AGILE THERAPEUTICS INC
17252.0,AGS,PLAYAGS INC
14528.0,AGTC,APPLIED GENETIC TECHNOLOGIES COR
20901.0,AGTI,AGILITI INC
64785.0,AGX,ARGAN INC
63125.0,AGYS,AGILYSYS INC
92528.0,AHC,A H BELO CORP
17684.0,AHCO,ADAPTHEALTH CORP
77259.0,AHPI,ALLIED HEALTHCARE PRODUCTS INC
89215.0,AHS,A M N HEALTHCARE SERVICES INC
20193.0,AI,C3 AI INC
23264.0,AIEV,THUNDER POWER HOLDINGS INC
17345.0,AIHS,SENMIAO TECHNOLOGY LTD
18148.0,AIKI,ALKIDO PHARMA INC
83762.0,AIM,AIM IMMUNOTECH INC
91658.0,AIMC,ALTRA INDUSTRIAL MOTION CORP
15630.0,AIMT,AIMMUNE THERAPEUTICS INC
11731.0,AIN,ALBANY INTERNATIONAL CORP NEW
22177.0,AIP,ARTERIS INC
15645.0,AIPT,PRECISION THERAPEUTICS INC
89048.0,AIQ,ALLIANCE HEALTHCARE SERVICES INC
54594.0,AIR,A A R CORP
16247.0,AIRG,AIRGAIN INC
13976.0,AIRI,AIR INDUSTRIES GROUP
22693.0,AIRJ,MONTANA TECHNOLOGIES CORP
11641.0,AIRM,AIR METHODS CORP
22178.0,AIRS,AIRSCULPT TECHNOLOGIES INC
11368.0,AIRT,AIR T INC
21273.0,AISP,AIRSHIP A I HOLDINGS INC
29612.0,AIT,APPLIED INDUSTRIAL TECHS INC
20765.0,AJRD,AEROJET ROCKETDYNE HOLDINGS INC
21975.0,AKA,A K A BRANDS HOLDING CORP
87299.0,AKAM,AKAMAI TECHNOLOGIES INC
14530.0,AKAO,ACHAOGEN INC
14531.0,AKBA,AKEBIA THERAPEUTICS INC
16814.0,AKCA,AKCEA THERAPEUTICS INC
14419.0,AKER,AKERS BIOSCIENCES INC
21534.0,AKLI,AKILI INC
18772.0,AKRO,AKERO THERAPEUTICS INC
10180.0,AKRX,AKORN INC
80303.0,AKS,A K STEEL HOLDING CORP
16625.0,AKTS,AKOUSTIS TECHNOLOGIES INC
19461.0,AKUS,AKOUOS INC
21016.0,AKYA,AKOYA BIOSCIENCES INC
12641.0,AL,AIR LEASE CORP
80191.0,ALB,ALBEMARLE CORP
92032.0,ALBO,ALBIREO PHARMA INC
18253.0,ALBT,AVALON GLOBOCARE CORP
11790.0,ALCO,ALICO INC
14646.0,ALDR,ALDER BIOPHARMACEUTICALS INC
14647.0,ALDX,ALDEYRA THERAPEUTICS INC
24248.0,ALE,ALLETE INC
18376.0,ALEC,ALECTOR INC
13429.0,ALEX,ALEXANDER & BALDWIN INC NEW
21268.0,ALF,ALFI INC
78950.0,ALG,ALAMO GROUP INC
19938.0,ALGM,ALLEGRO MICROSYSTEMS INC
88860.0,ALGN,ALIGN TECHNOLOGY INC
18042.0,ALGR,ALLEGRO MERGER CORP
19944.0,ALGS,ALIGOS THERAPEUTICS INC
91659.0,ALGT,ALLEGIANT TRAVEL CO
20661.0,ALHC,ALIGNMENT HEALTHCARE INC
93339.0,ALIM,ALIMERA SCIENCES INC
21617.0,ALIT,ALIGHT INC
90779.0,ALJ,ALON U S A ENERGY INC
16052.0,ALJJ,A L J REGIONAL HOLDINGS INC
28804.0,ALK,ALASKA AIRGROUP INC
21017.0,ALKT,ALKAMI TECHNOLOGY INC
17948.0,ALLK,ALLAKOS INC
18137.0,ALLO,ALLOGENE THERAPEUTICS INC
22523.0,ALLR,ALLARITY THERAPEUTICS INC
93012.0,ALN,AMERICAN LORAIN CORP
17042.0,ALNA,ALLENA PHARMACEUTICALS INC
41188.0,ALNT,ALLIENT INC
90178.0,ALNY,ALNYLAM PHARMACEUTICALS INC
14198.0,ALOG,ANALOGIC CORP
15537.0,ALOT,ASTRONOVA INC
21908.0,ALPA,ALPHA HEALTHCARE ACQ CORP III
15432.0,ALPN,ALPINE IMMUNE SCIENCES INC
22179.0,ALPP,ALPINE 4 HOLDINGS INC
14420.0,ALQA,ALLIQUA BIOMEDICAL INC
89230.0,ALR,ALERE INC
89252.0,ALR,ALERISLIFE INC
15409.0,ALRM,ALARM COM HOLDINGS INC
16776.0,ALRN,AILERON THERAPEUTICS INC
18941.0,ALRS,ALERUS FINANCIAL CORP
87373.0,ALSK,ALASKA COMMUNICATIONS SYS GRP IN
13284.0,ALSN,ALLISON TRANSMISSION HLDGS INC
90926.0,ALT,ALTIMMUNE INC
15435.0,ALTA,ALTABANCORP
18514.0,ALTG,ALTA EQUIPMENT GROUP INC
21056.0,ALTI,ALTI GLOBAL INC
16673.0,ALTM,ALTUS MIDSTREAM CO
86165.0,ALTO,ALTO INGREDIENTS INC
17034.0,ALTR,ALTAIR ENGINEERING INC
84656.0,ALV,AUTOLIV INC
19540.0,ALVR,ALLOVIR INC
83111.0,ALXN,ALEXION PHARMACEUTICALS INC
19542.0,ALXO,ALX ONCOLOGY HOLDINGS INC
16738.0,AM,ANTERO MIDSTREAM CORP
10363.0,AMAG,A M A G PHARMACEUTICALS INC
18043.0,AMAL,AMALGAMATED BANK
18043.0,AMAL,AMALGAMATED FINANCIAL CORP
21018.0,AMAO,AMERICAN ACQUISITION OPP INC
14702.0,AMAT,APPLIED MATERIALS INC
14499.0,AMBR,AMBER ROAD INC
14328.0,AMC,A M C ENTERTAINMENT HOLDINGS INC
85522.0,AMCC,APPLIED MICRO CIRCUITS CORP
18302.0,AMCI,A M C I ACQUISITION CORP
12880.0,AMCX,A M C NETWORKS INC
61241.0,AMD,ADVANCED MICRO DEVICES INC
14444.0,AMDA,AMEDICA CORP
85257.0,AME,AMETEK INC NEW
80795.0,AMED,AMEDISYS INC
17133.0,AMEH,APOLLO MEDICAL HOLDINGS INC
14008.0,AMGN,AMGEN INC
19180.0,AMHC,AMPLITUDE HEALTHCARE ACQ CORP
86047.0,AMKR,AMKOR TECHNOLOGY INC
22626.0,AMLX,AMYLYX PHARMACEUTICALS INC
16376.0,AMMA,ALLIANCE M M A INC
89215.0,AMN,A M N HEALTHCARE SERVICES INC
41188.0,AMOT,ALLIED MOTION TECHNOLOGIES INC
90880.0,AMP,AMERIPRISE FINANCIAL INC
12789.0,AMPE,AMPIO PHARMACEUTICALS INC
20566.0,AMPG,AMPLITECH GROUP INC
14688.0,AMPH,AMPHASTAR PHARMACEUTICALS INC
21904.0,AMPL,AMPLITUDE INC
20522.0,AMPS,ALTUS POWER INC
23352.0,AMPX,AMPRIUS TECHNOLOGIES INC
16442.0,AMPY,AMPLIFY ENERGY CORP
16677.0,AMR,ALTA MESA RESOURCES INC
18224.0,AMR,ALPHA METALLURGICAL RES INC
10158.0,AMRC,AMERESCO INC
82215.0,AMRH,AMERI HOLDINGS INC
86709.0,AMRI,ALBANY MOLECULAR RESEARCH INC
14532.0,AMRK,A MARK PRECIOUS METALS INC
12307.0,AMRS,AMYRIS INC
82702.0,AMRX,AMNEAL PHARMACEUTICALS INC
13769.0,AMS,AMERICAN SHARED HOSPITAL SVCS
77175.0,AMSC,AMERICAN SUPERCONDUCTOR CORP
85675.0,AMSG,AMSURG CORP
19811.0,AMST,AMESITE INC
13777.0,AMSWA,AMERICAN SOFTWARE INC
18049.0,AMTB,AMERANT BANCORP INC
18050.0,AMTBB,AMERANT BANCORP INC
19462.0,AMTI,APPLIED MOLECULAR TRANSPORT INC
10501.0,AMWD,AMERICAN WOODMARK CORP
19657.0,AMWL,AMERICAN WELL CORP
84788.0,AMZN,AMAZON COM INC
76282.0,AN,AUTONATION INC DEL
16562.0,ANAB,ANAPTYSBIO INC
12498.0,ANCB,ANCHOR BANCORP WA
83112.0,ANDE,ANDERSONS INC
37284.0,ANDV,ANDEAVOR
21269.0,ANEB,ANEBULO PHARMACEUTICALS INC
14714.0,ANET,ARISTA NETWORKS INC
83976.0,ANF,ABERCROMBIE & FITCH CO
13106.0,ANGI,ANGIES LIST INC
16921.0,ANGI,ANGI HOMESERVICES INC
16921.0,ANGI,ANGI INC
20567.0,ANGN,ANGION BIOMEDICA CORP
90179.0,ANGO,ANGIODYNAMICS INC
79150.0,ANIK,ANIKA THERAPEUTICS INC
89875.0,ANIP,A N I PHARMACEUTICALS INC
27167.0,ANIX,ANIXA BIOSCIENCES INC
19544.0,ANNX,ANNEXON INC
83621.0,ANSS,ANSYS INC
93300.0,ANTH,ANTHERA PHARMACEUTICALS INC
22886.0,ANTX,AN2 THERAPEUTICS INC
19149.0,ANVS,ANNOVIS BIO INC
21019.0,ANZU,ANZU SPECIAL ACQ CORP I
89606.0,AOBC,AMERICAN OUTDOOR BRANDS CORP
29867.0,AOI,ALLIANCE ONE INTERNATIONAL INC
78876.0,AORT,ARTIVION INC
65402.0,AOS,SMITH A O CORP
19579.0,AOUT,AMERICAN OUTDOOR BRANDS INC
18075.0,AP,AMPCO PITTSBURGH CORP
39490.0,APA,APACHE CORP
39490.0,APA,A P A CORP
70332.0,APC,ANADARKO PETROLEUM CORP
22627.0,APCX,APPTECH PAYMENTS CORP
28222.0,APD,AIR PRODUCTS & CHEMICALS INC
15057.0,APDN,APPLIED DNA SCIENCES INC
92428.0,APEI,AMERICAN PUBLIC EDUCATION INC
13648.0,APEN,APOLLO ENDOSURGERY INC
79315.0,APEX,APEX GLOBAL BRANDS INC
19317.0,APG,A P I GROUP CORP
24064.0,APGE,APOGEE THERAPEUTICS INC
84769.0,APH,AMPHENOL CORP NEW
80577.0,APHB,AMPLIPHI BIOSCIENCES CORP
15283.0,APIC,APIGEE CORP
89986.0,APLD,APPLIED DIGITAL CORP
17104.0,APLS,APELLIS PHARMACEUTICALS INC
18644.0,APLT,APPLIED THERAPEUTICS INC
14526.0,APOG,APOGEE ENTERPRISES INC
81138.0,APOL,APOLLO EDUCATION GROUP INC
20894.0,APP,APPLOVIN CORP
15410.0,APPF,APPFOLIO INC
19480.0,APPH,APPHARVEST INC
16698.0,APPN,APPIAN CORP
88518.0,APPS,DIGITAL TURBINE INC
92213.0,APPY,VENAXIS INC
18997.0,APRE,APREA THERAPEUTICS INC
88177.0,APRI,APRICUS BIOSCIENCES INC
16755.0,APRN,BLUE APRON HOLDINGS INC
87832.0,APT,ALPHA PRO TECH LTD
16282.0,APTI,APPTIO INC
17868.0,APTX,APTINYX INC
16146.0,APVO,APTEVO THERAPEUTICS INC
19064.0,APXT,APEX TECHNOLOGY ACQUISITION CORP
17783.0,APY,APERGY CORP
89891.0,APYX,APYX MEDICAL CORP
17046.0,AQ,AQUANTIA CORP
16541.0,AQB,AQUABOUNTY TECHNOLOGIES INC
15493.0,AQMS,AQUA METALS INC
17955.0,AQST,AQUESTIVE THERAPEUTICS INC
17035.0,AQUA,EVOQUA WATER TECHNOLOGIES CORP
14535.0,AQXP,AQUINOX PHARMACEUTICALS INC
14179.0,AR,ANTERO RESOURCES CORP
16024.0,ARA,AMERICAN RENAL ASSOCIATES
14555.0,ARAV,ARAVIVE INC
91814.0,ARAY,ACCURAY INC DE
90548.0,ARC,A R C DOCUMENTS SOLUTIONS INC
77595.0,ARCB,ARCBEST CORP
16436.0,ARCH,ARCH COAL INC
16436.0,ARCH,ARCH RESOURCES INC
77202.0,ARCI,APPLIANCE RECYCLING CTRS AMR INC
13918.0,ARCT,ARCTURUS THERAPEUTICS HLDNGS INC
91954.0,ARCW,ARC GROUP WORLDWIDE INC
83622.0,ARDM,ARADIGM CORP
18044.0,ARDS,ARIDIS PHARMACEUTICALS INC
14690.0,ARDX,ARDELYX INC
22765.0,AREB,AMERICAN REBEL HOLDINGS INC
18396.0,AREC,AMERICAN RESOURCES CORP
12928.0,AREN,ARENA GROUP HOLDINGS INC
92429.0,AREX,APPROACH RESOURCES INC
14447.0,ARGS,ARGOS THERAPEUTICS INC
22262.0,ARHS,ARHAUS INC
80918.0,ARIA,ARIAD PHARMACEUTICALS INC
91075.0,ARII,AMERICAN RAILCAR INDUSTRIES INC
22096.0,ARIS,ARIS WATER SOLUTIONS INC
77082.0,ARIS,A R I NETWORK SERVICES INC
22527.0,ARIZ,ARISZ ACQUISITION CORP
18844.0,ARKO,A R K O CORP
85586.0,ARKR,ARK RESTAURANTS CORP
18013.0,ARLO,ARLO TECHNOLOGIES INC
14329.0,ARMK,ARAMARK
80577.0,ARMP,ARMATA PHARMACEUTICALS INC
88421.0,ARNA,ARENA PHARMACEUTICALS INC
19283.0,ARNC,ARCONIC CORP
24643.0,ARNC,ARCONIC INC
92245.0,AROC,ARCHROCK INC
17869.0,ARPO,AERPIO PHARMACEUTICALS INC
90400.0,ARQ,ARQ INC
84052.0,ARQL,ARQULE INC
19184.0,ARQT,ARCUTIS BIOTHERAPEUTICS INC
19851.0,ARRY,ARRAY TECHNOLOGIES INC
88790.0,ARRY,ARRAY BIOPHARMA INC
18773.0,ARTL,ARTELO BIOSCIENCES INC
83469.0,ARTNA,ARTESIAN RESOURCES CORP
15203.0,ARTW,ARTS WAY MANUFACTURING INC
80237.0,ARTX,AROTECH CORP
18100.0,ARVN,ARVINAS INC
29209.0,ARW,ARROW ELECTRONICS INC
80069.0,ARWR,ARROWHEAD PHARMACEUTICALS INC
19746.0,ASAN,ASANA INC
13036.0,ASBB,A S B BANCORP INC
92777.0,ASCMA,ASCENT CAPITAL GROUP INC
58560.0,ASEI,AMERICAN SCIENCE & ENGR INC
77917.0,ASGN,ON ASSIGNMENT INC
77917.0,ASGN,ASGN INC
24272.0,ASH,ASHLAND INC NEW
24272.0,ASH,ASHLAND GLOBAL HOLDINGS INC
24272.0,ASH,ASHLAND INC 2022
16276.0,ASIX,ADVANSIX INC
18410.0,ASLE,AERSALE CORP
12497.0,ASMB,ASSEMBLY BIOSCIENCES INC
30737.0,ASNA,ASCENA RETAIL GROUP INC
17105.0,ASNS,ARSANIS INC
23101.0,ASNS,ACTELIS NETWORKS INC
19945.0,ASO,ACADEMY SPORTS & OUTDOORS INC
21914.0,ASPA,ABRI S P A C I INC
23509.0,ASPI,ASP ISOTOPES INC
14715.0,ASPN,ASPEN AEROGELS INC
16856.0,ASPU,ASPEN GROUP INC
85686.0,ASRT,ASSERTIO THERAPEUTICS INC
85686.0,ASRT,ASSERTIO HOLDINGS INC
14950.0,AST,ASTERIAS BIOTHERAPEUTICS INC
82747.0,ASTC,ASTROTECH CORP
10382.0,ASTE,ASTEC INDUSTRIES INC
17133.0,ASTH,ASTRANA HEALTH INC
19835.0,ASTR,ASTRA SPACE INC
19076.0,ASTS,A S T SPACEMOBILE INC
77505.0,ASUR,ASURE SOFTWARE INC
16700.0,ASV,A S V HOLDINGS INC
76908.0,ASXC,ASENSUS SURGICAL INC
65008.0,ASYS,AMTECH SYSTEMS INC
16922.0,ATAC,ATLANTIC ACQUISITION CORP
18357.0,ATCX,ATLAS TECHNICAL CONSULTANTS INC
91348.0,ATEC,ALPHATEC HOLDINGS INC
14495.0,ATEN,A10 NETWORKS INC
18780.0,ATER,ATERIAN INC
15226.0,ATEX,PDVWIRELESS INC
15226.0,ATEX,ANTERIX INC
76708.0,ATGE,ADTALEM GLOBAL EDUCATION INC
19812.0,ATHA,ATHIRA PHARMA INC
92296.0,ATHN,ATHENAHEALTH INC
92456.0,ATHX,ATHERSYS INC
43123.0,ATI,ALLEGHENY TECHNOLOGIES
43123.0,ATI,A T I INC
19892.0,ATIP,A T I PHYSICAL THERAPY INC
16119.0,ATKR,ATKORE INTERNATIONAL GROUP INC
16119.0,ATKR,ATKORE INC
23658.0,ATLX,ATLAS LITHIUM CORP
23877.0,ATMU,ATMUS FILTRATION TECH INC
16788.0,ATNF,180 LIFE SCIENCES CORP
77090.0,ATNI,A T N INTERNATIONAL INC
14497.0,ATNM,ACTINIUM PHARMACEUTICALS INC
16777.0,ATNX,ATHENEX INC
32986.0,ATO,ATMOS ENERGY CORP
16250.0,ATOM,ATOMERA INC
13693.0,ATOS,ATOSSA GENETICS INC
13693.0,ATOS,ATOSSA THERAPEUTICS INC
79133.0,ATR,APTARGROUP INC
14991.0,ATRA,ATARA BIOTHERAPEUTICS INC
90856.0,ATRC,ATRICURE INC
11587.0,ATRI,ATRION CORP
15457.0,ATRO,ASTRONICS CORP
88905.0,ATRS,ANTARES PHARMA INC
90716.0,ATSG,AIR TRANSPORT SERVICES GROUP INC
11581.0,ATU,ACTUANT CORP
16753.0,ATUS,ALTICE USA INC
79678.0,ATVI,ACTIVISION BLIZZARD INC
15721.0,ATW,ATWOOD OCEANICS INC
16778.0,ATXI,AVENUE THERAPEUTICS INC
15416.0,ATXS,ASTRIA THERAPEUTICS INC
15378.0,ATYR,ATYR PHARMA INC
86560.0,AUD,AUDACY INC
22183.0,AUGX,AUGMEDIX INC
21829.0,AUID,IPSIDY INC
21829.0,AUID,AUTHID INC
84302.0,AULT,AULT ALLIANCE INC
14992.0,AUMA,A R CAPITAL ACQUISITION CORP
93285.0,AUMN,GOLDEN MINERALS CO
21331.0,AUR,AURORA INNOVATION INC
22184.0,AURA,AURA BIOSCIENCES INC
86763.0,AUTO,AUTOWEB INC
19621.0,AUVI,APPLIED UV INC
24969.0,AVA,AVISTA CORP
21026.0,AVAH,AVEANNA HEALTHCARE HOLDINGS INC
91733.0,AVAV,AEROVIRONMENT INC
18253.0,AVCO,AVALON GLOBOCARE CORP
16911.0,AVCT,AMERICAN VIRTUAL CLOUD TECH INC
11144.0,AVD,AMERICAN VANGUARD CORP
22081.0,AVDX,AVIDXCHANGE HOLDINGS INC
93301.0,AVEO,A V E O PHARMACEUTICALS INC
93002.0,AVGO,BROADCOM INC
15172.0,AVGR,AVINGER INC
78955.0,AVID,AVID TECHNOLOGY INC
19939.0,AVIR,ATEA PHARMACEUTICALS INC
57913.0,AVIR,AVIRAGEN THERAPEUTICS INC
17855.0,AVLR,AVALARA INC
14941.0,AVNS,AVANOS MEDICAL INC
88597.0,AVNT,AVIENT CORP
15217.0,AVNU,AVENUE FINANCIAL HOLDINGS INC
91836.0,AVNW,AVIAT NETWORKS INC
19946.0,AVO,MISSION PRODUCE INC
40416.0,AVP,AVON PRODUCTS INC
19064.0,AVPT,AVEPOINT INC
17871.0,AVRO,AVROBIO INC
27684.0,AVT,AVNET INC
86544.0,AVTA,AVANTAX INC
21518.0,AVTE,AEROVATE THERAPEUTICS INC
18579.0,AVTR,AVANTOR INC
15833.0,AVTX,AVALO THERAPEUTICS INC
81912.0,AVX,A V X CORP NEW
15776.0,AVXL,ANAVEX LIFE SCIENCES CORP
15934.0,AVXS,AVEXIS INC
44601.0,AVY,AVERY DENNISON CORP
17234.0,AVYA,AVAYA HOLDINGS CORP
88620.0,AWH,ASPIRA WOMENS HEALTH INC
91516.0,AWI,ARMSTRONG WORLD INDS INC NEW
92614.0,AWK,AMERICAN WATER WORKS CO INC
71475.0,AWR,AMERICAN STATES WATER CO
83844.0,AWRE,AWARE INC
86113.0,AWX,AVALON HOLDINGS CORP
14992.0,AXAR,AXAR ACQUISITION CORP
76888.0,AXAS,ABRAXAS PETROLEUM CORP
84184.0,AXDX,ACCELERATE DIAGNOSTICS INC
46077.0,AXE,ANIXTER INTERNATIONAL INC
10966.0,AXGN,AXOGEN INC
86547.0,AXL,AMERICAN AXLE & MFG HLGDS INC
18646.0,AXLA,AXCELLA HEALTH INC
75222.0,AXLL,AXIALL CORP
18190.0,AXNX,AXONICS MODULATION TECHS INC
18190.0,AXNX,AXONICS INC
89031.0,AXON,AXON ENTERPRISE INC
15831.0,AXSM,AXSOME THERAPEUTICS INC
86051.0,AXTI,A X T INC
89216.0,AYI,ACUITY BRANDS INC
19392.0,AYLA,AYALA PHARMACEUTICALS INC
90640.0,AYRO,AYRO INC
16974.0,AYTU,AYTU BIOSCIENCE INC
16974.0,AYTU,AYTU BIOPHARMA INC
16597.0,AYX,ALTERYX INC
19409.0,AZEK,THE AZEK COMPANY INC
76605.0,AZO,AUTOZONE INC
23063.0,AZPN,ASPEN TECHNOLOGY INC NEW
80957.0,AZPN,ASPEN TECHNOLOGY INC
16377.0,AZRX,AZURRX BIOPHARMA INC
81241.0,AZTA,AZENTA INC
19947.0,AZYO,AZIYO BIOLOGICS INC
16126.0,AZZ,A Z Z INC
39693.0,B,BARNES GROUP INC
19561.0,BA,BOEING CO
89036.0,BABY,NATUS MEDICAL INC
18405.0,BACK,I M A C HOLDINGS INC
23663.0,BAER,BRIDGER AEROSPACE GP HLDGS INC
22280.0,BAFN,BAYFIRST FINANCIAL CORP
12366.0,BAH,BOOZ ALLEN HAMILTON HOLDING CORP
57568.0,BALL,BALL CORP
18425.0,BALY,BALLYS CORP
17106.0,BAND,BANDWIDTH INC
20238.0,BARK,BARK INC
91040.0,BAS,BASIC ENERGY SERVICES INC
21701.0,BASE,COUCHBASE INC
85526.0,BASI,BIOANALYTICAL SYSTEMS INC
91283.0,BATL,BATTALION OIL CORP
15996.0,BATRA,LIBERTY MEDIA CORP 3RD NEW
24022.0,BATRA,ATLANTA BRAVES HOLDINGS INC
15997.0,BATRK,LIBERTY MEDIA CORP 3RD NEW
24023.0,BATRK,ATLANTA BRAVES HOLDINGS INC
27887.0,BAX,BAXTER INTERNATIONAL INC
21053.0,BBAI,BIGBEAR AI HOLDINGS INC
77659.0,BBBY,BED BATH & BEYOND INC
16895.0,BBCP,CONCRETE PUMPING HOLDINGS INC
90494.0,BBG,BILL BARRETT CORP
87589.0,BBGI,BEASLEY BROADCAST GROUP INC
17826.0,BBIG,VINCO VENTURES INC
18770.0,BBIO,BRIDGEBIO PHARMA INC
22185.0,BBLG,BONE BIOLOGICS CORP
78172.0,BBOX,BLACK BOX CORP DEL
84203.0,BBQ,BBQ HOLDINGS INC
12348.0,BBRG,BRAVO BRIO RESTAURANT GROUP INC
79249.0,BBSI,BARRETT BUSINESS SERVICES INC
90371.0,BBW,BUILD A BEAR WORKSHOP INC
64282.0,BBWI,BATH & BODY WORKS INC
85914.0,BBY,BEST BUY COMPANY INC
10874.0,BC,BRUNSWICK CORP
20280.0,BCAB,BIOATLA INC
20574.0,BCAC,BROOKLINE CAPITAL ACQ CORP
23882.0,BCAL,SOUTHERN CALIFORNIA BANCORP
23102.0,BCAN,B Y N D CANNASOFT ENTER INC
13766.0,BCC,BOISE CASCADE CO
18894.0,BCDA,BIOCARDIA INC
13116.0,BCEI,BONANZA CREEK ENERGY INC
18774.0,BCEL,ATRECA INC
14925.0,BCLI,BRAINSTORM CELL THERAPEUTICS INC
17800.0,BCML,BAYCOM CORP
18649.0,BCO,BRINKS CO
86544.0,BCOR,BLUCORA INC
13260.0,BCOV,BRIGHTCOVE INC
18356.0,BCOW,1895 BANCORP OF WISCONSIN INC
18356.0,BCOW,1895 BANCORP OF WI INC NEW
10318.0,BCPC,BALCHEM CORP
46877.0,BCR,BARD C R INC
80306.0,BCRX,BIOCRYST PHARMACEUTICALS INC
19813.0,BCTG,B C T G ACQUISITION CORP
79668.0,BDC,BELDEN INC NEW
86092.0,BDE,BLACK DIAMOND INC
54244.0,BDL,FLANIGANS ENTERPRISES INC
82768.0,BDR,BLONDER TONGUE LABORATORIES INC
89445.0,BDSI,BIODELIVERY SCIENCES INTL INC
19948.0,BDSX,BIODESIX INC
19176.0,BDTX,BLACK DIAMOND THERAPEUTICS INC
39642.0,BDX,BECTON DICKINSON & CO
17949.0,BE,BLOOM ENERGY CORP
19228.0,BEAM,BEAM THERAPEUTICS INC
22281.0,BEAT,HEARTBEAM INC
92587.0,BEAT,BIOTELEMETRY INC
76138.0,BEAV,B E AEROSPACE INC
86150.0,BEBE,BEBE STORES INC
90353.0,BECN,BEACON ROOFING SUPPLY INC
18553.0,BEEM,BEAM GLOBAL
17444.0,BELFA,BEL FUSE INC
86242.0,BELFB,BEL FUSE INC
13604.0,BERY,BERRY PLASTICS GROUP INC
13604.0,BERY,BERRY GLOBAL GROUP INC
15599.0,BETR,AMPLIFY SNACK BRANDS INC
29938.0,BF,BROWN FORMAN CORP
29946.0,BF,BROWN FORMAN CORP
13739.0,BFAM,BRIGHT HORIZONS FAM SOL INC NEW
18191.0,BFC,BANK FIRST NATIONAL CORP
18191.0,BFC,BANK FIRST CORP
89002.0,BFH,BREAD FINANCIAL HOLDINGS INC
17369.0,BFI,BURGERFI INTERNATIONAL INC
23716.0,BFRG,BULLFROG AI HOLDINGS INC
22186.0,BFRI,BIOFRONTERA INC
17679.0,BFST,BUSINESS FIRST BANCSHARES INC
13794.0,BFYT,BENEFYTT TECHNOLOGIES INC
84776.0,BGC,GENERAL CABLE CORP DEL NEW
87487.0,BGC,B G C GROUP INC
87487.0,BGCP,B G C PARTNERS INC
89413.0,BGFV,BIG 5 SPORTING GOODS CORP
17961.0,BGG,BRIGGS & STRATTON CORP
20621.0,BGRY,BERKSHIRE GREY INC
91977.0,BGS,B & G FOODS INC NEW
14951.0,BGSF,B G STAFFING INC
14951.0,BGSF,B G S F INC
23065.0,BGXX,BRIGHT GREEN CORP
17677.0,BH,BIGLARI HOLDINGS INC
26607.0,BH,BIGLARI HOLDINGS INC
15266.0,BHAC,BARINGTON HILCO ACQUISITION CORP
14792.0,BHBK,BLUE HILLS BANCORP INC
76224.0,BHE,BENCHMARK ELECTRONICS INC
16816.0,BHF,BRIGHTHOUSE FINANCIAL INC
75034.0,BHGE,BAKER HUGHES INC NEW
75034.0,BHI,BAKER HUGHES INC
23854.0,BHRB,BURKE & HERBERT FINANCIAL SERV C
17680.0,BHTG,BIOHITECH GLOBAL INC
23306.0,BIAF,BIOAFFINITY TECHNOLOGIES INC
75316.0,BID,SOTHEBYS
67467.0,BIG,BIG LOTS INC
19575.0,BIGC,BIGCOMMERCE HOLDINGS INC
76841.0,BIIB,BIOGEN INC
19084.0,BILL,BILL COM HOLDINGS INC
19084.0,BILL,B I L L HOLDINGS INC
12358.0,BIMI,N F ENERGY SAVING CORP
12358.0,BIMI,BOQI INTERNATIONAL MEDICAL INC
12358.0,BIMI,BIMI INTERNATIONAL MEDICAL INC
61508.0,BIO,BIO RAD LABORATORIES INC
61516.0,BIO,BIO RAD LABORATORIES INC
13977.0,BIOA,BIOAMBER INC
14449.0,BIOC,BIOCEPT INC
78071.0,BIOL,BIOLASE INC
92213.0,BIOP,BIOPTIX INC
19486.0,BIOR,BIORA THERAPEUTICS INC
83883.0,BIOS,BIOSCRIP INC
22260.0,BIRD,ALLBIRDS INC
19814.0,BIVI,BIOVIE INC
17864.0,BJ,B J S WHOLESALE CLUB HLDGS INC
22284.0,BJDX,BLUEJAY DIAGNOSTICS INC
84062.0,BJRI,BJS RESTAURANTS INC
90988.0,BKD,BROOKDALE SENIOR LIVING INC
77584.0,BKE,BUCKLE INC
61946.0,BKH,BLACK HILLS CORP
16917.0,BKI,BLACK KNIGHT INC
86783.0,BKNG,BOOKING HOLDINGS INC
75034.0,BKR,BAKER HUGHES CO
79667.0,BKS,BARNES & NOBLE INC
10779.0,BKTI,B K TECHNOLOGIES INC
10779.0,BKTI,B K TECHNOLOGIES CORP
84757.0,BKYI,BIO KEY INTERNATIONAL INC
16381.0,BL,BLACKLINE INC
14543.0,BLBD,BLUE BIRD CORP
22286.0,BLBX,BLACKBOXSTOCKS INC
15125.0,BLCM,BELLICUM PHARMACEUTICALS INC
15397.0,BLD,TOPBUILD CORP
19071.0,BLDE,BLADE AIR MOBILITY INC
90720.0,BLDR,BUILDERS FIRSTSOURCE INC
76038.0,BLFS,BIOLIFE SOLUTIONS INC
21703.0,BLFY,BLUE FOUNDRY BANCORP
19504.0,BLI,BERKELEY LIGHTS INC
92091.0,BLIN,BRIDGELINE DIGITAL INC
90276.0,BLKB,BLACKBAUD INC
57568.0,BLL,BALL CORP
13548.0,BLMN,BLOOMIN BRANDS INC
13037.0,BLMT,B S B BANCORP INC MD
17313.0,BLNK,BLINK CHARGING CO
13342.0,BLOX,INFOBLOX INC
15218.0,BLPH,BELLEROPHON THERAPEUTICS INC
13947.0,BLUE,BLUEBIRD BIO INC
15832.0,BLVD,BOULEVARD ACQUISITION CORP II
22287.0,BLZE,BACKBLAZE INC
20471.0,BMBL,BUMBLE INC
14106.0,BMCH,B M C STOCK HLDGS INC
21027.0,BMEA,BIOMEA FUSION INC
53110.0,BMI,BADGER METER INC
55862.0,BMRA,BIOMERICA INC
87056.0,BMRN,BIOMARIN PHARMACEUTICAL INC
43772.0,BMS,BEMIS CO INC
19393.0,BMY,BRISTOL MYERS SQUIBB CO
21034.0,BNAI,BRAND ENGAGEMENT NETWORK INC
15489.0,BNED,BARNES & NOBLE EDUCATION INC
14149.0,BNFT,BENEFITFOCUS INC
18102.0,BNGO,BIONANO GENOMICS INC
14849.0,BNK,C 1 FINANCIAL INC
21887.0,BNMV,BITNILE METAVERSE INC
15631.0,BNTC,BENITEC BIOPHARMA INC
18570.0,BOBE,BOB EVANS FARMS INC
15363.0,BOJA,BOJANGLES INC
16162.0,BOLD,AUDENTES THERAPEUTICS INC
20578.0,BOLT,BOLT BIOTHERAPEUTICS INC
16779.0,BOMN,BOSTON OMAHA CORP
76847.0,BONT,BON TON STORES INC
33823.0,BOOM,DYNAMIC MATERIALS CORP
33823.0,BOOM,D M C GLOBAL INC
14953.0,BOOT,BOOT BARN HOLDINGS INC
20998.0,BOWL,BOWLERO CORP
19950.0,BOWX,BOWX ACQUISITION CORP
15145.0,BOX,BOX INC
17107.0,BOXL,BOXLIGHT CORP
92902.0,BPI,BRIDGEPOINT EDUCATION INC
15284.0,BPMC,BLUEPRINT MEDICINES CORP
16853.0,BPRN,BANK OF PRINCETON
16853.0,BPRN,PRINCETON BANCORP INC
14536.0,BPTH,BIO PATH HOLDINGS INC
91849.0,BR,BROADRIDGE FINANCIAL SOLUTNS INC
16975.0,BRAC,BLACK RIDGE ACQUISITION CORP
18967.0,BRBR,BELLRING BRANDS INC
22812.0,BRBR,BELLRING BRANDS INC NEW
18973.0,BRC,BRADY CORP
22811.0,BRCC,B R C INC
86881.0,BRCD,BROCADE COMMUNICATIONS SYS INC
22356.0,BRDS,BIRD GLOBAL INC
82176.0,BREW,CRAFT BREW ALLIANCE INC
22634.0,BRFH,BARFRESH FOOD GROUP INC
19271.0,BRID,BRIDGFORD FOODS CORP
88504.0,BRKR,BRUKER CORP
81241.0,BRKS,BROOKS AUTOMATION INC
21916.0,BRLT,BRILLIANT EARTH GROUP INC
42358.0,BRN,BARNWELL INDUSTRIES INC
21890.0,BROS,DUTCH BROS INC
19002.0,BRP,B R P GROUP INC
17134.0,BRPA,BIG ROCK PARTNERS ACQ CORP
21028.0,BRPM,B RILEY PRINCIPAL 150 MERGER
59089.0,BRS,BRISTOW GROUP INC
13903.0,BRSS,GLOBAL BRASS & COPPER HLDGS INC
22289.0,BRTX,BIORESTORATIVE THERAPIES INC
17956.0,BRY,BERRY PETROLEUM CORP
17956.0,BRY,BERRY CORP
22267.0,BRZE,BRAZE INC
19185.0,BSBK,BOGOTA FINANCIAL CORP
17137.0,BSET,BASSETT FURNITURE INDUSTRIES INC
22290.0,BSFC,BLUE STAR FOODS CORP
93428.0,BSFT,BROADSOFT INC
18103.0,BSGM,BIOSIG TECHNOLOGIES INC
93344.0,BSPM,BIOSTAR PHARMACEUTICALS INC
87302.0,BSQR,BSQUARE CORP
77208.0,BSTC,BIOSPECIFICS TECHNOLOGIES CORP
14253.0,BSTG,BIOSTAGE INC
18106.0,BSVN,BANK7 CORP
77605.0,BSX,BOSTON SCIENTIFIC CORP
19818.0,BSY,BENTLEY SYSTEMS INC
17349.0,BTAI,BIOXCEL THERAPEUTICS INC
22291.0,BTBD,B T BRANDS INC
21920.0,BTCS,B T C S INC
23031.0,BTM,BITCOIN DEPOT INC
21061.0,BTMD,BIOTE CORP
82234.0,BTN,BALLANTYNE STRONG INC
18852.0,BTRS,B T R S HOLDINGS INC
21368.0,BTTR,BETTER CHOICE CO INC
20844.0,BTTX,BETTER THERAPEUTICS INC
16689.0,BTU,PEABODY ENERGY CORP NEW
76963.0,BTX,BROOKLYN IMMUNOTHERAPEUTICS INC
77393.0,BTX,BIOTIME INC
15494.0,BUFF,BLUE BUFFALO PET PRODUCTS INC
13455.0,BURG,CHANTICLEER HOLDINGS INC
14182.0,BURL,BURLINGTON STORES INC
13261.0,BV,BAZAARVOICE INC
17867.0,BV,BRIGHTVIEW HOLDINGS INC
24091.0,BVFL,BV FINANCIAL INC
16837.0,BVH,BLUEGREEN VACATIONS HOLDING CORP
20581.0,BVS,BIOVENTUS INC
83630.0,BVSN,BROADVISION INC
89891.0,BVX,BOVIE MEDICAL CORP
15396.0,BW,BABCOCK & WILCOX ENTERPRISES INC
79545.0,BWA,BORGWARNER INC
17350.0,BWB,BRIDGEWATER BANCSHARES INC
92917.0,BWEN,BROADWIND ENERGY INC
92917.0,BWEN,BROADWIND INC
19002.0,BWIN,BALDWIN INSURANCE GROUP INC
60898.0,BWL,BOWL AMERICA INC
89904.0,BWLD,BUFFALO WILD WINGS INC
21271.0,BWMN,BOWMAN CONSULTING GROUP LTD
22767.0,BWV,BLUE WATER BIOTECH INC
10220.0,BWXT,B W X TECHNOLOGIES INC
90496.0,BXC,BLUELINX HOLDINGS INC
19034.0,BXRX,BAUDAX BIO INC
79758.0,BYD,BOYD GAMING CORP
18572.0,BYND,BEYOND MEAT INC
89394.0,BYON,BEYOND INC
21272.0,BYRN,BYRNA TECHNOLOGIES INC
14093.0,BYU,BAIYU HOLDINGS INC
20787.0,BZFD,BUZZFEED INC
80193.0,BZH,BEAZER HOMES USA INC
25778.0,CA,C A INC
72696.0,CAA,CALATLANTIC GROUP INC
90313.0,CAAS,CHINA AUTOMOTIVE SYSTEMS INC
90200.0,CAB,CABELAS INC
19004.0,CABA,CABALETTA BIO INC
15395.0,CABO,CABLE ONE INC
20512.0,CACI,CACI INTERNATIONAL INC
14304.0,CACQ,CAESARS ACQUISITION CO
93126.0,CADC,CHINA ADVANCED CONST MAT GRP INC
21705.0,CADL,CANDEL THERAPEUTICS INC
15415.0,CAFD,8POINT3 ENERGY PARTNERS LP
56274.0,CAG,CONAGRA INC
56274.0,CAG,CONAGRA BRANDS INC
21371.0,CAH,CARDINAL HEALTH INC
91979.0,CAI,C A I INTERNATIONAL INC
77902.0,CAKE,CHEESECAKE FACTORY INC
10866.0,CAL,CALERES INC
14995.0,CALA,CALITHERA BIOSCIENCES INC
19310.0,CALB,CALIFORNIA BANCORP
19833.0,CALC,CALCIMEDICA INC
89905.0,CALD,CALLIDUS SOFTWARE INC
92936.0,CALI,CHINA AUTO LOGISTICS INC
20598.0,CALM,CAL MAINE FOODS INC
93272.0,CALX,CALIX INC
20670.0,CAMP,CALAMP CORP
15058.0,CAPN,CAPNIA INC
92686.0,CAPR,CAPRICOR THERAPEUTICS INC
14422.0,CARA,CARA THERAPEUTICS INC
12960.0,CARB,CARBONITE INC
18459.0,CARE,CARTER BANK & TRUST
18459.0,CARE,CARTER BANKSHARES INC
16967.0,CARG,CARGURUS INC
14452.0,CARM,CARISMA THERAPEUTICS INC
19285.0,CARR,CARRIER GLOBAL CORP
16696.0,CARS,CARS COM INC
24258.0,CART,MAPLEBEAR INC
30402.0,CAS,CASTLE A M & CO
17135.0,CASA,CASA SYSTEMS INC
77205.0,CASC,CASCADIAN THERAPEUTICS INC
83651.0,CASI,CASI PHARMACEUTICALS INC
86191.0,CASM,C A S MEDICAL SYSTEMS INC
83738.0,CASS,CASS INFORMATION SYSTEMS INC
21742.0,CASY,CASEYS GENERAL STORES INC
18542.0,CAT,CATERPILLAR INC
15416.0,CATB,CATABASIS PHARMACEUTICALS INC
16976.0,CATC,CAMBRIDGE BANCORP
92457.0,CATM,CARDTRONICS INC
11267.0,CATO,CATO CORP NEW
16670.0,CATS,CATASYS INC
22323.0,CATX,PERSPECTIVE THERAPEUTICS INC
23941.0,CAVA,CAVA GROUP INC
92034.0,CAVM,CAVIUM INC
21785.0,CAW,C C A INDUSTRIES INC
91269.0,CBAK,CHINA B A K BATTERY INC
91269.0,CBAK,C B A K ENERGY TECHNOLOGY INC
91269.0,CBAT,C B A K ENERGY TECHNOLOGY INC
14691.0,CBAY,CYMABAY THERAPEUTICS INC
47677.0,CBB,CINCINNATI BELL INC NEW
13594.0,CBF,CAPITAL BANK FINANCIAL CORP
14943.0,CBFV,C B FINANCIAL SERVICES INC
91184.0,CBIO,CATALYST BIOSCIENCES INC
77478.0,CBK,CHRISTOPHER AND BANKS CORP
91395.0,CBLI,CLEVELAND BIOLABS INC
17784.0,CBLK,CARBON BLACK INC
11707.0,CBM,CAMBREX CORP
18107.0,CBMB,C B M BANCORP INC
14693.0,CBMG,CELLULAR BIOMEDICINE GROUP INC
16852.0,CBMX,COMBIMATRIX CORP
18108.0,CBNK,CAPITAL BANCORP INC
93429.0,CBOE,C B O E HOLDINGS INC
93429.0,CBOE,C B O E GLOBAL MARKETS INC
93189.0,CBPO,CHINA BIOLOGIC PRODUCTS INC
14478.0,CBPX,CONTINENTAL BUILDING PRODS INC
80316.0,CBR,CIBER INC
27562.0,CBRL,CRACKER BARREL OLD COUNTRY STORE
75104.0,CBS,C B S CORP NEW
76226.0,CBS,C B S CORP NEW
46690.0,CBT,CABOT CORP
17108.0,CBTX,C B T X INC
16818.0,CBUS,CIBUS INC
81584.0,CBZ,CBIZ INC
15398.0,CC,CHEMOURS CO
17957.0,CCB,COASTAL FINANCIAL CORP
11378.0,CCC,CALGON CARBON CORP
19953.0,CCCC,C4 THERAPEUTICS INC
14093.0,CCCR,CHINA COMMERCIAL CREDIT INC
84411.0,CCEL,CRYO CELL INTERNATIONAL INC
82542.0,CCF,CHASE CORP
17726.0,CCK,CROWN HOLDINGS INC
14818.0,CCLD,CARECLOUD INC
88152.0,CCMP,CABOT MICROELECTRONICS CORP
88152.0,CCMP,C M C MATERIALS INC
15292.0,CCN,CARDCONNECT CORP
15664.0,CCNC,CODE CHAIN NEW CONTINENT LTD
17875.0,CCNI,COMMAND CENTER INC
90989.0,CCO,CLEAR CHANNEL OUTDOOR HLDGS INC
90989.0,CCO,CLEAR CHANNEL OUTDOOR HLDGS NEW
89297.0,CCOI,COGENT COMMUNICATIONS HLDS INC
72119.0,CCRD,CORECARD CORP
89167.0,CCRN,CROSS COUNTRY HEALTHCARE INC
14716.0,CCS,CENTURY COMMUNITIES INC
21922.0,CCSI,CONSENSUS CLOUD SOLUTIONS INC
51829.0,CCUR,CONCURRENT COMPUTER CORP NEW
18794.0,CCX,CHURCHILL CAPITAL CORP II
13262.0,CCXI,CHEMOCENTRYX INC
19954.0,CDAK,CODIAK BIOSCIENCES INC
17700.0,CDAY,CERIDIAN H C M HOLDING INC
24441.0,CDE,COEUR MINING INC
16021.0,CDEV,CENTENNIAL RESOURCE DEVELOP INC
45655.0,CDI,C D I CORP
22670.0,CDIO,CARDIO DIAGNOSTICS HOLDINGS INC
14926.0,CDK,C D K GLOBAL INC
17315.0,CDLX,CARDLYTICS INC
12266.0,CDMO,AVID BIOSERVICES INC
14797.0,CDNA,CAREDX INC
11403.0,CDNS,CADENCE DESIGN SYSTEMS INC
22361.0,CDRE,CADRE HOLDINGS INC
22908.0,CDT,CONDUIT PHARMACEUTICALS INC
82678.0,CDTI,CLEAN DIESEL TECHNOLOGIES INC
15286.0,CDTX,CIDARA THERAPEUTICS INC
13949.0,CDW,C D W CORP NEW
16007.0,CDXC,CHROMADEX CORP
93345.0,CDXS,CODEXIS INC
85570.0,CDZI,CADIZ INC
90520.0,CE,CELANESE CORP DEL
22768.0,CEAD,C E A INDUSTRIES INC
86720.0,CEB,C E B INC
11499.0,CECE,C E C O ENVIRONMENTAL CORP
11499.0,CECO,C E C O ENVIRONMENTAL CORP
85724.0,CECO,CAREER EDUCATION CORP
22623.0,CEG,CONSTELLATION ENERGY CORP
92571.0,CEI,CAMBER ENERGY INC
17039.0,CEIX,CONSOL ENERGY INC NEW
16923.0,CELC,CELCUITY INC
11552.0,CELG,CELGENE CORP
93263.0,CELH,CELSIUS HOLDINGS INC
18840.0,CELU,CELULARITY INC
22537.0,CELZ,CREATIVE MEDICAL TECH HLDGS INC
13263.0,CEMP,CEMPRA INC
17854.0,CENN,CENNTRO INC
77780.0,CENT,CENTRAL GARDEN & PET CO
91815.0,CENTA,CENTRAL GARDEN & PET CO
83244.0,CENX,CENTURY ALUMINUM CO
15833.0,CERC,CERECOR INC
19547.0,CERE,CEREVEL THERAPEUTICS HLDGS INC
10909.0,CERN,CERNER CORP
84413.0,CERS,CERUS CORP
20195.0,CERT,CERTARA INC
14591.0,CERU,CERULEAN PHARMA INC
15417.0,CETX,CEMTREX INC
23783.0,CETY,CLEAN ENERGY TECHNOLOGIES INC
89572.0,CEVA,CEVA INC
90829.0,CF,C F INDUSTRIES HOLDINGS INC
18895.0,CFB,CROSSFIRST BANKSHARES INC
16671.0,CFBI,COMMUNITY FIRST BANCSHARES INC
18360.0,CFFA,C F FINANCE ACQUISITION CORP
21276.0,CFFE,C F ACQUISITION CORP VIII
27909.0,CFI,CULP INC
20582.0,CFIV,C F ACQUISITION CORP IV
21358.0,CFLT,CONFLUENT INC
15496.0,CFMS,CONFORMIS INC
14927.0,CFRX,CONTRAFECT CORP
22636.0,CFSB,C F S B BANCORP INC
21029.0,CFVI,C F ACQUISITION CORP VI
92648.0,CFX,COLFAX CORP
92897.0,CGA,CHINA GREEN AGRICULTURE INC
20420.0,CGEM,CULLINAN ONCOLOGY INC
20420.0,CGEM,CULLINAN THERAPEUTICS INC
80113.0,CGI,CELADON GROUP INC
14094.0,CGIX,CANCER GENETICS INC
78217.0,CGNT,COGENTIX MEDICAL INC
75654.0,CGNX,COGNEX CORP
88332.0,CGRN,CAPSTONE GREEN ENERGY CORP
22194.0,CGTX,COGNITION THERAPEUTICS INC
17981.0,CHAP,CHAPARRAL ENERGY INC
90476.0,CHCI,COMSTOCK HOLDING COMPANIES INC
23393.0,CHD,CHURCH & DWIGHT INC
79026.0,CHDN,CHURCHILL DOWNS INC
64194.0,CHE,CHEMED CORP NEW
12913.0,CHEF,CHEFS WAREHOUSE INC
13279.0,CHFS,C H F SOLUTIONS INC
14273.0,CHGG,CHEGG INC
85517.0,CHH,CHOICE HOTELS INTERNATIONAL INC
20583.0,CHK,CHESAPEAKE ENERGY CORP
78877.0,CHK,CHESAPEAKE ENERGY CORP
79315.0,CHKE,CHEROKEE INC DEL NEW
15497.0,CHMA,CHIASMA INC
13694.0,CHMG,CHEMUNG FINANCIAL CORP
38420.0,CHMT,CHEMTURA CORP
18771.0,CHNG,CHANGE HEALTHCARE INC
19186.0,CHPM,C H P MERGER CORP
17916.0,CHRA,CHARAH SOLUTIONS INC
20161.0,CHRD,CHORD ENERGY CORP
15059.0,CHRS,COHERUS BIOSCIENCES INC
85459.0,CHRW,CH ROBINSON WORLDWIDE INC
78963.0,CHS,CHICOS FAS INC
12308.0,CHTR,CHARTER COMMUNICATIONS INC NEW
16160.0,CHUBA,COMMERCEHUB INC
16144.0,CHUBK,COMMERCEHUB INC
13520.0,CHUY,CHUYS HOLDINGS INC
18727.0,CHWY,CHEWY INC
17783.0,CHX,CHAMPIONX CORP
89889.0,CIDM,CINEDIGM CORP
93152.0,CIE,COBALT INTERNATIONAL ENERGY INC
84519.0,CIEN,CIENA CORP
20295.0,CIFR,CIPHER MINING INC
22538.0,CING,CINGULATE INC
87268.0,CIR,CIRCOR INTERNATIONAL INC
13116.0,CIVI,CIVITAS RESOURCES INC
14890.0,CIVI,CIVITAS SOLUTIONS INC
85903.0,CIX,COMPX INTERNATIONAL INC
16602.0,CJ,C & J ENERGY SERVICES INC
93347.0,CJJD,CHINA JO JO DRUGSTORES INC
89386.0,CKEC,CARMIKE CINEMAS INC
78137.0,CKH,SEACOR HOLDINGS INC
16781.0,CKPT,CHECKPOINT THERAPEUTICS INC
16781.0,CKPT,CHECKPIONT THERAPEUTICS INC
89948.0,CKX,C K X LANDS INC
18729.0,CL,COLGATE PALMOLIVE CO
15899.0,CLAC,CAPITOL ACQUISITION CORP III
21832.0,CLAQ,CLEANTECH ACQUISITION CORP
86092.0,CLAR,CLARUS CORP
82656.0,CLB,CORE LABORATORIES INC
17683.0,CLBK,COLUMBIA FINANCIAL INC
34666.0,CLBS,CALADRIUS BIOSCIENCES INC
23975.0,CLC,CLARCOR INC
15370.0,CLCD,COLUCID PHARMACEUTICALS INC
87379.0,CLCT,COLLECTORS UNIVERSE INC
93095.0,CLD,CLOUD PEAK ENERGY INC
18422.0,CLDB,CORTLAND BANCORP
16657.0,CLDR,CLOUDERA INC
10258.0,CLDX,CELLDEX THERAPEUTICS INC
27422.0,CLF,CLIFFS NATURAL RESOURCES INC
27422.0,CLF,CLEVELAND CLIFFS INC NEW
10547.0,CLFD,CLEARFIELD INC
35124.0,CLGX,CORELOGIC INC
11809.0,CLH,CLEAN HARBORS INC
13369.0,CLIR,CLEARSIGN COMBUSTION CORP
13369.0,CLIR,CLEARSIGN TECHNOLOGIES CORP
81893.0,CLMB,CLIMB GLOBAL SOLUTIONS INC
92035.0,CLNE,CLEAN ENERGY FUELS CORP
20285.0,CLNN,CLENE INC
18806.0,CLPT,CLEARPOINT NEURO INC
91983.0,CLR,CONTINENTAL RESOURCES INC
14862.0,CLRB,CELLECTAR BIOSCIENCES INC
75714.0,CLRO,CLEARONE INC
16090.0,CLSD,CLEARSIDE BIOMEDICAL INC
19187.0,CLSK,CLEANSPARK INC
88208.0,CLSN,CELSION CORP
22195.0,CLST,CATALYST BANCORP INC
91349.0,CLUB,TOWN SPORTS INTL HOLDINGS INC
13107.0,CLVS,CLOVIS ONCOLOGY INC
92854.0,CLW,CLEARWATER PAPER CORP
46578.0,CLX,CLOROX CO
16818.0,CLXT,CALYXT INC
19824.0,CMAX,CAREMAX INC
30680.0,CMC,COMMERCIAL METALS CO
83120.0,CMCO,COLUMBUS MCKINNON CORP NY
89525.0,CMCSA,COMCAST CORP NEW
22825.0,CMD,CANTEL MEDICAL CORP
91068.0,CMG,CHIPOTLE MEXICAN GRILL INC
41080.0,CMI,CUMMINS INC
19956.0,CMLF,C M LIFE SCIENCES INC
18046.0,CMLS,CUMULUS MEDIA INC
22825.0,CMN,CANTEL MEDICAL CORP
89952.0,CMP,COMPASS MINERALS INTL INC
19622.0,CMPI,CHECKMATE PHARMACEUTICALS INC
20138.0,CMPO,COMPOSECURE INC
22295.0,CMPX,COMPASS THERAPEUTICS INC
13870.0,CMRX,CHIMERIX INC
23229.0,CMS,C M S ENERGY CORP
84387.0,CMT,CORE MOLDING TECHNOLOGIES INC
26201.0,CMTL,COMTECH TELECOMMUNICATIONS CORP
14046.0,CNAT,CONATUS PHARMACEUTICALS INC
14451.0,CNCE,CONCERT PHARMACEUTICALS INC
16497.0,CNDT,CONDUENT INC
93274.0,CNET,CHINANET ONLINE HOLDINGS INC
93274.0,CNET,ZW DATA ACTION TECHNOLOGIES INC
15636.0,CNFR,CONIFER HOLDINGS INC
91915.0,CNK,CINEMARK HOLDINGS INC
21607.0,CNM,CORE & MAIN INC
11547.0,CNMD,CONMED CORP
19188.0,CNNB,CINCINNATI BANCORP INC
17036.0,CNNE,CANNAE HOLDINGS INC
21792.0,CNP,CENTERPOINT ENERGY INC
77501.0,CNR,CORNERSTONE BUILDING BRANDS INC
90803.0,CNSL,CONSOLIDATED COMMS HLDGS INC
19066.0,CNSP,CNS PHARMACEUTICALS INC
17958.0,CNST,CONSTELLATION PHARMA INC
21835.0,CNTQ,CHARDAN NEXTECH ACQ 2 CORP
22196.0,CNTX,CONTEXT THERAPEUTICS INC
79791.0,CNTY,CENTURY CASINOS INC
89889.0,CNVS,CINEVERSE CORP
21373.0,CNVY,CONVEY HEALTH SOL HLDGS INC
86799.0,CNX,CONSOL ENERGY INC
86799.0,CNX,C N X RESOURCES CORP
85886.0,CNXN,PC CONNECTION INC
15126.0,CNXR,CONNECTURE INC
93190.0,CNYD,CHINA YIDA HOLDING CO
21019.0,COCH,ENVOY MEDICAL INC
22199.0,COCO,VITA COCO CO INC
17351.0,COCP,COCRYSTAL PHARMA INC
16819.0,CODA,CODA OCTOPUS GROUP INC
16820.0,CODX,C O DIAGNOSTICS INC
20281.0,COEP,COEPTIS THERAPEUTICS HOLDINGS IN
19231.0,COFS,CHOICEONE FINANCIAL SERVICES INC
76082.0,COG,CABOT OIL & GAS CORP
17372.0,COGT,COGENT BIOSCIENCES INC
92486.0,COGT,COGINT INC
88661.0,COH,COACH INC
11752.0,COHR,COHERENT CORP
24476.0,COHR,COHERENT INC
30648.0,COHU,COHU INC
20892.0,COIN,COINBASE GLOBAL INC
11995.0,COKE,COCA COLA BOTTLING CO CONS
11995.0,COKE,COCA COLA CONSOLIDATED INC
89014.0,COL,ROCKWELL COLLINS INC
15371.0,COLL,COLLEGIUM PHARMACEUTICAL INC
85863.0,COLM,COLUMBIA SPORTSWEAR CO
14239.0,COMM,COMMSCOPE HOLDING CO INC
20916.0,COMP,COMPASS INC
20421.0,COMS,COMSOVEREIGN HOLDING CORP
89908.0,CONN,CONNS INC
20286.0,CONX,C O N X CORP
65541.0,COO,COOPER COMPANIES INC
21684.0,COOK,TRAEGER INC
90539.0,COOL,POLARITYTE INC
13928.0,COP,CONOCOPHILLIPS
81540.0,COR,CENCORA INC
91018.0,CORE,CORE MARK HOLDING CO INC
14594.0,CORI,CORIUM INTERNATIONAL INC
90125.0,CORT,CORCEPT THERAPEUTICS INC
21117.0,CORZ,CORE SCIENTIFIC INC
22771.0,COSM,COSMOS HEALTH INC
87055.0,COST,COSTCO WHOLESALE CORP NEW
13983.0,COTY,COTY INC
16382.0,COUP,COUPA SOFTWARE INC
20681.0,COUR,COURSERA INC
14150.0,COVS,COVISINT CORP
93128.0,COWN,COWEN GROUP INC NEW
93128.0,COWN,COWEN INC
23615.0,COYA,COYA THERAPEUTICS INC
15834.0,COYN,COPSYNC INC
16284.0,CPAA,CONYERS PARK ACQ CORP
18953.0,CPAA,CONYERS PARK II ACQ CORP
13521.0,CPAH,COUNTERPATH CORP
12449.0,CPAY,CORPAY INC
25320.0,CPB,CAMPBELL SOUP CO
80926.0,CPE,CALLON PETROLEUM CO DEL
15404.0,CPGX,COLUMBIA PIPELINE GROUP INC
81182.0,CPHC,CANTERBURY PARK HOLDING CORP
88331.0,CPHD,CEPHEID
15061.0,CPHR,CIPHER PHARMACEUTICALS INC
93004.0,CPIX,CUMBERLAND PHARMACEUTICALS INC
23182.0,CPK,CHESAPEAKE UTILITIES CORP
91605.0,CPLA,CAPELLA EDUCATION CO
92530.0,CPN,CALPINE CORP
20682.0,CPNG,COUPANG INC
80320.0,CPRT,COPART INC
91606.0,CPRX,CATALYST PHARMACEUTICALS INC
14185.0,CPS,COOPER STANDARD HOLDINGS INC
11511.0,CPSH,C P S TECHNOLOGIES CORP
89387.0,CPSI,COMPUTER PROGRAMS & SYSTEMS INC
88332.0,CPST,CAPSTONE TURBINE CORP
20798.0,CPTN,CEPTON INC
14305.0,CPXX,CELATOR PHARMACEUTICALS INC
20204.0,CR,CRANE CO
20204.0,CR,CRANE HOLDINGS CO
23744.0,CR,CRANE CO NEW
85972.0,CRAI,C R A INTERNATIONAL INC
82287.0,CRAY,CRAY INC
15287.0,CRBP,CORBUS PHARMACEUTICALS HLD INC
21707.0,CRBU,CARIBOU BIOSCIENCES INC
15029.0,CRC,CALIFORNIA RESOURCES CORP
20188.0,CRC,CALIFORNIA RESOURCES CORP
14378.0,CRCM,CARE COM INC
20658.0,CRCT,CRICUT INC
13411.0,CRDF,CARDIFF ONCOLOGY INC
87310.0,CRDS,CROSSROADS SYSTEMS INC
78875.0,CREE,CREE INC
93302.0,CREG,CHINA RECYCLING ENERGY CORP
93302.0,CREG,SMART POWERR CORP
18255.0,CREX,CREATIVE REALITIES INC
24509.0,CRGX,CARGO THERAPEUTICS INC
22423.0,CRGY,CRESCENT ENERGY CO
89876.0,CRI,CARTERS INC
88511.0,CRIS,CURIS INC
11644.0,CRK,COMSTOCK RESOURCES INC
20422.0,CRKN,CROWN ELECTROKINETICS CORP
88281.0,CRL,CHARLES RIVER LABS INTL INC
90215.0,CRM,SALESFORCE COM INC
90215.0,CRM,SALESFORCE INC
93371.0,CRMD,CORMEDIX INC
11174.0,CRMT,AMERICAS CAR MART INC
18915.0,CRNC,CERENCE INC
17959.0,CRNX,CRINETICS PHARMACEUTICALS INC
91090.0,CROX,CROCS INC
83366.0,CRR,CARBO CERAMICS INC
20618.0,CRS,CARPENTER TECHNOLOGY CORP
18549.0,CRSA,CRESCENT ACQUISITION CORP
19822.0,CRSR,CORSAIR GAMING INC
19823.0,CRTD,CREATD INC
87424.0,CRTN,CARTESIAN INC
18648.0,CRTX,CORTEXYME INC
75603.0,CRUS,CIRRUS LOGIC INC
86536.0,CRVO,CERVOMED INC
15960.0,CRVS,CORVUS PHARMACEUTICALS INC
18726.0,CRWD,CROWDSTRIKE HOLDINGS INC
59256.0,CRWS,CROWN CRAFTS INC
78876.0,CRY,CRYOLIFE INC
85280.0,CRZO,CARRIZO OIL & GAS INC
12146.0,CSBR,CHAMPIONS ONCOLOGY INC
40125.0,CSC,COMPUTER SCIENCES CORP
76076.0,CSCO,CISCO SYSTEMS INC
83124.0,CSGS,C S G SYSTEMS INTERNATIONAL INC
75215.0,CSH,CASH AMERICA INTERNATIONAL INC
91365.0,CSII,CARDIOVASCULAR SYSTEMS INC DEL
27334.0,CSL,CARLISLE COMPANIES
14502.0,CSLT,CASTLIGHT HEALTH INC
12639.0,CSOD,CORNERSTONE ONDEMAND INC
20336.0,CSPI,C S P INC
19202.0,CSPR,CASPER SLEEP INC
15797.0,CSRA,C S R A INC
67838.0,CSS,C S S INDUSTRIES INC
16883.0,CSSE,CHICKEN SOUP FOR SOUL ENTMT INC
13831.0,CST,C S T BRANDS INC
18832.0,CSTL,CASTLE BIOSCIENCES INC
16285.0,CSTR,CAPSTAR FINANCIAL HOLDINGS INC
85419.0,CSU,CAPITAL SENIOR LIVING CORP
83856.0,CSV,CARRIAGE SERVICES INC
15651.0,CSWI,C S W INDUSTRIAL INC
62148.0,CSX,C S X CORP
18192.0,CTAC,CHASERG TECHNOLOGY ACQ CORP
23660.0,CTAS,CINTAS CORP
27430.0,CTB,COOPER TIRE & RUBBER CO
21908.0,CTCX,CARMELL CORP
16915.0,CTEK,CYNERGISTEK INC
26084.0,CTG,COMPUTER TASK GROUP INC
22369.0,CTGO,CONTANGO ORE INC
85539.0,CTHR,CHARLES & COLVARD LTD
85540.0,CTIB,C T I INDUSTRIES CORP
85540.0,CTIB,YUNHONG CTI LTD
84604.0,CTIC,C T I BIOPHARMA CORP
21606.0,CTKB,CYTEK BIOSCIENCES INC
60599.0,CTL,CENTURYLINK INC
91910.0,CTLP,CANTALOUPE INC
14763.0,CTLT,CATALENT INC
15779.0,CTMX,CYTOMX THERAPEUTICS INC
26650.0,CTO,CONSOLIDATED TOMOKA LAND CO
18224.0,CTRA,CONTURA ENERGY INC
76082.0,CTRA,COTERRA ENERGY INC
76858.0,CTRC,CENTRIC BRANDS INC
14095.0,CTRL,CONTROL4 CORP
90706.0,CTRN,CITI TRENDS INC
15219.0,CTRV,CONTRAVIR PHARMACEUTICALS INC
28564.0,CTS,C T S CORP
86158.0,CTSH,COGNIZANT TECHNOLOGY SOLS CORP
15127.0,CTSO,CYTOSORBENTS CORP
20996.0,CTV,INNOVID CORP
18592.0,CTVA,CORTEVA INC
26463.0,CTWS,CONNECTICUT WATER SERVICE INC
16857.0,CTXR,CITIUS PHARMACEUTICALS INC
82686.0,CTXS,CITRIX SYSTEMS INC
31077.0,CUB,CUBIC CORP
14271.0,CUDA,BARRACUDA NETWORKS INC
17262.0,CUE,CUE BIOPHARMA INC
20587.0,CUEN,CUENTAS INC
13265.0,CUI,C U I GLOBAL INC
21708.0,CULL,CULLMAN BANCORP INC
27909.0,CULP,CULP INC
30840.0,CUO,CONTINENTAL MATERIALS CORP
92252.0,CUR,NEURALSTEM INC
19197.0,CURI,CURIOSITYSTREAM INC
17178.0,CURO,CURO GROUP HOLDINGS CORP
21683.0,CURV,TORRID HOLDINGS INC
90081.0,CUTR,CUTERA INC
76515.0,CVA,COVANTA HOLDING CORP
89792.0,CVCO,CAVCO INDUSTRIES INC DEL
18327.0,CVET,COVETRUS INC
86305.0,CVG,CONVERGYS CORP
90314.0,CVGI,COMMERCIAL VEHICLE GROUP INC
89447.0,CVGW,CALAVO GROWERS INC
92326.0,CVI,C V R ENERGY
17796.0,CVIA,COVIA HOLDINGS CORP
80969.0,CVLG,COVENANT LOGISTICS GROUP INC
91463.0,CVLT,COMMVAULT SYSTEMS INC
44813.0,CVM,CEL SCI CORP
16655.0,CVNA,CARVANA CO
82266.0,CVO,CENVEO INC
16704.0,CVON,CONVERGEONE HOLDINGS INC
30509.0,CVR,CHICAGO RIVET & MACH CO
15344.0,CVRS,CORINDUS VASCULAR ROBOTICS INC
21527.0,CVRX,CVRX INC
17005.0,CVS,C V S HEALTH CORP
14063.0,CVT,CVENT INC
20142.0,CVT,CVENT HOLDING CORP
80969.0,CVTI,COVENANT TRANSPORTATION GRP INC
77900.0,CVU,C P I AEROSTRUCTURES INC
86290.0,CVV,C V D EQUIPMENT CORP
14541.0,CVX,CHEVRON CORP NEW
18091.0,CW,CURTISS WRIGHT CORP
21898.0,CWAN,CLEARWATER ANALYTICS HLDGS INC
14425.0,CWAY,COASTWAY BANCORP INC
17139.0,CWBR,COHBAR INC
79159.0,CWEI,CLAYTON WILLIAMS ENERGY INC
14030.0,CWEN,CLEARWAY ENERGY INC
15332.0,CWEN,CLEARWAY ENERGY INC
16437.0,CWH,CAMPING WORLD HOLDINGS INC
85464.0,CWST,CASELLA WASTE SYSTEMS INC
20750.0,CWT,CALIFORNIA WATER SERVICE GROUP
20607.0,CXAI,CXAPP INC
93130.0,CXDC,CHINA X D PLASTICS CO LTD
87404.0,CXDO,CREXENDO INC
21353.0,CXM,SPRINKLR INC
92239.0,CXO,CONCHO RESOURCES INC
20204.0,CXT,CRANE N X T CO
10302.0,CY,CYPRESS SEMICONDUCTOR CORP
10661.0,CYAN,CYANOTECH CORP
11825.0,CYBE,CYBEROPTICS CORP
90098.0,CYCC,CYCLACEL PHARMACEUTICALS INC
18427.0,CYCN,CYCLERION THERAPEUTICS INC
88284.0,CYH,COMMUNITY HEALTH SYS INC NEW
22200.0,CYN,CYNGN INC
91020.0,CYNO,CYNOSURE INC
15506.0,CYRX,CRYOPORT INC
21528.0,CYT,CYTEIR THERAPEUTICS INC
20288.0,CYTH,CYCLO THERAPEUTICS INC
90126.0,CYTK,CYTOKINETICS INC
10838.0,CYTR,CYTRX CORP
91021.0,CYTX,CYTORI THERAPEUTICS INC
20172.0,CYXT,CYXTERA TECHNOLOGIES INC
23179.0,CZFS,CITIZENS FINANCIAL SERVICES INC
13267.0,CZR,CAESARS ENTERTAINMENT CORP
14882.0,CZR,CAESARS ENTERTAINMENT INC DE
64936.0,D,DOMINION RESOURCES INC VA NEW
64936.0,D,DOMINION ENERGY INC
28629.0,DAIO,DATA I O CORP
80233.0,DAKT,DAKTRONICS INC
91926.0,DAL,DELTA AIR LINES INC
92528.0,DALN,DALLASNEWS CORP
92570.0,DAN,DANA HOLDING CORP
92570.0,DAN,DANA INC
80928.0,DAR,DARLING INGREDIENTS INC
14591.0,DARE,DARE BIOSCIENCE INC
20189.0,DASH,DOORDASH INC
13914.0,DATA,TABLEAU SOFTWARE INC
21837.0,DATS,DATCHAT INC
20975.0,DAVE,DAVE INC
84203.0,DAVE,FAMOUS DAVES OF AMERICA INC
21262.0,DAWN,DAY ONE BIOPHARMACEUTICALS INC
17700.0,DAY,DAYFORCE INC
24090.0,DBD,DIEBOLD NIXDORF INC
40440.0,DBD,DIEBOLD INC
40440.0,DBD,DIEBOLD NIXDORF INC
20138.0,DBDR,ROMAN D B D R TECH ACQ CORP
21280.0,DBGI,DIGITAL BRANDS GROUP INC
90751.0,DBI,DESIGNER BRANDS INC
20588.0,DBTX,DECIBEL THERAPEUTICS INC
17342.0,DBX,DROPBOX INC
22995.0,DC,DAKOTA GOLD CORP
90640.0,DCAR,DROPCAR INC
20307.0,DCGO,DOCGO INC
61313.0,DCI,DONALDSON INC
63132.0,DCO,DUCOMMUN INC DE
16924.0,DCPH,DECIPHERA PHARMACEUTICALS INC
19578.0,DCT,DUCK CREEK TECHNOLOGIES INC
89169.0,DCTH,DELCATH SYSTEMS INC
11703.0,DD,DU PONT E I DE NEMOURS & CO
16851.0,DD,DUPONT DE NEMOURS INC
78664.0,DDD,3 D SYSTEMS CORP DEL
89332.0,DDE,DOVER DOWNS GAMING & ENTMT INC
18911.0,DDOG,DATADOG INC
49429.0,DDS,DILLARDS INC
19350.0,DE,DEERE & CO
79686.0,DECK,DECKERS OUTDOOR CORP
84365.0,DEL,DELTIC TIMBER CORP
18267.0,DELL,DELL TECHNOLOGIES INC
19752.0,DEN,DENBURY INC
85726.0,DENN,DENNYS CORP
85686.0,DEPO,DEPOMED INC
15003.0,DERM,DERMIRA INC
22296.0,DERM,JOURNEY MEDICAL CORP
78990.0,DEST,DESTINATION MATERNITY CORP
83421.0,DF,DEAN FOODS CO NEW
76858.0,DFBG,DIFFERENTIAL BRANDS GROUP INC
17684.0,DFBH,DFB HEALTHCARE ACQUISITIONS CORP
86536.0,DFFN,DIFFUSION PHARMACEUTICALS INC
20344.0,DFH,DREAM FINDERS HOMES INC
16277.0,DFIN,DONNELLEY FINANCIAL SOL INC
21835.0,DFLI,DRAGONFLY ENERGY HOLDINGS CORP
19295.0,DFNS,LGL SYSTEMS ACQUISITION CORP
19397.0,DFPH,DFP HEALTHCARE ACQUISITIONS CORP
13524.0,DFRG,DEL FRISCOS RESTAURANT GROUP INC
93096.0,DG,DOLLAR GENERAL CORP NEW
29285.0,DGAS,DELTA NATURAL GAS INC
92924.0,DGI,DIGITALGLOBE INC
75831.0,DGII,DIGI INTERNATIONAL INC
92521.0,DGLY,DIGITAL ALLY INC
92521.0,DGLY,DIGITAL ALLY INC NEW
10028.0,DGSE,D G S E COMPANIES INC
84373.0,DGX,QUEST DIAGNOSTICS INC
21891.0,DH,DEFINITIVE HEALTHCARE CORP
22888.0,DHAI,DIH HOLDINGS US INC
77661.0,DHI,D R HORTON INC
49680.0,DHR,DANAHER CORP
92172.0,DHX,D H I GROUP INC
21529.0,DIBS,1STDIBS COM INC
21926.0,DICE,DICE THERAPEUTICS INC
76732.0,DIN,DINEEQUITY INC
76732.0,DIN,DINE BRANDS GLOBAL INC
32803.0,DINO,H F SINCLAIR CORP
44943.0,DIOD,DIODES INC
26403.0,DIS,DISNEY WALT CO
90805.0,DISCA,DISCOVERY COMMUNICATIONS INC
90805.0,DISCA,DISCOVERY INC
90806.0,DISCB,DISCOVERY COMMUNICATIONS INC
90806.0,DISCB,DISCOVERY INC
92778.0,DISCK,DISCOVERY COMMUNICATIONS INC
92778.0,DISCK,DISCOVERY INC
81696.0,DISH,DISH NETWORK CORP
82171.0,DIT,AMCON DISTRIBUTING CO
10355.0,DJCO,DAILY JOURNAL CORP
21927.0,DJT,TRUMP MEDIA & TECH GRP CORP
91215.0,DK,DELEK U S HOLDINGS INC
91215.0,DK,DELEK U S HOLDINGS INC NEW
21532.0,DKDCA,DATA KNIGHTS ACQUISITION CORP
18835.0,DKNG,DRAFTKINGS INC
89540.0,DKS,DICKS SPORTING GOODS INC
88287.0,DLA,DELTA APPAREL INC
90550.0,DLB,DOLBY LABORATORIES INC
10257.0,DLHC,D L H HOLDINGS CORP
17140.0,DLPN,DOLPHIN ENTERTAINMENT INC
15837.0,DLTH,DULUTH HOLDINGS INC
81481.0,DLTR,DOLLAR TREE INC
61743.0,DLX,DELUXE CORP
18719.0,DM,DESKTOP METAL INC
12521.0,DMD,DEMAND MEDIA INC
16164.0,DMPI,DELMAR PHARMACEUTICALS INC
92808.0,DMRC,DIGIMARC CORP NEW
16880.0,DMTK,DERMTECH INC
15780.0,DMTX,DIMENSION THERAPEUTICS INC
15507.0,DNAI,PRONAI THERAPEUTICS INC
21538.0,DNAY,CODEX DNA INC
19495.0,DNB,DUN & BRADSTREET HOLDINGS INC
88590.0,DNB,DUN & BRADSTREET CORP DEL NEW
12914.0,DNKN,DUNKIN BRANDS GROUP INC
17125.0,DNLI,DENALI THERAPEUTICS INC
19388.0,DNMR,DANIMER SCIENTIFIC INC
14632.0,DNOW,NOW INC
14632.0,DNOW,DNOW INC
82196.0,DNR,DENBURY RESOURCES INC
17892.0,DNTH,DIANTHUS THERAPEUTICS INC
21594.0,DNUT,KRISPY KREME INC
22928.0,DO,DIAMOND OFFSHORE DRILLING INC
82298.0,DO,DIAMOND OFFSHORE DRILLING INC
20656.0,DOCN,DIGITALOCEAN HOLDINGS INC
21357.0,DOCS,DOXIMITY INC
17685.0,DOCU,DOCUSIGN INC
18148.0,DOMH,DOMINARI HOLDINGS INC
17876.0,DOMO,DOMO INC
76582.0,DORM,DORMAN PRODUCTS INC
16980.0,DOTA,DRAPER OAKWOOD TECH ACQ INC
25953.0,DOV,DOVER CORP
16783.0,DOVA,DOVA PHARMACEUTICALS INC
18428.0,DOW,DOW INC
20626.0,DOW,DOW CHEMICAL CO
18552.0,DPHC,DIAMONDPEAK HOLDINGS CORP
14954.0,DPLO,DIPLOMAT PHARMACY INC
14538.0,DPRX,DIPEXIUM PHARMACEUTICALS INC
92618.0,DPS,DR PEPPER SNAPPLE GROUP INC
78690.0,DPSI,DECISIONPOINT SYSTEMS INC
84302.0,DPW,D P W HOLDINGS INC
84302.0,DPW,AULT GLOBAL HOLDINGS INC
90248.0,DPZ,DOMINOS PIZZA INC
90223.0,DRAD,DIGIRAD CORP
22772.0,DRCT,DIRECT DIGITAL HOLDINGS INC
81655.0,DRI,DARDEN RESTAURANTS INC
14017.0,DRII,DIAMOND RESORTS INTL INC
15961.0,DRIO,DARIOHEALTH CORP
21841.0,DRMA,DERMATA THERAPEUTICS INC
14426.0,DRNA,DICERNA PHARMACEUTICALS INC
85424.0,DRQ,DRIL QUIP INC
88626.0,DRRX,DURECT CORP
23517.0,DRS,LEONARDO DRS INC
19005.0,DRTT,DIRTT ENVIRONMENTAL SOLUTNS LTD
20342.0,DRVN,DRIVEN BRANDS HOLDINGS INC
89548.0,DS,DRIVE SHACK INC
80524.0,DSCI,DERMA SCIENCES INC
20662.0,DSGN,DESIGN THERAPEUTICS INC
48961.0,DSGR,DISTRIBUTION SOLUTIONS GROUP INC
15654.0,DSKE,DASEKE INC
20469.0,DSP,VIANT TECHNOLOGY INC
80236.0,DSPG,D S P GROUP INC
10253.0,DSS,DOCUMENT SECURITY SYSTEMS INC
10253.0,DSS,D S S INC
83186.0,DST,D S T SYSTEMS INC DEL
90751.0,DSW,D S W INC
18886.0,DT,DYNATRACE INC
22089.0,DTC,SOLO BRANDS INC
11674.0,DTE,D T E ENERGY CO
22596.0,DTI,DRILLING TOOLS INTL CORP
18458.0,DTIL,PRECISION BIOSCIENCES INC
87160.0,DTLK,DATALINK CORP
21356.0,DTM,D T MIDSTREAM INC
21035.0,DTOC,DIGITAL TRANSFORMATION OPP CORP
87814.0,DTRM,DETERMINE INC
89793.0,DTSI,D T S INC
18306.0,DTSS,DATASEA INC
21285.0,DTST,DATA STORAGE CORP
27959.0,DUK,DUKE ENERGY CORP NEW
21614.0,DUOL,DUOLINGO INC
20920.0,DV,DOUBLEVERIFY HOLDINGS INC
76708.0,DV,DEVRY EDUCATION GROUP INC
82307.0,DVA,DAVITA HEALTHCARE PARTNERS INC
82307.0,DVA,DAVITA INC
90029.0,DVAX,DYNAVAX TECHNOLOGIES CORP
80587.0,DVCR,DIVERSICARE HEALTHCARE SRVCS INC
84026.0,DVD,DOVER MOTORSPORTS INC
87137.0,DVN,DEVON ENERGY CORP NEW
87426.0,DW,DREW INDUSTRIES INC
90374.0,DWA,DREAMWORKS ANIMATION S K G INC
21927.0,DWAC,DIGITAL WORLD ACQUISITION CORP
77630.0,DWCH,DATAWATCH CORP
16851.0,DWDP,DOWDUPONT INC
13292.0,DWRE,DEMANDWARE INC
80912.0,DWSN,DAWSON GEOPHYSICAL CO NEW
40125.0,DXC,D X C TECHNOLOGY CO
90664.0,DXCM,DEXCOM INC
11379.0,DXLG,DESTINATION X L GROUP INC
85176.0,DXPE,D X P ENTERPRISES INC
91088.0,DXTR,DEXTERA SURGICAL INC
10886.0,DXYN,DIXIE GROUP INC
12008.0,DY,DYCOM INDUSTRIES INC
90682.0,DYAI,DYADIC INTERNATIONAL INC
19825.0,DYN,DYNE THERAPEUTICS INC
90352.0,DYN,DYNEGY INC NEW DEL
31051.0,DYNT,DYNATRONICS CORP
12486.0,DYSL,DYNASIL CORPORATION OF AMERICA
89925.0,DZSI,DASAN ZHONE SOLUTIONS INC
89925.0,DZSI,D Z S INC
75828.0,EA,ELECTRONIC ARTS INC
15652.0,EACQ,EASTERLY ACQUISITION CORP
17672.0,EAF,GRAFTECH INTERNATIONAL LTD NEW
19958.0,EAR,EARGO INC
16887.0,EAST,EASTSIDE DISTILLING INC
23297.0,EAT,BRINKER INTERNATIONAL INC
18063.0,EB,EVENTBRITE INC
86356.0,EBAY,EBAY INC
19854.0,EBC,EASTERN BANKSHARES INC
21036.0,EBET,EBET INC
47511.0,EBF,ENNIS INC
14452.0,EBIO,ELEVEN BIOTHERAPEUTICS INC
11481.0,EBIX,EBIX INC
91571.0,EBS,EMERGENT BIOSOLUTIONS INC
23223.0,ECBK,ECB BANCORP INC
23618.0,ECDA,ECD AUTOMOTIVE DESIGN INC
93079.0,ECHO,ECHO GLOBAL LOGISTICS INC
70578.0,ECL,ECOLAB INC
12758.0,ECOL,U S ECOLOGY INC
12758.0,ECOL,U S ECOLOGY INC NEW
13890.0,ECOM,CHANNELADVISOR CORP
17877.0,ECOR,ELECTROCORE INC
14719.0,ECR,ECLIPSE RESOURCES CORP
85572.0,ECTE,ECHO THERAPEUTICS INC
16961.0,ECVT,ECOVYST INC
12575.0,ECYT,ENDOCYTE INC
11404.0,ED,CONSOLIDATED EDISON INC
23109.0,EDBL,EDIBLE GARDEN A G INC
23042.0,EDE,EMPIRE DISTRICT ELEC CO
15784.0,EDGE,EDGE THERAPEUTICS INC
83965.0,EDGW,EDGEWATER TECHNOLOGY INC
15937.0,EDIT,EDITAS MEDICINE INC
17826.0,EDNT,EDISON NATION INC
20923.0,EDR,ENDEAVOR GROUP HOLDINGS INC
18194.0,EDTX,EDTECHX HOLDINGS ACQ CORP
31668.0,EDUC,EDUCATIONAL DEVELOPMENT CORP
22977.0,EE,EXCELERATE ENERGY INC
82855.0,EE,EL PASO ELECTRIC CO
71837.0,EEI,ECOLOGY & ENVIRONMENT INC
86106.0,EEP,ENBRIDGE ENERGY PARTNERS LP
16660.0,EEX,EMERALD EXPOSITIONS EVENTS INC
16660.0,EEX,EMERALD HOLDING INC
16821.0,EFBI,EAGLE FINANCIAL BANCORP INC
23618.0,EFHT,E F HUTTON ACQUISITION CORP I
77971.0,EFII,ELECTRONICS FOR IMAGING INC
80812.0,EFOI,ENERGY FOCUS INC
20843.0,EFTR,EFFECTOR THERAPEUTICS INC
52476.0,EFX,EQUIFAX INC
87227.0,EGAN,EGAIN CORP
10001.0,EGAS,GAS NATURAL INC
16587.0,EGC,ENERGY XXI GULF COAST INC
21628.0,EGGF,E G ACQUISITION CORP
85177.0,EGHT,8X8 INC NEW
92097.0,EGIO,EDGIO INC
13502.0,EGL,ENGILITY HLDGS INC NEW
14455.0,EGLT,EGALET CORP
26470.0,EGN,ENERGEN CORP
87066.0,EGOV,N I C INC
14456.0,EGRX,EAGLE PHARMACEUTICALS INC
90176.0,EGT,ENTERTAINMENT GAMING ASIA INC
78841.0,EGY,VAALCO ENERGY INC
23129.0,EHAB,ENHABIT INC
10693.0,EHC,ENCOMPASS HEALTH CORP
17878.0,EIDX,EIDOS THERAPEUTICS INC
14244.0,EIGI,ENDURANCE INTL GROUP HLDGS INC
14423.0,EIGR,EIGER BIOPHARMACEUTICALS INC
15720.0,EIX,EDISON INTERNATIONAL
16252.0,EKSO,EKSO BIONICS HOLDINGS INC
82642.0,EL,LAUDER ESTEE COS INC
10028.0,ELA,ENVELA CORP
18062.0,ELAN,ELANCO ANIMAL HEALTH INC
14937.0,ELDN,ELEDON PHARMACEUTICALS INC
21539.0,ELEV,ELEVATION ONCOLOGY INC
16318.0,ELF,E L F BEAUTY INC
83633.0,ELGX,ENDOLOGIX INC
12645.0,ELLI,ELLIE MAE INC
12078.0,ELMD,ELECTROMED INC
19830.0,ELMS,ELECTRIC LAST MILE SOLUTIONS INC
83291.0,ELNK,EARTHLINK HOLDINGS CORP
86260.0,ELON,ECHELON CORP
89411.0,ELOX,ELOXX PHARMACEUTICALS INC
32046.0,ELRC,ELECTRO RENT CORP
32062.0,ELSE,ELECTRO SENSORS INC
20567.0,ELTX,ELICIO THERAPEUTICS INC
19947.0,ELUT,ELUTIA INC
19313.0,ELVN,ENLIVEN THERAPEUTICS INC
77366.0,ELY,CALLAWAY GOLF CO
21842.0,ELYM,ELIEM THERAPEUTICS INC
87658.0,EMAN,EMAGIN CORP
22879.0,EMBC,EMBECTA CORP
20717.0,EMBK,EMBARK TECHNOLOGY INC
10147.0,EMC,E M C CORP MA
82694.0,EME,EMCOR GROUP INC
84607.0,EMKR,EMCORE CORP
31480.0,EML,EASTERN CO
80297.0,EMMS,EMMIS COMMUNICATIONS CORP
80080.0,EMN,EASTMAN CHEMICAL CO
22103.0,EMR,EMERSON ELECTRIC CO
15006.0,ENFC,ENTEGRA FINANCIAL CORP
22086.0,ENFN,ENFUSION INC
86122.0,ENG,ENGLOBAL CORP
18309.0,ENOB,ENOCHIAN BIOSCIENCES INC
92038.0,ENOC,ENERNOC INC
92648.0,ENOV,ENOVIS CORP
13323.0,ENPH,ENPHASE ENERGY INC
15400.0,ENR,ENERGIZER HOLDINGS INC NEW
90249.0,ENS,ENERSYS
17147.0,ENSC,ENSYSCE BIOSCIENCES INC
92432.0,ENSG,ENSIGN GROUP INC
15254.0,ENSV,ENSERVCO CORP
12792.0,ENT,GLOBAL EAGLE ENTERTAINMENT INC
13825.0,ENTA,ENANTA PHARMACEUTICALS INC
88439.0,ENTG,ENTEGRIS INC
15176.0,ENTL,ENTELLUS MEDICAL INC
16377.0,ENTO,ENTERO THERAPEUTICS INC
11370.0,ENV,ENVESTNET INC
14960.0,ENVA,ENOVA INTERNATIONAL INC
82215.0,ENVB,ENVERIC BIOSCIENCES INC
20452.0,ENVX,ENOVIX CORP
33209.0,ENZ,ENZO BIOCHEM INC
75825.0,EOG,EOG RESOURCES INC
17317.0,EOLS,EVOLUS INC
22934.0,EP,EMPIRE PETROLEUM CORP
11581.0,EPAC,ENERPAC TOOL GROUP CORP
13210.0,EPAM,EPAM SYSTEMS INC
86717.0,EPAY,BOTTOMLINE TECHNOLOGIES DEL INC
87659.0,EPC,EDGEWELL PERSONAL CARE CO
14392.0,EPE,E P ENERGY CORP
84531.0,EPIQ,EPIQ SYSTEMS INC
83411.0,EPM,EVOLUTION PETROLEUM CORP
13924.0,EPZM,EPIZYME INC
18195.0,EQ,EQUILLIUM INC
15838.0,EQBK,EQUITY BANCSHARES INC
15509.0,EQFN,EQUITABLE FINANCIAL CORP
21277.0,EQRX,EQRX INC
24328.0,EQT,E Q T CORP
13743.0,ERA,ERA GROUP INC
21599.0,ERAS,ERASCA INC
19826.0,ERES,EAST RESOURCES ACQUISITION CO
14882.0,ERI,ELDORADO RESORTS INC
92753.0,ERII,ENERGY RECOVERY INC
93106.0,ERN,ERIN ENERGY CORP
76963.0,ERNA,ETERNA THERAPEUTICS INC
84030.0,ERS,EMPIRE RESOURCES INC DEL
44206.0,ES,EVERSOURCE ENERGY
22880.0,ESAB,E S A B CORP
33532.0,ESCA,ESCALADE INC
76478.0,ESE,E S C O TECHNOLOGIES INC
15290.0,ESES,ECO STIM ENERGY INC
14406.0,ESI,ELEMENT SOLUTIONS INC
81128.0,ESI,I T T EDUCATIONAL SERVICES INC
32054.0,ESIO,ELECTRO SCIENTIFIC INDS INC
50788.0,ESL,ESTERLINE TECHNOLOGIES CORP
21971.0,ESLA,ESTRELLA IMMUNOPHARMA INC
22003.0,ESMT,ENGAGESMART INC
79303.0,ESND,ESSENDANT INC
91522.0,ESOA,ENERGY SERVICES OF AMERICA CORP
31691.0,ESP,ESPEY MANUFACTURING & ELCTRS COR
13954.0,ESPR,ESPERION THERAPEUTICS INC NEW
16784.0,ESQ,ESQUIRE FINANCIAL HOLDINGS
77668.0,ESRX,EXPRESS SCRIPTS HOLDING CO
17073.0,ESTE,EARTHSTONE ENERGY INC
19827.0,ETAC,E MERGE TECHNOLOGY ACQ CORP
79037.0,ETD,ETHAN ALLEN INTERIORS INC
79037.0,ETH,ETHAN ALLEN INTERIORS INC
86560.0,ETM,ENTERCOM COMMUNICATIONS CORP
19070.0,ETNB,89BIO INC
18257.0,ETON,ETON PHARMACEUTICALS INC
24010.0,ETR,ENTERGY CORP NEW
92433.0,ETRM,ENTEROMEDICS INC
18150.0,ETRN,EQUITRANS MIDSTREAM CORP
15291.0,ETSY,ETSY INC
18113.0,ETTX,ENTASIS THERAPEUTICS HLDGS INC
15313.0,EVA,ENVIVA INC
16287.0,EVBG,EVERBRIDGE INC
88485.0,EVC,ENTRAVISION COMMUNICATIONS CORP
21713.0,EVCM,EVERCOMMERCE INC
14506.0,EVDY,EVERYDAY HEALTH INC
17880.0,EVER,EVERQUOTE INC
15075.0,EVFM,EVOFEM BIOSCIENCES INC
15452.0,EVH,EVOLENT HEALTH INC
14065.0,EVHC,ENVISION HEALTHCARE HOLDINGS INC
85675.0,EVHC,ENVISION HEALTHCARE CORP
87437.0,EVI,ENVIROSTAR INC
87437.0,EVI,E V I INDUSTRIES INC
84185.0,EVK,EVER GLORY INTERNATIONAL GRP INC
17811.0,EVLO,EVELO BIOSCIENCES INC
19838.0,EVLV,EVOLV TECHNOLOGIES HOLDINGS INC
77007.0,EVLV,EVINE LIVE INC
14158.0,EVOK,EVOKE PHARMA INC
86062.0,EVOL,EVOLVING SYSTEMS INC
17790.0,EVOP,EVO PAYMENTS INC
24053.0,EVRG,EVERGY INC
90885.0,EVRI,EVERI HOLDINGS INC
18553.0,EVSI,ENVISION SOLAR INTERNATIONAL INC
13837.0,EVTC,EVERTEC INC
16773.0,EVTV,ENVIROTECH VEHICLES INC
87657.0,EW,EDWARDS LIFESCIENCES CORP
21843.0,EWCZ,EUROPEAN WAX CENTER INC
20791.0,EWTX,EDGEWISE THERAPEUTICS INC
13454.0,EXA,EXA CORP
83503.0,EXAC,EXACTECH INC
12330.0,EXAM,EXAMWORKS GROUP INC
87696.0,EXAR,EXAR CORP
88863.0,EXAS,EXACT SCIENCES CORP
21776.0,EXC,EXELON CORP
88159.0,EXEL,EXELIXIS INC
22266.0,EXFY,EXPENSIFY INC
91500.0,EXLS,EXLSERVICE HOLDINGS INC
80415.0,EXP,EAGLE MATERIALS INC
19071.0,EXPC,EXPERIENCE INVESTMENT CORP
87717.0,EXPD,EXPEDITORS INTERNATIONAL WA INC
90808.0,EXPE,EXPEDIA INC DE
90808.0,EXPE,EXPEDIA GROUP INC
17812.0,EXPI,E X P WORLD HOLDINGS INC
76261.0,EXPO,EXPONENT INC
93373.0,EXPR,EXPRESS INC
15710.0,EXTN,EXTERRAN CORP
86822.0,EXTR,EXTREME NETWORKS INC
16971.0,EYE,NATIONAL VISION HOLDINGS INC
15510.0,EYEG,EYEGATE PHARMACEUTICALS INC
17263.0,EYEN,EYENOVIA INC
15062.0,EYES,SECOND SIGHT MEDICAL PRODUCTS IN
90542.0,EYPT,EYEPOINT PHARMACEUTICALS INC
21930.0,EZFL,EZFILL HOLDINGS INC
25785.0,F,FORD MOTOR CO DEL
21352.0,FA,FIRST ADVANTAGE CORP
89099.0,FALC,FALCONSTOR SOFTWARE INC
13641.0,FANG,DIAMONDBACK ENERGY INC
34367.0,FARM,FARMER BROTHERS CO
85372.0,FARO,FARO TECHNOLOGIES INC
11618.0,FAST,FASTENAL CO
16981.0,FAT,F A T BRANDS INC
21791.0,FATBB,F A T BRANDS INC
14245.0,FATE,FATE THERAPEUTICS INC
20739.0,FATH,FATHOM DIGITAL MANUFACT CORP
13407.0,FB,FACEBOOK INC
12981.0,FBHS,FORTUNE BRANDS HOME & SECUR INC
12981.0,FBIN,FORTUNE BRANDS INNOVATIONS INC
13159.0,FBIO,FORTRESS BIOTECH INC
16579.0,FBM,FOUNDATION BLDG MATERIALS INC
12884.0,FBNK,FIRST CONNECTICUT BANCORP INC MD
16681.0,FBRX,FORTE BIOSCIENCES INC
24473.0,FBYD,FALCONS BEYOND GLOBAL INC
77637.0,FC,FRANKLIN COVEY CO
17798.0,FCBP,FIRST CHOICE BANCORP
77699.0,FCEL,FUELCELL ENERGY INC
15514.0,FCFP,FIRST COMMUNITY FINL PTNRS INC
76856.0,FCFS,FIRSTCASH INC
83509.0,FCN,F T I CONSULTING INC
87139.0,FCS,FAIRCHILD SEMICONDUCTOR INTL INC
13896.0,FCSC,FIBROCELL SCIENCE INC
21844.0,FCUV,FOCUS UNIVERSAL INC
81774.0,FCX,FREEPORT MCMORAN INC
16982.0,FDBC,FIDELITY D & D BANCORP INC
15703.0,FDC,FIRST DATA CORP NEW
92640.0,FDML,FEDERAL MOGUL HOLDINGS CORP
20292.0,FDMT,4D MOLECULAR THERAPEUTICS INC
83597.0,FDS,FACTSET RESEARCH SYSTEMS INC
60628.0,FDX,FEDEX CORP
23026.0,FE,FIRSTENERGY CORP
22897.0,FEAM,5E ADVANCED MATERIALS INC
81705.0,FEIC,F E I CO
62228.0,FEIM,FREQUENCY ELECTRONICS INC
37568.0,FELE,FRANKLIN ELECTRIC INC
21540.0,FEMY,FEMASYS INC
15372.0,FENX,FENIX PARTS INC
13337.0,FET,FORUM ENERGY TECHNOLOGIES INC
14159.0,FEYE,FIREEYE INC
12615.0,FF,FUTUREFUEL CORP
16983.0,FFBW,F F B W INC
16983.0,FFBW,F F B W INC MD
83720.0,FFG,F B L FINANCIAL GROUP INC
19649.0,FFIE,FARADAY FUTURE INTEL ELCTRC INC
86964.0,FFIV,F 5 NETWORKS INC
86964.0,FFIV,F 5 INC
15064.0,FFWM,FIRST FOUNDATION INC
15840.0,FGBI,FIRST GUARANTY BANCSHARES INC
15065.0,FGEN,FIBROGEN INC
14607.0,FGF,F G FINANCIAL GROUP INC
14607.0,FGF,F G FINANCIAL GROUP INC NV
82234.0,FGH,F G GROUP HOLDINGS INC
12017.0,FH,FORM HOLDINGS CORP
16253.0,FHB,FIRST HAWAIIAN INC
76461.0,FHCO,FEMALE HEALTH CO
19962.0,FHTX,FOGHORN THERAPEUTICS INC
10696.0,FI,FISERV INC
93304.0,FIBK,FIRST INTERSTATE BANCSYSTEM INC
11533.0,FICO,FAIR ISAAC CORP
21210.0,FIGS,F I G S INC
77669.0,FINL,FINISH LINE INC
22301.0,FINW,FINWISE BANCORP
23224.0,FIP,FTAI INFRASTRUCTURE INC
89003.0,FIS,FIDELITY NATIONAL INFO SVCS INC
10696.0,FISV,FISERV INC
15390.0,FIT,FITBIT INC
13527.0,FIVE,FIVE BELOW INC
14596.0,FIVN,FIVE 9 INC
85059.0,FIX,COMFORT SYSTEMS USA INC
17358.0,FIXX,HOMOLOGY MEDICINES INC
76839.0,FIZZ,NATIONAL BEVERAGE CORP
10066.0,FKWL,FRANKLIN WIRELESS CORP
15456.0,FL,FOOT LOCKER INC
12577.0,FLDM,FLUIDIGM CORP
16290.0,FLGT,FULGENT GENETICS INC
79265.0,FLIR,FLIR SYSTEMS INC
15177.0,FLKS,FLEX PHARMA INC
79490.0,FLL,FULL HOUSE RESORTS INC
16905.0,FLMN,FALCON MINERALS CORP
22088.0,FLNC,FLUENCE ENERGY INC
92486.0,FLNT,FLUENT INC
88924.0,FLO,FLOWERS FOODS INC
15647.0,FLOW,S P X FLOW INC
88853.0,FLR,FLUOR CORP NEW
30940.0,FLS,FLOWSERVE CORP
12449.0,FLT,FLEETCOR TECHNOLOGIES INC
19624.0,FLUX,FLUX POWER HOLDINGS INC
87162.0,FLWS,1 800 FLOWERS COM INC
14457.0,FLXN,FLEXION THERAPEUTICS INC
36768.0,FLXS,FLEXSTEEL INDUSTRIES INC
21122.0,FLYW,FLYWIRE CORP
21628.0,FLYX,FLYEXCLUSIVE INC
16703.0,FMAO,FARMERS & MERCHANTS BANCORP INC
19166.0,FMC,F M C CORP
18114.0,FMCI,FORUM MERGER II CORP
14160.0,FMI,FOUNDATION MEDICINE INC
14961.0,FMSA,FAIRMOUNT SANTROL HOLDINGS INC
19410.0,FMTX,FORMA THERAPEUTICS HOLDINGS INC
22149.0,FNA,PARAGON 28 INC
13934.0,FNBC,FIRST N B C BANK HOLDING CO
16672.0,FNBG,F N B BANCORP
17359.0,FNCB,FNCB BANCORP INC
20793.0,FNCH,FINCH THERAPEUTICS GROUP INC
16664.0,FND,FLOOR & DECOR HOLDINGS INC
91893.0,FNJN,FINJAN HOLDINGS INC
17043.0,FNKO,FUNKO INC
87390.0,FNSR,FINISAR CORP
15292.0,FNTC,FINTECH ACQUISITION CORP
16630.0,FNTE,FINTECH ACQUISITION CORP II
15178.0,FNWB,FIRST NORTHWEST BANCORP
22302.0,FNWD,FINWARD BANCORP
17950.0,FOCS,FOCUS FINANCIAL PARTNERS INC
21135.0,FOE,FERRO CORP
15426.0,FOGO,FOGO DE CHAO INC
92040.0,FOLD,AMICUS THERAPEUTICS INC
37154.0,FONR,FONAR CORP
20794.0,FORA,FORIAN INC
37381.0,FORD,FORWARD INDUSTRIES INC NY
21894.0,FORG,FORGEROCK INC
89753.0,FORM,FORMFACTOR INC
84210.0,FORR,FORRESTER RESEARCH INC
79089.0,FOSL,FOSSIL GROUP INC
19404.0,FOUR,SHIFT4 PAYMENTS INC
18421.0,FOX,FOX CORP
90442.0,FOX,TWENTY FIRST CENTURY FOX INC
18420.0,FOXA,FOX CORP
90441.0,FOXA,TWENTY FIRST CENTURY FOX INC
14097.0,FOXF,FOX FACTORY HOLDING CORP
16458.0,FPAY,FLEXSHOPPER INC
14161.0,FPRX,FIVE PRIME THERAPEUTICS INC
16557.0,FRAC,KEANE GROUP INC
18652.0,FRAF,FRANKLIN FINANCIAL SERVICES CORP
12915.0,FRAN,FRANCESCAS HOLDINGS CORP
58421.0,FRD,FRIEDMAN INDUSTRIES INC
77420.0,FRED,FREDS INC
18642.0,FREE,WHOLE EARTH BRANDS INC
19008.0,FREQ,FREQUENCY THERAPEUTICS INC
13537.0,FRG,FRANCHISE GROUP INC
13375.0,FRGI,FIESTA RESTAURANT GROUP INC
91437.0,FRHC,FREEDOM HOLDING CORP
12501.0,FRP,FAIRPOINT COMMUNICATIONS INC
10443.0,FRPH,F R P HOLDINGS INC
15067.0,FRPT,FRESHPET INC
14654.0,FRSH,PAPA MURPHYS HOLDINGS INC
21895.0,FRSH,FRESHWORKS INC
16384.0,FRTA,FORTERRA INC
23256.0,FRZA,FORZA X1 INC
16925.0,FSAC,FEDERAL STREET ACQUISITION CORP
15008.0,FSAM,FIFTH STREET ASSET MANAGEMENT
21294.0,FSBC,FIVE STAR BANCORP
13528.0,FSBW,F S BANCORP INC
16984.0,FSCT,FORESCOUT TECHNOLOGIES INC
18837.0,FSEA,FIRST SEACOAST BANCORP
18837.0,FSEA,FIRST SEACOAST BANCORP INC
89597.0,FSI,FLEXIBLE SOLUTIONS INTL INC
91611.0,FSLR,FIRST SOLAR INC
18580.0,FSLY,FASTLY INC
90556.0,FSNN,FUSION TELECOMMUNICATIONS INTL
90556.0,FSNN,FUSION CONNECT INC
18184.0,FSR,FISKER INC
19135.0,FSRV,FINSERV ACQUISITION CORP
47706.0,FSS,FEDERAL SIGNAL CORP
37402.0,FSTR,FOSTER L B CO
16069.0,FSTX,F STAR THERAPEUTICS INC
18361.0,FTAC,FINTECH ACQUISITION CORP III
15351.0,FTAI,FORTRESS TRANS AND INFR INV LLC
21051.0,FTCI,F T C SOLAR INC
14247.0,FTD,F T D COMPANIES INC
18064.0,FTDR,FRONTDOOR INC
79586.0,FTEK,FUEL TECH INC
93069.0,FTFT,FUTURE FINTECH GROUP INC
19555.0,FTHM,FATHOM HOLDINGS INC
89004.0,FTI,F M C TECHNOLOGIES INC
90783.0,FTK,FLOTEK INDUSTRIES INC
24263.0,FTLF,FITLIFE BRANDS INC
93132.0,FTNT,FORTINET INC
17182.0,FTNW,F T E NETWORKS INC
23887.0,FTR,FRONTIER COMMUNICATIONS CORP
23942.0,FTRE,FORTREA HOLDINGS INC
17273.0,FTSI,F T S INTERNATIONAL INC
17883.0,FTSV,FORTY SEVEN INC
16087.0,FTV,FORTIVE CORP
19893.0,FUBO,FUBOTV INC
14164.0,FUEL,ROCKET FUEL INC
37875.0,FUL,FULLER H B CO
18838.0,FULC,FULCRUM THERAPEUTICS INC
16927.0,FUV,ARCIMOTO INC
18115.0,FVCB,FVCBANKCORP INC
89252.0,FVE,FIVE STAR QUALITY CARE INC
89252.0,FVE,FIVE STAR SENIOR LIVING INC
16377.0,FWBI,FIRST WAVE BIOPHARMA INC
13757.0,FWONA,LIBERTY MEDIA CORP 3RD NEW
14811.0,FWONK,LIBERTY MEDIA CORP 3RD NEW
79841.0,FWRD,FORWARD AIR CORP
22204.0,FWRG,FIRST WATCH RESTAURANT GROUP INC
12446.0,FXCM,F X C M INC
21641.0,FXLV,F45 TRAINING HOLDINGS INC
18554.0,FXNC,FIRST NATIONAL CORP VA
21297.0,FYBR,FRONTIER COMMUNICATIONS PRINT
87321.0,GAIA,GAIAM INC
87321.0,GAIA,GAIA INC
13324.0,GALT,GALECTIN THERAPEUTICS INC
21298.0,GAMC,GOLDEN ARROW MERGER CORP
21541.0,GAME,GAMESQUARE HOLDINGS INC DE
20796.0,GANX,GAIN THERAPEUTICS INC
15553.0,GAS,A G L RESOURCES INC
19894.0,GATO,GATOS SILVER INC
12036.0,GATX,G A T X CORP
88615.0,GB,GREATBATCH INC
14801.0,GBIM,GLOBEIMMUNE INC
19476.0,GBIO,GENERATION BIO CO
20427.0,GBNY,GENERATIONS BANCORP N Y INC
20600.0,GBOX,GREENBOX P O S
79066.0,GBR,NEW CONCEPT ENERGY INC
15010.0,GBSN,GREAT BASIN SCIENTIFIC INC
15638.0,GBT,GLOBAL BLOOD THERAPEUTICS INC
20114.0,GBTG,GLOBAL BUSINESS TRAVEL GROUP INC
80719.0,GBX,GREENBRIER COMPANIES INC
14490.0,GCI,GANNETT CO INC
15391.0,GCI,GANNETT CO INC NEW
18360.0,GCMG,G C M GROSVENOR INC
21055.0,GCO,GENESCO INC
15917.0,GCP,G C P APPLIED TECHNOLOGIES INC
22561.0,GCTK,GLUCOTRACK INC
12052.0,GD,GENERAL DYNAMICS CORP
15664.0,GDC,GD CULTURE GROUP LTD
15315.0,GDDY,GODADDY INC
86578.0,GDEN,GOLDEN ENTERTAINMENT INC
16692.0,GDI,GARDNER DENVER HOLDINGS INC
11664.0,GDOT,GREEN DOT CORP
16690.0,GDP,GOODRICH PETROLEUM CORP
19679.0,GDRX,GOODRX HOLDINGS INC
18192.0,GDYN,GRID DYNAMICS HOLDINGS INC
12060.0,GE,GENERAL ELECTRIC CO
86990.0,GEC,GREAT ELM CAPITAL GROUP INC
83233.0,GEF,GREIF INC
83264.0,GEF,GREIF INC
86990.0,GEG,GREAT ELM GROUP INC
23570.0,GEHC,G E HEALTHCARE TECHNOLOGIES INC
16255.0,GEMP,GEMPHIRE THERAPEUTICS INC
75607.0,GEN,GEN DIGITAL INC
92020.0,GEN,GENESIS HEALTHCARE INC
52250.0,GENC,GENCOR INDUSTRIES INC
24009.0,GENK,GEN RESTAURANT GROUP INC
85567.0,GEOS,GEOSPACE TECHNOLOGIES CORP
83756.0,GERN,GERON CORP
83822.0,GES,GUESS INC
12579.0,GEVO,GEVO INC
46463.0,GFF,GRIFFON CORP
91299.0,GFN,GENERAL FINANCE CORP
12310.0,GGE,GREEN GIANT INC
39571.0,GGG,GRACO INC
18135.0,GH,GUARDANT HEALTH INC
53225.0,GHC,GRAHAM HOLDINGS CO
90900.0,GHDX,GENOMIC HEALTH INC
60468.0,GHM,GRAHAM CORP
18555.0,GHSI,GUARDION HEALTH SCIENCES INC
81665.0,GIC,GLOBAL INDUSTRIAL CO
84737.0,GIFI,GULF ISLAND FABRICATION INC
13340.0,GIG,GIGPEAK INC
39029.0,GIGA,GIGA TRONICS INC
75905.0,GIII,G III APPAREL GROUP INC
77274.0,GILD,GILEAD SCIENCES INC
13992.0,GIMO,GIGAMON INC
17144.0,GIS,GENERAL MILLS INC
37955.0,GK,G & K SERVICES INC
15454.0,GKOS,GLAUKOS CORP
83602.0,GLA,GLASSBRIDGE ENTERPRISES INC
15523.0,GLBL,TERRAFORM GLOBAL INC
12446.0,GLBR,GLOBAL BROKERAGE INC
39328.0,GLDC,GOLDEN ENTERPRISES INC
91665.0,GLDD,GREAT LAKES DREDGE & DOCK CORP
17079.0,GLF,GULFMARK OFFSHORE INC
84808.0,GLF,GULFMARK OFFSHORE INC
14093.0,GLG,TD HOLDINGS INC
17334.0,GLIBA,G C I LIBERTY INC
81761.0,GLOW,GLOWPOINT INC
19586.0,GLS,GELESIS HOLDINGS INC
19831.0,GLSI,GREENWICH LIFESCIENCES INC
57154.0,GLT,GLATFELTER P H CO
57154.0,GLT,GLATFELTER CORP
19965.0,GLTO,GALECTO INC
21543.0,GLUE,MONTE ROSA THERAPEUTICS INC
91900.0,GLUU,GLU MOBILE INC
22293.0,GLW,CORNING INC
14431.0,GLYC,GLYCOMIMETICS INC
12369.0,GM,GENERAL MOTORS CO
12080.0,GMAN,GORDMANS STORES INC
89301.0,GME,GAMESTOP CORP NEW
13543.0,GMED,GLOBUS MEDICAL INC
22899.0,GMGI,GOLDEN MATRIX GROUP INC
18453.0,GMHI,GORES METROPOULOS INC
16076.0,GMS,G M S INC
12036.0,GMT,G A T X CORP
19628.0,GMTX,GEMINI THERAPEUTICS INC
12660.0,GNC,G N C HOLDINGS INC
14458.0,GNCA,GENOCEA BIOSCIENCES INC
12173.0,GNCMA,GENERAL COMMUNICATION INC
13019.0,GNE,GENIE ENERGY LTD
18556.0,GNLN,GREENLANE HOLDINGS INC
23670.0,GNLX,GENELUX CORP
93393.0,GNMK,GENMARK DIAGNOSTICS INC
12667.0,GNMX,AEVI GENOMIC MEDICINE INC
18778.0,GNOG,GOLDEN NUGGET ONLINE GAMING INC
17360.0,GNPX,GENPREX INC
93246.0,GNRC,GENERAC HOLDINGS INC
87053.0,GNSS,GENASYS INC
38659.0,GNTX,GENTEX CORP
16463.0,GNUS,GENIUS BRANDS INTERNATIONAL INC
18735.0,GO,GROCERY OUTLET HOLDING CORP
19767.0,GOAC,G O ACQUISITION CORP
19500.0,GOCO,GOHEALTH INC
19515.0,GOED,1847 GOEDEKER INC
18558.0,GOEV,CANOO INC
13956.0,GOGO,GOGO INC
16434.0,GOLF,ACUSHNET HOLDINGS CORP
14542.0,GOOG,ALPHABET INC
90319.0,GOOGL,ALPHABET INC
12049.0,GORO,GOLD RESOURCE CORP
17365.0,GORV,LAZYDAYS HOLDINGS INC
18377.0,GOSS,GOSSAMER BIO INC
19832.0,GOVX,GEOVAX LABS INC
15639.0,GPAC,GLOBAL PARTNER ACQ CORP
17361.0,GPAQ,GORDON POINTE ACQUISITION CORP
46674.0,GPC,GENUINE PARTS CO
85427.0,GPI,GROUP 1 AUTOMOTIVE INC
80357.0,GPIC,GAMING PARTNERS INTL CORP
89810.0,GPK,GRAPHIC PACKAGING HOLDING CO
88873.0,GPN,GLOBAL PAYMENTS INC
21219.0,GPOR,GULFPORT ENERGY CORP
91128.0,GPOR,GULFPORT ENERGY CORP
91161.0,GPRE,GREEN PLAINS INC
14694.0,GPRO,GOPRO INC
59010.0,GPS,GAP INC
58501.0,GPX,G P STRATEGIES CORP
85908.0,GRA,GRACE W R & CO DEL NEW
19833.0,GRAY,GRAYBUG VISION INC
92089.0,GRBK,GREEN BRICK PARTNERS INC
53604.0,GRC,GORMAN RUPP CO
21889.0,GREE,GREENIDGE GENERATION HLDGS INC
20640.0,GRI,GRI BIO INC
85982.0,GRIF,GRIFFIN INDUSTRIAL REALTY INC
19233.0,GRIL,MUSCLE MAKER INC
20788.0,GRNA,GREENLIGHT BIOSCIENCES HLDGS PBC
17885.0,GRNQ,GREENPRO CAPITAL CORP
21260.0,GROV,GROVE COLLABORATIVE HOLDINGS INC
21547.0,GRPH,GRAPHITE BIO INC
13108.0,GRPN,GROUPON INC
15785.0,GRSH,GORES HOLDINGS INC
18202.0,GRSH,GORES HOLDINGS III INC
19834.0,GRSV,GORES HOLDINGS V INC
18116.0,GRTS,GRITSTONE ONCOLOGY INC
18116.0,GRTS,GRITSTONE BIO INC
19072.0,GRTX,GALERA THERAPEUTICS INC
14567.0,GRUB,GRUBHUB INC
21551.0,GRVI,GROVE INC
19137.0,GRWG,GROWGENERATION CORP
17326.0,GRYP,GRYPHON DIGITAL MINING INC
91612.0,GSAT,GLOBALSTAR INC
92174.0,GSB,GLOBALSCAPE INC
17688.0,GSHD,GOOSEHEAD INSURANCE INC
16631.0,GSHT,GORES HOLDINGS II INC
92332.0,GSI,GENERAL STEEL HOLDINGS INC
91901.0,GSIT,G S I TECHNOLOGY INC
17795.0,GSKY,GREENSKY INC
23031.0,GSRM,G S R II METEORA ACQ CORP
91069.0,GST,GASTAR EXPLORATION INC NEW
16432.0,GT,GOODYEAR TIRE & RUBBER CO
29744.0,GTBP,G T BIOPHARMA INC
92619.0,GTE,GRAN TIERRA ENERGY INC
16705.0,GTHX,G1 THERAPEUTICS INC
76360.0,GTIM,GOOD TIMES RESTAURANTS INC
22084.0,GTLB,GITLAB INC
91402.0,GTLS,CHART INDUSTRIES INC
39731.0,GTN,GRAY TELEVISION INC
83989.0,GTN,GRAY TELEVISION INC
13993.0,GTT,G T T COMMUNICATIONS INC
18065.0,GTX,GARRETT MOTION INC
90031.0,GTXI,G T X INC
16464.0,GTYH,G T Y TECHNOLOGY HOLDINGS INC MA
91666.0,GUID,GUIDANCE SOFTWARE INC
78091.0,GURE,GULF RESOURCES INC
32299.0,GV,GOLDFIELD CORP
76135.0,GVA,GRANITE CONSTRUCTION INC
81869.0,GVP,G S E SYSTEMS INC
23227.0,GWAV,GREENWAVE TECH SOLUTIONS INC
14930.0,GWGH,G W G HOLDINGS INC
83661.0,GWR,GENESEE & WYOMING INC
13181.0,GWRE,GUIDEWIRE SOFTWARE INC
16008.0,GWRS,GLOBAL WATER RESOURCES INC
52695.0,GWW,GRAINGER W W INC
23731.0,GXAI,GAXOS AI INC
18840.0,GXGX,G X ACQUISITION CORP
21608.0,GXO,G X O LOGISTICS INC
24432.0,GXP,GREAT PLAINS ENERGY INC
91184.0,GYRE,GYRE THERAPEUTICS INC
15653.0,GYRO,GYRODYNE LLC
93098.0,H,HYATT HOTELS CORP
81666.0,HA,HAWAIIAN HOLDINGS INC
20429.0,HAAC,HEALTH ASSURANCE ACQ CORP
15068.0,HABT,HABIT RESTAURANTS INC
76837.0,HAE,HAEMONETICS CORP MASS
80167.0,HAIN,HAIN CELESTIAL GROUP INC
16987.0,HAIR,RESTORATION ROBOTICS INC
23819.0,HAL,HALLIBURTON CO
90436.0,HALO,HALOZYME THERAPEUTICS INC
19011.0,HAPP,HAPPINESS BIOTECH GROUP LTD
75224.0,HAR,HARMAN INTL INDS INC NEW
18401.0,HARP,HARPOON THERAPEUTICS INC
52978.0,HAS,HASBRO INC
13875.0,HAWK,BLACKHAWK NETWORK HOLDINGS INC
91902.0,HAYN,HAYNES INTERNATIONAL INC
20649.0,HAYW,HAYWARD HOLDINGS INC
16920.0,HBB,HAMILTON BEACH BRANDS HLDG CO
92810.0,HBCP,HOME BANCORP INC
91416.0,HBI,HANESBRANDS INC
88839.0,HBIO,HARVARD BIOSCIENCE INC
13642.0,HBK,HAMILTON BANCORP INC MD
87464.0,HBP,HUTTIG BUILDING PRODUCTS INC
19012.0,HBT,H B T FINANCIAL INC
12622.0,HCA,H C A HOLDINGS INC
12622.0,HCA,H C A HEALTHCARE INC
15654.0,HCAC,HENNESSY CAPITAL ACQ CORP II
18558.0,HCAC,HENNESSY CAPITAL ACQ CORP IV
18789.0,HCAT,HEALTH CATALYST INC
16653.0,HCC,WARRIOR MET COAL INC
92588.0,HCCI,HERITAGE CRYSTAL CLEAN INC
19631.0,HCDI,HARBOR CUSTOM DEVELOPMENT INC
12877.0,HCHC,H C 2 HOLDINGS INC
86048.0,HCKT,HACKETT GROUP INC
12916.0,HCOM,HAWAIIAN TELCOM HOLDCO INC
22424.0,HCP,HASHICORP INC
13544.0,HCR,HI CRUSH INC
41292.0,HCSG,HEALTHCARE SERVICES GROUP INC
22209.0,HCTI,HEALTHCARE TRIANGLE INC
21721.0,HCWB,HCW BIOLOGICS INC
66181.0,HD,HOME DEPOT INC
81620.0,HDNG,HARDINGE INC
15128.0,HDP,HORTONWORKS INC
15129.0,HDRA,HYDRA INDUSTRIES ACQ CORP
13957.0,HDS,H D SUPPLY HOLDINGS INC
81084.0,HDSN,HUDSON TECHNOLOGIES INC
41187.0,HE,HAWAIIAN ELECTRIC INDUSTRIES INC
13328.0,HEAR,TURTLE BEACH CORP
83762.0,HEB,HEMISPHERX BIOPHARMA INC
91080.0,HEES,H & E EQUIPMENT SERVICES INC
32678.0,HEI,HEICO CORP NEW
85945.0,HEI,HEICO CORP NEW
15219.0,HEPA,HEPION PHARMACEUTICALS INC
28484.0,HES,HESS CORP
19098.0,HESM,HESS MIDSTREAM L P
32803.0,HFC,HOLLYFRONTIER CORP
16922.0,HFFG,H F FOODS GROUP INC
78988.0,HGBL,HERITAGE GLOBAL INC
13755.0,HGEN,HUMANIGEN INC
92177.0,HGG,HHGREGG INC
12310.0,HGSH,CHINA H G S REAL ESTATE INC
16498.0,HGV,HILTON GRAND VACATIONS INC
42455.0,HH,HOOPER HOLMES INC
79903.0,HHS,HARTE HANKS INC
92597.0,HI,HILLENBRAND INC
84084.0,HIBB,HIBBETT SPORTS INC
12623.0,HII,HUNTINGTON INGALLS INDS INC
13794.0,HIIQ,HEALTH INSURANCE INNOVATIONS INC
91355.0,HIL,HILL INTERNATIONAL INC
14498.0,HIVE,AEROHIVE NETWORKS INC
17813.0,HJLI,HANCOCK JAFFE LABORATORIES INC
91283.0,HK,HALCON RESOURCES CORP
32651.0,HL,HECLA MINING CO
84438.0,HLIO,HELIOS TECHNOLOGIES INC
81621.0,HLIT,HARMONIC INC
20120.0,HLLY,HOLLEY INC
20153.0,HLMN,HILLMAN SOLUTIONS CORP
16632.0,HLNE,HAMILTON LANE INC
10693.0,HLS,HEALTHSOUTH CORP
14338.0,HLT,HILTON WORLDWIDE HOLDINGS INC
21933.0,HLTH,CUE HEALTH INC
23032.0,HLVX,HILLEVAX INC
85168.0,HLX,HELIX ENERGY SOLUTIONS GROUP INC
14312.0,HMHC,HOUGHTON MIFFLIN HARCOURT CO
85320.0,HMNY,HELIOS & MATHESON ANALYTICS INC
20435.0,HMPT,HOME POINT CAPITAL INC
13278.0,HMST,HOMESTREET INC
78156.0,HMSY,H M S HOLDINGS CORP
16385.0,HMTA,HOMETOWN BANKSHARES CORP
13876.0,HMTV,HEMISPHERE MEDIA GROUP INC
10051.0,HNGR,HANGER INC
92872.0,HNH,HANDY & HARMAN LTD
42439.0,HNI,H N I CORP
47723.0,HNRG,HALLADOR ENERGY CO
91613.0,HNSN,HANSEN MEDICAL INC
21118.0,HNST,HONEST COMPANY INC
23110.0,HNVR,HANOVER BANCORP INC
89416.0,HOFT,HOOKER FURNITURE CORP
89416.0,HOFT,HOOKER FURNISHINGS CORP
17361.0,HOFV,HALL OF FAME RESORT & ENT CO
70033.0,HOG,HARLEY DAVIDSON INC
19835.0,HOL,HOLICITY INC
76095.0,HOLX,HOLOGIC INC
16268.0,HOME,AT HOME GROUP INC
10145.0,HON,HONEYWELL INTERNATIONAL INC
16097.0,HONE,HARBORONE BANCORP INC
16097.0,HONE,HARBORONE BANCORP INC NEW
21723.0,HOOD,ROBINHOOD MARKETS INC
18559.0,HOOK,HOOKIPA PHARMA INC
90067.0,HOS,HORNBECK OFFSHORE SVCS INC NEW
91207.0,HOT,STARWOOD HOTELS & REST WLDWD INC
18402.0,HOTH,HOTH THERAPEUTICS INC
13455.0,HOTR,CHANTICLEER HOLDINGS INC
22659.0,HOUR,HOUR LOOP INC
65285.0,HOV,HOVNANIAN ENTERPRISES INC
21060.0,HOWL,WEREWOLF THERAPEUTICS INC
32707.0,HP,HELMERICH & PAYNE INC
15707.0,HPE,HEWLETT PACKARD ENTERPRISE CO
92696.0,HPJ,HIGHPOWER INTERNATIONAL INC
19632.0,HPK,HIGHPEAK ENERGY INC
27828.0,HPQ,H P INC
90494.0,HPR,HIGHPOINT RESOURCES CORP
17875.0,HQI,HIREQUEST INC
14803.0,HQY,HEALTHEQUITY INC
49373.0,HRB,BLOCK H & R INC
52716.0,HRC,HILL ROM HOLDINGS INC
38295.0,HRG,H R G GROUP INC
91575.0,HRI,HERC HOLDINGS INC
32870.0,HRL,HORMEL FOODS CORP
15293.0,HRMN,HARMONY MERGER CORP
19635.0,HRMY,HARMONY BIOSCIENCES HLDGS INC
13796.0,HROW,HARROW HEALTH INC
13796.0,HROW,HARROW INC
25582.0,HRS,HARRIS CORP
22115.0,HRT,HIRERIGHT HOLDINGS CORP
76544.0,HRT,ARRHYTHMIA RESEARCH TECH INC
14625.0,HRTG,HERITAGE INSURANCE HOLDINGS INC
11636.0,HRTX,HERON THERAPEUTICS INC
25304.0,HSC,HARSCO CORP
23185.0,HSCS,HEART TEST LABORATORIES INC
17690.0,HSDT,HELIUS MEDICAL TECHNOLOGIES INC
15132.0,HSGX,HISTOGENICS CORP
82581.0,HSIC,SCHEIN HENRY INC
86827.0,HSII,HEIDRICK & STRUGGLES INTL INC
85187.0,HSKA,HESKA CORP
92771.0,HSNI,H S N INC NEW
89698.0,HSON,HUDSON GLOBAL INC
88167.0,HSTM,HEALTHSTREAM INC
14046.0,HSTO,HISTOGEN INC
16600.0,HSY,HERSHEY CO
13534.0,HTBI,HOMETRUST BANCSHARES INC
14051.0,HTBX,HEAT BIOLOGICS INC
88795.0,HTCH,HUTCHINSON TECHNOLOGY INC
22776.0,HTCR,HEARTCORE ENTERPRISES INC
15374.0,HTGM,HTG MOLECULAR DIAGNOSTICS INC
10812.0,HTLD,HEARTLAND EXPRESS INC
92636.0,HTM,U S GEOTHERMAL INC
92894.0,HTWR,HEARTWARE INTERNATIONAL INC
16086.0,HTZ,HERTZ GLOBAL HOLDINGS INC NEW
91575.0,HTZ,HERTZ GLOBAL HOLDINGS INC
32942.0,HUBB,HUBBELL INC
83272.0,HUBG,HUB GROUP INC
14970.0,HUBS,HUBSPOT INC
20137.0,HUMA,HUMACYTE INC
90558.0,HUN,HUNTSMAN CORP
42922.0,HURC,HURCO CO
90409.0,HURN,HURON CONSULTING GROUP INC
91379.0,HUSA,HOUSTON AMERICAN ENERGY CORP
24655.0,HUT,HUT 8 CORP
16569.0,HVBC,H V BANCORP INC
10294.0,HVT,HAVERTY FURNITURE COS INC
41217.0,HVT,HAVERTY FURNITURE COS INC
86042.0,HW,HEADWATERS INC
76788.0,HWAY,HEALTHWAYS INC
91357.0,HWCC,HOUSTON WIRE & CABLE CO
22882.0,HWH,HWM INTERNATIONAL INC
41241.0,HWKN,HAWKINS INC
24643.0,HWM,HOWMET AEROSPACE INC
61567.0,HXL,HEXCEL CORP NEW
13577.0,HY,HYSTER YALE MATERIALS HANDLG INC
13577.0,HY,HYSTER YALE INC
17114.0,HYAC,HAYMAKER ACQUISITION CORP
18844.0,HYAC,HAYMAKER ACQUISITION CORP II
20194.0,HYFM,HYDROFARM HOLDINGS GROUP INC
14941.0,HYH,HALYARD HEALTH INC
17366.0,HYMC,HYCROFT MINING HOLDING CORP
20430.0,HYPR,HYPERFINE INC
17886.0,HYRE,HYRECAR INC
20290.0,HYZN,HYZON MOTORS INC
15399.0,HZN,HORIZON GLOBAL CORP
86128.0,HZO,MARINEMAX INC
18736.0,IAA,I A A INC
78840.0,IAC,IAC INTERACTIVECORP
78840.0,IAC,IAC INTERACTIVECORP NEW
78840.0,IAC,IAC INC
82179.0,IART,INTEGRA LIFESCIENCES HLDNGS CORP
21554.0,IAS,INTEGRAL AD SCIENCE HOLDING CORP
12527.0,IBIO,IBIO INC
12490.0,IBM,INTERNATIONAL BUSINESS MACHS COR
14479.0,IBP,INSTALLED BUILDING PRODUCTS INC
15533.0,IBRX,IMMUNITYBIO INC
13877.0,IBTX,INDEPENDENT BANK GROUP INC
88779.0,ICAD,ICAD INC
15180.0,ICBK,COUNTY BANCORP INC
11292.0,ICCC,IMMUCELL CORP
16633.0,ICCH,I C C HOLDINGS INC
14852.0,ICD,INDEPENDENCE CONTRACT DRILLING
91468.0,ICFI,I C F INTERNATIONAL INC NEW
76215.0,ICON,ICONIX BRAND GROUP INC
13643.0,ICPT,INTERCEPT PHARMACEUTICALS INC
20841.0,ICU,SEASTAR MEDICAL HOLDING CORP
77447.0,ICUI,I C U MEDICAL INC
21729.0,ICVX,ICOSAVAX INC
21928.0,IDA,IDACORP INC
22660.0,IDAI,T STAMP INC
45306.0,IDCC,INTERDIGITAL INC
13412.0,IDEX,IDEANOMICS INC
92486.0,IDI,I D I INC
87439.0,IDN,INTELLICHECK MOBILISA INC
87439.0,IDN,INTELLICHECK INC
22953.0,IDR,IDAHO STRATEGIC RESOURCES INC
82824.0,IDRA,IDERA PHARMACEUTICALS INC
83875.0,IDSA,INDUSTRIAL SERVICES OF AM INC
87016.0,IDSY,I D SYSTEMS INC
88988.0,IDT,I D T CORP
44506.0,IDTI,INTEGRATED DEVICE TECHNOLOGY
86083.0,IDXG,INTERPACE BIOSCIENCES INC
76709.0,IDXX,I D E X X LABORATORIES INC
18656.0,IDYA,IDEAYA BIOSCIENCES INC
23147.0,IE,IVANHOE ELECTRIC INC
16261.0,IEA,INFRA AND ENRGY ALTERNATIVES INC
78892.0,IEC,I E C ELECTRONICS CORP NEW
85768.0,IESC,I E S HOLDINGS INC
75591.0,IEX,IDEX CORP
40272.0,IFF,INTERNATIONAL FLAVORS & FRAG INC
16590.0,IFMK,IFRESH INC
90207.0,IFON,COOL HOLDINGS INC
91201.0,IGC,INDIA GLOBALIZATION CAPITAL INC
18955.0,IGMS,I G M BIOSCIENCES INC
20815.0,IGNY,IGNYTE ACQUISITION CORP
18845.0,IHRT,IHEARTMEDIA INC
90992.0,IHS,I H S INC
91754.0,III,INFORMATION SERVICES GROUP INC
87725.0,IIIN,INSTEEL INDUSTRIES INC
17887.0,IIIV,I3 VERTICALS INC
92772.0,IILG,INTERVAL LEISURE GROUP INC
41574.0,IIN,INTRICON CORP
11752.0,IIVI,II VI INC
20816.0,IKNA,IKENA ONCOLOGY INC
87759.0,IKNX,IKONICS CORP
20297.0,IKT,INHIBIKASE THERAPEUTICS INC
12051.0,IL,INTRALINKS HOLDINGS INC
92772.0,ILG,I L G INC
21517.0,ILLM,ILLUMIN HOLDINGS INC
88446.0,ILMN,ILLUMINA INC
84168.0,IM,INGRAM MICRO INC
18405.0,IMAC,I M A C HOLDINGS INC
77007.0,IMBI,IMEDIA BRANDS INC
14805.0,IMDZ,IMMUNE DESIGN CORP
75860.0,IMGN,IMMUNOGEN INC
21731.0,IMGO,IMAGO BIOSCIENCES INC
13109.0,IMI,INTERMOLECULAR INC
11701.0,IMKTA,INGLES MARKETS INC
87394.0,IMMR,IMMERSION CORP
43757.0,IMMU,IMMUNOMEDICS INC
22562.0,IMMX,IMMIX BIOPHARMA INC
13796.0,IMMY,IMPRIMIS PHARMACEUTICALS INC
83602.0,IMN,IMATION CORP
19969.0,IMNM,IMMUNOME INC
88208.0,IMNN,IMUNON INC
91078.0,IMNP,IMMUNE PHARMACEUTICALS INC
21065.0,IMPL,IMPEL PHARMACEUTICALS INC
14723.0,IMPR,IMPRIVATA INC
13080.0,IMPV,IMPERVA INC
19313.0,IMRA,IMARA INC
21732.0,IMRX,IMMUNEERING CORP
14570.0,IMS,I M S HEALTH HOLDINGS INC
14615.0,IMUX,IMMUNIC INC
18776.0,IMVT,IMMUNOVANT INC
16630.0,IMXI,INTERNATIONAL MONEY EXPRESS INC
21735.0,INAB,IN8BIO INC
87236.0,INAP,INTERNAP CORP
22127.0,INAQ,INSIGHT ACQUISITION CORP
20294.0,INBS,INTELLIGENT BIO SOLUTIONS INC
19639.0,INBX,INHIBRX INC
15071.0,INCR,INC RESEARCH HOLDINGS INC
79906.0,INCY,INCYTE CORP
21556.0,INDI,INDIE SEMICONDUCTOR INC
15642.0,INDP,INDAPTUS THERAPEUTICS INC
16895.0,INDU,INDUSTREA ACQUISITION CORP
22087.0,INFA,INFORMATICA INC
88434.0,INFI,INFINITY PHARMACEUTICALS INC
92095.0,INFN,INFINERA CORP
12452.0,INFU,INFUSYSTEM HOLDINGS INC
14459.0,INGN,INOGEN INC
85645.0,INGR,INGREDION INC
87264.0,ININ,INTERACTIVE INTELLIGENCE GRP INC
22210.0,INKT,MINK THERAPEUTICS INC
23372.0,INLX,INTELLINETICS INC
18406.0,INMB,INMUNE BIO INC
16178.0,INNT,INNOVATE BIOPHARMACEUTICALS INC
20647.0,INNV,INNOVAGE HOLDING CORP
86444.0,INO,INOVIO PHARMACEUTICALS INC
79499.0,INOD,INNODATA INC
15220.0,INOV,INOVALON HOLDINGS INC
14610.0,INPX,INPIXON
72119.0,INS,INTELLIGENT SYSTEMS CORP NEW
15129.0,INSE,INSPIRED ENTERTAINMENT INC
88807.0,INSG,INSEEGO CORP
88351.0,INSM,INSMED INC
17799.0,INSP,INSPIRE MEDICAL SYSTEMS INC
15824.0,INST,INSTRUCTURE INC
21648.0,INST,INSTRUCTURE HOLDINGS INC
18659.0,INSU,INSURANCE ACQUISITION CORP
82831.0,INSY,INSYS THERAPEUTICS INC
75070.0,INT,WORLD FUEL SERVICES CORP
21559.0,INTA,INTAPP INC
59328.0,INTC,INTEL CORP
24017.0,INTS,INTENSITY THERAPEUTICS INC
85013.0,INTT,INTEST CORP
78975.0,INTU,INTUIT INC
77624.0,INTZ,INTRUSION INC
90608.0,INUV,INUVO INC
90423.0,INVA,THERAVANCE INC
85502.0,INVE,IDETIVE INC
13081.0,INVN,INVENSENSE INC
87604.0,INVT,INVENTERGY GLOBAL INC
91432.0,INWK,INNERWORKINGS INC
19559.0,INZY,INOZYME PHARMA INC
76613.0,IO,ION GEOPHYSICAL CORP
22312.0,IOBT,IO BIOTECH INC
21938.0,IONM,ASSURE HOLDINGS CORP
76661.0,IONS,IONIS PHARMACEUTICALS INC
86026.0,IOSP,INNOSPEC INC
22425.0,IOT,SAMSARA INC
15786.0,IOTS,ADESTO TECHNOLOGIES CORP
15222.0,IOVA,IOVANCE BIOTHERAPEUTICS INC
21573.0,IP,INTERNATIONAL PAPER CO
11884.0,IPAR,INTERMEDIATE PARFUMS INC
89796.0,IPAS,IPASS INC
13828.0,IPDN,PROFESSIONAL DIVERSITY NETWK INC
53065.0,IPG,INTERPUBLIC GROUP COS INC
91668.0,IPGP,I P G PHOTONICS CORP
12374.0,IPHI,INPHI CORP
91614.0,IPHS,INNOPHOS HOLDINGS INC
92621.0,IPI,INTREPID POTASH INC
17322.0,IPIC,IPIC ENTERTAINMENT INC
21560.0,IPSC,CENTURY THERAPEUTICS INC
21308.0,IPW,IPOWER INC
14313.0,IPWR,IDEAL POWER INC
82702.0,IPXL,IMPAX LABORATORIES INC
92454.0,IQNT,INTELIQUENT INC
13911.0,IQV,IQVIA HOLDINGS INC
16692.0,IR,INGERSOLL RAND INC
90971.0,IRBT,IROBOT CORP
92596.0,IRDM,IRIDIUM COMMUNICATIONS INC
13408.0,IRG,IGNITE RESTAURANT GROUP INC
83145.0,IRIX,IRIDEX CORP
14807.0,IRMD,IRADIMED CORP
19628.0,IRON,DISC MEDICINE INC
12920.0,IROQ,I F BANCORP INC
16386.0,IRTC,IRHYTHM TECHNOLOGIES INC
93264.0,IRWD,IRONWOOD PHARMACEUTICALS INC
84226.0,ISCA,INTERNATIONAL SPEEDWAY CORP
75754.0,ISDR,ISSUER DIRECT CORP
14167.0,ISEE,IVERIC BIO INC
76934.0,ISIG,INSIGNIA SYSTEMS INC
87612.0,ISIL,INTERSIL CORP
77897.0,ISLE,ISLE OF CAPRI CASINOS INC
81624.0,ISNS,IMAGE SENSING SYSTEMS INC
22211.0,ISO,ISOPLEXIS CORP
21562.0,ISPC,ISPECIMEN INC
20636.0,ISPO,INSPIRATO INC
23860.0,ISPR,ISPIRE TECHNOLOGY INC
88352.0,ISRG,INTUITIVE SURGICAL INC
46042.0,ISRL,ISRAMCO INC
88534.0,ISSC,INNOVATIVE SOLUTIONS & SUPRT INC
16012.0,ISUN,ISUN INC
79698.0,IT,GARTNER INC
90786.0,ITC,I T C HOLDINGS CORP
14432.0,ITCI,INTRA CELLULAR THERAPIES INC
15221.0,ITEK,INOTEK PHARMACEUTICALS CORP
88615.0,ITGR,INTEGER HOLDINGS CORP
67029.0,ITI,ITERIS INC
19560.0,ITOS,ITEOS THERAPEUTICS INC
79839.0,ITRI,ITRON INC
12570.0,ITT,I T T INC
27167.0,ITUS,ITUS CORP
56573.0,ITW,ILLINOIS TOOL WORKS INC
82587.0,IVAC,INTEVAC INC
45728.0,IVC,INVACARE CORP
23033.0,IVDA,IVEDA SOLUTIONS INC
24114.0,IVP,INSPIRE VETERINARY PARTNERS INC
15428.0,IVTY,INVUITY INC
21790.0,IVVD,INVIVYD INC
86362.0,IXYS,I X Y S CORP DEL
15943.0,IZEA,I Z E A INC
15943.0,IZEA,I Z E A WORLDWIDE INC
52329.0,J,JACOBS ENGINEERING GROUP INC
52329.0,J,JACOBS SOLUTIONS INC
77453.0,JACK,JACK IN THE BOX INC
16553.0,JAG,JAGGED PEAK ENERGY INC
15375.0,JAGX,JAGUAR ANIMAL HEALTH INC
15375.0,JAGX,JAGUAR HEALTH INC
83520.0,JAKK,JAKKS PACIFIC INC
19505.0,JAMF,JAMF HOLDING CORP
77202.0,JAN,JANONE INC
21563.0,JANX,JANUX THERAPEUTICS INC
14173.0,JASN,JASON INDUSTRIES INC
15648.0,JAX,J ALEXANDERS HOLDINGS INC
42877.0,JBHT,HUNT J B TRANSPORT SERVICES INC
79094.0,JBL,JABIL CIRCUIT INC
79094.0,JBL,JABIL INC
89353.0,JBLU,JETBLUE AIRWAYS CORP
77165.0,JBSS,SANFILIPPO JOHN B & SON
92729.0,JBT,JOHN BEAN TECHNOLOGIES CORP
42534.0,JCI,JOHNSON CONTROLS INC
87075.0,JCOM,J2 GLOBAL INC
18403.0,JCP,PENNEY J C CO INC
25452.0,JCS,COMMUNICATIONS SYSTEMS INC
52329.0,JEC,JACOBS ENGINEERING GROUP INC
20415.0,JEF,JEFFERIES FINANCIAL GROUP INC
16554.0,JELD,JELD WEN HOLDING INC
19106.0,JIH,JUNIPER INDUSTRIAL HOLDINGS INC
16611.0,JILL,J JILL INC
13160.0,JIVE,JIVE SOFTWARE INC
10026.0,JJSF,J & J SNACK FOODS CORP
88664.0,JKHY,HENRY JACK & ASSOC INC
22318.0,JMAC,MAXPRO CAPITAL ACQUISITION CORP
23039.0,JMSB,JOHN MARSHALL BANCORP INC
16570.0,JNCE,JOUNCE THERAPEUTICS INC
22111.0,JNJ,JOHNSON & JOHNSON
12149.0,JNP,JUNIPER PHARMACEUTICALS INC
86979.0,JNPR,JUNIPER NETWORKS INC
46834.0,JOB,GENERAL EMPLOYMENT ENTERPRS INC
46834.0,JOB,G E E GROUP INC
20126.0,JOBY,JOBY AVIATION INC
14026.0,JONE,JONES ENERGY INC
11775.0,JOUT,JOHNSON OUTDOORS INC
89105.0,JOY,JOY GLOBAL INC
17803.0,JRSH,JERASH HOLDINGS US INC
19180.0,JSPR,JASPER THERAPEUTICS INC
16012.0,JSYN,JENSYN ACQUISITION CORP
12971.0,JTPY,JETPAY CORP
15134.0,JUNO,JUNO THERAPEUTICS INC
19973.0,JUPW,JUPITER WELLNESS INC
90679.0,JVA,COFFEE HOLDING CO INC
82924.0,JW,WILEY JOHN & SONS INC
82932.0,JW,WILEY JOHN & SONS INC
57817.0,JWN,NORDSTROM INC
15072.0,JYNT,JOINT CORP
26825.0,K,KELLOGG CO
26825.0,K,KELLANOVA
15950.0,KA,KINETA INC
16673.0,KAAC,KAYNE ANDERSON ACQUISITION CORP
21221.0,KAHC,K K R ACQ HOLDINGS I CORP
78077.0,KAI,KADANT INC
16824.0,KALA,KALA PHARMACEUTICALS INC
16824.0,KALA,KALA BIO INC
91403.0,KALU,KAISER ALUMINUM CORP
15285.0,KALV,KALVISTA PHARMACEUTICALS INC
47002.0,KAMN,KAMAN CORP
93174.0,KAR,KAR AUCTION SERVICES INC
93174.0,KAR,O P E N L A N E INC
49905.0,KATE,KATE SPADE & CO
21736.0,KAVL,KAIVAL BRANDS INNOVATIONS GP INC
47715.0,KBAL,KIMBALL INTERNATIONAL INC
70092.0,KBH,K B HOME
16788.0,KBLM,K B L MERGER CORP IV
19640.0,KBNT,KUBIENT INC
91579.0,KBR,K B R INC
22092.0,KD,KYNDRYL HOLDINGS INC
16154.0,KDMN,KADMON HOLDINGS INC
15282.0,KDNY,CHINOOK THERAPEUTICS INC
17942.0,KDP,KEURIG DR PEPPER INC
14942.0,KE,KIMBALL ELECTRONICS INC
63079.0,KEG,KEY ENERGY SERVICES INC
47379.0,KELYA,KELLY SERVICES INC
47387.0,KELYB,KELLY SERVICES INC
78001.0,KEM,KEMET CORP
47571.0,KEQU,KEWAUNEE SCIENTIFIC CORP
17326.0,KERN,AKERNA CORP
88451.0,KERX,KERYX BIOPHARMACEUTICALS INC
59045.0,KEX,KIRBY CORP
14939.0,KEYS,KEYSIGHT TECHNOLOGIES INC
12356.0,KEYW,KEYW HOLDING CORP
82212.0,KFRC,KFORCE INC
86594.0,KFY,KORN FERRY INTERNATIONAL
86594.0,KFY,KORN FERRY
88244.0,KGJI,KINGOLD JEWELRY INC
23970.0,KGS,KODIAK GAS SERVICES INC
15408.0,KHC,KRAFT HEINZ CO
16989.0,KIDS,ORTHOPEDIATRICS CORP
14352.0,KIN,KINDRED BIOSCIENCES INC
89449.0,KIRK,KIRKLANDS INC
14695.0,KITE,KITE PHARMA INC
21832.0,KITT,NAUTICUS ROBOTICS INC
88172.0,KKD,KRISPY KREME DOUGHNUTS INC
11990.0,KKR,K K R & CO INC
46886.0,KLAC,K L A TENCOR CORP
46886.0,KLAC,K L A CORP
18408.0,KLDO,KALEIDO BIOSCIENCES INC
24175.0,KLG,W K KELLOGG CO
48144.0,KLIC,KULICKE & SOFFA INDS INC
21737.0,KLTR,KALTURA INC
18048.0,KLXE,K L X ENERGY SERVICES HDGS INC
15091.0,KLXI,K L X INC
17750.0,KMB,KIMBERLY CLARK CORP
85019.0,KMG,K M G CHEMICALS INC
12558.0,KMI,KINDER MORGAN INC
15294.0,KMPH,KEMPHARM INC
44134.0,KMT,KENNAMETAL INC
89508.0,KMX,CARMAX INC
14487.0,KN,KNOWLES CORP
20899.0,KNBE,KNOWBE4 INC
89207.0,KND,KINDRED HEALTHCARE INC
92589.0,KNDI,KANDI TECHNOLOGIES GROUP INC
23875.0,KNF,KNIFE RIVER CORP
84780.0,KNL,KNOLL INC
16171.0,KNSL,KINSALE CAPITAL GROUP INC
20186.0,KNTE,KINNATE BIOPHARMA INC
16673.0,KNTK,KINETIK HOLDINGS INC
23375.0,KNW,KNOW LABS INC
12473.0,KNX,KNIGHT SWIFT TRANSPORT HDLGS INC
80987.0,KNX,KNIGHT TRANSPORTATION INC
11308.0,KO,COCA COLA CO
18203.0,KOD,KODIAK SCIENCES INC
14276.0,KODK,EASTMAN KODAK CO
90865.0,KONA,KONA GRILL INC
11394.0,KOOL,CESCA THERAPEUTICS INC
91114.0,KOP,KOPPERS HOLDINGS INC
77515.0,KOPN,KOPIN CORP
12788.0,KOS,KOSMOS ENERGY LTD DE
48072.0,KOSS,KOSS CORP
19135.0,KPLT,KATAPULT HOLDINGS INC
15510.0,KPRX,KIORA PHARMACEUTICALS INC
14316.0,KPTI,KARYOPHARM THERAPEUTICS INC
16678.0,KR,KROGER CO
93175.0,KRA,KRATON PERFORMANCE POLYMERS INC
93175.0,KRA,KRATON CORP
19974.0,KRBP,KIROMIC BIOPHARMA INC
11275.0,KRMD,REPRO MED SYSTEMS INC
11275.0,KRMD,KORU MEDICAL SYSTEMS INC
89960.0,KRO,KRONOS WORLDWIDE INC
19850.0,KRON,KRONOS BIO INC
19349.0,KROS,KEROS THERAPEUTICS INC
19008.0,KRRO,KORRO BIO INC
21072.0,KRT,KARAT PACKAGING INC
18777.0,KRTX,KARUNA THERAPEUTICS INC
18898.0,KRUS,KURA SUSHI USA INC
16928.0,KRYS,KRYSTAL BIOTECH INC
92044.0,KS,KAPSTONE PAPER & PACKAGING CORP
10514.0,KSPN,KASPIEN HOLDINGS INC
77606.0,KSS,KOHLS CORP
12650.0,KSU,KANSAS CITY SOUTHERN
18578.0,KTB,KONTOOR BRANDS INC
47619.0,KTCC,KEY TRONICS CORP
79399.0,KTEC,KEY TECHNOLOGY INC
87430.0,KTOS,KRATOS DEFENSE & SECUR SOLS INC
16164.0,KTRA,KINTARA THERAPEUTICS INC
21939.0,KTTA,PASITHEA THERAPEUTICS CORP
14658.0,KTWO,K 2 M GROUP HOLIDINGS
21412.0,KULR,K U L R TECHNOLOGY GROUP INC
15847.0,KURA,KURA ONCOLOGY INC
83390.0,KVHI,K V H INDUSTRIES INC
23876.0,KVUE,KENVUE INC
24171.0,KVYO,KLAVIYO INC
64929.0,KWR,QUAKER CHEMICAL CORP
19585.0,KYMR,KYMERA THERAPEUTICS INC
17889.0,KZR,KEZAR LIFE SCIENCES INC
12577.0,LAB,STANDARD BIOTOOLS INC
11638.0,LABL,MULTI COLOR CORP
20608.0,LABP,LANDOS BIOPHARMA INC
84319.0,LAD,LITHIA MOTORS INC
10645.0,LAKE,LAKELAND INDUSTRIES INC
48523.0,LANC,LANCASTER COLONY CORP
23415.0,LASE,LASER PHOTONICS CORP
17691.0,LASR,NLIGHT INC
16591.0,LAUR,LAUREATE EDUCATION INC
21601.0,LAW,C S DISCO INC
48961.0,LAWS,LAWSON PRODUCTS INC
77862.0,LAYN,LAYNE CHRISTENSEN CO
18453.0,LAZR,LUMINAR TECHNOLOGIES INC
17365.0,LAZY,LAZYDAYS HOLDINGS INC
64282.0,LB,L BRANDS INC
17148.0,LBC,LUTHER BURBANK CORP
15222.0,LBIO,LION BIOTECHNOLOGIES INC
20834.0,LBPH,LONGBOARD PHARMACEUTICALS INC
14944.0,LBRDA,LIBERTY BROADBAND CORP
14988.0,LBRDK,LIBERTY BROADBAND CORP
17221.0,LBRT,LIBERTY OILFIELD SERVICES INC
17221.0,LBRT,LIBERTY ENERGY INC
79336.0,LBY,LIBBEY INC
16173.0,LCA,LANDCADIA HOLDINGS INC
18778.0,LCA,LANDCADIA HOLDINGS II INC
19978.0,LCAP,LIONHEART ACQUISITION CORP II
89369.0,LCI,LANNETT CO INC
87426.0,LCII,L C I INDUSTRIES
77393.0,LCTX,LINEAGE CELL THERAPEUTICS INC
76686.0,LCUT,LIFETIME BRANDS INC
20153.0,LCY,LANDCADIA HOLDINGS III INC
20545.0,LDI,LOANDEPOT INC
59774.0,LDL,LYDALL INC
91547.0,LDOS,LEIDOS HOLDINGS INC
37217.0,LDR,LANDAUER INC
14256.0,LDRH,L D R HOLDING CORP
76934.0,LDWY,LENDWAY INC
14544.0,LE,LANDS END INC
93101.0,LEA,LEAR CORP
12521.0,LEAF,LEAF GROUP LTD
81678.0,LECO,LINCOLN ELECTRIC HOLDINGS INC
12488.0,LEDS,SEMILEDS CORP
50286.0,LEE,LEE ENTERPRISES INC
60943.0,LEG,LEGGETT & PLATT INC
18311.0,LEGH,LEGACY HOUSING CORP
92571.0,LEI,LUCAS ENERGY INC
52708.0,LEN,LENNAR CORP
89731.0,LEN,LENNAR CORP
21547.0,LENZ,LENZ THERAPEUTICS INC
19937.0,LESL,LESLIES INC
86233.0,LEU,CENTRUS ENERGY CORP
18424.0,LEVI,LEVI STRAUSS & CO
17692.0,LEVL,LEVEL ONE BANCORP INC
16429.0,LEXEA,LIBERTY EXPEDIA HOLDINGS INC
16493.0,LEXEB,LIBERTY EXPEDIA HOLDINGS INC
17890.0,LFAC,L F CAPITAL ACQ CORP
83148.0,LFCR,LIFECORE BIOMEDICAL INC
20246.0,LFG,ARCHAEA ENERGY INC
12521.0,LFGR,LEAF GROUP LTD
19140.0,LFLY,LEAFLY HOLDINGS INC
20287.0,LFMD,LIFEMD INC
21348.0,LFST,LIFESTANCE HEALTH GROUP INC
77918.0,LFUS,LITTELFUSE INC
17090.0,LGC,LEGACY ACQUISITION CORP
14317.0,LGIH,L G I HOMES INC
33849.0,LGL,L G L GROUP INC
14934.0,LGMK,LOGICMARK INC
78081.0,LGND,LIGAND PHARMACEUTICALS INC
22566.0,LGTO,LEGATO MERGER CORP II
20609.0,LGVN,LONGEVERON INC
12062.0,LH,LABORATORY CORP AMERICA HLDGS
12062.0,LH,LABCORP HOLDINGS INC
90734.0,LHCG,L H C GROUP
20610.0,LHDX,LUCIRA HEALTH INC
25582.0,LHX,L3HARRIS TECHNOLOGIES INC
20419.0,LIDR,AEYE INC
15378.0,LIFE,ATYR PHARMA INC
87034.0,LII,LENNOX INTERNATIONAL INC
88850.0,LIME,LIME ENERGY CO
90735.0,LINC,LINCOLN EDUCATIONAL SVCS CORP
14045.0,LIND,LINDBLAD EXPEDITIONS HLDS INC
79280.0,LINK,INTERLINK ELECTRONICS INC
87172.0,LIOX,LIONBRIDGE TECHNOLOGIES
23625.0,LIPO,LIPELLA PHARMACEUTICALS INC
15490.0,LITE,LUMENTUM HOLDINGS INC
92557.0,LIVE,LIVE VENTURES INC
17323.0,LIVX,LIVEXLIVE MEDIA INC
20154.0,LIXT,LIXTE BIOTECHNOLOGY HOLDINGS INC
20839.0,LJAQ,LIGHTJUMP ACQUISITION CORP
80640.0,LJPC,LA JOLLA PHARMACEUTICAL CO
89866.0,LKQ,L K Q CORP
16278.0,LKSD,L S C COMMUNICATIONS INC
92400.0,LL,LUMBER LIQUIDATORS HOLDINGS INC
92400.0,LL,L L FLOORING HOLDINGS INC
13113.0,LLEX,LILIS ENERGY INC
86021.0,LLL,L 3 COMMUNICATIONS HLDGS INC
86021.0,LLL,L 3 TECHNOLOGIES INC
92097.0,LLNW,LIMELIGHT NETWORKS INC
10299.0,LLTC,LINEAR TECHNOLOGY CORP
50876.0,LLY,LILLY ELI & CO
24084.0,LLYVA,LIBERTY MEDIA CORP 3RD NEW
24085.0,LLYVK,LIBERTY MEDIA CORP 3RD NEW
20841.0,LMAO,L M F ACQUISITION OPP INC
91503.0,LMAT,LEMAITRE VASCULAR INC
14877.0,LMB,LIMBACH HOLDINGS INC
13757.0,LMCA,LIBERTY MEDIA CORP 3RD NEW
14811.0,LMCK,LIBERTY MEDIA CORP 3RD NEW
15902.0,LMFA,L M FUNDING AMERICA INC
86178.0,LMIA,L M I AEROSPACE INC
93397.0,LMNR,LIMONEIRA CO
87789.0,LMNX,LUMINEX CORP
13041.0,LMOS,LUMOS NETWORKS CORP
19139.0,LMPX,LMP AUTOMOTIVE HOLDINGS INC
21178.0,LMT,LOCKHEED MARTIN CORP
48531.0,LNCE,SNYDERS LANCE INC
83148.0,LNDC,LANDEC CORP
84723.0,LNG,CHENIERE ENERGY INC
23416.0,LNKB,LINKBANCORP INC
12742.0,LNKD,LINKEDIN CORP
12211.0,LNN,LINDSAY CORP
19680.0,LNSR,LENSAR INC
58819.0,LNT,ALLIANT ENERGY CORP
15429.0,LNTH,LANTHEUS HOLDINGS INC
79338.0,LNW,LIGHT & WONDER INC
21909.0,LNZA,LANZATECH GLOBAL INC
86887.0,LOAN,MANHATTAN BRIDGE CAPITAL INC
15527.0,LOB,LIVE OAK BANCSHARES INC
13616.0,LOCK,LIFELOCK INC
20999.0,LOCL,LOCAL BOUNTI CORP
14812.0,LOCO,EL POLLO LOCO HOLDINGS INC
12840.0,LODE,COMSTOCK MINING INC
18205.0,LOGC,LOGICBIO THERAPEUTICS INC
20333.0,LOGC,CONTEXTLOGIC INC
92984.0,LOGM,LOGMEIN INC
16174.0,LONE,LONESTAR RESOURCES US INC
17116.0,LOOP,LOOP INDUSTRIES INC
92852.0,LOPE,GRAND CANYON EDUCATION INC
91024.0,LORL,LORAL SPACE & COMMUNICATIONS INC
92185.0,LOV,SPARK NETWORKS INC
17891.0,LOVE,LOVESAC CO
61399.0,LOW,LOWES COMPANIES INC
14871.0,LOXO,LOXO ONCOLOGY INC
14545.0,LPCN,LIPOCINE INC
13124.0,LPI,LAREDO PETROLEUM INC
12400.0,LPLA,L P L FINANCIAL HOLDINGS INC
17367.0,LPRO,OPEN LENDING CORP
88174.0,LPSN,LIVEPERSON INC
83149.0,LPTH,LIGHTPATH TECHNOLOGIES INC
13648.0,LPTN,LPATH INC
23380.0,LPTV,LOOP MEDIA INC
16542.0,LPTX,LEAP THERAPEUTICS INC
56223.0,LPX,LOUISIANA PACIFIC CORP
17968.0,LQDA,LIQUIDIA TECHNOLOGIES INC
17968.0,LQDA,LIQUIDIA CORP
91095.0,LQDT,LIQUIDITY SERVICES INC
87053.0,LRAD,L R A D CORP
48486.0,LRCX,LAM RESH CORP
24484.0,LRHC,LA ROSA HOLDINGS CORP
14711.0,LRMR,LARIMAR THERAPEUTICS INC
92493.0,LRN,K12 INC
92493.0,LRN,STRIDE INC
90875.0,LSAK,LESAKA TECHNOLOGIES INC
75854.0,LSCC,LATTICE SEMICONDUCTOR CORP
17890.0,LSEA,LANDSEA HOMES CORP
19778.0,LSF,LAIRD SUPERFOOD INC
34666.0,LSTA,LISATA THERAPEUTICS INC
78981.0,LSTR,LANDSTAR SYSTEM INC
15998.0,LSXMA,LIBERTY MEDIA CORP 3RD NEW
15999.0,LSXMB,LIBERTY MEDIA CORP 3RD NEW
16000.0,LSXMK,LIBERTY MEDIA CORP 3RD NEW
93083.0,LTBR,LIGHTBRIDGE CORP
20330.0,LTCH,LATCH INC
16175.0,LTEA,LONG ISLAND ICED TEA CORP
22079.0,LTH,LIFE TIME GROUP HOLDINGS INC
18138.0,LTHM,LIVENT CORP
19479.0,LTRN,LANTERN PHARMA INC
14872.0,LTRPA,LIBERTY TRIPADVISOR HOLDINGS INC
14873.0,LTRPB,LIBERTY TRIPADVISOR HOLDINGS INC
88542.0,LTRX,LANTRONIX INC
17901.0,LTRY,LOTTERY COM INC
64020.0,LUB,LUBYS INC
22213.0,LUCD,LUCID DIAGNOSTICS INC
20415.0,LUK,LEUCADIA NATIONAL CORP
92203.0,LULU,LULULEMON ATHLETICA INC
60599.0,LUMN,LUMEN TECHOLOGIES INC
13111.0,LUMO,LUMOS PHARMA INC
91359.0,LUNA,LUNA INNOVATIONS INC
19979.0,LUNG,PULMONX CORP
22313.0,LUNR,INTUITIVE MACHINES INC
58683.0,LUV,SOUTHWEST AIRLINES CO
23255.0,LUXH,LUXURBAN HOTELS INC
18790.0,LVGO,LIVONGO HEALTH INC
85991.0,LVLT,LEVEL 3 COMMUNICATIONS INC
22321.0,LVLU,LULUS FASHION LOUNGE HLDGS INC
13553.0,LVNTA,LIBERTY INTERACTIVE CORP
13554.0,LVNTB,LIBERTY INTERACTIVE CORP
17323.0,LVO,LIVEONE INC
18549.0,LVOX,LIVEVOX HOLDING INC
90505.0,LVS,LAS VEGAS SANDS CORP
16431.0,LW,LAMB WESTON HOLDINGS INC
12209.0,LWAY,LIFEWAY FOODS INC
21942.0,LWLG,LIGHTWAVE LOGIC INC
24508.0,LXEO,LEXEO THERAPEUTICS INC
82643.0,LXK,LEXMARK INTERNATIONAL INC NEW
88173.0,LXRX,LEXICON PHARMACEUTICALS INC
49488.0,LXU,L S B INDUSTRIES INC
21351.0,LYEL,LYELL IMMUNOPHARMA INC
18452.0,LYFT,LYFT INC
22214.0,LYLT,LOYALTY VENTURES INC
19402.0,LYRA,LYRA THERAPEUTICS INC
89456.0,LYTS,L S I INDUSTRIES INC
91041.0,LYV,LIVE NATION ENTERTAINMENT INC
21564.0,LZ,LEGALZOOM COM INC
48347.0,LZB,LA Z BOY INC
77462.0,M,MACYS INC
91233.0,MA,MASTERCARD INC
20304.0,MAAC,MONTES ARCHIMEDES ACQ CORP
13325.0,MACK,MERRIMACK PHARMACEUTICALS INC
16465.0,MACQ,M I ACQUISITIONS INC
23216.0,MAIA,MAIA BIOTECHNOLOGY INC
21744.0,MAMA,MAMAS CREATIONS INC
13931.0,MAMS,M A M SOFTWARE GROUP INC
75285.0,MAN,MANPOWERGROUP
85992.0,MANH,MANHATTAN ASSOCIATES INC
89307.0,MANT,MANTECH INTERNATIONAL CORP
19025.0,MAPS,W M TECHNOLOGY INC
85913.0,MAR,MARRIOTT INTERNATIONAL INC NEW
14813.0,MARA,MARATHON PATENT GROUP INC
14813.0,MARA,MARATHON DIGITAL HOLDINGS INC
89756.0,MARK,REMARK MEDIA INC
89756.0,MARK,REMARK HOLDINGS INC
34032.0,MAS,MASCO CORP
92220.0,MASI,MASIMO CORP
20305.0,MASS,908 DEVICES INC
39538.0,MAT,MATTEL INC
87602.0,MATR,MATTERSIGHT CORP
82649.0,MATV,MATIV HOLDINGS INC
80759.0,MATW,MATTHEWS INTERNATIONAL CORP
11691.0,MATX,MATSON INC
16939.0,MAXR,MAXAR TECHNOLOGIES INC
15430.0,MB,MINDBODY INC
23568.0,MBC,MASTERBRAND INC
14932.0,MBCN,MIDDLEFIELD BANC CORP
14099.0,MBII,MARRONE BIO INNOVATIONS INC
16991.0,MBIN,MERCHANTS BANCORP
16903.0,MBIO,MUSTANG BIO INC
23439.0,MBLY,MOBILEYE GLOBAL INC
77437.0,MBOT,MICROBOT MEDICAL INC
16099.0,MBRX,MOLECULIN BIOTECH INC
14434.0,MBUU,MALIBU BOATS INC
88572.0,MBVX,MABVAX THERAPEUTICS HOLDINGS INC
23232.0,MCAC,MONTEREY CAPITAL ACQ CORP
19015.0,MCBS,METROCITY BANKSHARES INC
43449.0,MCD,MCDONALDS CORP
88871.0,MCF,CONTANGO OIL AND GAS CO
19857.0,MCFE,MCAFEE CORP
15530.0,MCFT,M C B C HOLDINGS INC
15530.0,MCFT,MASTERCRAFT BOAT HOLDINGS INC
21663.0,MCG,MEMBERSHIP COLLECTIVE GROUP INC
78987.0,MCHP,MICROCHIP TECHNOLOGY INC
90088.0,MCHX,MARCHEX INC
81061.0,MCK,MCKESSON H B O C INC
19140.0,MCMJ,MERIDA MERGER CORP
48506.0,MCO,MOODYS CORP
15431.0,MCRB,SERES THERAPEUTICS INC
79507.0,MCRI,MONARCH CASINO & RESORT INC
15466.0,MCRN,MILACRON HOLDINGS CORP
51423.0,MCS,MARCUS CORP
23260.0,MCVT,MILL CITY VENTURES III LTD
21359.0,MCW,MISTER CAR WASH INC
82272.0,MD,MEDNAX INC
82272.0,MD,PEDIATRIX MEDICAL GROUP INC
20867.0,MDAI,SPECTRAL AI INC
16968.0,MDB,MONGODB INC
24271.0,MDBH,MDB CAPITAL HOLDINGS LLC
66245.0,MDC,M D C HOLDINGS INC
88545.0,MDCO,MEDICINES CO
91832.0,MDGL,MADRIGAL PHARMACEUTICALS INC
12667.0,MDGN,MEDGENICS INC
19129.0,MDIA,MEDIACO HOLDING INC
18787.0,MDLA,MEDALLIA INC
89006.0,MDLZ,MONDELEZ INTERNATIONAL INC
42796.0,MDP,MEREDITH CORP
87078.0,MDRX,ALLSCRIPTS HEALTHCARE SOLNS INC
87078.0,MDRX,VERADIGM INC
92940.0,MDSO,MEDIDATA SOLUTIONS INC
23835.0,MDU,M D U RESOURCES GROUP INC
14820.0,MDVL,MEDAVAIL HOLDINGS INC
15223.0,MDVX,MEDOVEX CORP
13878.0,MDXG,MIMEDX GROUP INC
18709.0,MEC,MAYVILLE ENGINEERING CO INC
80054.0,MED,MEDIFAST INC
16260.0,MEDP,MEDPACE HOLDINGS INC
19249.0,MEDS,TRXADE HEALTH INC
86989.0,MEET,MEETME INC
86989.0,MEET,MEET GROUP INC
19534.0,MEG,MONTROSE ENVIRONMENTAL GROUP INC
50972.0,MEG,MEDIA GENERAL INC NEW
53197.0,MEI,METHODE ELECTRONICS INC
89935.0,MEIP,M E I PHARMA INC
92221.0,MELI,MERCADOLIBRE INC
15011.0,MELR,MELROSE BANCORP INC
52813.0,MENT,MENTOR GRAPHICS CORP
75578.0,MERC,MERCER INTERNATIONAL INC
18051.0,MESA,MESA AIR GROUP INC NEV
13636.0,MESG,XURA INC
13407.0,META,META PLATFORMS INC
16592.0,METC,RAMACO RESOURCES INC
23940.0,METCB,RAMACO RESOURCES INC
90232.0,MFLX,MULTI FINELINE ELECTRONIX INC
76052.0,MFRI,M F R I INC
13110.0,MFRM,MATTRESS FIRM HOLDING CORP
93065.0,MG,MISTRAS GROUP INC
89609.0,MGCD,M G C DIAGNOSTICS CORP
50789.0,MGEE,M G E ENERGY INC
14708.0,MGEN,MIRAGEN THERAPEUTICS INC
90213.0,MGI,MONEYGRAM INTERNATIONAL INC
90011.0,MGLN,MAGELLAN HEALTH INC
11891.0,MGM,M G M RESORTS INTERNATIONAL
90069.0,MGN,MINES MANAGEMENT INC
14580.0,MGNI,MAGNITE INC
14257.0,MGNX,MACROGENICS INC
12226.0,MGPI,M G P INGREDIENTS INC
89915.0,MGRC,MCGRATH RENTCORP
23880.0,MGRM,MONOGRAM TECHNOLOGIES INC
91050.0,MGT,M G T CAPITAL INVESTMENTS INC
17892.0,MGTA,MAGENTA THERAPEUTICS INC
16771.0,MGY,MAGNOLIA OIL & GAS CORP
91096.0,MHGC,MORGANS HOTEL GROUP CO
92797.0,MHH,MASTECH HOLDINGS INC
92797.0,MHH,MASTECH DIGITAL INC
77496.0,MHK,MOHAWK INDUSTRIES INC
79909.0,MHO,M I HOMES INC
90507.0,MIC,MACQUARIE INFRASTRUCTURE CORP
76544.0,MICR,MICRON SOLUTIONS INC
88937.0,MICS,SINGING MACHINE CO INC
13879.0,MICT,MICRONET ENERTEC TECH INC
13879.0,MICT,M I C T INC
75470.0,MIDD,MIDDLEBY CORP
88807.0,MIFI,NOVATEL WIRELESS INC
21947.0,MIGI,MAWSON INFRASTRUCTURE GROUP INC
16261.0,MIII,M III ACQUISITION CORP
14696.0,MIK,MICHAELS COMPANIES INC
20097.0,MIMO,AIRSPAN NETWORKS HOLDINGS INC
81165.0,MIND,MITCHAM INDUSTRIES INC
81165.0,MIND,MIND TECHNOLOGY INC
80254.0,MINI,MOBILE MINI INC
21743.0,MINM,MINIM INC
19593.0,MIR,MIRION TECHNOLOGIES INC
18846.0,MIRM,MIRUM PHARMACEUTICALS INC
15787.0,MIRN,MIRNA THERAPEUTICS INC
21570.0,MIRO,MIROMATRIX MEDICAL INC
11803.0,MITK,MITEK SYSTEMS INC
21664.0,MITQ,MOVING IMAGE TECHNOLOGIES INC
15394.0,MJCO,MAJESCO
92890.0,MJN,MEAD JOHNSON NUTRITION CO
52090.0,MKC,MCCORMICK & CO INC
89155.0,MKC,MCCORMICK & CO INC
19935.0,MKFG,MARKFORGED HOLDING CORP
17324.0,MKGI,MONAKER GROUP INC
86778.0,MKSI,M K S INSTRUMENTS INC
13932.0,MKTO,MARKETO INC
22273.0,MKUL,MOLEKULE GROUP INC
19592.0,ML,MONEYLION INC
53074.0,MLAB,MESA LABORATORIES INC
54114.0,MLHR,MILLER HERMAN INC
76573.0,MLI,MUELLER INDUSTRIES INC
54114.0,MLKN,MILLERKNOLL INC
80204.0,MLM,MARTIN MARIETTA MATERIALS INC
13883.0,MLND,MILLENDO THERAPEUTICS INC
21613.0,MLNK,MERIDIANLINK INC
13263.0,MLNT,MELINTA THERAPEUTICS INC
51925.0,MLP,MAUI LAND & PINEAPPLE CO INC
80828.0,MLR,MILLER INDUSTRIES INC TENN
82621.0,MLSS,MILESTONE SCIENTIFIC INC
23730.0,MLYS,MINERALYS THERAPEUTICS INC
14358.0,MMAT,META MATERIALS INC
16789.0,MMDM,MODERN MEDIA ACQUISITION CORP
22592.0,MMM,3M CO
21744.0,MMMB,MAMAMANCINIS HOLDINGS INC
85067.0,MMS,MAXIMUS INC
76392.0,MMSI,MERIT MEDICAL SYSTEMS INC
18410.0,MNCL,MONOCLE ACQUISITION CORP
14159.0,MNDT,MANDIANT INC
13556.0,MNGA,MAGNEGAS CORP
75261.0,MNI,MCCLATCHY CO
90285.0,MNKD,MANNKIND CORP
17266.0,MNLO,MENLO THERAPEUTICS INC
91672.0,MNOV,MEDICINOVA INC
19142.0,MNPR,MONOPAR THERAPEUTICS INC
18515.0,MNRL,BRIGHAM MINERALS INC
76750.0,MNRO,MONRO MUFFLER BRAKE INC
76750.0,MNRO,MONRO INC
18560.0,MNSB,MAINSTREET BANCSHARES INC
88031.0,MNST,MONSTER BEVERAGE CORP NEW
90233.0,MNTA,MOMENTA PHARMACEUTICALS INC
20438.0,MNTK,MONTAUK RENEWABLES INC
19146.0,MNTS,MOMENTUS INC
18097.0,MNTV,MOMENTIVE GLOBAL INC
90568.0,MNTX,MANITEX INTERNATIONAL INC
13901.0,MO,ALTRIA GROUP INC
14697.0,MOBL,MOBILEIRON INC
22578.0,MOBQ,MOBIQUITY TECHNOLOGIES INC
21833.0,MOBX,MOBIX LABS INC
76330.0,MOC,COMMAND SECURITY CORP
54675.0,MOCO,M O C O N INC
54704.0,MOD,MODINE MANUFACTURING CO
22783.0,MODD,MODULAR MEDICAL INC
77366.0,MODG,TOPGOLF CALLAWAY BRANDS CORP
13816.0,MODN,MODEL N INC
89824.0,MODV,MODIVCARE INC
61807.0,MOG,MOOG INC
42614.0,MOGB,MOOG INC
89781.0,MOH,MOLINA HEALTHCARE INC
88668.0,MON,MONSANTO CO NEW
20820.0,MOND,MONDEE HOLDINGS INC
18779.0,MORF,MORPHIC HOLDING INC
90386.0,MOS,MOSAIC CO NEW
89029.0,MOSY,MOSYS INC
20307.0,MOTN,MOTION ACQUISITION CORP
17325.0,MOTS,MOTUS GI HOLDINGS INC
79611.0,MOV,MOVADO GROUP INC
20848.0,MOVE,MOVANO INC
16466.0,MOXC,MOXIAN INC
19433.0,MP,M P MATERIALS CORP
80341.0,MPAA,MOTORCAR PARTS OF AMERICA INC
16674.0,MPAC,MATLIN & PARTNERS ACQ CORP
12872.0,MPC,MARATHON PETROLEUM CORP
89790.0,MPET,MAGELLAN PETROLEUM CORP
15105.0,MPG,METALDYNE PERFORMANCE GROUP INC
19331.0,MPLN,MULTIPLAN CORP
16442.0,MPO,MIDSTATES PETROLEUM CO INC
23381.0,MPTI,M TRON INDUSTRIES INC
85757.0,MPU,MEGA MATRIX CORP
90455.0,MPWR,MONOLITHIC PWR SYS INC
88895.0,MPX,MARINE PRODUCTS CORP
21345.0,MQ,MARQETA INC
14719.0,MR,MONTAGE RESOURCES CORP
22217.0,MRAI,MARPAI INC
16392.0,MRAM,EVERSPIN TECHNOLOGIES INC
17117.0,MRBK,MERIDIAN BANK
17117.0,MRBK,MERIDIAN CORP
13343.0,MRC,M R C GLOBAL INC
85738.0,MRCY,MERCURY SYSTEMS INC
14703.0,MRD,MEMORIAL RESOURCE DEVELOPMENT CO
13812.0,MRIN,MARIN SOFTWARE INC
22752.0,MRK,MERCK & CO INC NEW
16472.0,MRKR,MARKER THERAPEUTICS INC
89913.0,MRLN,MARLIN BUSINESS SVCS CORP
18312.0,MRNA,MODERNA INC
14815.0,MRNS,MARINUS PHARMACEUTICALS INC
15069.0,MRO,MARATHON OIL CORP
16792.0,MRSN,MERSANA THERAPEUTICS INC
75517.0,MRTN,MARTEN TRANSPORT LTD
14054.0,MRTX,MIRATI THERAPEUTICS INC
78179.0,MRVC,M R V COMMUNICATIONS INC
20059.0,MRVI,MARAVAI LIFESCIENCES HLDGS INC
88360.0,MRVL,MARVELL TECHNOLOGY INC
54253.0,MSA,M S A SAFETY INC
22341.0,MSAI,MULTISENSOR AI HOLDINGS INC
16063.0,MSBI,MIDLAND STATES BANCORP INC
53640.0,MSCC,MICROSEMI CORP
92402.0,MSCI,M S C I INC
53859.0,MSEX,MIDDLESEX WATER CO
10107.0,MSFT,MICROSOFT CORP
15649.0,MSG,MADISON SQUARE GARDEN CO NEW
19316.0,MSGE,MADISON SQUARE GARDEN ENTMT CORP
23816.0,MSGE,MADISON SQUARE GARDEN E CORP NEW
20439.0,MSGM,MOTORSPORT GAMES INC
93233.0,MSGN,M S G NETWORKS INC
15649.0,MSGS,MADISON SQUARE GARD SPORTS CORP
22779.0,MSI,MOTOROLA SOLUTIONS INC
82777.0,MSM,M S C INDUSTRIAL DIRECT INC
81124.0,MSN,EMERSON RADIO CORP
77282.0,MSON,MISONIX INC
19856.0,MSP,DATTO HOLDING CORP
19978.0,MSPR,M S P RECOVERY INC
86211.0,MSTR,MICROSTRATEGY INC
17969.0,MSVB,MID SOUTHERN BANCORP INC
20612.0,MTAC,MEDTECH ACQUISITION CORP
14818.0,MTBC,MEDICAL TRANSCRIPTION BILL CORP
14818.0,MTBC,M T B C INC
14818.0,MTBC,CARECLOUD INC
15850.0,MTCH,MATCH GROUP INC NEW
15850.0,MTCH,MATCH GROUP INC
19837.0,MTCR,METACRINE INC
85621.0,MTD,METTLER TOLEDO INTERNATIONAL INC
13244.0,MTDR,MATADOR RESOURCES CO
90604.0,MTEM,MOLECULAR TEMPLATES INC
86728.0,MTEX,MANNATECH INC
75342.0,MTH,MERITAGE HOMES CORP
85757.0,MTMT,MEGA MATRIX CORP
84588.0,MTN,VAIL RESORTS INC
85349.0,MTOR,MERITOR INC
55597.0,MTRN,MATERION CORP
76279.0,MTRX,MATRIX SERVICE CO
50623.0,MTSC,M T S SYSTEMS CORP
13326.0,MTSI,MACOM TECHNOLOGY SOLS HLDS INC
20601.0,MTTR,MATTERPORT INC
14684.0,MTUS,METALLUS INC
51263.0,MTW,MANITOWOC CO INC
78015.0,MTX,MINERALS TECHNOLOGIES INC
19880.0,MTZ,MASTEC INC
53613.0,MU,MICRON TECHNOLOGY INC
17366.0,MUDS,MUDRICK CAPITAL ACQ CORP
12350.0,MULN,MULLEN AUTOMOTIVE INC
28345.0,MUR,MURPHY OIL CORP
22908.0,MURF,MURPHY CANYON ACQUISITION CORP
14076.0,MUSA,MURPHY USA INC
70704.0,MUX,MCEWEN MINING INC
17151.0,MVBF,M V B FINANCIAL CORP
83885.0,MVIS,MICROVISION INC WA
18457.0,MVST,MICROVAST HOLDINGS INC
91234.0,MWA,MUELLER WATER PRODUCTS INC
18780.0,MWK,MOHAWK GROUP HOLDINGS INC
84342.0,MWW,MONSTER WORLDWIDE INC
12629.0,MX,MAGNACHIP SEMICONDUCTOR CORP
89857.0,MXC,MEXCO ENERGY CORP
21745.0,MXCT,MAXCYTE INC
11896.0,MXIM,MAXIM INTEGRATED PRODUCTS INC
93289.0,MXL,MAXLINEAR INC
15263.0,MXPT,MAXPOINT INTERACTIVE INC
51960.0,MXWL,MAXWELL TECHNOLOGIES INC
65365.0,MYE,MYERS INDUSTRIES INC
17970.0,MYFW,FIRST WESTERN FINANCIAL INC
82508.0,MYGN,MYRIAD GENETICS INC
14419.0,MYMD,MYMD PHARMACEUTICALS INC
16825.0,MYND,MYND ANALYTICS INC
16765.0,MYO,MYOMO INC
15788.0,MYOK,MYOKARDIA INC
14820.0,MYOS,MYOS RENS TECHNOLOGY INC
20277.0,MYPS,PLAYSTUDIOS INC
92782.0,MYRG,M Y R GROUP INC DE
16179.0,MYSZ,MY SIZE INC
92497.0,N,NETSUITE INC
21596.0,NABL,N ABLE INC
11654.0,NAII,NATURAL ALTERNATIVES INTL INC
15905.0,NAKD,NAKED BRAND GROUP INC
14821.0,NAME,RIGHTSIDE GROUP LTD
90377.0,NANO,NANOMETRICS INC
17041.0,NAOV,NANOVIBRONIX INC
20654.0,NAPA,DUCKHORN PORTFOLIO INC
19358.0,NARI,INARI MEDICAL INC
78900.0,NATH,NATHANS FAMOUS INC NEW
81501.0,NATI,NATIONAL INSTRUMENTS CORP
24296.0,NATL,N C R ATLEOS CORP
56945.0,NATR,NATURES SUNSHINE PRODUCTS INC
93399.0,NAUH,NATIONAL AMERICAN UNIV HLDGS INC
19620.0,NAUT,NAUTILUS BIOTECHNOLOGY INC
12503.0,NAV,NAVISTAR INTERNATIONAL CORP
78066.0,NAVB,NAVIDEA BIOPHARMACEUTICALS INC
14601.0,NAVI,NAVIENT CORP
24658.0,NBBK,N B BANCORP INC
16593.0,NBEV,NEW AGE BEVERAGES CORP
16593.0,NBEV,NEWAGE INC
83534.0,NBIX,NEUROCRINE BIOSCIENCES INC
61815.0,NBL,NOBLE ENERGY INC
92345.0,NBY,NOVABAY PHARMACEUTICALS INC
28118.0,NC,NACCO INDUSTRIES INC
84103.0,NCI,NAVIGANT CONSULTING INC
90956.0,NCIT,N C I INC
91822.0,NCMI,NATIONAL CINEMEDIA INC
19565.0,NCNO,NCINO INC NEW
15270.0,NCOM,NATIONAL COMMERCE CORP
84372.0,NCR,N C R CORP NEW
23265.0,NCRA,NOCERA INC
77501.0,NCS,N C I BUILDING SYSTEMS INC
16675.0,NCSM,N C S MULTISTAGE HOLDINGS INC
13959.0,NDLS,NOODLES & CO
16793.0,NDRA,ENDRA LIFE SCIENCES INC
57809.0,NDSN,NORDSON CORP
17367.0,NEBU,NEBULA ACQUISITION CORP
21746.0,NECB,NORTHEAST CMNTY BANCORP INC MD
24205.0,NEE,NEXTERA ENERGY INC
15045.0,NEFF,NEFF CORP
21207.0,NEM,NEWMONT MINING CORP
21207.0,NEM,NEWMONT GOLDCORP CORP
21207.0,NEM,NEWMONT CORP
13704.0,NEO,NEOGENOMICS INC
75976.0,NEOG,NEOGEN CORP
68145.0,NEON,NEONODE INC
15531.0,NEOS,NEOS THERAPEUTICS INC
23236.0,NEOV,NEOVOLTA INC
18899.0,NEPH,NEPHROS INC
14822.0,NERV,MINERVA NEUROSCIENCES INC
17017.0,NES,NUVERRA ENVIRONMENTAL SOLUTS INC
18909.0,NET,CLOUDFLARE INC
12350.0,NETE,NET ELEMENT INC
42550.0,NEU,NEWMARKET CORP
15108.0,NEWR,NEW RELIC INC
16557.0,NEX,NEXTIER OILFIELD SOLUTIONS INC
20613.0,NEXI,NEXIMMUNE INC
15293.0,NEXT,NEXTDECADE CORP
18368.0,NFE,NEW FORTRESS ENERGY LLC
18368.0,NFE,NEW FORTRESS ENERGY INC
12358.0,NFEC,N F ENERGY SAVING CORP
25590.0,NFG,NATIONAL FUEL GAS CO N J
89393.0,NFLX,NETFLIX INC
79915.0,NFX,NEWFIELD EXPLORATION CO
14464.0,NGHC,NATIONAL GENERAL HOLDINGS CORP
18561.0,NGM,N G M BIOPHARMACEUTICALS INC
14535.0,NGNE,NEUROGENE INC
89546.0,NGS,NATURAL GAS SERVICES GROUP INC
13508.0,NGVC,NATRL GROCERS BY VIT COTTAGE INC
16044.0,NGVT,INGEVITY CORP
16100.0,NH,NANTHEALTH INC
72338.0,NHC,NATIONAL HEALTHCARE CORP
19838.0,NHIC,NEWHOLD INVESTMENT CORP
81728.0,NHTC,NATURAL HEALTH TRENDS CORP
14051.0,NHWK,NIGHTHAWK BIOSCIENCES INC
38762.0,NI,NISOURCE INC
15532.0,NIHD,N I I HOLDINGS INC
90187.0,NILE,BLUE NILE INC
17251.0,NINE,NINE ENERGY SERVICES INC
64450.0,NJR,NEW JERSEY RES
15533.0,NK,NANTKWEST INC
57665.0,NKE,NIKE INC
17907.0,NKLA,NIKOLA CORP
80539.0,NKTR,NEKTAR THERAPEUTICS
19499.0,NKTX,NKARTA INC
13303.0,NL,N L INDUSTRIES INC
13111.0,NLNK,NEWLINK GENETICS CORP
75607.0,NLOK,NORTONLIFELOCK INC
86889.0,NLS,NAUTILUS INC
91616.0,NLST,NETLIST INC
14535.0,NLTX,NEOLEUKIN THERAPEUTICS INC
14340.0,NMBL,NIMBLE STORAGE INC
14318.0,NMIH,N M I HOLDINGS INC
24275.0,NMRA,NEUMORA THERAPEUTICS INC
17269.0,NMRD,NEMAURA MEDICAL INC
17126.0,NMRK,NEWMARK GROUP INC
82541.0,NMRX,NUMEREX CORP NY
21322.0,NMTC,NEUROONE MEDICAL TECH CORP
16178.0,NMTR,9 METERS BIOPHARMA INC
22220.0,NN,NEXTNAV INC
80343.0,NNBR,N N INC
14133.0,NNVC,NANOVIRICIDES INC
24766.0,NOC,NORTHROP GRUMMAN CORP
16638.0,NODK,N I HOLDINGS INC
92601.0,NOG,NORTHERN OIL & GAS INC
21965.0,NOGN,NOGIN INC
85526.0,NOTV,INOTIV INC
84032.0,NOV,NATIONAL OILWELL VARCO INC
84032.0,NOV,N O V INC
18815.0,NOVA,SUNNOVA ENERGY INTERNATIONAL INC
16303.0,NOVN,NOVAN INC
13447.0,NOW,SERVICENOW INC
90440.0,NP,NEENAH PAPER INC
90440.0,NP,NEENAH INC
19076.0,NPA,NEW PROVIDENCE ACQ CORP
21081.0,NPCE,NEUROPACE INC
34497.0,NPK,NATIONAL PRESTO INDS INC
89406.0,NPO,ENPRO INDUSTRIES INC
89406.0,NPO,ENPRO INC
12559.0,NPTN,NEOPHOTONICS CORP
34673.0,NR,NEWPARK RESOURCES INC
16255.0,NRBO,NEUROBO PHARMACEUTICALS INC
13935.0,NRC,NATIONAL RESEARCH CORP
13935.0,NRCIA,NATIONAL RESEARCH CORP
85482.0,NRCIB,NATIONAL RESEARCH CORP
22263.0,NRDS,NERDWALLET INC
20130.0,NRDY,NERDY INC
90071.0,NRG,N R G ENERGY INC
20721.0,NRGV,ENERGY VAULT HOLDINGS INC
19566.0,NRIX,NURIX THERAPEUTICS INC
17134.0,NRXP,N R X PHARMACEUTICALS INC
24087.0,NRXS,NEURAXIS INC
14686.0,NSAM,NORTHSTAR ASSET MANAGEMENT GROUP
64311.0,NSC,NORFOLK SOUTHERN CORP
81220.0,NSIT,INSIGHT ENTERPRISES INC
84385.0,NSP,INSPERITY INC
92445.0,NSPH,NANOSPHERE INC
13844.0,NSPR,INSPIREMD INC
90763.0,NSR,NEUSTAR INC
55993.0,NSSC,NAPCO SECURITY TECHNOLOGIES INC
13962.0,NSTG,NANOSTRING TECHNOLOGIES INC
22671.0,NSTS,N S T S BANCORP INC
79322.0,NSYS,NORTECH SYSTEMS INC
82598.0,NTAP,NETAPP INC
87179.0,NTCT,NETSCOUT SYSTEMS INC
17894.0,NTGN,NEON THERAPEUTICS INC
89800.0,NTGR,NETGEAR INC
77488.0,NTIC,NORTHERN TECHNOLOGIES INTL CORP
34936.0,NTIP,NETWORK 1 TECHNOLOGIES INC
13112.0,NTK,NORTEK INC
16064.0,NTLA,INTELLIA THERAPEUTICS INC
76963.0,NTN,N T N BUZZTIME INC
16304.0,NTNX,NUTANIX INC
15534.0,NTRA,NATERA INC
22221.0,NTRB,NUTRIBAND INC
88379.0,NTRI,NUTRISYSTEM INC
16639.0,NTRP,NEUROTROPE INC
89036.0,NTUS,NATUS MEDICAL INC
87508.0,NTWK,NETSOL TECHNOLOGIES INC
82759.0,NUAN,NUANCE COMMUNICATIONS INC
34817.0,NUE,NUCOR CORP
90288.0,NURO,NEUROMETRIX INC
84172.0,NUS,NU SKIN ENTERPRISES INC
85839.0,NUTR,NUTRACEUTICAL INTERNATIONAL CORP
90188.0,NUVA,NUVASIVE INC
21747.0,NUVL,NUVALENT INC
13279.0,NUWE,NUWELLIS INC
19483.0,NUZE,NUZEE INC
82779.0,NVAX,NOVAVAX INC
22785.0,NVCT,NUVECTIS PHARMA INC
86580.0,NVDA,NVIDIA CORP
89655.0,NVEC,N V E CORP
14166.0,NVEE,N V 5 GLOBAL INC
14435.0,NVFY,NOVA LIFESTYLE INC
15297.0,NVIV,INVIVO THERAPEUTICS HLDS CORP
15432.0,NVLS,NIVALIS THERAPEUTICS INC
17813.0,NVNO,ENVVENO MEDICAL CORP
20614.0,NVOS,NOVO INTEGRATED SCIENCES INC
79785.0,NVR,N V R INC
25304.0,NVRI,ENVIRI CORP
15046.0,NVRO,NEVRO CORP
18910.0,NVST,ENVISTA HOLDINGS CORP
15198.0,NVTA,INVITAE CORP
15955.0,NVTR,NUVECTRA CORP
14937.0,NVUS,NOVUS THERAPEUTICS INC
19352.0,NVVE,NUVVE HOLDING CORP
90458.0,NWE,NORTHWESTERN CORP
90458.0,NWE,NORTHWESTERN ENERGY GROUP INC
14400.0,NWHM,NEW HOME CO INC
60986.0,NWL,NEWELL BRANDS INC
58334.0,NWN,NORTHWEST NATURAL GAS CO
58334.0,NWN,NORTHWEST NATURAL HOLDING CO
82599.0,NWPX,NORTHWEST PIPE CO
13964.0,NWS,NEWS CORP NEW
13963.0,NWSA,NEWS CORP NEW
90387.0,NWY,NEW YORK & CO INC
92635.0,NX,QUANEX BUILDING PRODUCTS CORP
14881.0,NXEO,NEXEO SOLUTIONS INC
22586.0,NXGL,NEXGEL INC
64961.0,NXGN,NEXTGEN HEALTHCARE INC
23423.0,NXL,NEXALIN TECHNOLOGY INC
21323.0,NXPL,NEXTPLAT CORP
89916.0,NXST,NEXSTAR BROADCASTING GROUP INC
89916.0,NXST,NEXSTAR MEDIA GROUP INC
23681.0,NXT,NEXTRACKER INC
18664.0,NXTC,NEXTCURE INC
14934.0,NXTD,NXT ID INC
90957.0,NXTM,NXSTAGE MEDICAL INC
17324.0,NXTP,NEXTPLAY TECHNOLOGIES INC
23252.0,NXTT,NEXT TECHNOLOGY HOLDING INC
14030.0,NYLD,N R G YIELD INC
15332.0,NYLD,N R G YIELD INC
79790.0,NYNY,EMPIRE RESORTS INC
47466.0,NYT,NEW YORK TIMES CO
76477.0,OA,ORBITAL A T K INC
21907.0,OABI,OMNIAB INC
20161.0,OAS,OASIS PETROLEUM INC
93420.0,OAS,OASIS PETROLEUM INC
21749.0,OB,OUTBRAIN INC
72611.0,OBCI,OCEAN BIO CHEM INC
19636.0,OBIO,ORCHESTRA BIOMED HOLDINGS INC
81761.0,OBLG,OBLONG INC
16393.0,OBLN,OBALON THERAPEUTICS INC
17818.0,OBNK,ORIGIN BANCORP INC
21861.0,OBT,ORANGE COUNTY BANCORP INC
91531.0,OC,OWENS CORNING NEW
83399.0,OCC,OPTICAL CABLE CORP
22272.0,OCEA,OCEAN BIOMEDICAL INC
15132.0,OCGN,OCUGEN INC
90354.0,OCLR,OCLARO INC
91742.0,OCLS,OCULUS INNOVATIVE SCIENCES INC
12698.0,OCRX,OCERA THERAPEUTICS INC
23127.0,OCTO,EIGHTCO HOLDINGS INC
14823.0,OCUL,OCULAR THERAPEUTIX INC
92665.0,OCUP,OCUPHIRE PHARMA INC
15863.0,OCX,ONCOCYTE CORP
59185.0,ODC,OIL DRI CORP OF AMERICA
77037.0,ODFL,OLD DOMINION FREIGHT LINE INC
75573.0,ODP,OFFICE DEPOT INC
75573.0,ODP,O D P CORP
17154.0,ODT,ODONATE THERAPEUTICS INC
13265.0,OEG,ORBITAL ENERGY GROUP INC
92466.0,OESX,ORION ENERGY SYSTEMS INC
12502.0,OFED,OCONEE FEDERAL FINANCIAL CORP
78756.0,OFIX,ORTHOFIX MEDICAL INC
90868.0,OFLX,OMEGA FLEX INC
24440.0,OGE,O G E ENERGY CORP
90170.0,OGEN,ORAGENICS INC
21124.0,OGN,ORGANON & CO
14401.0,OGS,ONE GAS INC
82526.0,OGXI,ONCOGENEX PHARMACEUTICALS INC
77157.0,OI,OWENS ILL INC
77157.0,OI,O I GLASS INC
13265.0,OIG,ORBITAL INFRASTRUCTURE GROUP INC
58975.0,OII,OCEANEERING INTERNATIONAL INC
88897.0,OIS,OIL STATES INTERNATIONAL INC
25232.0,OKE,ONEOK INC NEW
16649.0,OKTA,OKTA INC
77610.0,OLED,UNIVERSAL DISPLAY CORP
15535.0,OLLI,OLLIES BARGAIN OUTLET HLD INC
20058.0,OLMA,OLEMA PHARMACEUTICALS INC
13610.0,OLN,OLIN CORP
20653.0,OLO,OLO INC
21949.0,OLPX,OLAPLEX HOLDINGS INC
19653.0,OM,OUTSET MEDICAL INC
30681.0,OMC,OMNICOM GROUP INC
89110.0,OMCL,OMNICELL INC
85951.0,OME,OMEGA PROTEIN CORP
14055.0,OMED,ONCOMED PHARMACEUTICALS INC
93085.0,OMER,OMEROS CORP
89898.0,OMEX,ODYSSEY MARINE EXPLORATION INC
21750.0,OMGA,OMEGA THERAPEUTICS INC
60186.0,OMI,OWENS & MINOR INC NEW
21263.0,OMIC,SINGULAR GENOMICS SYSTEMS INC
87214.0,OMN,OMNOVA SOLUTIONS INC
21950.0,OMQS,OMNIQ CORP
88182.0,ON,ON SEMICONDUCTOR CORP
15183.0,ONCE,SPARK THERAPEUTICS INC
19981.0,ONCR,ONCORUS INC
15380.0,ONCS,ONCOSEC MEDICAL INC
90031.0,ONCT,ONCTERNAL THERAPEUTICS INC
15110.0,ONDK,ON DECK CAPITAL INC
20312.0,ONDS,ONDAS HOLDINGS INC
93418.0,ONE,HIGHER ONE HOLDINGS INC
19177.0,ONEM,1LIFE HEALTHCARE INC
19250.0,ONEW,ONEWATER MARINE INC
23268.0,ONFO,ONFOLIO HOLDINGS INC
93177.0,ONP,ORIENT PAPER INC
16104.0,ONS,ONCOBIOLOGICS INC
20465.0,ONTF,ON24 INC
90377.0,ONTO,ONTO INNOVATION INC
14056.0,ONTX,ONCONOVA THERAPEUTICS INC
87797.0,ONVI,ONVIA INC
14033.0,ONVO,ORGANOVO HOLDINGS INC
15582.0,OOMA,OOMA INC
21265.0,OPAL,OPAL FUELS INC
14602.0,OPB,OPUS BANK
17368.0,OPBK,O P BANCORP
83883.0,OPCH,OPTION CARE HEALTH INC
17369.0,OPES,OPES ACQUISITION CORP
20082.0,OPFI,OPPFI INC
15381.0,OPGN,OPGEN INC
14167.0,OPHT,OPHTHOTECH CORP
82567.0,OPK,OPKO HEALTH INC
16904.0,OPNT,OPIANT PHARMACEUTICALS INC
18958.0,OPRT,OPORTUN FINANCIAL CORP
17895.0,OPRX,OPTIMIZERX CORP
16992.0,OPTN,OPTINOSE INC
91964.0,OPTT,OCEAN POWER TECHNOLOGIES INC
91471.0,OPXA,OPEXA THERAPEUTICS INC
23803.0,OPXS,OPTEX SYSTEMS HOLDINGS INC
90444.0,ORA,ORMAT TECHNOLOGIES INC
91618.0,ORBC,ORBCOMM INC
10104.0,ORCL,ORACLE CORP
91965.0,OREX,OREXIGEN THERAPEUTICS INC
19808.0,ORGN,ORIGIN MATERIALS INC
16522.0,ORGO,ORGANOGENESIS HOLDINGS INC
17370.0,ORGS,ORGENESIS INC
19353.0,ORIC,ORIC PHARMACEUTICALS INC
79103.0,ORLY,O REILLY AUTOMOTIVE INC NEW
13798.0,ORMP,ORAMED PHARMACEUTICALS INC
92467.0,ORN,ORION GROUP HOLDINGS INC
19077.0,ORSN,ORISUN ACQUISITION CORP
23627.0,OSA,PROSOMNUS INC
15860.0,OSG,OVERSEAS SHIPHOLDING GROUP INC
19605.0,OSH,OAK STREET HEALTH INC
91434.0,OSIR,OSIRIS THERAPEUTICS INC NEW
85488.0,OSIS,O S I SYSTEMS INC
90756.0,OSK,OSHKOSH CORP
88203.0,OSPN,ONESPAN INC
16905.0,OSPR,OSPREY ENERGY ACQUISITION CORP
17327.0,OSS,ONE STOP SYSTEMS INC
89394.0,OSTK,OVERSTOCK COM INC DEL
10860.0,OSUR,ORASURE TECHNOLOGIES INC
13938.0,OTEL,OTELCO INC
14874.0,OTIC,OTONOMY INC
19286.0,OTIS,OTIS WORLDWIDE CORP
16104.0,OTLK,OUTLOOK THERAPEUTICS INC
16670.0,OTRK,ONTRAK INC
60098.0,OTTR,OTTER TAIL CORP
19928.0,OUST,OUSTER INC
14503.0,OUT,OUTFRONT MEDIA INC
85173.0,OUTR,OUTERWALL INC
13883.0,OVAS,OVASCIENCE INC
16709.0,OVID,OVID THERAPEUTICS INC
92878.0,OVLY,OAK VALLEY BANCORP
89134.0,OVV,OVINTIV INC
20101.0,OWLT,OWLET INC
34948.0,OXM,OXFORD INDUSTRIES INC
34833.0,OXY,OCCIDENTAL PETROLEUM CORP
19016.0,OYST,OYSTER POINT PHARMA INC
12873.0,P,PANDORA MEDIA INC
12360.0,PACB,PACIFIC BIOSCIENCES CALIF INC
17309.0,PACK,RANPAK HOLDINGS CORP
17819.0,PACQ,PURE ACQUISITION CORP
18202.0,PAE,P A E INC
21951.0,PAFO,PACIFICO ACQUISITION CORP
84042.0,PAG,PENSKE AUTOMOTIVE GROUP INC
14406.0,PAH,PLATFORM SPECIALTY PRODUCTS CORP
14603.0,PAHC,PHIBRO ANIMAL HEALTH CORP
92252.0,PALI,PALISADE BIO INC
21863.0,PALT,PALTALK INC
13511.0,PANW,PALO ALTO NETWORKS INC
61146.0,PAR,PAR TECHNOLOGY CORP
76226.0,PARA,PARAMOUNT GLOBAL
75104.0,PARAA,PARAMOUNT GLOBAL
14773.0,PARR,PAR PACIFIC HOLDINGS INC
19251.0,PASG,PASSAGE BIO INC
20972.0,PATH,UIPATH INC
15144.0,PATI,PATRIOT TRANSPORT HLDG INC NEW
61496.0,PATK,PATRICK INDUSTRIES INC
16181.0,PAVM,PAVMED INC
21123.0,PAY,PAYMENTUS HOLDINGS INC
90657.0,PAY,VERIFONE SYSTEMS INC
18361.0,PAYA,PAYA HOLDINGS INC
14579.0,PAYC,PAYCOM SOFTWARE INC
21576.0,PAYO,PAYONEER GLOBAL INC
18058.0,PAYS,PAYSIGN INC
61621.0,PAYX,PAYCHEX INC
21753.0,PBBK,PB BANKSHARES INC
13730.0,PBF,P B F ENERGY INC
18847.0,PBFS,PIONEER BANCORP INC
90564.0,PBH,PRESTIGE BRANDS HOLDINGS INC
90564.0,PBH,PRESTIGE CONSUMER HEALTHCARE INC
24459.0,PBI,PITNEY BOWES INC
19650.0,PBLA,PANBELA THERAPEUTICS INC
19650.0,PBLA,PANBELA THERAPEUTICS INC NEW
16106.0,PBNC,PARAGON COMMERCIAL CORP
14258.0,PBPB,POTBELLY CORP
13014.0,PBSK,POAGE BANKSHARES INC
13621.0,PBYI,PUMA BIOTECHNOLOGY INC
60506.0,PCAR,PACCAR INC
18052.0,PCB,PACIFIC CITY FINANCIAL CORP
18052.0,PCB,P C B BANCORP
85886.0,PCCC,PC CONNECTION INC
13688.0,PCG,P G & E CORP
86783.0,PCLN,PRICELINE GROUP INC
81566.0,PCMI,P C M INC
86270.0,PCO,PENDRELL CORP
21237.0,PCOR,PROCORE TECHNOLOGIES INC
12583.0,PCRX,PACIRA PHARMACEUTICALS INC
12583.0,PCRX,PACIRA BIOSCIENCES INC
19985.0,PCSA,PROCESSA PHARMACEUTICALS INC
16676.0,PCSB,PCSB FINANCIAL CORP
19489.0,PCT,PURECYCLE TECHNOLOGIES INC
87361.0,PCTI,P C TEL INC
87361.0,PCTI,PCTEL INC
14547.0,PCTY,PAYLOCITY HOLDING CORP
19484.0,PCVX,VAXCYTE INC
12380.0,PCYG,PARK CITY GROUP INC
64742.0,PCYO,PURE CYCLE CORP
18482.0,PD,PAGERDUTY INC
62341.0,PDCE,P D C ENERGY INC
78034.0,PDCO,PATTERSON COMPANIES INC
10550.0,PDEX,PRO DEX INC COLO
89044.0,PDFS,P D F SOLUTIONS INC
16995.0,PDLB,P D L COMMUNITY BANCORP
16995.0,PDLB,PONCE FINANCIAL GROUP INC
77292.0,PDLI,P D L BIOPHARMA INC
15784.0,PDSB,P D S BIOTECHNOLOGY CORP
15226.0,PDVW,PDVWIRELESS INC
14634.0,PE,PARSLEY ENERGY INC
20879.0,PEAR,PEAR THERAPEUTICS INC
16012.0,PECK,PECK CO INC
16012.0,PECK,PECK CO HOLDINGS INC
21597.0,PECO,PHILLIPS EDISON & COMPANY INC
14135.0,PED,PEDEVCO CORP
23712.0,PEG,PUBLIC SERVICE ENTERPRISE GP INC
83779.0,PEGA,PEGASYSTEMS INC
14168.0,PEGI,PATTERN ENERGY GROUP INC
25452.0,PEGY,PINEAPPLE ENERGY INC
86165.0,PEIX,PACIFIC ETHANOL INC
15694.0,PEN,PENUMBRA INC
80563.0,PENN,PENN NATIONAL GAMING INC
80563.0,PENN,PENN ENTERTAINMENT INC
13856.0,PEP,PEPSICO INC
23117.0,PEPG,PEPGEN INC
77186.0,PERF,PERFUMANIA HOLDINGS INC
79195.0,PERY,ELLIS PERRY INTERNATIONAL INC
63335.0,PES,PIONEER ENERGY SERVICES CORP
78189.0,PESI,PERMA FIX ENVIRONMENTAL SVCS INC
21923.0,PET,WAG GROUP CO
16827.0,PETQ,PETIQ INC
90012.0,PETS,PETMED EXPRESS INC
21866.0,PETV,PETVIVO HOLDINGS INC
13966.0,PETX,ARATANA THERAPEUTICS INC
13818.0,PF,PINNACLE FOODS INC
21936.0,PFE,PFIZER INC
15724.0,PFGC,PERFORMANCE FOOD GROUP CO
19252.0,PFHD,PROFESSIONAL HOLDING CORP
14548.0,PFIE,PROFIRE ENERGY INC
44230.0,PFIN,P & F INDUSTRIES INC
13559.0,PFMT,PERFORMANT FINANCIAL CORP
14774.0,PFNX,PFENEX INC
13377.0,PFPT,PROOFPOINT INC
87510.0,PFSW,PFSWEB INC
18163.0,PG,PROCTER & GAMBLE CO
13909.0,PGEM,PLY GEM HOLDINGS INC
14072.0,PGEN,PRECIGEN INC
15538.0,PGLC,PERSHING GOLD CORP
15357.0,PGND,PRESS GANEY HOLDINGS INC
85571.0,PGNX,PROGENICS PHARMACEUTICALS INC
18968.0,PGNY,PROGYNY INC
91363.0,PGTI,P G T INC
91363.0,PGTI,P G T INNOVATIONS INC
41355.0,PH,PARKER HANNIFIN CORP
18210.0,PHAS,PHASEBIO PHARMACEUTICALS INC
19017.0,PHAT,PHANTHOM PHARMACEUTICALS INC
18419.0,PHGE,BIOMX INC
62368.0,PHII,P H I INC
62376.0,PHIIK,P H I INC
23944.0,PHIN,PHINIA INC
14468.0,PHIO,PHIO PHARMACEUTICALS CORP
54148.0,PHM,PULTE GROUP INC
88258.0,PHMD,PHOTOMEDEX INC
18808.0,PHR,PHREESIA INC
16400.0,PHUN,PHUNWARE INC
77236.0,PHX,PANHANDLE OIL & GAS INC
77236.0,PHX,P H X MINERALS INC
16182.0,PI,IMPINJ INC
14607.0,PIH,1347 PROPERTY INSURANCE HLDS INC
75182.0,PII,POLARIS INDUSTRIES INC
75182.0,PII,POLARIS INC
21044.0,PIII,P3 HEALTH PARTNERS INC
22333.0,PIK,KIDPIK CORP
14169.0,PINC,PREMIER INC
18912.0,PING,PING IDENTITY HOLDING CORP
18485.0,PINS,PINTEREST INC
90926.0,PIP,PHARMATHENE INC
51692.0,PIR,PIER 1 IMPORTS INC DE
51692.0,PIR,PIER 1 IMPORTS INC
15433.0,PIRS,PIERIS PHARMACEUTICALS INC
16795.0,PIXY,SHIFTPIXY INC
16499.0,PK,PARK HOTELS & RESORTS INC
58675.0,PKD,PARKER DRILLING CO
35107.0,PKE,PARK ELECTROCHEMICAL CORP
35107.0,PKE,PARK AEROSPACE CORP
87541.0,PKG,PACKAGING CORP AMERICA
42200.0,PKI,PERKINELMER INC
61269.0,PKOH,PARK OHIO HOLDINGS CORP
11154.0,PLAB,PHOTRONICS INC
93012.0,PLAG,PLANET GREEN HOLDINGS CORP
18141.0,PLAN,ANAPLAN INC
15014.0,PLAY,DAVE & BUSTERS ENTERTAINMENT INC
19644.0,PLBY,PLBY GROUP INC
85390.0,PLCE,CHILDRENS PLACE INC
83405.0,PLCM,POLYCOM INC
88940.0,PLKI,POPEYES LOUISIANA KITCHEN INC
21325.0,PLL,PIEDMONT LITHIUM INC
18563.0,PLMR,PALOMAR HOLDINGS INC
15627.0,PLNT,PLANET FITNESS INC
93372.0,PLOW,DOUGLAS DYNAMICS INC
89141.0,PLPC,PREFORMED LINE PRODUCTS CO
13705.0,PLPM,PLANET PAYMENT INC
19485.0,PLRX,PLIANT THERAPEUTICS INC
16066.0,PLSE,PULSE BIOSCIENCES INC
80185.0,PLT,PLANTRONICS INC NEW
20447.0,PLTK,PLAYTIKA HOLDING CORP
19788.0,PLTR,PALANTIR TECHNOLOGIES INC
87337.0,PLUG,PLUG POWER INC
92468.0,PLUR,PLURI INC
86080.0,PLX,PROTALIX BIOTHERAPEUTICS INC
14538.0,PLXP,P L X PHARMA INC
10032.0,PLXS,PLEXUS CORP
92602.0,PM,PHILIP MORRIS INTERNATIONAL INC
92184.0,PMC,PHARMERICA CORP
21867.0,PMCB,PHARMACYTE BIOTECH INC
11043.0,PMD,PSYCHEMEDICS CORP
21086.0,PMGM,PRIVETERRA ACQUISITION CORP
15793.0,PMTS,C P I CARD GROUP INC
19682.0,PMVP,P M V PHARMACEUTICALS INC
16001.0,PNK,PINNACLE ENTERTAINMENT INC NEW
55511.0,PNM,P N M RESOURCES INC
76695.0,PNRA,PANERA BREAD CO
46923.0,PNRG,PRIMEENERGY CORP
46923.0,PNRG,PRIMEENERGY RESOURCES CORP
19573.0,PNT,POINT BIOPHARMA GLOBAL INC
18913.0,PNTG,PENNANT GROUP INC
27991.0,PNW,PINNACLE WEST CAPITAL CORP
49971.0,PNY,PIEDMONT NATURAL GAS INC
15645.0,POAI,PREDICTIVE ONCOLOGY INC
77263.0,POCI,PRECISION OPTICS CORP INC
92050.0,PODD,INSULET CORP
88597.0,POL,POLYONE CORP
16528.0,POLA,POLAR POWER INC
80185.0,POLY,PLANTRONICS INC NEW
82515.0,POOL,POOL CORP
91204.0,POR,PORTLAND GENERAL ELECTRIC CO
20340.0,POSH,POSHMARK INC
13188.0,POST,POST HOLDINGS INC
85710.0,POWI,POWER INTEGRATIONS INC
63715.0,POWL,POWELL INDUSTRIES INC
85399.0,POWW,AMMO INC
93179.0,PPC,PILGRIMS PRIDE CORP NEW
19199.0,PPD,P P D INC
22509.0,PPG,P P G INDUSTRIES INC
18564.0,PPHI,POSITIVE PHYSICIANS HOLDINGS INC
76052.0,PPIH,PERMA PIPE INTL HOLDINGS INC
22517.0,PPL,P P L CORP
14172.0,PPSI,PIONEER POWER SOLUTIONS INC
78186.0,PQ,PETROQUEST ENERGY INC
16961.0,PQG,P Q GROUP HOLDINGS INC
16021.0,PR,PERMIAN RESOURCES CORP
15079.0,PRAH,PRA HEALTH SCIENCES INC
19986.0,PRAX,PRAXIS PRECISION MEDICINES INC
19196.0,PRCH,PORCH GROUP INC
77868.0,PRCP,PERCEPTRON INC
21892.0,PRCT,PROCEPT BIOROBOTICS CORP
85724.0,PRDO,PERDOCEO EDUCATION CORP
20596.0,PRDS,PARDES BIOSCIENCES INC
87086.0,PRFT,PERFICIENT INC
10517.0,PRG,PROG HOLDINGS INC
76752.0,PRGS,PROGRESS SOFTWARE CORP
83304.0,PRGX,P R G X GLOBAL INC
92773.0,PRIM,PRIMORIS SERVICES CORP
80019.0,PRKR,PARKERVISION INC
13860.0,PRKS,UNITED PARKS & RESORTS INC
13249.0,PRLB,PROTO LABS INC
19681.0,PRLD,PRELUDE THERAPEUTICS INC
23432.0,PRME,PRIME MEDICINE INC
12402.0,PRMW,PRIMO WATER CORP
18126.0,PRNB,PRINCIPIA BIOPHARMA INC
92143.0,PRO,P R O S HOLDINGS INC
19486.0,PROG,PROGENITY INC
24660.0,PROP,PRAIRIE OPERATING CO
85205.0,PRPH,PROPHASE LABS INC
15639.0,PRPL,PURPLE INNOVATION INC
88471.0,PRPO,PRECIPIO INC
89824.0,PRSC,PROVIDENCE SERVICE CORP
89029.0,PRSO,PERASO INC
17792.0,PRSP,PERSPECTA INC
13329.0,PRSS,CAFEPRESS INC
20645.0,PRST,PRESTO AUTOMATION INC
16465.0,PRTH,PRIORITY TECHNOLOGY HOLDINGS INC
91279.0,PRTK,PARATEK PHARMACEUTICALS INC
15015.0,PRTO,PROTEON THERAPEUTICS INC
91826.0,PRTS,U S AUTO PARTS NETWORK INC
91826.0,PRTS,CARPARTS COM INC
15327.0,PRTY,PARTY CITY HOLDCO INC
21087.0,PRVA,PRIVIA HEALTH GROUP INC
17973.0,PRVB,PROVENTION BIO INC
18782.0,PRVL,PREVAIL THERAPEUTICS INC
82607.0,PRXL,PAREXEL INTERNATIONAL CORP
17788.0,PS,PLURALSIGHT INC
19649.0,PSAC,PROPERTY SOLUTIONS ACQ CORP
16642.0,PSDO,PRESIDIO INC
90542.0,PSDV,PSIVIDA CORP
13939.0,PSIX,POWER SOLUTIONS INTL INC
85394.0,PSMT,PRICESMART INC
18575.0,PSN,PARSONS CORP
18783.0,PSNL,PERSONALIS INC
15729.0,PSTG,PURE STORAGE INC
92468.0,PSTI,PLURISTEM THERAPEUTICS INC
91021.0,PSTV,PLUS THERAPEUTICS INC
19568.0,PSTX,POSEIDA THERAPEUTICS INC
13356.0,PSX,PHILLIPS 66
75912.0,PTC,P T C INC
13967.0,PTCT,P T C THERAPEUTICS INC
90539.0,PTE,POLARITYTE INC
79857.0,PTEN,PATTERSON U T I ENERGY INC
16263.0,PTGX,PROTAGONIST THERAPEUTICS INC
15950.0,PTI,PROTEOSTASIS THERAPEUTICS INC
88462.0,PTIE,PAIN THERAPEUTICS INC
84321.0,PTIX,PROTAGENIC THERAPEUTICS INC
19787.0,PTK,P T K ACQUISITION CORP
13940.0,PTLA,PORTOLA PHARMACEUTICALS INC
22085.0,PTLO,PORTILLOS INC
79702.0,PTN,PALATIN TECHNOLOGIES INC
18940.0,PTON,PELOTON INTERACTIVE INC
20135.0,PTPI,PETROS PHARMACEUTICALS INC
20136.0,PTRA,PROTERRA INC
19396.0,PTRS,PARTNERS BANCORP
10649.0,PTSI,P A M TRANSPORTATION SVCS INC
19659.0,PTVE,PACTIV EVERGREEN INC
23425.0,PTWO,PONO CAPITAL TWO INC
15435.0,PUB,PEOPLES UTAH BANCORP
20315.0,PUBM,PUBMATIC INC
14551.0,PULM,PULMATRIX INC
16617.0,PUMP,PROPETRO HOLDING CORP
16529.0,PVAC,PENN VIRGINIA CORP
15539.0,PVBC,PROVIDENT BANCORP INC
15539.0,PVBC,PROVIDENT BANCORP INC MD
13936.0,PVH,P V H CORP
87016.0,PWFL,POWERFLEET INC
20146.0,PWP,PERELLA WEINBERG PARTNERS
85792.0,PWR,QUANTA SERVICES INC
21612.0,PWSC,POWERSCHOOL HOLDINGS INC
12248.0,PWX,PROVIDENCE & WORCESTER RR CO
77768.0,PX,PRAXAIR INC
75241.0,PXD,PIONEER NATURAL RESOURCES CO
88260.0,PXLW,PIXELWORKS INC
21600.0,PYCR,PAYCOR HCM INC
87753.0,PYDS,PAYMENT DATA SYSTEMS INC
15488.0,PYPL,PAYPAL HOLDINGS INC
29867.0,PYX,PYXUS INTL INC
22229.0,PYXS,PYXIS ONCOLOGY INC
15278.0,PZG,PARAMOUNT GOLD NEVADA CORP
79299.0,PZZA,PAPA JOHNS INTL INC
13911.0,Q,QUINTILES TRANSNATIONAL HLDGS IN
13911.0,Q,QUINTILES IMS HOLDINGS INC
12493.0,QADA,QAD INC
85314.0,QADB,QAD INC
88370.0,QBAK,QUALSTAR CORP
77178.0,QCOM,QUALCOMM INC
76591.0,QDEL,QUIDEL CORP
76591.0,QDEL,QUIDELORTHO CORP
93422.0,QEP,Q E P RESOURCES INC
17306.0,QES,QUINTANA ENERGY SERVICES INC
16004.0,QHC,QUORUM HEALTH CORP
80266.0,QLGC,QLOGIC CORP
15436.0,QLGN,QUALIGEN THERAPEUTICS INC
12026.0,QLIK,QLIK TECHNOLOGIES INC
13600.0,QLYS,QUALYS INC
87043.0,QMCO,QUANTUM CORP
18648.0,QNCX,QUINCE THERAPEUTICS INC
93266.0,QNST,QUINSTREET INC
15271.0,QPAC,QUINPARIO ACQUISITION CORP 2
14663.0,QRHC,QUEST RESOURCE HOLDING CORP
91277.0,QRTEA,QURATE RETAIL INC
91278.0,QRTEB,QURATE RETAIL INC
85035.0,QRVO,QORVO INC
19599.0,QS,QUANTUMSCAPE CORP
19952.0,QSI,QUANTUM SI INC
64961.0,QSII,QUALITY SYSTEMS INC
20869.0,QTEK,QUALTEK SERVICES INC
87043.0,QTM,QUANTUM CORP
16397.0,QTNA,QUANTENNA COMMUNICATIONS INC
17155.0,QTRX,QUANTERIX CORP
17358.0,QTTB,Q32 BIO INC
14516.0,QTWO,Q 2 HOLDINGS INC
12009.0,QUAD,QUAD GRAPHICS INC
21754.0,QUBT,QUANTUM COMPUTING INC
87364.0,QUIK,QUICKLOGIC CORP
78054.0,QUMU,QUMU CORP
14504.0,QUOT,QUOTIENT TECHNOLOGY INC
91277.0,QVCA,LIBERTY INTERACTIVE CORP
91278.0,QVCB,LIBERTY INTERACTIVE CORP
16680.0,QXO,Q X O INC
27633.0,R,RYDER SYSTEMS INC
19573.0,RACA,THERAPEUTICS ACQUISITION CORP
46922.0,RAD,RITE AID CORP
19989.0,RADI,RADIUS GLOBAL INFRASTRUCTURE INC
86946.0,RAI,REYNOLDS AMERICAN INC
90672.0,RAIL,FREIGHTCAR AMERICA INC
21089.0,RAIN,RAIN THERAPEUTICS INC
21089.0,RAIN,RAIN ONCOLOGY INC
20117.0,RAMP,LIVERAMP HOLDINGS INC
21756.0,RANI,RANI THERAPEUTICS HOLDINGS INC
19021.0,RAPT,R A P T THERAPEUTICS INC
14436.0,RARE,ULTRAGENYX PHARMACEUTICALS INC
16398.0,RARX,R A PHARMACEUTICALS INC
12835.0,RATE,BANKRATE INC DE
79618.0,RAVE,RAVE RESTAURANT GROUP INC
62033.0,RAVN,RAVEN INDUSTRIES INC
92765.0,RAX,RACKSPACE HOSTING INC
16828.0,RBB,R B B BANCORP
88264.0,RBBN,RIBBON COMMUNICATIONS INC
58771.0,RBC,REGAL BELOIT CORP
90870.0,RBC,R B C BEARINGS INC
92448.0,RBCN,RUBICON TECHNOLOGY INC
18369.0,RBKB,RHINEBECK BANCORP INC
20648.0,RBLX,ROBLOX CORP
19803.0,RBOT,VICARIOUS SURGICAL INC
21090.0,RCAT,RED CAT HOLDINGS INC
19022.0,RCEL,AVITA THERAPEUTICS INC
19022.0,RCEL,AVITA MEDICAL INC
81222.0,RCII,RENT A CENTER INC NEW
15221.0,RCKT,ROCKET PHARMACEUTICALS INC
78908.0,RCKY,ROCKY BRANDS INC
93369.0,RCM,R1 R C M INC
93369.0,RCM,R1 R C M INC NEW
65270.0,RCMT,R C M TECHNOLOGIES INC
21577.0,RCRT,RECRUITER COM GROUP INC
17374.0,RCUS,ARCUS BIOSCIENCES INC
20322.0,RDBX,REDBOX ENTERTAINMENT INC
82699.0,RDEN,ELIZABETH ARDEN INC
16829.0,RDFN,REDFIN CORP
76672.0,RDNT,RADNET INC
14707.0,RDUS,RADIUS HEALTH INC
79866.0,RDUS,RADIUS RECYCLING INC
17343.0,RDVT,RED VIOLET INC
20399.0,RDW,REDWIRE CORP
18784.0,REAL,REALREAL INC
23257.0,REBN,REBORN COFFEE INC
88841.0,RECN,RESOURCES CONNECTION INC
92449.0,REED,REEDS INC
10463.0,REFR,RESEARCH FRONTIERS INC
13201.0,REGI,RENEWABLE ENERGY GROUP INC
76614.0,REGN,REGENERON PHARMACEUTICALS INC
14137.0,REI,RING ENERGY INC
85079.0,REIS,REIS INC
17270.0,REKR,REKOR SYSTEMS INC
20623.0,RELI,RELIANCE GLOBAL GROUP INC
66852.0,RELL,RICHARDSON ELECTRONICS LTD
79065.0,RELV,RELIV INTERNATIONAL INC
15298.0,RELY,REAL INDUSTRY INC
21957.0,RELY,REMITLY GLOBAL INC
93031.0,REN,RESOLUTE ENERGY CORP
18309.0,RENB,RENOVARO INC
22232.0,RENT,RENT THE RUNWAY INC
14550.0,REPH,RECRO PHARMA INC
17974.0,REPL,REPLIMUNE GROUP INC
87471.0,REPX,RILEY EXPLORATION PERMIAN INC
66683.0,RES,R P C INC
14667.0,RESN,RESONANT INC
16068.0,RETA,REATA PHARMACEUTICALS INC
82859.0,REV,REVLON INC
20163.0,REVB,REVELATION BIOSCIENCES INC
16560.0,REVG,R E V GROUP INC
68830.0,REX,REX AMERICAN RESOURCES CORP
66617.0,REXI,RESOURCE AMERICA INC
92665.0,REXN,REXAHN PHARMACEUTICALS INC
92205.0,REXX,REX ENERGY CORP
19178.0,REYN,REYNOLDS CONSUMER PRODUCTS INC
18142.0,REZI,RESIDEO TECHNOLOGIES INC
86474.0,RFIL,R F INDUSTRIES LTD
12437.0,RFP,RESOLUTE FOREST PRODUCTS INC
89409.0,RGC,REGAL ENTERTAINMENT GROUP
80294.0,RGCO,R G C RESOURCES INC
10200.0,RGEN,REPLIGEN CORP
22334.0,RGF,REAL GOOD FOOD CO INC
13652.0,RGLS,REGULUS THERAPEUTICS INC
15658.0,RGNX,REGENXBIO INC
88841.0,RGP,RESOURCES CONNECTION INC
73219.0,RGR,STURM RUGER & CO INC
76711.0,RGS,REGIS CORP MINN
92687.0,RGSE,REAL GOODS SOLAR INC
13687.0,RH,RESTORATION HARDWARE HLDGS INC
13687.0,RH,R H
91627.0,RHE,REGIONAL HEALTH PROPERTIES INC
52230.0,RHI,ROBERT HALF INTERNATIONAL INC
52230.0,RHI,ROBERT HALF INC
87184.0,RHT,RED HAT INC
14355.0,RIBT,RICEBRAN TECHNOLOGIES
14409.0,RICE,RICE ENERGY INC
82518.0,RICK,RCI HOSPITALITY HOLDINGS INC
18552.0,RIDE,LORDSTOWN MOTORS CORP
88810.0,RIGL,RIGEL PHARMACEUTICALS INC
15540.0,RILY,B RILEY FINANCIAL INC
92213.0,RIOT,RIOT BLOCKCHAIN INC
92213.0,RIOT,RIOT PLATFORMS INC
18053.0,RIVE,RIVERVIEW FINANCIAL CORP
22265.0,RIVN,RIVIAN AUTOMOTIVE INC
15382.0,RKDA,ARCADIA BIOSCIENCES INC
20178.0,RKLB,ROCKET LAB USA INC
85072.0,RL,RALPH LAUREN CORP
19501.0,RLAY,RELAY THERAPEUTICS INC
13196.0,RLGT,RADIANT LOGISTICS INC
85939.0,RLH,RED LION HOTELS CORP
13655.0,RLJE,R L J ENTERTAINMENT INC
19024.0,RLMD,RELMADA THERAPEUTICS
93400.0,RLOC,REACHLOCAL INC
91905.0,RLOG,RAND LOGISTICS INC
21759.0,RLYB,RALLYBIO CORP
14321.0,RLYP,RELYPSA INC
13302.0,RM,REGIONAL MANAGEMENT CORP
18851.0,RMBI,RICHMOND MUTUAL BANCORP INC
16999.0,RMBL,RUMBLEON INC
84827.0,RMBS,RAMBUS INC
10044.0,RMCF,ROCKY MOUNTAIN CHOC FAC INC NEW
81736.0,RMD,RESMED INC
18089.0,RMED,R A MEDICAL SYSTEMS INC
13409.0,RMGN,R M G NETWORKS HOLDING CORP
15525.0,RMNI,RIMINI STREET INC
15853.0,RMR,R M R GROUP INC
85744.0,RMTI,ROCKWELL MEDICAL INC
85744.0,RMTI,ROCKWELL MEDICAL INC DE
19488.0,RNA,AVIDITY BIOSCIENCES INC
16108.0,RNAC,CARTESIAN THERAPEUTICS INC
21760.0,RNAZ,TRANSCODE THERAPEUTICS INC
12494.0,RNET,RIGNET INC
14136.0,RNG,RINGCENTRAL INC
16866.0,RNGR,RANGER ENERGY SERVICES INC
92665.0,RNN,REXAHN PHARMACEUTICALS INC
85576.0,RNWK,REALNETWORKS INC
21875.0,RNXT,RENOVORX INC
17801.0,ROAD,CONSTRUCTION PARTNERS INC
18246.0,ROAN,ROAN RESOURCES INC
16529.0,ROCC,RANGER OIL CORP
79862.0,ROCK,GIBRALTAR INDUSTRIES INC
22678.0,ROCL,ROTH C H ACQUISITION V CO
35991.0,ROG,ROGERS CORP
86916.0,ROIA,RADIO ONE INC
88372.0,ROIAK,RADIO ONE INC
84381.0,ROK,ROCKWELL AUTOMATION INC
14827.0,ROKA,ROKA BIOSCIENCE INC
16932.0,ROKU,ROKU INC
36003.0,ROL,ROLLINS INC
90870.0,ROLL,R B C BEARINGS INC
19862.0,ROOT,ROOT INC
77338.0,ROP,ROPER TECHNOLOGIES INC
15970.0,ROSE,ROSEHILL RESOURCES INC
91556.0,ROST,ROSS STORES INC
84624.0,ROVI,ROVI CORP
20441.0,ROVR,ROVER GROUP INC
91192.0,ROX,CASTLE BRANDS INC
12089.0,RP,REALPAGE INC
17976.0,RPAY,REPAY HOLDINGS CORP
15541.0,RPD,RAPID7 INC
21091.0,RPHM,RENEO PHARMACEUTICALS INC
21761.0,RPID,RAPID MICRO BIOSYSTEMS INC
65307.0,RPM,R P M INTERNATIONAL INC
79025.0,RPRX,REPROS THERAPEUTICS INC
88148.0,RPTP,RAPTOR PHARMACEUTICAL CORP
12795.0,RPXC,R P X CORP
18668.0,RRBI,RED RIVER BANCSHARES INC
50017.0,RRC,RANGE RESOURCES CORP
38682.0,RRD,DONNELLEY R R & SONS CO
89453.0,RRGB,RED ROBIN GOURMET BURGERS INC
16019.0,RRR,RED ROCK RESORTS INC
93384.0,RRTS,ROADRUNNER TRANS SYSTEMS INC
58771.0,RRX,REGAL REXNORD CORP
80864.0,RS,RELIANCE STEEL & ALUMINUM CO
80864.0,RS,RELIANCE INC
86228.0,RSG,REPUBLIC SERVICES INC
19333.0,RSI,RUSH STREET INTERACTIVE INC
16393.0,RSLS,RESHAPE LIFESCIENCES INC NEW
16393.0,RSLS,RESHAPE LIFESCIENCES INC
92433.0,RSLS,RESHAPE LIFESCIENCES INC
14408.0,RSPP,R S P PERMIAN INC
19315.0,RSSS,RESEARCH SOLUTIONS INC
92913.0,RST,ROSETTA STONE INC
83961.0,RSTI,ROFIN SINAR TECHNOLOGIES INC
20451.0,RSVR,RESERVOIR MEDIA INC
82521.0,RSYS,RADISYS CORP
55213.0,RT,RUBY TUESDAY INC
87415.0,RTEC,RUDOLPH TECHNOLOGIES INC
88564.0,RTIX,R T I SURGICAL INC
88564.0,RTIX,R T I SURGICAL HOLDINGS INC
76978.0,RTK,RENTECH INC
24942.0,RTN,RAYTHEON CO
16530.0,RTNB,ROOT9B HOLDINGS INC
14440.0,RTRX,RETROPHIN INC
15436.0,RTTR,RITTER PHARMACEUTICALS INC
90387.0,RTW,R T W RETAILWINDS INC
17830.0,RTX,RAYTHEON TECHNOLOGIES CORP
17830.0,RTX,R T X CORP
14580.0,RUBI,RUBICON PROJECT INC
17947.0,RUBY,RUBIUS THERAPEUTICS INC
21029.0,RUM,RUMBLE INC
15643.0,RUN,SUNRUN INC
89455.0,RUSHA,RUSH ENTERPRISES INC
83690.0,RUSHB,RUSH ENTERPRISES INC
90871.0,RUTH,RUTHS HOSPITALITY GROUP INC
80368.0,RVLT,REVOLUTION LIGHTING TECH INC
18725.0,RVLV,REVOLVE GROUP INC
19201.0,RVMD,REVOLUTION MEDICINES INC
14467.0,RVNC,REVANCE THERAPEUTICS INC
88994.0,RVP,RETRACTABLE TECHNOLOGIES INC
18215.0,RVPH,REVIVA PHARMACEUTICALS HLDG INC
42200.0,RVTY,REVVITY INC
20600.0,RVYL,RYVYL INC
10779.0,RWC,RELM WIRELESS CORP
14552.0,RXDX,IGNYTA INC
20870.0,RXDX,PROMETHEUS BIOSCIENCES INC
14468.0,RXII,R X I PHARMACEUTICALS CORP NEW
13305.0,RXN,REXNORD CORP NEW
23433.0,RXO,R X O INC
20898.0,RXRX,RECURSION PHARMACEUTICALS INC
21762.0,RXST,RXSIGHT INC
19576.0,RXT,RACKSPACE TECHNOLOGY INC
14682.0,RYAM,RAYONIER ADVANCED MATERIALS INC
14855.0,RYI,RYERSON HOLDING CORP
17000.0,RYTM,RHYTHM PHARMACEUTICALS INC
20169.0,RZLT,REZOLUTE INC
14040.0,S,SPRINT CORP NEW
21415.0,S,SENTINELONE INC
92320.0,SAAS,INCONTACT INC
14608.0,SABR,SABRE CORP
20576.0,SABS,SAB BIOTHERAPEUTICS INC
13330.0,SAEX,SAEXPLORATION HOLDINGS INC
11343.0,SAFM,SANDERSON FARMS INC
14828.0,SAGE,SAGE THERAPEUTICS INC
85627.0,SAH,SONIC AUTOMOTIVE INC
89506.0,SAIA,SAIA INC
14141.0,SAIC,SCIENCE APPLICATIONS INTL CORP
19990.0,SAII,SOFTWARE ACQ GROUP INC II
17037.0,SAIL,SAILPOINT TECHNOLOGIES HLDGS INC
90954.0,SAJA,SAJAN INC
14057.0,SALE,RETAILMENOT INC
87121.0,SALM,SALEM MEDIA GROUP INC
82634.0,SAM,BOSTON BEER INC
18370.0,SAMA,SCHULTZE SPEC PUR ACQ CORP
13969.0,SAMG,SILVERCREST ASSET MNGMNT GRP INC
20468.0,SANA,SANA BIOTECHNOLOGY INC
79108.0,SANM,SANMINA CORP
93434.0,SANW,S & W SEED CO
16594.0,SASI,SIGMA LABS INC
92469.0,SATS,ECHOSTAR CORP
13869.0,SAUC,DIVERSIFIED RESTAURANT HLDGS INC
88462.0,SAVA,CASSAVA SCIENCES INC
12796.0,SAVE,SPIRIT AIRLINES INC
86996.0,SBAC,S B A COMMUNICATIONS CORP
81740.0,SBGI,SINCLAIR BROADCAST GROUP INC
81740.0,SBGI,SINCLAIR INC
91683.0,SBH,SALLY BEAUTY HOLDINGS INC
21103.0,SBIG,SPRINGBIG HOLDINGS INC
15854.0,SBOT,STELLAR BIOTECHNOLOGIES INC
66739.0,SBOW,SILVERBOW RESOURCES INC
16069.0,SBPH,SPRING BANK PHARMACEUTICALS INC
87342.0,SBSA,SPANISH BROADCASTING SYSTEM INC
17121.0,SBT,STERLING BANCORP INC
20318.0,SBTX,SILVERBACK THERAPEUTICS INC
77702.0,SBUX,STARBUCKS CORP
14260.0,SCAI,SURGICAL CARE AFFILIATES INC
82800.0,SCCO,SOUTHERN COPPER CORP
23085.0,SCG,SCANA CORP NEW
77354.0,SCHL,SCHOLASTIC CORP
79866.0,SCHN,SCHNITZER STEEL INDUSTRIES INC
51625.0,SCI,SERVICE CORP INTERNATIONAL
81741.0,SCKT,SOCKET MOBILE INC
36898.0,SCL,STEPAN CO
77413.0,SCLN,SCICLONE PHARMACEUTICALS INC
20884.0,SCLX,SCILEX HOLDING CO
92226.0,SCMP,SUCAMPO PHARMACEUTICALS INV
79006.0,SCON,SUPERCONDUCTOR TECHNOLOGIES INC
92102.0,SCOR,COMSCORE INC
17122.0,SCPH,SCPHARMACEUTICALS INC
18573.0,SCPL,SCIPLAY CORP
20321.0,SCPS,SCOPUS BIOPHARMA INC
85796.0,SCS,STEELCASE INC
80362.0,SCSC,SCANSOURCE INC
86489.0,SCSS,SELECT COMFORT CORP
14550.0,SCTL,SOCIETAL CDMO INC
13711.0,SCTY,SOLARCITY CORP
79007.0,SCVL,SHOE CARNIVAL INC IN
83577.0,SCWO,374WATER INC
16020.0,SCWX,SECUREWORKS CORP
18438.0,SCX,STARRETT L S CO
14668.0,SCYX,SCYNEXIS INC
16448.0,SD,SANDRIDGE ENERGY INC
18907.0,SDC,SMILEDIRECTCLUB INC
19200.0,SDGR,SCHRODINGER INC
79689.0,SDI,STANDARD DIVERSIFIED INC
22238.0,SDIG,STRONGHOLD DIGITAL MINING INC
14636.0,SDPI,SUPERIOR DRILLING PRODUCTS INC
91650.0,SE,SPECTRA ENERGY CORP
84255.0,SEAC,SEACHANGE INTERNATIONAL INC
13860.0,SEAS,SEAWORLD ENTERTAINMENT INC
22239.0,SEAT,VIVID SEATS INC
36281.0,SEB,SEABOARD CORP
15272.0,SEDG,SOLAREDGE TECHNOLOGIES INC
85926.0,SEE,SEALED AIR CORP NEW
88177.0,SEEL,SEELOS THERAPEUTICS INC
20187.0,SEER,SEER INC
16108.0,SELB,SELECTA BIOSCIENCES INC
93035.0,SEM,SELECT MEDICAL HOLDINGS CORP
12384.0,SEMG,SEMGROUP CORP
20727.0,SEMR,SEMRUSH HOLDINGS INC
17097.0,SEND,SENDGRID INC
82279.0,SENEA,SENECA FOODS CORP NEW
62958.0,SENEB,SENECA FOODS CORP NEW
15995.0,SENS,SENSEONICS HOLDINGS INC
18217.0,SER,SERINA THERAPEUTICS INC
21763.0,SERA,SERA PROGNOSTICS INC
14750.0,SERV,SERVICEMASTER GLOBAL HOLDINGS IN
92453.0,SES,SYNTHESIS ENERGY SYSTEMS INC
14452.0,SESN,SESEN BIO INC
75272.0,SEV,SEVCON INC
24100.0,SEZL,SEZZLE INC
14670.0,SFBS,SERVISFIRST BANCSHARES INC
17038.0,SFIX,STITCH FIX INC
91486.0,SFLY,SHUTTERFLY INC
14102.0,SFM,SPROUTS FARMERS MARKET INC
14915.0,SFS,SMART & FINAL STORES INC
18659.0,SFT,SHIFT TECHNOLOGIES INC
22268.0,SG,SWEETGREEN INC
79033.0,SGA,SAGA COMMUNICATIONS INC
16802.0,SGBX,S G BLOCKS INC
16802.0,SGBX,SAFE & GREEN HOLDINGS CORP
47861.0,SGC,SUPERIOR UNIFORM GROUP INC
47861.0,SGC,SUPERIOR GROUP OF COMPANIES INC
88949.0,SGEN,SEATTLE GENETICS INC
88949.0,SGEN,SEAGEN INC
20470.0,SGFY,SIGNIFY HEALTH INC
21764.0,SGHT,SIGHT SCIENCES INC
90742.0,SGI,SILICON GRAPHICS INTL CORP
16594.0,SGLB,SIGMA LABS INC
92688.0,SGLY,SINGULARITY FUTURE TECH LTD
80274.0,SGMA,SIGMATRON INTERNATIONAL INC
88195.0,SGMO,SANGAMO BIOSCIENCES INC
88195.0,SGMO,SANGAMO THERAPEUTICS INC
79338.0,SGMS,SCIENTIFIC GAMES CORP
24078.0,SGMT,SAGIMET BIOSCIENCES INC
12695.0,SGNT,SAGENT PHARMACEUTICALS INC
83303.0,SGRP,S P A R GROUP INC
15795.0,SGRY,SURGERY PARTNERS INC
20323.0,SGTX,SIGILON THERAPEUTICS INC
79444.0,SGY,STONE ENERGY CORP
13167.0,SGYP,SYNERGY PHARMACEUTICALS INC
15167.0,SHAK,SHAKE SHACK INC
88970.0,SHBI,SHORE BANCSHARES INC
20062.0,SHC,SOTERA HEALTH CO
21663.0,SHCO,SOHO HOUSE & CO INC
20145.0,SHCR,SHARECARE INC
88742.0,SHEN,SHENANDOAH TELECOM CO
24510.0,SHIM,SHIMMICK CORP
89757.0,SHLD,SEARS HOLDINGS CORP
18539.0,SHLL,TORTOISE ACQUISITION CORP
69199.0,SHLM,SCHULMAN A INC
79307.0,SHLO,SHILOH INDUSTRIES INC
20347.0,SHLS,SHOALS TECHNOLOGIES GROUP INC
80034.0,SHOO,MADDEN STEVEN LTD
92207.0,SHOR,SHORETEL INC
13656.0,SHOS,SEARS HOMETOWN & OUTLET STRS INC
19973.0,SHOT,SAFETY SHOT INC
23272.0,SHPH,SHUTTLE PHARMACEUTICALS HLDG INC
19061.0,SHPW,SHAPEWAYS HOLDINGS INC
14441.0,SHSP,SHARPSPRING INC
36468.0,SHW,SHERWIN WILLIAMS CO
71985.0,SHYF,SHYFT GROUP INC
18212.0,SIBN,SI BONE INC
18055.0,SIC,SELECT INTERIOR CONCEPTS INC
22602.0,SIDU,SIDUS SPACE INC
15016.0,SIEN,SIENTRA INC
49138.0,SIF,SIFCO INDUSTRIES INC
85401.0,SIGA,S I G A TECHNOLOGIES INC
10259.0,SIGM,SIGMA DESIGNS INC
18566.0,SILK,SILK ROAD MEDICAL INC
23426.0,SILO,SILO PHARMA INC
92688.0,SINO,SINO GLOBAL SHIPPING AMERICA LTD
14444.0,SINT,SINTX TECHNOLOGIES INC
15486.0,SIOX,SIO GENE THERAPIES INC
80924.0,SIRI,SIRIUS X M HOLDINGS INC
16310.0,SISI,SHINECO INC
16082.0,SITE,SITEONE LANDSCAPE SUPPLY INC
19081.0,SITM,SITIME CORP
15644.0,SITO,S I T O MOBILE LTD
93423.0,SIX,SIX FLAGS ENTERTAINMENT CORP
26614.0,SJI,SOUTH JERSEY INDS INC
42585.0,SJM,SMUCKER J M CO
54199.0,SJW,S J W CORP
54199.0,SJW,S J W GROUP
21416.0,SKIL,SKILLSOFT CORP
20181.0,SKIN,BEAUTY HEALTH CO
15080.0,SKIS,PEAK RESORTS INC
15645.0,SKLN,SKYLINE MEDICAL INC
19338.0,SKLZ,SKILLZ INC
12922.0,SKUL,SKULLCANDY INC
23679.0,SKWD,SKYWARD SPECIALTY INSUR GP INC
86949.0,SKX,SKECHERS U S A INC
38850.0,SKY,SKYLINE CORP
38850.0,SKY,SKYLINE CHAMPION CORP
21096.0,SKYT,SKYWATER TECHNOLOGY INC
10421.0,SKYW,SKYWEST INC
22797.0,SKYX,S K Y X PLATFORMS CORP
87812.0,SLAB,SILICON LABORATORIES INC
13253.0,SLCA,U S SILICA HOLDINGS INC
17271.0,SLDB,SOLID BIOSCIENCES INC
21281.0,SLDP,SOLID POWER INC
21030.0,SLGC,SOMALOGIC INC
18413.0,SLGG,SUPER LEAGUE GAMING INC
84563.0,SLGN,SILGAN HOLDINGS INC
22566.0,SLND,SOUTHLAND HOLDINGS INC
86812.0,SLNG,STABILIS SOLUTIONS INC
52231.0,SLNH,SOLUNA HOLDINGS INC
15058.0,SLNO,SOLENO THERAPEUTICS INC
85040.0,SLP,SIMULATIONS PLUS INC
23874.0,SLRN,ACELYRIN INC
15177.0,SLRX,SALARIUS PHARMACEUTICALS INC
92594.0,SLS,SELLAS LIFE SCIENCES GROUP INC
21903.0,SLVM,SYLVAMO CORP
78170.0,SM,S M ENERGY CO
22341.0,SMAP,SPORTSMAP TECH ACQUISITION CORP
17701.0,SMAR,SMARTSHEET INC
15906.0,SMBK,SMARTFINANCIAL INC
91907.0,SMCI,SUPER MICRO COMPUTER INC
92935.0,SMED,SHARPS COMPLIANCE CORP
22798.0,SMFL,SMART FOR LIFE INC
19956.0,SMFR,SEMA4 HOLDINGS CORP
77300.0,SMG,SCOTTS MIRACLE GRO CO
16737.0,SMHI,SEACOR MARINE HOLDINGS INC
82745.0,SMID,SMITH MIDLAND CORP
81225.0,SMIT,SCHMITT INDUSTRIES INC ORE
14469.0,SMLR,SEMLER SCIENTIFIC INC
18852.0,SMMC,SOUTH MOUNTAIN MERGER CORP
19849.0,SMMT,SUMMIT THERAPEUTICS INC
39220.0,SMP,STANDARD MOTOR PRODUCTS INC
16284.0,SMPL,SIMPLY GOOD FOODS CO
20325.0,SMR,NUSCALE POWER CORP
20599.0,SMRT,SMARTRENT INC
77530.0,SMRT,STEIN MART INC
82281.0,SMSI,SMITH MICRO SOFTWARE INC
50948.0,SMTC,SEMTECH CORP
76928.0,SMTI,SANARA MEDTECH INC
88466.0,SMTX,S M T C CORP
13139.0,SN,SANCHEZ ENERGY CORP
60206.0,SNA,SNAP ON INC
84325.0,SNAK,INVENTURE FOODS INC
23513.0,SNAL,SNAIL INC
16595.0,SNAP,SNAP INC
18461.0,SNAX,STRYVE FOODS INC
86489.0,SNBR,SLEEP NUMBER CORP
15083.0,SNC,STATE NATIONAL COMPANIES INC
20155.0,SNCE,SCIENCE 37 HOLDINGS INC
91366.0,SNCR,SYNCHRONOSS TECHNOLOGIES INC
20652.0,SNCY,SUN COUNTRY AIRLINES HLDGS INC
16471.0,SND,SMART SAND INC
85419.0,SNDA,SONIDA SENIOR LIVING INC
16306.0,SNDE,SUNDANCE ENERGY INC
16648.0,SNDR,SCHNEIDER NATIONAL INC
15976.0,SNDX,SYNDAX PHARMACEUTICALS INC
16532.0,SNES,SENESTECH INC
16533.0,SNGX,SOLIGENIX INC
84438.0,SNHY,SUN HYDRAULICS CORP
92709.0,SNI,SCRIPPS NETWORKS INTERACTIVE INC
90238.0,SNMX,SENOMYX INC
16830.0,SNNA,SIENNA BIOPHARMACEUTICALS INC
91742.0,SNOA,SONOMA PHARMACEUTICALS INC
14393.0,SNOW,INTRAWEST RESORTS HOLDINGS INC
19654.0,SNOW,SNOWFLAKE INC
21767.0,SNPO,SNAP ONE HOLDINGS CORP
77357.0,SNPS,SYNOPSYS INC
21580.0,SNPX,SYNAPTOGENIX INC
20630.0,SNSE,SENSEI BIOTHERAPEUTICS INC
90907.0,SNSS,SUNESIS PHARMACEUTICALS INC
21286.0,SNTI,SENTI BIOSCIENCES INC
89900.0,SNX,SYNNEX CORP
89900.0,SNX,TD SYNNEX CORP
18411.0,SO,SOUTHERN CO
23120.0,SOBR,SOBR SAFE INC
85953.0,SOFO,SONIC FOUNDRY INC
19675.0,SOHU,SOHU COM INC
16750.0,SOI,SOLARIS OILFIELD INFRSTR INC
18414.0,SOLY,SOLITON INC
71176.0,SON,SONOCO PRODUCTS CO
76568.0,SONC,SONIC CORP
20801.0,SOND,SONDER HOLDINGS INC
18670.0,SONM,SONIM TECHNOLOGIES INC
13455.0,SONN,SONNET BIOTHERAPEUTICS HLDGS INC
18011.0,SONO,SONOS INC
88264.0,SONS,SONUS NETWORKS INC
22158.0,SONX,SONENDO INC
22342.0,SOPA,SOCIETY PASS INC
32548.0,SORL,S O R L AUTO PARTS INC
11153.0,SOTK,SONO TEK CORP
23054.0,SOUN,SOUNDHOUND AI INC
21962.0,SOVO,SOVOS BRANDS INC
90194.0,SP,S P PLUS CORP
17523.0,SPA,SPARTON CORP
71942.0,SPAN,SPAN AMERICA MEDICAL SYSTEMS INC
18184.0,SPAQ,SPARTAN ENERGY ACQUISITION CORP
71985.0,SPAR,SPARTAN MOTORS INC
38295.0,SPB,SPECTRUM BRANDS HOLDINGS INC NEW
93295.0,SPB,SPECTRUM BRANDS HOLDINGS INC
16964.0,SPCE,VIRGIN GALACTIC HOLDINGS INC
18148.0,SPEX,SPHERIX INC
18671.0,SPFI,SOUTH PLAINS FINANCIAL INC
19316.0,SPHR,SPHERE ENTERTAINMENT CO
14830.0,SPKE,SPARK ENERGY INC
13379.0,SPLK,SPLUNK INC
75489.0,SPLS,STAPLES INC
77763.0,SPN,SUPERIOR ENERGY SERVICES INC
77271.0,SPNC,SPECTRANETICS CORP
15407.0,SPNE,SEASPINE HOLDINGS CORP
90464.0,SPOK,SPOK HOLDINGS INC
83950.0,SPPI,SPECTRUM PHARMACEUTICALS INC
91594.0,SPR,SPIRIT AEROSYSTEMS HOLDINGS INC
19993.0,SPRB,SPRUCE BIOSCIENCES INC
17044.0,SPRO,SPERO THERAPEUTICS INC
88468.0,SPRT,SUPPORT COM INC
18936.0,SPRU,SPRUCE POWER HOLDING CORP
20318.0,SPRY,ARS PHARMACEUTICALS INC
93356.0,SPSC,S P S COMMERCE INC
19145.0,SPT,SPROUT SOCIAL INC
88568.0,SPTN,SPARTANNASH CO
93069.0,SPU,SKYPEOPLE FRUIT JUICE INC
14609.0,SPWH,SPORTSMANS WAREHOUSE HLDGS INC
90978.0,SPWR,SUNPOWER CORP
55212.0,SPXC,S P X CORP
55212.0,SPXC,S P X TECHNOLOGIES INC
15826.0,SQ,SQUARE INC
15826.0,SQ,BLOCK INC
12312.0,SQI,SCIQUEST INC NEW
21121.0,SQSP,SQUARESPACE INC
19918.0,SQZ,S Q Z BIOTECHNOLOGIES CO
12781.0,SR,SPIRE INC
19146.0,SRAC,STABLE ROAD ACQUISITION CORP
16399.0,SRAX,SOCIAL REALITY INC
16399.0,SRAX,S R A X INC
12906.0,SRCI,S R C ENERGY INC
83906.0,SRCL,STERICYCLE INC
85889.0,SRDX,SURMODICS INC
86136.0,SRE,SEMPRA ENERGY
12640.0,SREV,SERVICESOURCE INTERNATIONAL INC
88564.0,SRGA,SURGALIGN HOLDINGS INC
85440.0,SRI,STONERIDGE INC
14262.0,SRNE,SORRENTO THERAPEUTICS INC
85002.0,SRPT,SAREPTA THERAPEUTICS INC
15507.0,SRRA,SIERRA ONCOLOGY INC
17821.0,SRRK,SCHOLAR ROCK HOLDING CORP
85077.0,SRT,STARTEK INC
16145.0,SRTS,SENSUS HEALTHCARE INC
21882.0,SSBK,SOUTHERN STATES BANCSHARES INC
13412.0,SSC,SEVEN STARS CLOUD GROUP INC
80575.0,SSD,SIMPSON MANUFACTURING CO INC
89289.0,SSI,STAGE STORES INC
90955.0,SSKN,STRATA SKIN SCIENCES INC
93312.0,SSNC,S S & C TECHNOLOGIES HLDGS INC
13819.0,SSNI,SILVER SPRING NETWORKS INC
16680.0,SSNT,SILVERSUN TECHNOLOGIES INC
84176.0,SSP,SCRIPPS E W CO OHIO
84176.0,SSP,E W SCRIPPS CO
15090.0,SSRG,SYMMETRY SURGICAL INC
16805.0,SSTI,SHOTSPOTTER INC
16805.0,SSTI,SOUNDTHINKING INC
13625.0,SSTK,SHUTTERSTOCK INC
74908.0,SSY,SUNLINK HEALTH SYSTEMS INC
72304.0,STAA,STAAR SURGICAL CO
15662.0,STAF,STAFFING 360 SOLUTIONS INC
19919.0,STEM,STEM INC
19655.0,STEP,STEPSTONE GROUP INC
21897.0,STER,STERLING CHECK CORP
81527.0,STGW,STAGWELL INC
17898.0,STIM,NEURONETICS INC
68591.0,STJ,ST JUDE MEDICAL INC
15383.0,STKS,ONE GROUP HOSPITALITY INC
84262.0,STLD,STEEL DYNAMICS INC
78068.0,STLY,STANLEY FURNITURE CO NEW
13761.0,STML,STEMLINE THERAPEUTICS
87000.0,STMP,STAMPS COM INC
12362.0,STND,STANDARD A V B FINANCIAL CORP
18785.0,STOK,STOKE THERAPEUTICS INC
90366.0,STON,STONEMOR INC
16905.0,STR,SITIO ROYALTIES CORP
16905.0,STR,SITIO ROYALTIES CORP NEW
27756.0,STR,QUESTAR CORP
83799.0,STRA,STRAYER EDUCATION INC
83799.0,STRA,STRATEGIC EDUCATION INC
76927.0,STRL,STERLING CONSTRUCTION CO INC
83391.0,STRM,STREAMLINE HEALTH SOLUTIONS INC
22343.0,STRN,STRAN & CO INC
18128.0,STRO,SUTRO BIOPHARMA INC
14041.0,STRP,STRAIGHT PATH COMMUNICATIONS INC
90223.0,STRR,STAR EQUITY HOLDINGS INC
81278.0,STRT,STRATTEC SECURITY CORP
13008.0,STRZA,STARZ
13009.0,STRZB,STARZ
63159.0,STS,SUPREME INDUSTRIES INC
18960.0,STSA,SATSUMA PHARMACEUTICALS INC
19994.0,STTK,SHATTUCK LABS INC
17802.0,STXB,SPIRIT OF TEXAS BANCSHARES INC
90325.0,STXS,STEREOTAXIS INC
64899.0,STZ,CONSTELLATION BRANDS INC
69796.0,STZ,CONSTELLATION BRANDS INC
15264.0,SUM,SUMMIT MATERIALS INC
19660.0,SUMO,SUMO LOGIC INC
91909.0,SUMR,SUMMER INFANT INC
15273.0,SUNW,SUNWORKS INC
52396.0,SUP,SUPERIOR INDUSTRIES INTL INC
13410.0,SUPN,SUPERNUS PHARMACEUTICALS INC
17695.0,SURF,SURFACE ONCOLOGY INC
22344.0,SURG,SURGEPAYS INC
20172.0,SVAC,STARBOARD VALUE ACQUISITION CORP
21335.0,SVFD,SAVE FOODS INC
18097.0,SVMK,S V M K INC
90101.0,SVRA,SAVARA INC
50243.0,SVT,SERVOTRONICS INC
44951.0,SVU,SUPERVALU INC
23978.0,SVV,SAVERS VALUE VILLAGE INC
21965.0,SWAG,SOFTWARE ACQ GROUP INC III
22343.0,SWAG,STRAN & CO INC
18456.0,SWAV,SHOCKWAVE MEDICAL INC
89606.0,SWBI,SMITH & WESSON BRANDS INC
81173.0,SWC,STILLWATER MINING CO
16966.0,SWCH,SWITCH INC
12473.0,SWFT,SWIFT TRANSPORTATION CO
89606.0,SWHC,SMITH & WESSON HOLDING CORP
18183.0,SWI,SOLARWINDS CORP
20902.0,SWIM,LATHAM GROUP INC
43350.0,SWK,STANLEY BLACK & DECKER INC
19198.0,SWKH,S W K HOLDINGS CORP
45911.0,SWKS,SKYWORKS SOLUTIONS INC
82649.0,SWM,SCHWEITZER MAUDUIT INTL INC
63765.0,SWN,SOUTHWESTERN ENERGY CO
18961.0,SWTX,SPRINGWORKS THERAPEUTICS INC
61188.0,SWX,SOUTHWEST GAS CORP
61188.0,SWX,SOUTHWEST GAS HOLDINGS INC
12905.0,SXC,SUNCOKE ENERGY INC
43481.0,SXI,STANDEX INTERNATIONAL CORP
59619.0,SXT,SENSIENT TECHNOLOGIES CORP
15787.0,SYBX,SYNLOGIC INC
14776.0,SYF,SYNCHRONY FINANCIAL
73139.0,SYK,STRYKER CORP
83422.0,SYKE,SYKES ENTERPRISES INC
20876.0,SYM,SYMBOTIC INC
75607.0,SYMC,SYMANTEC CORP
92453.0,SYMX,SYNTHESIS ENERGY SYSTEMS INC
92130.0,SYN,SYNTHETIC BIOLOGICS INC
89290.0,SYNA,SYNAPTICS INC
13280.0,SYNC,SYNACOR INC
15071.0,SYNH,SYNEOS HEALTH INC
43334.0,SYNL,SYNALLOY CORP
85319.0,SYNT,SYNTEL INC
80534.0,SYPR,SYPRIS SOLUTIONS INC
24288.0,SYRA,SYRA HEALTH CORP
16005.0,SYRE,SPYRE THERAPEUTICS INC
12906.0,SYRG,SYNERGY RESOURCES CORP
16111.0,SYRS,SYROS PHARMACEUTICALS INC
91967.0,SYUT,SYNUTRA INTL INC
81665.0,SYX,SYSTEMAX INC
52038.0,SYY,SYSCO CORP
14470.0,SZMK,SIZMEK INC
66093.0,T,A T & T INC
91727.0,TA,TRAVELCENTERS AMERICA LLC
91727.0,TA,TRAVELCENTERS AMERICA INC
14433.0,TACO,DEL TACO RESTAURANTS INC
83910.0,TACT,TRANSACT TECHNOLOGIES INC
81588.0,TAIT,TAITRON COMPONENTS INC
90940.0,TAL,TAL INTERNATIONAL GROUP INC
19556.0,TALK,TALKSPACE INC
79444.0,TALO,TALOS ENERGY INC
21336.0,TALS,TALARIS THERAPEUTICS INC
59248.0,TAP,MOLSON COORS BREWING CO
59248.0,TAP,MOLSON COORS BEVERAGE CO
90562.0,TAP,MOLSON COORS BREWING CO
90562.0,TAP,MOLSON COORS BEVERAGE CO
15015.0,TARA,PROTARA THERAPEUTICS INC
19995.0,TARS,TARSUS PHARMACEUTICALS INC
21350.0,TASK,TASKUS INC
89031.0,TASR,TASER INTERNATIONAL INC
91678.0,TAST,CARROLS RESTAURANT GROUP INC
74740.0,TAYD,TAYLOR DEVICES INC
83671.0,TBI,TRUEBLUE INC
17899.0,TBIO,TRANSLATE BIO INC
21538.0,TBIO,TELESIS BIO INC
15084.0,TBK,TRIUMPH BANCORP INC
18320.0,TBLT,TOUGHBUILT INDUSTRIES INC
92987.0,TBNK,TERRITORIAL BANCORP INC
14101.0,TBRA,TOBIRA THERAPEUTICS INC
89387.0,TBRG,TRUBRIDGE INC
21774.0,TCBC,TC BANCSHARES INC
21775.0,TCBS,TEXAS COMMUNITY BANCSHARES INC
22345.0,TCBX,THIRD COAST BANCSHARES INC
74836.0,TCCO,TECHNICAL COMMUNICATIONS CORP
17900.0,TCDA,TRICIDA INC
16186.0,TCMD,TACTILE SYSTEMS TECHNOLOGY INC
15184.0,TCON,TRACON PHARMACEUTICALS INC
18415.0,TCRR,T C R 2 THERAPEUTICS INC
91488.0,TCRT,ALAUNOS THERAPEUTICS INC
21778.0,TCRX,TSCAN THERAPEUTICS INC
14274.0,TCS,CONTAINER STORE GROUP INC
83382.0,TCX,TUCOWS INC
17901.0,TDAC,TRIDENT ACQUISITIONS CORP
92293.0,TDC,TERADATA CORP DE
91152.0,TDG,TRANSDIGM GROUP INC
15585.0,TDOC,TELADOC INC
15585.0,TDOC,TELADOC HEALTH INC
63773.0,TDS,TELEPHONE & DATA SYSTEMS INC
20663.0,TDUP,THREDUP INC
50606.0,TDW,TIDEWATER INC
50606.0,TDW,TIDEWATER INC NEW
87445.0,TDY,TELEDYNE TECHNOLOGIES
37161.0,TE,T E C O ENERGY INC
15909.0,TEAM,ATLASSIAN CORP PLC
90488.0,TEAR,TEARLAB CORP
10182.0,TECD,TECH DATA CORP
75694.0,TECH,BIO TECHNE CORP
17871.0,TECX,TECTONIC THERAPEUTIC INC
19082.0,TELA,TELA BIO INC
89790.0,TELL,TELLURIAN INC
84375.0,TEN,TENNECO INC DE
17944.0,TENB,TENABLE HOLDINGS INC
93237.0,TENX,TENAX THERAPEUTICS INC
51369.0,TER,TERADYNE INC
20632.0,TERN,TERNS PHARMACEUTICALS INC
14831.0,TERP,TERRAFORM POWER INC
80951.0,TESS,T E S S C O TECHNOLOGIES INC
13121.0,TEUM,PARETEUM CORP
58318.0,TEX,TEREX CORP NEW
19026.0,TFFP,T F F PHARMACEUTICALS INC
15084.0,TFIN,TRIUMPH FINANCIAL INC
14877.0,TFSC,1347 CAPITAL CORP
44329.0,TFX,TELEFLEX INC
75649.0,TG,TREDEGAR CORP
22802.0,TGAN,TRANSPHORM INC
15359.0,TGE,TALLGRASS ENERGY LP
14675.0,TGEN,TECOGEN INC
84041.0,TGI,TRIUMPH GROUP INC NEW
23266.0,TGL,TREASURE GLOBAL INC
47941.0,TGNA,TEGNA INC
49154.0,TGT,TARGET CORP
82670.0,TGTX,T G THERAPEUTICS INC
17357.0,TH,TARGET HOSPITALITY CORP
22655.0,THAR,THARIMMUNE INC
52337.0,THC,TENET HEALTHCARE CORP
18853.0,THCA,TUSCAN HOLDINGS CORP II
18457.0,THCB,TUSCAN HOLDINGS CORP
11394.0,THMO,THERMOGENESIS HOLDINGS INC
76081.0,THO,THOR INDUSTRIES INC
18321.0,THOR,SYNTHORX INC
12783.0,THR,THERMON GROUP HOLDINGS INC
23428.0,THRD,THIRD HARMONIC BIO INC
79248.0,THRM,GENTHERM INC
21967.0,THRN,THORNE HEALTHTECH INC
22240.0,THRX,THESEUS PHARMACEUTICALS INC
19996.0,THRY,THRYV HOLDINGS INC
90775.0,THS,TREEHOUSE FOODS INC
13970.0,THST,TRUETT HURST INC
17696.0,TIBR,TIBERIUS ACQUISITION CORP
75100.0,TIF,TIFFANY & CO NEW
19572.0,TIG,TREAN INSURANCE GROUP INC
90053.0,TIK,TEL INSTRUMENT ELECTRONICS CORP
20655.0,TIL,INSTIL BIO INC
44768.0,TILE,INTERFACE INC
14637.0,TIME,TIME INC NEW
13879.0,TIO,TINGO GROUP INC
92111.0,TIPT,TIPTREE INC
90791.0,TIS,ORCHIDS PAPER PRODUCTS CO
65752.0,TISI,TEAM INC
92471.0,TITN,TITAN MACHINERY INC
22347.0,TIVC,TIVIC HEALTH SYSTEMS INC
84624.0,TIVO,TIVO CORP
87255.0,TIVO,TIVO INC
40539.0,TJX,T J X COMPANIES INC NEW
14937.0,TKAI,TOKAI PHARMACEUTICALS INC
16622.0,TKAT,TAKUNG ART CO LTD
21586.0,TKNO,ALPHA TEKNOVA INC
87356.0,TKO,T K O GROUP HOLDINGS INC
14795.0,TKR,TIMKEN CO
79666.0,TLF,TANDY LEATHER FACTORY INC
43634.0,TLGT,TELIGENT INC
20633.0,TLIS,TALIS BIOMEDICAL CORP
19189.0,TLMD,S O C TELEMED INC
14471.0,TLMR,TALMER BANCORP INC
15335.0,TLN,TALEN ENERGY CORP
14006.0,TLRA,TELARIA INC
77516.0,TLRD,TAILORED BRANDS INC
17977.0,TLRY,TILRAY BRANDS INC
17977.0,TLRY,TILRAY INC
20173.0,TLS,TELOS CORP
20612.0,TLSI,TRISALUS LIFE SCIENCES INC
13399.0,TLYS,TILLYS INC
15443.0,TMBR,TIMBER PHARMACEUTICALS INC
21105.0,TMCI,TREACE MEDICAL CONCEPTS INC
18676.0,TMDX,TRANSMEDICS GROUP INC
93185.0,TMH,TEAM HEALTH HOLDINGS INC
13862.0,TMHC,TAYLOR MORRISON HOME CORP
62092.0,TMO,THERMO FISHER SCIENTIFIC INC
15664.0,TMSR,T M S R HOLDING COMPANY LTD
14684.0,TMST,TIMKENSTEEL CORP
91937.0,TMUS,T MOBILE U S INC
14750.0,TMX,TERMINIX GLOBAL HOLDINGS INC
93401.0,TNAV,TELENAV INC
75460.0,TNC,TENNANT CO
14325.0,TNDM,TANDEM DIABETES CARE INC
14521.0,TNET,TRINET GROUP INC
19813.0,TNGX,TANGO THERAPEUTICS INC
91392.0,TNL,TRAVEL & LEISURE CO
14107.0,TNXP,TONIX PHARMACEUTICALS HLDG CORP
21779.0,TNYA,TENAYA THERAPEUTICS INC
16681.0,TOCA,TOCAGEN INC
68718.0,TOF,TOFUTTI BRANDS INC
19397.0,TOI,ONCOLOGY INSTITUTE INC
70228.0,TOL,TOLL BROTHERS INC
19997.0,TOMZ,TOMI ENVIRONMENTAL SOLUTIONS INC
16463.0,TOON,KARTOON STUDIOS INC
17272.0,TORC,RESTORBIO INC
12190.0,TORM,T O R MINERALS INTL INC
21896.0,TOST,TOAST INC
92130.0,TOVX,THERIVA BIOLOGICS INC
12340.0,TOWR,TOWER INTERNATIONAL INC
16083.0,TPB,TURNING POINT BRANDS INC
50550.0,TPC,TUTOR PERINI CORP
14781.0,TPCO,TRIBUNE PUBLISHING CO
22618.0,TPG,T P G INC
13748.0,TPH,TRI POINTE GROUP INC
13748.0,TPH,TRI POINTE HOMES INC
65429.0,TPHS,TRINITY PLACE HOLDINGS INC
16188.0,TPIC,T P I COMPOSITES INC
16472.0,TPIV,TAPIMMUNE INC
20391.0,TPL,TEXAS PACIFIC LAND CORP
88661.0,TPR,TAPESTRY INC
13883.0,TPST,TEMPEST THERAPEUTICS INC
18567.0,TPTX,TURNING POINT THERAPEUTICS INC
89971.0,TPX,TEMPUR SEALY INTERNATIONAL INC
14816.0,TR,TOOTSIE ROLL INDS INC
12380.0,TRAK,REPOSITRAK INC
57007.0,TRC,TEJON RANCH CO
14358.0,TRCH,TORCHLIGHT ENERGY RESOURCES INC
15117.0,TRCO,TRIBUNE MEDIA CO
22244.0,TRDA,ENTRADA THERAPEUTICS INC
14761.0,TREC,TRECORA RESOURCES
92775.0,TREE,LENDINGTREE INC
86810.0,TREX,TREX COMPANY INC
12476.0,TRGP,TARGA RESOURCES CORP
16308.0,TRHC,TABULA RASA HEALTHCARE INC
13168.0,TRIP,TRIPADVISOR INC
81292.0,TRK,SPEEDWAY MOTORSPORTS INC
21106.0,TRKA,TROIKA MEDIA GROUP INC
76230.0,TRMB,TRIMBLE NAVIGATION LTD
76230.0,TRMB,TRIMBLE INC
21336.0,TRML,TOURMALINE BIO INC
14006.0,TRMR,TREMOR VIDEO INC
55001.0,TRN,TRINITY INDUSTRIES INC
14781.0,TRNC,TRONC INC
23869.0,TRNR,INTERACTIVE STRENGTH INC
76946.0,TRNS,TRANSCAT INC
13411.0,TROV,TROVAGENE INC
74406.0,TRR,T R C COMPANIES INC
92029.0,TRS,TRIMAS CORP
92583.0,TRT,TRIO TECH INTL
14878.0,TRTL,TERRAPIN 3 ACQUISITION CORP
15478.0,TRU,TRANSUNION
14677.0,TRUE,TRUECAR INC
22540.0,TRUG,TRUGOLF HOLDINGS INC
18677.0,TRVI,TREVI THERAPEUTICS INC
14442.0,TRVN,TREVENA INC
18425.0,TRWH,TWIN RIVER WORLDWIDE HLDGS INC
76908.0,TRXC,TRANSENTERIX INC
24080.0,TSBX,TURNSTONE BIOLOGICS CORP
13943.0,TSC,TRISTATE CAPITAL HOLDINGS INC
80286.0,TSCO,TRACTOR SUPPLY CO NEW
19847.0,TSHA,TAYSHA GENE THERAPIES INC
93436.0,TSLA,TESLA MOTORS INC
93436.0,TSLA,TESLA INC
77730.0,TSN,TYSON FOODS INC
37284.0,TSO,TESORO CORP
20895.0,TSP,TUSIMPLE HOLDINGS INC
14778.0,TSQ,TOWNSQUARE MEDIA INC
89922.0,TSRA,TESSERA TECHNOLOGIES INC
74500.0,TSRI,T S R INC
13456.0,TSRO,TESARO INC
76639.0,TSS,TOTAL SYSTEM SERVICES INC
86924.0,TST,THESTREET INC
22245.0,TSVT,2SEVENTY BIO INC
60580.0,TTC,TORO CO
18114.0,TTCF,TATTOOED CHEF INC
16309.0,TTD,TRADE DESK INC
83916.0,TTEC,TELETECH HOLDINGS INC
83916.0,TTEC,T T E C HOLDINGS INC
77191.0,TTEK,TETRA TECH INC
92052.0,TTGT,TECHTARGET INC
76127.0,TTI,TETRA TECHNOLOGIES INC
88648.0,TTMI,TTM TECHNOLOGIES INC
82848.0,TTNP,TITAN PHARMACEUTICALS INC DEL
82848.0,TTNP,TITAN PHARMACEUTICALS INC
14879.0,TTOO,T2 BIOSYSTEMS INC
13829.0,TTPH,TETRAPHASE PHARMACEUTICALS INC
13563.0,TTS,TILE SHOP HOLDINGS INC
13563.0,TTSH,TILE SHOP HOLDINGS INC
84761.0,TTWO,TAKE TWO INTERACTIVE SOFTWR INC
14834.0,TUBE,TUBEMOGUL INC
86866.0,TUES,TUESDAY MORNING CORP
13367.0,TUMI,TUMI HOLDINGS INC
83462.0,TUP,TUPPERWARE BRANDS CORP
16401.0,TUSK,MAMMOTH ENERGY SERVICES INC
12797.0,TVIA,TERRAVIA HOLDINGS INC
14440.0,TVTX,TRAVERE THERAPEUTICS INC
76788.0,TVTY,TIVITY HEALTH INC
18480.0,TW,TRADEWEB MARKETS INC
20177.0,TWCT,T W C TECH HOLDINGS II CORP
79198.0,TWI,TITAN INTERNATIONAL INC ILL
59600.0,TWIN,TWIN DISC INC
21893.0,TWKS,THOUGHTWORKS HOLDING INC
16140.0,TWLO,TWILIO INC
10514.0,TWMC,TRANS WORLD ENTERTAINMENT CORP
15785.0,TWNK,HOSTESS BRANDS INC
14554.0,TWOU,2 U INC
18214.0,TWST,TWIST BIOSCIENCE CORP
14295.0,TWTR,TWITTER INC
77418.0,TWX,TIME WARNER INC NEW
18908.0,TXG,10X GENOMICS INC
13863.0,TXMD,THERAPEUTICSMD INC
15579.0,TXN,TEXAS INSTRUMENTS INC
90427.0,TXRH,TEXAS ROADHOUSE INC
23579.0,TXT,TEXTRON INC
21876.0,TYGO,TIGO ENERGY INC
16310.0,TYHT,SHINECO INC
76185.0,TYL,TYLER TECHNOLOGIES INC
16834.0,TYME,TYME TECHNOLOGIES INC
92210.0,TYPE,MONOTYPE IMAGING HOLDINGS INC
21970.0,TYRA,TYRA BIOSCIENCES INC
89941.0,TZOO,TRAVELZOO INC
89941.0,TZOO,TRAVELZOO
19794.0,U,UNITY SOFTWARE INC
15980.0,UA,UNDER ARMOUR INC
90979.0,UA,UNDER ARMOUR INC
90979.0,UAA,UNDER ARMOUR INC
91103.0,UAL,UNITED CONTINENTAL HOLDINGS INC
91103.0,UAL,UNITED AIRLINES HOLDINGS INC
14720.0,UAVS,AGEAGLE AERIAL SYSTEMS INC
18576.0,UBER,UBER TECHNOLOGIES INC
13046.0,UBNT,UBIQUITI NETWORKS INC
17825.0,UBX,UNITY BIOTECHNOLOGY INC
14042.0,UCP,U C P INC
90097.0,UCTT,ULTRA CLEAN HOLDINGS INC
22248.0,UDMY,UDEMY INC
92294.0,UEC,URANIUM ENERGY CORP
78915.0,UEIC,UNIVERSAL ELECTRONICS INC
90875.0,UEPS,NET 1 UEPS TECHNOLOGIES INC
15590.0,UFAB,UNIQUE FABRICATING INC
78044.0,UFI,UNIFI INC
79878.0,UFPI,UNIVERSAL FOREST PRODUCTS INC
79878.0,UFPI,U F P INDUSTRIES INC
80050.0,UFPT,U F P TECHNOLOGIES INC
91854.0,UFS,DOMTAR CORP
78749.0,UG,UNITED GUARDIAN INC
17929.0,UGI,U G I CORP NEW
20637.0,UGRO,URBAN GRO INC
20780.0,UHG,UNITED HOMES GROUP INC
79637.0,UHS,UNIVERSAL HEALTH SERVICES INC
13046.0,UI,UBIQUITI INC
13712.0,UIHC,UNITED INSURANCE HOLDINGS CORP
10890.0,UIS,UNISYS CORP
78213.0,ULBI,ULTRALIFE CORP
20891.0,ULCC,FRONTIER GROUP HOLDINGS INC
90605.0,ULH,UNIVERSAL LOGISTICS HOLDINGS INC
92322.0,ULTA,ULTA SALON COSMETICS & FRAG INC
92322.0,ULTA,ULTA BEAUTY INC
86196.0,ULTI,ULTIMATE SOFTWARE GROUP
24493.0,ULY,URGENT LY INC
17372.0,UMRX,UNUM THERAPEUTICS INC
21780.0,UNCY,UNICYCIVE THERAPEUTICS INC
65306.0,UNF,UNIFIRST CORP
84275.0,UNFI,UNITED NATURAL FOODS INC
93270.0,UNIS,UNILIFE CORP NEW
48725.0,UNP,UNION PACIFIC CORP
63781.0,UNT,UNIT CORP
87261.0,UNTD,UNITED ONLINE INC
15482.0,UNVR,UNIVAR INC
15482.0,UNVR,UNIVAR SOLUTIONS INC
12496.0,UNXL,UNI PIXEL INC
86916.0,UONE,URBAN ONE INC
88372.0,UONEK,URBAN ONE INC
81222.0,UPBD,UPBOUND GROUP INC
18802.0,UPH,UPHEALTH INC
16682.0,UPL,ULTRA PETROLEUM CORP
15087.0,UPLD,UPLAND SOFTWARE INC
87447.0,UPS,UNITED PARCEL SERVICE INC
20196.0,UPST,UPSTART HOLDINGS INC
18134.0,UPWK,UPWORK INC
21551.0,UPXI,UPEXI INC
77486.0,UQM,U Q M TECHNOLOGIES INC
79881.0,URBN,URBAN OUTFITTERS INC
85663.0,URI,UNITED RENTALS INC
75672.0,URRE,URANIUM RESOURCES INC
77425.0,USAK,U S A TRUCK INC
81184.0,USAP,UNIVERSAL STNLESS & ALY PRODS IN
91910.0,USAT,U S A TECHNOLOGIES INC
63546.0,USAU,U S GOLD CORP
21781.0,USCB,U S C B FINANCIAL HLDGS INC
12588.0,USCR,U S CONCRETE INC
79039.0,USEG,UNITED STATES ENERGY CORP WY
79039.0,USEG,U S ENERGY CORP
22413.0,USER,USERTESTING INC
16084.0,USFD,US FOODS HOLDING CORP
79244.0,USG,U S G CORP
23871.0,USGO,U S GOLDMINING INC
87753.0,USIO,USIO INC
65700.0,USLM,UNITED STATES LIME MINERALS INC
75320.0,USM,UNITED STATES CELLULAR CORP
13564.0,USMD,U S M D HOLDINGS INC
84010.0,USNA,USANA HEALTH SCIENCES INC
77629.0,USPH,U S PHYSICAL THERAPY INC
16674.0,USWS,U S WELL SERVICES INC
81021.0,USX,U S XPRESS ENTERPRISES INC NEW
79628.0,UTEK,ULTRATECH INC
87006.0,UTHR,UNITED THERAPEUTICS CORP
89973.0,UTI,UNIVERSAL TECHNICAL INSTITUTE IN
67360.0,UTL,UNITIL CORP
79776.0,UTMD,UTAH MEDICAL PRODUCTS INC
22252.0,UTRS,MINERVA SURGICAL INC
17830.0,UTX,UNITED TECHNOLOGIES CORP
18248.0,UTZ,UTZ BRANDS INC
79573.0,UUU,UNIVERSAL SECURITY INSTRS INC
16555.0,UVV,UNIVERSAL CORP
60709.0,UWN,NEVADA GOLD & CASINOS INC
92611.0,V,VISA INC
15088.0,VA,VIRGIN AMERICA INC
20660.0,VABK,VIRGINIA NATL BANKSHARES CORP
13085.0,VAC,MARRIOTT VACATIONS WORLDWIDE COR
37807.0,VAL,VALSPAR CORP
80179.0,VALU,VALUE LINE INC
15062.0,VANI,VIVANI MEDICAL INC
18247.0,VAPO,VAPOTHERM INC
27043.0,VAR,VARIAN MEDICAL SYSTEMS INC
88475.0,VASC,VASCULAR SOLUTIONS INC
12877.0,VATE,INNOVATE CORP
22351.0,VAXX,VAXXINITY INC
15022.0,VBTX,VERITEX HOLDINGS INC
88319.0,VC,VISTEON CORP
84511.0,VCEL,VERICEL CORP
18061.0,VCNX,VACCINEX INC
13316.0,VCRA,VOCERA COMMUNICATIONS INC
22610.0,VCSA,VACASA INC
17332.0,VCTR,VICTORY CAPITAL HOLDINGS INC
14263.0,VCYT,VERACYTE INC
88203.0,VDSI,VASCO DATA SEC INTL INC
16683.0,VEAC,VANTAGE ENERGY ACQUISITION CORP
14884.0,VEC,VECTRUS INC
81116.0,VECO,VEECO INSTRUMENTS INC DEL
21782.0,VEEE,TWIN VEE POWERCATS CO
14231.0,VEEV,VEEVA SYSTEMS INC
19172.0,VEL,VELOCITY FINANCIAL INC
21342.0,VERA,VERA THERAPEUTICS INC
18568.0,VERB,VERB TECHNOLOGY COMPANY INC
16712.0,VERI,VERITONE INC
16987.0,VERO,VENUS CONCEPT INC
76461.0,VERU,VERU INC
21589.0,VERV,VERVE THERAPEUTICS INC
19506.0,VERX,VERTEX INC
18903.0,VERY,VERICITY INC
43553.0,VFC,V F CORP
91237.0,VG,VONAGE HOLDINGS CORP
22193.0,VGAS,VERDE CLEAN FUELS INC
75233.0,VGR,VECTOR GROUP LTD
45225.0,VHI,VALHI INC NEW
14830.0,VIA,VIA RENEWABLES INC
91066.0,VIA,VIACOM INC NEW
91063.0,VIAB,VIACOM INC NEW
76226.0,VIAC,VIACOMCBS INC
75104.0,VIACA,VIACOMCBS INC
79879.0,VIAV,VIAVI SOLUTIONS INC
79022.0,VICL,VICAL INC
76128.0,VICR,VICOR CORP
19031.0,VIE,VIELA BIO INC
19955.0,VIEW,VIEW INC
22689.0,VIGL,VIGIL NEUROSCIENCE INC
20638.0,VII,7GC & CO HOLDINGS INC
19401.0,VINC,VINCERX PHARMA INC
22465.0,VINE,FRESH VINE WINE INC
19032.0,VIR,VIR BIOTECHNOLOGY INC
59627.0,VIRC,VIRCO MFG CORP
20331.0,VIRI,VIRIOS THERAPEUTICS INC
15302.0,VIRT,VIRTU FINANCIAL INC
90907.0,VIRX,VIRACTA THERAPEUTICS INC
81190.0,VISI,VOLT INFORMATION SCIENCES INC
14060.0,VISL,VISLINK TECHNOLOGIES INC
19541.0,VITL,VITAL FARMS INC
16112.0,VIVE,VIVEVE MEDICAL INC
22804.0,VIVK,VIVAKOR INC
10530.0,VIVO,MERIDIAN BIOSCIENCE INC
15303.0,VKTX,VIKING THERAPEUTICS INC
22255.0,VLCN,VOLCON INC
20402.0,VLD,VELO3D INC
80857.0,VLGEA,VILLAGE SUPER MARKET INC
85269.0,VLO,VALERO ENERGY CORP NEW
16647.0,VLRX,VALERITAS HOLDINGS INC
20128.0,VLTA,VOLTA INC
93433.0,VLTC,VOLTARI CORP
24174.0,VLTO,VERALTO CORP
19652.0,VMAC,VISTAS MEDIA ACQUISITION CO INC
15202.0,VMC,VULCAN MATERIALS CO
21120.0,VMEO,VIMEO INC
80128.0,VMI,VALMONT INDUSTRIES INC
92257.0,VMW,VMWARE INC
14296.0,VNCE,VINCE HOLDING CORP
91186.0,VNDA,VANDA PHARMACEUTICALS INC
17859.0,VNE,VEONEER INC
15139.0,VNOM,VIPER ENERGY INC
15215.0,VNRX,VOLITIONRX LTD
19807.0,VNT,VONTIER CORP
81190.0,VOLT,VOLT INFORMATION SCIENCES INC
20641.0,VOR,VOR BIOPHARMA INC
21321.0,VORB,VIRGIN ORBIT HOLDINGS INC
75033.0,VOXX,VOXX INTERNATIONAL CORP
93426.0,VPG,VISHAY PRECISION GROUP INC
12363.0,VRA,VERA BRADLEY INC
21786.0,VRAR,GLIMPSE GROUP INC
15978.0,VRAY,VIEWRAY INC
17906.0,VRCA,VERRICA PHARMACEUTICALS INC
14708.0,VRDN,VIRIDIAN THERAPEUTICS INC
16543.0,VREX,VAREX IMAGING CORP
19408.0,VRM,VROOM INC
19494.0,VRME,VERIFYME INC
88620.0,VRML,VERMILLION INC
14472.0,VRNS,VARONIS SYSTEMS INC
89397.0,VRNT,VERINT SYSTEMS INC
20644.0,VRPX,VIRPAX PHARMACEUTICALS INC
16631.0,VRRM,VERRA MOBILITY CORP
16158.0,VRS,VERSO CORP
93089.0,VRSK,VERISK ANALYTICS INC
85753.0,VRSN,VERISIGN INC
17987.0,VRT,VERTIV HOLDINGS CO
92871.0,VRTS,VIRTUS INVESTMENT PARTNERS INC
92229.0,VRTU,VIRTUSA CORP
14751.0,VRTV,VERITIV CORP
76744.0,VRTX,VERTEX PHARMACEUTICALS INC
14555.0,VSAR,VERSARTIS INC
84348.0,VSAT,VIASAT INC
21609.0,VSCO,VICTORIAS SECRET & CO
79864.0,VSEC,V S E CORP
22539.0,VSEE,VSEE HEALTH INC
57808.0,VSH,VISHAY INTERTECHNOLOGY INC
93071.0,VSI,VITAMIN SHOPPE INC
14982.0,VSLR,VIVINT SOLAR INC
16279.0,VSM,VERSUM MATERIALS INC
71191.0,VSR,VERSAR INC
16736.0,VST,VISTRA ENERGY CORP
16736.0,VST,VISTRA CORP
13202.0,VSTM,VERASTEM INC
15168.0,VSTO,VISTA OUTDOOR INC
14938.0,VTAE,VITAE PHARMACEUTICALS INC
16070.0,VTGN,VISTAGEN THERAPEUTICS INC
17907.0,VTIQ,VECTOIQ ACQUISITION CORP
14615.0,VTL,VITAL THERAPIES INC
13124.0,VTLE,VITAL ENERGY INC
78003.0,VTNR,VERTEX ENERGY INC
13743.0,VTOL,BRISTOW GROUP INC
20057.0,VTRS,VIATRIS INC
23630.0,VTS,VITESSE ENERGY INC
17373.0,VTSI,VIRTRA INC
15542.0,VTVT,V T V THERAPEUTICS INC
22256.0,VTYX,VENTYX BIOSCIENCES INC
15186.0,VUZI,VUZIX CORP
51633.0,VVC,VECTREN CORP
19721.0,VVI,VIAD CORP
17201.0,VVNT,VIVINT SMART HOME INC
20332.0,VVOS,VIVOS THERAPEUTICS INC
80485.0,VVUS,VIVUS INC
16338.0,VVV,VALVOLINE INC
14884.0,VVX,V 2 X INC
20580.0,VWE,VINTAGE WINE ESTATES INC
15023.0,VWR,V W R CORP
57913.0,VXRT,VAXART INC
15856.0,VYGR,VOYAGER THERAPEUTICS INC
17266.0,VYNE,VYNE THERAPEUTICS INC
14094.0,VYNT,VYANT BIO INC
84372.0,VYX,N C R VOYIX CORP
65875.0,VZ,VERIZON COMMUNICATIONS INC
20659.0,VZIO,VIZIO HOLDING CORP
14983.0,W,WAYFAIR INC
81677.0,WAB,WABTEC CORP
13400.0,WAGE,WAGEWORKS INC
12908.0,WAIR,WESCO AIRCRAFT HOLDINGS INC
82651.0,WAT,WATERS CORP
14556.0,WATT,ENERGOUS CORP
85377.0,WAVD,WAVEDANCER INC
19502.0,WBA,WALGREENS BOOTS ALLIANCE INC
13885.0,WBB,WESTBURY BANCORP INC
92188.0,WBC,WABCO HOLDINGS INC
22976.0,WBD,WARNER BROS DISCOVERY INC
22417.0,WBEV,WINC INC
12509.0,WBKC,WOLVERINE BANCORP INC
90914.0,WBMD,WEBMD HEALTH CORP
15921.0,WBT,WELBILT INC
86876.0,WCC,WESCO INTERNATIONAL INC
16189.0,WCFB,W C F BANCORP INC
14043.0,WCIC,W C I COMMUNITIES INC
13412.0,WCST,WECAST NETWORK INC
13628.0,WDAY,WORKDAY INC
66384.0,WDC,WESTERN DIGITAL CORP
81294.0,WDFC,WD 40 CO
22416.0,WEAV,WEAVE COMMUNICATION INC
90984.0,WEB,WEB COM GROUP INC
13203.0,WEBK,WELLESLEY BANCORP INC
21789.0,WEBR,WEBER INC
23536.0,WEC,W E C ENERGY GROUP INC
19828.0,WEN,WENDYS CO
10397.0,WERN,WERNER ENTERPRISES INC
23270.0,WEST,WESTROCK COFFEE CO
77217.0,WETF,WISDOMTREE INVESTMENTS INC
23252.0,WETG,WETRADE GROUP INC
90569.0,WEX,W E X INC
38033.0,WEYS,WEYCO GROUP INC
21116.0,WFCF,WHERE FOOD COMES FROM INC
77281.0,WFM,WHOLE FOODS MARKET INC
83834.0,WG,WILLBROS GROUP INC DEL
21231.0,WGL,W G L HOLDINGS INC
51086.0,WGO,WINNEBAGO INDUSTRIES INC
19956.0,WGS,GENEDX HOLDINGS CORP
17794.0,WH,WYNDHAM HOTELS & RESORTS INC
17281.0,WHD,CACTUS INC
83734.0,WHLM,WILHELMINA INTERNATIONAL INC
25419.0,WHR,WHIRLPOOL CORP
12798.0,WIFI,BOINGO WIRELESS INC
91391.0,WIN,WINDSTREAM HOLDINGS INC
79491.0,WINA,WINMARK CORP
15440.0,WING,WINGSTOP INC
82156.0,WINT,WINDTREE THERAPEUTICS INC
77785.0,WIRE,ENCORE WIRE CORP
17979.0,WISA,SUMMIT WIRELESS TECHNOLOGIES INC
17979.0,WISA,WISA TECHNOLOGIES INC
20333.0,WISH,CONTEXTLOGIC INC
15119.0,WK,WORKIVA INC
75070.0,WKC,WORLD KINECT CORP
15914.0,WKHS,WORKHORSE GROUP INC
21886.0,WKSP,WORKSPORT LTD
59467.0,WLB,WESTMORELAND COAL CO
91625.0,WLDN,WILLDAN GROUP INC
83969.0,WLFC,WILLIS LEASE FINANCE CORP
13906.0,WLH,LYON WILLIAM HOMES
90312.0,WLK,WESTLAKE CHEMICAL CORP
90312.0,WLK,WESTLAKE CORP
89901.0,WLL,WHITING PETROLEUM CORP NEW
88987.0,WLMS,WILLIAMS INDUSTRIAL SRVCS GP INC
82924.0,WLY,WILEY JOHN & SONS INC
82932.0,WLYB,WILEY JOHN & SONS INC
11955.0,WM,WASTE MANAGEMENT INC DEL
79884.0,WMAR,WEST MARINE INC
38156.0,WMB,WILLIAMS COS
19403.0,WMG,WARNER MUSIC GROUP CORP
42059.0,WMK,WEIS MARKETS INC
20887.0,WMPN,WILLIAM PENN BANCORPORATION
14759.0,WMS,ADVANCED DRAINAGE SYSTEMS INC
55976.0,WMT,WAL MART STORES INC
55976.0,WMT,WALMART INC
77117.0,WNC,WABASH NATIONAL CORP
91073.0,WNR,WESTERN REFINING INC
78875.0,WOLF,WOLFSPEED INC
20341.0,WOOF,PETCO HEALTH & WELLNESS CO INC
89213.0,WOOF,V C A INC
83601.0,WOR,WORTHINGTON INDUSTRIES INC
83601.0,WOR,WORTHINGTON ENTERPRISES INC
18734.0,WORK,SLACK TECHNOLOGIES INC
16376.0,WORX,SCWORX CORP
16697.0,WOW,WIDEOPENWEST INC
90640.0,WPCS,W P C S INTERNATIONAL INC
13141.0,WPX,W P X ENERGY INC
24053.0,WR,WESTAR ENERGY INC
18322.0,WRAP,WRAP TECHNOLOGIES INC
21905.0,WRBY,WARBY PARKER INC
16519.0,WRD,WILDHORSE RESOURCE DEV CORP
21186.0,WRK,WESTROCK CO
16911.0,WRLS,PENSARE ACQUISITION CORP
18322.0,WRTC,WRAP TECHNOLOGIES INC
15782.0,WSC,WILLSCOT CORP
15782.0,WSC,WILLSCOT MOBILE MINI HLDGS CORP
81614.0,WSCI,W S I INDUSTRIES INC
83011.0,WSM,WILLIAMS SONOMA INC
46068.0,WSO,WATSCO INC
66376.0,WSO,WATSCO INC
62498.0,WST,WEST PHARMACEUTICAL SERVICES INC
13830.0,WSTC,WEST CORP
81893.0,WSTG,WAYSIDE TECHNOLOGY GROUP INC
82762.0,WSTL,WESTELL TECHNOLOGIES INC
18325.0,WTER,ALKALINE WATER CO INC
90533.0,WTI,W & T OFFSHORE INC
52898.0,WTR,AQUA AMERICA INC
52898.0,WTRG,ESSENTIAL UTILITIES INC
16173.0,WTRH,WAITR HOLDINGS INC
10606.0,WTS,WATTS WATER TECHNOLOGIES INC
77235.0,WTT,WIRELESS TELECOM GROUP INC
16667.0,WTTR,SELECT ENERGY SERVICES INC
16667.0,WTTR,SELECT WATER SOLUTIONS INC
89244.0,WTW,WEIGHT WATCHERS INTL INC NEW
87759.0,WULF,TERAWULF INC
80955.0,WVVI,WILLAMETTE VALLEY VINYDS INC
89244.0,WW,WEIGHT WATCHERS INTL INC NEW
89244.0,WW,W W INTERNATIONAL INC
13627.0,WWAV,WHITEWAVE FOODS CO
84403.0,WWD,WOODWARD INC
87356.0,WWE,WORLD WRESTLING ENTMT INC
75672.0,WWR,WESTWATER RESOURCES INC
42286.0,WWW,WOLVERINE WORLD WIDE INC
15664.0,WYIG,J M GLOBAL HOLDING CO
91392.0,WYN,WYNDHAM WORLDWIDE CORP
91392.0,WYND,WYNDHAM DESTINATIONS INC
89533.0,WYNN,WYNN RESORTS LTD
86098.0,WYY,WIDEPOINT CORP
76644.0,X,UNITED STATES STEEL CORP NEW
18643.0,XAIR,BEYOND AIR INC
16473.0,XBIO,XENETIC BIOSCIENCES INC
21276.0,XBP,XBP EUROPE HOLDINGS INC
91109.0,XCO,E X C O RESOURCES INC
48291.0,XCRA,XCERRA CORP
18855.0,XCUR,EXICURE INC
89509.0,XEC,CIMAREX ENERGY CO
23931.0,XEL,X C E L ENERGY INC
15271.0,XELA,EXELA TECHNOLOGIES INC
15543.0,XELB,XCEL BRANDS INC
14836.0,XENT,INTERSECT E N T INC
17908.0,XERS,XERIS PHARMACEUTICALS INC
17908.0,XERS,XERIS BIOPHARMA HOLDINGS INC
22616.0,XFIN,EXCELFIN ACQUISITION CORP
17105.0,XFOR,X4 PHARMACEUTICALS INC
18963.0,XGN,EXAGEN INC
14060.0,XGTI,X G TECHNOLOGY INC
18936.0,XL,X L FLEET CORP
76201.0,XLNX,XILINX INC
22258.0,XLO,XILIO THERAPEUTICS INC
14176.0,XLRN,ACCELERON PHARMA INC
20345.0,XM,QUALTRICS INTERNATIONAL INC
21593.0,XMTR,XOMETRY INC
14359.0,XNCR,XENCOR INC
90748.0,XNPT,XENOPORT INC
16402.0,XOG,EXTRACTION OIL & GAS INC
11850.0,XOM,EXXON MOBIL CORP
10333.0,XOMA,XOMA CORP
14072.0,XON,INTREXON CORP
13799.0,XONE,EXONE CO
20310.0,XOS,XOS INC
87496.0,XOXO,X O GROUP INC
18856.0,XPEL,XPEL INC
23343.0,XPER,XPERI INC
89922.0,XPER,XPERI CORP
89922.0,XPER,XPERI HOLDING CORP
13658.0,XPLR,XPLORE TECHNOLOGIES CORP
90175.0,XPO,X P O LOGISTICS INC
90175.0,XPO,X P O INC
21685.0,XPOF,XPONENTIAL FITNESS INC
23062.0,XPON,EXPION360 INC
11600.0,XRAY,DENTSPLY SIRONA INC
90700.0,XRM,XERIUM TECHNOLOGIES INC
22259.0,XRTX,XORTX THERAPEUTICS INC
27983.0,XRX,XEROX CORP
27983.0,XRX,XEROX HOLDINGS CORP
12017.0,XSPA,XPRESSPA GROUP INC
15485.0,XTLY,XACTLY CORP
12592.0,XTNT,XTANT MEDICAL HOLDINGS INC
12017.0,XWEL,XWELL INC
88750.0,XXIA,IXIA
14523.0,XXII,22ND CENTURY GROUP INC
13035.0,XYL,XYLEM INC
16815.0,XYN,XYNOMIC PHARMACEUTICALS HLDGS IN
17091.0,YCBD,CBDMD INC
59483.0,YELL,YELLOW CORP NEW
13318.0,YELP,YELP INC
18145.0,YETI,YETI HOLDINGS INC
16650.0,YEXT,YEXT INC
16808.0,YGYI,YOUNGEVITY INTERNATIONAL INC
85540.0,YHGJ,YUNHONG GREEN CTI LTD
83435.0,YHOO,YAHOO INC
18133.0,YMAB,Y MABS THERAPEUTICS INC
15950.0,YMTX,YUMANITY THERAPEUTICS INC
13412.0,YOD,YOU ON DEMAND HOLDINGS INC
16913.0,YOGA,YOGAWORKS INC
88857.0,YORW,YORK WATER CO
23431.0,YOSH,YOSHIHARU GLOBAL CO
21372.0,YOU,CLEAR SECURE INC
59483.0,YRCW,Y R C WORLDWIDE INC
16688.0,YRIV,YANGTZE RIVER PORT AND LOGIS LTD
91615.0,YTEN,YIELD10 BIOSCIENCE INC
85348.0,YUM,YUM BRANDS INC
16343.0,YUMC,YUM CHINA HOLDINGS INC
14087.0,YUME,YUME INC
23178.0,YYAI,CONNEXA SPORTS TECHNOLOGIES INC
15546.0,Z,ZILLOW GROUP INC
93149.0,ZAGG,ZAGG INC
13827.0,ZAIS,ZAIS GROUP HOLDINGS INC
14984.0,ZAYO,ZAYO GROUP HOLDINGS INC
89070.0,ZBH,ZIMMER BIOMET HOLDINGS INC
76795.0,ZBRA,ZEBRA TECHNOLOGIES CORP
87075.0,ZD,ZIFF DAVIS INC
16049.0,ZDGE,ZEDGE INC
14641.0,ZEN,ZENDESK INC
22546.0,ZEO,ZEO ENERGY CORP
21349.0,ZETA,ZETA GLOBAL HOLDINGS CORP
80375.0,ZEUS,OLYMPIC STEEL INC
19521.0,ZEV,LIGHTNING EMOTORS INC
14711.0,ZFGN,ZAFGEN INC
12927.0,ZG,ZILLOW GROUP INC
12413.0,ZGNX,ZOGENIX INC
89925.0,ZHNE,ZHONE TECHNOLOGIES INC
19405.0,ZI,ZOOMINFO TECHNOLOGIES INC
22757.0,ZIMV,ZIMVIE INC
91488.0,ZIOP,ZIOPHARM ONCOLOGY INC
21125.0,ZIP,ZIPRECRUITER INC
21344.0,ZIVO,ZIVO BIOSCIENCE INC
75853.0,ZIXI,ZIX CORP
13049.0,ZLTQ,ZELTIQ AESTHETICS INC
18484.0,ZM,ZOOM VIDEO COMMUNICATIONS INC
91729.0,ZN,ZION OIL & GAS INC
13169.0,ZNGA,ZYNGA INC
19356.0,ZNTL,ZENTALIS PHARMACEUTICALS INC
14588.0,ZOES,ZOES KITCHEN INC
17341.0,ZS,ZSCALER INC
15187.0,ZSAN,ZOSANO PHARMA CORP
22916.0,ZTEK,ZENTEK LTD
13788.0,ZTS,ZOETIS INC
90715.0,ZUMZ,ZUMIEZ INC
17382.0,ZUO,ZUORA INC
21686.0,ZVIA,ZEVIA P B C
92902.0,ZVO,ZOVIO INC
15294.0,ZVRA,ZEVRA THERAPEUTICS INC
22781.0,ZVSA,ZYVERSA THERAPEUTICS INC
13305.0,ZWS,ZURN WATER SOLUTIONS CORP
13305.0,ZWS,ZURN ELKAY WATER SOLUTIONS CORP
20900.0,ZY,ZYMERGEN INC
16668.0,ZYME,ZYMEWORKS INC DE
15646.0,ZYNE,ZYNERBA PHARMACEUTICALS INC
18418.0,ZYXI,ZYNEX INC
