ticker,form_year,alpha,beta_mkt,beta_smb,beta_hml,r_squared,n_years_used,years_range,mkt_rf,smb,hml,actual_excess_return,expected_return,prediction_error
AIR,2024.0,0.24642929822857945,-0.7706315842948774,0.8348213010855943,0.32545063208098957,0.07643600237079229,22,2003-2024,17.32,-13.89,4.389999999999999,-0.20406540643154142,0.011286511856273072,-0.2153519182878145
AAL,2024.0,0.15285356229781374,-1.6530411806354912,-0.38387715256695043,0.774694459261775,0.26733893740625303,20,2003-2024,17.32,-13.89,4.389999999999999,0.4914116679397499,-0.04612354693511201,0.5375352148748619
CECO,2024.0,0.31781418891812596,-0.7452521599682825,0.16551931070543602,1.5850131718594245,0.16193798342045496,22,2003-2024,17.32,-13.89,4.389999999999999,0.0008531169467717523,0.2353279607992631,-0.23447484385249134
PNW,2024.0,0.11276708314087423,-0.393968774217459,0.7167213871074264,-0.15250072524047426,0.16932350819803188,22,2003-2024,17.32,-13.89,4.389999999999999,0.08473089082323738,-0.061715691060867994,0.14644658188410536
PRG,2024.0,0.24173953905214784,-0.7517221845993995,-0.7795283089091434,0.9017078620478414,0.1731150923752336,22,2003-2024,17.32,-13.89,4.389999999999999,0.17772959439865854,0.25940271393091213,-0.08167311953225359
AAN,2024.0,0.08517147623112155,-0.6964319645865532,0.008019017927200806,-0.2930456847213713,0.13628515618902637,12,2003-2024,17.32,-13.89,4.389999999999999,-0.022244026515630868,-0.049429087184625846,0.027185060668994978
ABT,2024.0,0.0665840098875735,0.31924399960390054,0.1425252690710285,-0.20705127193674053,0.07964243685645833,21,2003-2024,17.32,-13.89,4.389999999999999,0.05251718020847372,0.09299075990698032,-0.040473579698506595
ACET,2024.0,-0.17001517618664844,0.3650008999287235,1.6234916132880692,0.17998700701951387,0.13083236664376763,22,2003-2024,17.32,-13.89,4.389999999999999,-0.2519402668097149,-0.3243985757965497,0.07245830898683481
ACU,2024.0,0.18034144988972178,-0.11210086276088062,1.2311772146660775,-1.1817749270819653,0.1431765662402641,22,2003-2024,17.32,-13.89,4.389999999999999,0.025032995327007465,-0.06196485395647919,0.08699784928348665
BKTI,2024.0,0.1093183260619265,-0.012316579740146069,-1.5526320731963095,0.4780061026620535,0.08077205542502452,19,2006-2024,17.32,-13.89,4.389999999999999,1.6319220117983757,0.34383015732476474,1.288091854473611
AE,2024.0,0.10568574487811504,0.2604919033179865,0.48082160233104465,0.6439287920101424,0.101717562853185,22,2003-2024,17.32,-13.89,4.389999999999999,0.3218651401524039,0.11228529593825345,0.20957984421415046
AMD,2024.0,0.41916268802374457,-1.5944223789336363,0.7205833942171701,-1.27302648980217,0.19490880416657663,22,2003-2024,17.32,-13.89,4.389999999999999,-0.30232976709228454,-0.012966164366641372,-0.28936360272564315
APD,2024.0,0.12583947299997653,0.035407769380412776,-0.031165788274508013,0.46746001934404857,0.08575599450689109,22,2003-2024,17.32,-13.89,4.389999999999999,0.09097829712420284,0.15682252149719692,-0.06584422437299407
AIRT,2024.0,0.39818292449460635,-1.3467263354895997,1.53104420775135,-0.8381525001605692,0.05315263671300663,22,2003-2024,17.32,-13.89,4.389999999999999,-0.11167806662050232,-0.08452701202590379,-0.02715105459459853
ALK,2024.0,0.3473205297185346,-1.574396007385365,0.8328515482044302,0.1307167404421847,0.1934701656291834,22,2003-2024,17.32,-13.89,4.389999999999999,0.5557421490408488,-0.03530947390079404,0.5910516229416429
ATRI,2024.0,0.201133484930967,-0.3876860958574944,1.4501626296664925,0.2778932316177571,0.17353883609806575,22,2003-2024,17.32,-13.89,4.389999999999999,-0.030250045774053325,-0.0552418232642073,0.024991777490153973
MATX,2024.0,0.12939486557936458,0.3434234170346587,1.322963499202337,-0.7498581052913091,0.1863280812184379,22,2003-2024,17.32,-13.89,4.389999999999999,-0.012609687422804071,-0.0278025994517256,0.015192912028921528
ACEL,2024.0,-0.10849249150850801,-0.2986531027433112,-0.0035026168777644584,-0.4043108374107777,0.06131672775146446,7,2006-2024,17.32,-13.89,4.389999999999999,-0.006045508523287918,-0.17748194118166113,0.17143643265837322
ALCO,2024.0,-0.010300701481504502,0.3509361001844944,0.5379663266950119,-0.27424744291951597,0.1263039634772276,22,2003-2024,17.32,-13.89,4.389999999999999,-0.042486720776743,-0.036281554451653965,-0.006205166325089037
HON,2024.0,0.17242453013813955,-0.38367466940954753,0.5381865966465853,-0.03898498123347516,0.05424346765187682,22,2003-2024,17.32,-13.89,4.389999999999999,0.021505819218642253,0.02950651844604567,-0.008000699227403419
SWKS,2024.0,0.2285983826689208,-0.24243171310725858,-0.7311635205754955,-0.1913614866535578,0.03573932874301666,23,2003-2024,17.32,-13.89,4.389999999999999,-0.2030053131105578,0.27976705370258875,-0.48277236681314656
HWM,2024.0,0.10732648481758038,0.2213851717857974,-0.6901062824990715,0.23609026931745253,0.017461067029582167,22,2003-2024,17.32,-13.89,4.389999999999999,0.36399997601440653,0.2518905220330377,0.11210945398136885
HES,2024.0,0.15724387563508602,0.2104594040609052,0.47443997358070455,0.5642755970756426,0.053632025979871156,22,2003-2024,17.32,-13.89,4.389999999999999,-0.13861858644285285,0.15256743079969565,-0.2911860172425485
ABL,2024.0,0.2115671722659997,-2.1125205327493695,4.375519965312209,2.7787298370857103,0.44894702332673764,11,2003-2024,17.32,-13.89,4.389999999999999,-0.1417784479534619,-0.6400948673399943,0.4983164193865324
BEAM,2024.0,0.014156772495474033,-0.22113329796369474,0.7862788861745074,0.1194963314394016,0.03361954131821521,15,2003-2024,17.32,-13.89,4.389999999999999,0.011489604102942481,-0.12811176305128721,0.1396013671542297
ABM,2024.0,0.10025927783789375,-0.24049624233946085,0.5451401600702919,-0.280946241120804,0.08160130395968557,22,2003-2024,17.32,-13.89,4.389999999999999,-0.02651067440593417,-0.029448179554267692,0.0029375051483335225
AEP,2024.0,0.07763178477375787,0.07641601573240767,1.0237953775080415,-0.0390105390381254,0.32147213201013647,22,2003-2024,17.32,-13.89,4.389999999999999,0.023292126429061116,-0.053050701901029784,0.0763428283300909
AM,2024.0,0.23123240972185552,-1.1378416291301379,1.2365131985727222,-0.9507473184844591,0.23564549727842843,17,2003-2024,17.32,-13.89,4.389999999999999,0.009084031013068906,-0.17933125100670322,0.18841528201977212
AMPH,2024.0,0.4806120943664284,-1.9107588970276597,3.116636099440718,1.3076733494854789,0.5252246882596205,11,2003-2024,17.32,-13.89,4.389999999999999,-0.1187312664722438,-0.22582524076866545,0.10709397429642165
AMS,2024.0,0.08641778764541076,-0.7397260127307653,0.33729357296069085,-0.23867133189248535,0.11445113494673564,22,2003-2024,17.32,-13.89,4.389999999999999,-0.048546714835642366,-0.09903050651387786,0.050483791678235496
LGTY,2024.0,0.0874738811133098,0.142671180855789,0.456864744337316,0.033264841785419774,0.025440836020328095,29,2003-2024,17.32,-13.89,4.389999999999999,0.1909967118002301,0.05018634320345919,0.1408103685967709
T,2024.0,0.026775414912257003,0.31003560409802106,0.6145009418825839,0.01547461666245345,0.17458877815535878,25,2003-2024,17.32,-13.89,4.389999999999999,0.17659958791891767,-0.004201263613974951,0.1808008515328926
AVD,2024.0,0.05639795985807191,0.14184794012093116,2.2273730150782396,-0.48121722519542964,0.14522638692340772,22,2003-2024,17.32,-13.89,4.389999999999999,-0.508608348222947,-0.24954152489342965,-0.25906682332951736
AMN,2024.0,0.0949136627493895,0.48847888504518777,0.352711742074999,-0.1009636269088795,0.027711042594928736,31,2003-2024,17.32,-13.89,4.389999999999999,-0.5800675764017124,0.12609424144369885,-0.7061618178454112
AME,2024.0,0.21969610153510893,-0.30657389924274836,0.3278278853802132,0.32212031830825544,0.0524819188270903,22,2003-2024,17.32,-13.89,4.389999999999999,0.03774186933253047,0.13520329088068572,-0.09746142154815525
AMGN,2024.0,0.0389338939707414,0.39553031804916944,-0.2427398192115311,-0.43677431056712224,0.16303942066728971,22,2003-2024,17.32,-13.89,4.389999999999999,-0.2004967419920372,0.12198191371144257,-0.3224786557034798
ADI,2024.0,0.13186558456560812,-0.18861126959054872,-0.22854497743635643,-0.07266373863612018,0.03661451675116534,22,2003-2024,17.32,-13.89,4.389999999999999,-0.10843216114893207,0.12775307191230934,-0.2361852330612414
AGL,2024.0,0.04700122709604813,-0.7695557753073259,3.6127108466049354,-1.9889901763542055,0.7469764121228946,7,2003-2024,17.32,-13.89,4.389999999999999,-0.7564610072720749,-0.6754080385225558,-0.08105296874951906
ANDE,2024.0,0.22971656055419407,-0.43275190618264286,1.5111392449447125,0.3917054053143179,0.06867274457162797,22,2003-2024,17.32,-13.89,4.389999999999999,-0.2237681464856322,-0.03793744342616168,-0.18583070305947053
APA,2024.0,0.04806892924575652,-0.08110320321564365,2.071910743512998,0.39454761931024346,0.2376067666666727,22,2003-2024,17.32,-13.89,4.389999999999999,-0.24801227342539295,-0.2364459073374287,-0.011566366087964242
APOG,2024.0,0.12729684666223512,0.3153501532694877,0.3116941770272773,-0.036983451394169364,0.028832936858553815,22,2003-2024,17.32,-13.89,4.389999999999999,0.09743655103815417,0.13699759850321752,-0.03956104746506335
AAPL,2024.0,0.44129251345021947,-0.39076184559361976,1.1320400748558093,0.4899600463782797,0.07170599830741531,22,2003-2024,17.32,-13.89,4.389999999999999,0.144537104343413,0.2378814414319391,-0.0933443370885261
AMAT,2024.0,0.1943356884916509,-0.1922150837942584,-1.3676527325765802,-0.9882748481071392,0.20305169083625318,22,2003-2024,17.32,-13.89,4.389999999999999,-0.3548631516004501,0.3076257347014689,-0.662488886301919
EPAC,2024.0,0.16758851169532438,-0.769811449428567,0.9253026625169724,0.06405396348312711,0.11435840707918377,22,2003-2024,17.32,-13.89,4.389999999999999,0.03021290980606002,-0.09145540217240161,0.12166831197846163
ADM,2024.0,0.08127431030341939,0.18033388105967418,0.6319187349645771,0.2550863767249933,0.07993996593242925,22,2003-2024,17.32,-13.89,4.389999999999999,-0.1966820474248987,0.03593291815460241,-0.23261496557950112
ARCB,2024.0,0.13637369103219013,0.2945264258599385,-0.8354118735939267,0.34837080386188,0.023310548966213873,22,2003-2024,17.32,-13.89,4.389999999999999,-0.1735918513476123,0.3187178555228644,-0.4923097068704767
ARW,2024.0,0.15016070301764547,-0.3316470630533238,0.44782517194973726,0.2988790353649743,0.03457416822965442,22,2003-2024,17.32,-13.89,4.389999999999999,-0.11024723221554374,0.04363730496551366,-0.15388453718105738
ARTW,2024.0,0.04344030977159004,0.14363324014907095,0.23232563533387818,0.052911472524256396,0.00811975909022511,22,2003-2024,17.32,-13.89,4.389999999999999,0.34404469887071876,0.03837036986134831,0.30567432900937047
ASH,2024.0,0.16974411442497667,-0.5685819019801264,2.381974931385737,-0.03602189232220354,0.4067418230295129,22,2003-2024,17.32,-13.89,4.389999999999999,-0.28334670220047253,-0.2611719500404048,-0.022174752160067757
ALOT,2024.0,0.15431088909314755,-0.6076380622086872,1.6782429810364903,-0.24555958417518153,0.16166520942985318,22,2003-2024,17.32,-13.89,4.389999999999999,-0.2691318187729657,-0.19482003909265602,-0.07431177968030969
ATRO,2024.0,0.4204544768037432,-1.591549909498939,2.1435257656626043,1.3959726819115312,0.2733109954395174,22,2003-2024,17.32,-13.89,4.389999999999999,-0.25017688732256854,-0.09165449563609251,-0.15852239168647603
REX,2024.0,0.1936083422245847,-0.43452349405289115,0.2924532485903923,0.3603387269223445,0.030551348076125695,22,2003-2024,17.32,-13.89,4.389999999999999,-0.13252621052636127,0.0935459869373094,-0.22607219746367066
ADSK,2024.0,0.2884610514185092,-0.5303218060498632,0.43650412397251603,0.18550776259188428,0.025022351913027707,22,2003-2024,17.32,-13.89,4.389999999999999,0.1474825405378044,0.1441226825686741,0.0033598579691302977
ADP,2024.0,0.12404014591187719,0.0646841363825229,0.3531155257433976,-0.10774948622170977,0.06417359190253047,22,2003-2024,17.32,-13.89,4.389999999999999,0.19211060825699866,0.08146548936243918,0.11064511889455948
AVY,2024.0,0.13358952137399976,-0.3041277265722014,0.11020056105655557,-0.7377353757165701,0.1266265688695658,22,2003-2024,17.32,-13.89,4.389999999999999,-0.1836870600449319,0.03322115820698151,-0.21690821825191342
AVT,2024.0,0.14339341890225402,-0.4744323517085969,1.3184987962341155,0.24481777059006882,0.11765986832185893,22,2003-2024,17.32,-13.89,4.389999999999999,-0.01823918057031875,-0.11117024708168957,0.09293106651137081
AZZ,2024.0,0.22317213489306723,-0.15892292290786691,0.690250568473502,-0.23479066570605833,0.024233190967047236,22,2003-2024,17.32,-13.89,4.389999999999999,0.01809841699734399,0.08946357045995929,-0.0713651534626153
BMI,2024.0,0.25579009459807134,-0.06900885360557124,-0.47950073579798863,0.26659495313054693,0.02988802323615447,22,2003-2024,17.32,-13.89,4.389999999999999,0.09496592285630477,0.32214393179835804,-0.22717800894205326
BKR,2024.0,0.13089065651378773,-0.12794785210919582,0.33871600069493346,0.639360590216763,0.04467013052761293,33,2003-2024,17.32,-13.89,4.389999999999999,0.13192476584170282,0.08975036594246465,0.04217439989923817
BCPC,2024.0,0.24525714373929375,-0.6550037879527142,1.2870482957344571,0.0747192289426189,0.2185228484899454,22,2003-2024,17.32,-13.89,4.389999999999999,0.017423687587932973,-0.04368034646105145,0.06110403404898442
BALL,2024.0,0.1503904943259252,-0.2517357985549716,1.1715311010812406,-0.24754042596815312,0.10572855850608476,22,2003-2024,17.32,-13.89,4.389999999999999,-0.12240651697592352,-0.06680284062398212,-0.0556036763519414
CEG,2024.0,0.07179805909702437,1.0037762138329425,2.1393688625371454,-0.5365326535208141,0.2331140028812272,11,2003-2024,17.32,-13.89,4.389999999999999,0.07360099292359047,-0.0750600191630832,0.14866101208667368
FA,2024.0,-0.2776389171327044,1.5627658775590516,-1.4780166291341743,1.0227761089171425,0.42566814572786194,9,2003-2024,17.32,-13.89,4.389999999999999,0.11854460494023704,0.24322851382872268,-0.12468390888848564
B,2024.0,0.19429576216946087,-0.7229503024259194,0.2837546635361327,0.653141885392987,0.14562932393998695,22,2003-2024,17.32,-13.89,4.389999999999999,0.09885080984628687,0.05834017579287494,0.04051063405341193
BRN,2024.0,0.002930261989431185,-0.29913162654798514,2.4583774313462876,1.7775640340456336,0.20945276902781484,21,2003-2024,17.32,-13.89,4.389999999999999,-0.4044277325005488,-0.3123128998480759,-0.09211483265247289
BSET,2024.0,0.1579344377629372,0.24466222646725808,0.417497692642309,-2.1452703285638113,0.15080928305051466,22,2003-2024,17.32,-13.89,4.389999999999999,-0.047015680340394744,0.04814213845509828,-0.09515781879549302
BAX,2024.0,0.054503592999837494,0.054861286392005666,0.4077082423602103,0.0914425105195339,0.028562740805255116,22,2003-2024,17.32,-13.89,4.389999999999999,-0.16413856254274603,0.011389219150907197,-0.17552778169365324
AIT,2024.0,0.2333668535860163,-0.4723096941300841,0.4744169623109784,0.2114322694622601,0.083667677630748,22,2003-2024,17.32,-13.89,4.389999999999999,0.19129316063456714,0.09494817512708403,0.0963449855074831
BDX,2024.0,0.09736749886062779,-0.010272148231186435,0.20988730178965176,0.3580875322051819,0.10963018303214711,22,2003-2024,17.32,-13.89,4.389999999999999,-0.06795656336894798,0.08215505923221116,-0.15011162260115912
BELFA,2024.0,0.2307006745844838,-0.6289240920726321,-0.5425385605823868,1.965544417467375,0.2866330144440584,22,2003-2024,17.32,-13.89,4.389999999999999,0.06772697630079076,0.2834170278292152,-0.2156900515284244
BELFB,2024.0,0.30171270518273113,-1.0884938346931152,-2.2055015108184675,2.8186918446228337,0.44309179806070953,22,2003-2024,17.32,-13.89,4.389999999999999,0.219484746038262,0.5432703048455111,-0.3237855588072491
VZ,2024.0,0.024316740976801768,0.23333675121971476,0.73346957196103,-0.2950352879130925,0.25031796457997313,22,2003-2024,17.32,-13.89,4.389999999999999,-0.045528340691012976,-0.05010030639671546,0.004571965705702487
BBY,2024.0,0.12499537662916867,-0.25541911016928087,-1.2563649132447205,0.009470902463534436,0.1931983924195232,22,2003-2024,17.32,-13.89,4.389999999999999,-0.00855144076168117,0.2556816458156901,-0.26423308657737127
BIO,2024.0,0.08600526965420927,0.05389112365370047,-0.5627016231637355,-0.3864444843738997,0.08558300320767032,44,2003-2024,17.32,-13.89,4.389999999999999,0.15586626651883118,0.15653355486445886,-0.0006672883456276812
DOMH,2024.0,-0.29275452112344175,-1.3576476837029832,0.30549460143119317,-0.28100469005535045,0.26248871675332175,16,2003-2024,17.32,-13.89,4.389999999999999,-0.5205643309147244,-0.582668405973021,0.062104075058296626
BKH,2024.0,0.08782553613869229,-0.18429591981684074,1.1454370594436774,-0.24036433325658646,0.1543646281573564,22,2003-2024,17.32,-13.89,4.389999999999999,0.052019552729445084,-0.11374771896027544,0.16576727168972052
HRB,2024.0,0.2151507291505193,0.6515105245010071,0.6561427544274865,-1.4161939018094025,0.7095195938995214,9,2003-2024,17.32,-13.89,4.389999999999999,-0.05990766287972159,0.17468321111468307,-0.23459087399440465
BA,2024.0,0.23428520582522544,-1.00145827713819,0.8438209594051103,0.6486818676436015,0.19917341957747514,22,2003-2024,17.32,-13.89,4.389999999999999,-0.07450732757708622,-0.027896965046924748,-0.04661036253016147
RHI,2024.0,0.10314662036098513,-0.014462042119751816,-0.3682370148910408,-0.1026669753693922,0.013640367338516257,22,2003-2024,17.32,-13.89,4.389999999999999,0.07150147492791468,0.14728283581549337,-0.07578136088757868
BRC,2024.0,0.09369461592428299,-0.03985371881381143,0.43984078078407995,-0.20972356714606571,0.0514467313524134,22,2003-2024,17.32,-13.89,4.389999999999999,0.07907664699222845,0.016491202777109866,0.06258544421511858
BRID,2024.0,0.1434287887704404,-1.0739759165985132,1.784049584713898,-0.26295385559735607,0.23342917814311448,22,2003-2024,17.32,-13.89,4.389999999999999,0.024732031849620376,-0.3019320015619064,0.3266640334115268
BMY,2024.0,0.06505863216384025,0.14653493147302646,0.24770289687738947,-0.09804588406242247,0.025785583006454615,22,2003-2024,17.32,-13.89,4.389999999999999,0.34694458824843394,0.05172833560835868,0.2952162526400752
BF,2024.0,0.10126899850664148,-0.09703835276780746,1.1429901194590264,0.155355797359545,0.2125340275213874,44,2003-2024,17.32,-13.89,4.389999999999999,-0.15845090011923146,-0.06747925228151752,-0.09097164783771394
CAL,2024.0,0.24724743433367963,-1.322697962490867,2.4614448608458366,-1.410786083115047,0.197751744807924,30,2003-2024,17.32,-13.89,4.389999999999999,-0.354147554281945,-0.3856720529899758,0.03152449870803081
TBI,2024.0,0.16094540006688218,-0.8588814161358205,1.5432318870810458,-0.3825268021165445,0.11170727333949582,23,2003-2024,17.32,-13.89,4.389999999999999,-0.23144752882233505,-0.21896069693631545,-0.012486831886019595
BC,2024.0,0.34386255309566294,-2.0629313994936997,2.018938118675807,-0.2620549152673105,0.2695408973748573,22,2003-2024,17.32,-13.89,4.389999999999999,-0.1487690336888952,-0.30537188076095034,0.15660284707205513
MTRN,2024.0,0.2896227515879559,-1.002148934569346,0.916638945878137,1.2250846425805533,0.19538429892462095,22,2003-2024,17.32,-13.89,4.389999999999999,-0.13039409609099173,0.04251062234735825,-0.17290471843834998
MTZ,2024.0,0.2855639646666003,-0.488615375948041,-1.0976507578984092,-0.05290627143543092,0.06911726746905789,22,2003-2024,17.32,-13.89,4.389999999999999,0.2254747107002123,0.3510768865084732,-0.12560217580826089
UIS,2024.0,-0.04193079775019744,0.2141971415249532,-1.0581796377515127,-1.3604312815567132,0.1496779707783652,22,2003-2024,17.32,-13.89,4.389999999999999,0.48570612053983686,0.08242636558526986,0.403279754954567
RAMP,2024.0,0.1728340138423561,-1.149946161469101,0.9978528777258655,-0.48464506667852647,0.2699474119117584,22,2003-2024,17.32,-13.89,4.389999999999999,-0.06540488740312257,-0.18621434446740218,0.1208094570642796
CSPI,2024.0,0.24736781471104363,-0.4064260662809893,0.3671320861314621,-0.8894894708231231,0.0570587195322898,22,2003-2024,17.32,-13.89,4.389999999999999,0.035886698265153505,0.08693158549838112,-0.051044887233227615
CSX,2024.0,0.23419018822886672,-0.41895160474655035,0.43069619377679014,0.6194034926608191,0.07926031517249843,22,2003-2024,17.32,-13.89,4.389999999999999,-0.07570216397927708,0.12899588229897802,-0.2046980462782551
CTS,2024.0,0.12941522557742635,-0.2495317900776558,0.19642852803875935,-0.23309480764268742,0.022151215480787356,22,2003-2024,17.32,-13.89,4.389999999999999,-0.0038529077681988544,0.04867953493587872,-0.05253244270407757
TLS,2024.0,0.14199735659731683,-1.055061207506528,-0.036727856164141315,-3.6582463016042004,1.0,4,2021-2024,17.32,-13.89,4.389999999999999,-0.1962347579620391,-0.19623475796203893,-1.6653345369377348e-16
CVV,2024.0,0.2838329076396389,-0.7947022928964469,1.4280812462003203,2.2629295871819437,0.16498388595915114,22,2003-2024,17.32,-13.89,4.389999999999999,0.08412423757872368,0.047172594290037145,0.03695164328868654
CBT,2024.0,0.20679567724514497,-0.9292742806937317,2.023235385110143,-0.0895702062743523,0.19536440140814126,22,2003-2024,17.32,-13.89,4.389999999999999,-0.0453146671498578,-0.23911415521825227,0.19379948806839448
CACI,2024.0,0.1095688748033415,0.07289898336852256,0.5094798810441515,0.11525990890975293,0.06732471605929569,22,2003-2024,17.32,-13.89,4.389999999999999,-0.10759163596817309,0.05648813324687511,-0.1640797692150482
CWT,2024.0,0.08068011145169175,-0.08743228394982476,0.7721646902979755,-0.29209262158109106,0.15760877924066585,22,2003-2024,17.32,-13.89,4.389999999999999,-0.10227920328229173,-0.0545397016982166,-0.04773950158407513
CPB,2024.0,0.072793732030942,-0.2602236661577393,0.549760877956874,-0.11291310246951158,0.07757631098572026,22,2003-2024,17.32,-13.89,4.389999999999999,-0.1055012988425458,-0.05359567809419981,-0.051905620748345996
STZ,2024.0,0.13791251962162313,0.32208352784293237,0.7291827539141067,-0.07543704387305053,0.08137517599865196,42,2003-2024,17.32,-13.89,4.389999999999999,-0.18077482767736885,0.08910221589932267,-0.2698770435766915
CAH,2024.0,0.1533929273579098,-0.6101065503916981,-0.4704853541208642,0.9365388222699862,0.28304190126999396,22,2003-2024,17.32,-13.89,4.389999999999999,0.16759115105545008,0.15418694281510809,0.013404208240341997
CSL,2024.0,0.19079886433558085,-0.3422790195468456,1.6785478668918363,-0.42275059078542077,0.2802994979188431,22,2003-2024,17.32,-13.89,4.389999999999999,-0.1325918350878577,-0.12019291149668886,-0.012398923591168856
CRS,2024.0,0.3921639819827246,-1.1294990065269641,0.6382913579760808,1.1574269079652357,0.13621367537522444,22,2003-2024,17.32,-13.89,4.389999999999999,0.5059643206961696,0.15868712568905063,0.34727719500711896
CASY,2024.0,0.20043146931257,-0.3117773708827362,0.7671201159611224,-0.38572772706263114,0.14643246772102603,22,2003-2024,17.32,-13.89,4.389999999999999,-0.005864784755569563,0.022945197350630702,-0.028809982106200265
CAT,2024.0,0.28378700948149505,-0.9679986688123328,1.0488427527699469,0.2482400613818066,0.13595517987971395,22,2003-2024,17.32,-13.89,4.389999999999999,0.05059595571848896,-0.018656879621885294,0.06925283534037426
CATO,2024.0,0.0677053228562708,-0.46058217338190927,1.731184024289214,-0.8172425041055731,0.18578341821366484,22,2003-2024,17.32,-13.89,4.389999999999999,-0.3190261054731727,-0.28840591647748237,-0.030620188995690356
CVCO,2024.0,0.19043928721225584,-0.2021066831315762,-0.5004615080519962,0.7517905311718072,0.1568540986239949,20,2005-2024,17.32,-13.89,4.389999999999999,0.24206755184153422,0.25795211748073144,-0.015884565639197212
RFIL,2024.0,0.22265643310942157,-0.09839361734058887,1.9421148518721663,-0.3773126261987574,0.03640812245306624,22,2003-2024,17.32,-13.89,4.389999999999999,0.07336193919400934,-0.08070911862913775,0.1540710578231471
LUMN,2024.0,-0.03356100841776195,1.6960149108743492,-3.6628415291011147,-0.10166405703593973,0.1250623092276396,22,2003-2024,17.32,-13.89,4.389999999999999,3.7802913201588604,0.7644944104339424,3.015796909724918
CHRS,2024.0,-0.05760758154636532,-0.2862341083570547,1.718203348111784,-0.24754187574070366,0.11818489173527358,19,2003-2024,17.32,-13.89,4.389999999999999,-0.2492942918198574,-0.3567088625115509,0.10741457069169347
CPK,2024.0,0.11679804845580363,0.06486574562674424,0.576080903595765,-0.2658553936435744,0.10672383548134967,22,2003-2024,17.32,-13.89,4.389999999999999,0.10762131361699122,0.036344106307951055,0.07127720730904016
IMNN,2024.0,-0.11755323467787322,-0.40363169286780715,-0.17959846192413076,0.36044027089173714,0.016996434764739776,20,2003-2024,17.32,-13.89,4.389999999999999,-0.22801460802429252,-0.14669268962916843,-0.0813219183951241
CVX,2024.0,0.10566028161447037,0.017787725569992033,1.4139262225219713,0.47293960092139875,0.40299378044027334,22,2003-2024,17.32,-13.89,4.389999999999999,-0.1013862832422022,-0.06689118814465941,-0.03449509509754278
CVR,2024.0,0.024523094872287397,-0.03413922649954068,0.5453980632033079,0.12573693951360843,0.034583072633932455,22,2003-2024,17.32,-13.89,4.389999999999999,0.03054530928989206,-0.0516257584917251,0.08217106778161716
EAT,2024.0,0.1351928396194458,0.5178087474826104,-1.739991107142092,-0.8434428955566493,0.11914143237487007,22,2003-2024,17.32,-13.89,4.389999999999999,0.7804789273430653,0.4295349363505336,0.35094399099253176
CHD,2024.0,0.1460632998550546,-0.019948056299374954,0.8611880810680906,-0.12261106335403849,0.2653957475904457,22,2003-2024,17.32,-13.89,4.389999999999999,-0.03162551835238592,0.017606646362402764,-0.04923216471478868
CHDN,2024.0,0.1597798938795517,0.08790734902396716,-0.24355407201778434,0.04049519216970497,0.0063055722946019355,22,2003-2024,17.32,-13.89,4.389999999999999,-0.08746050991438079,0.2106128462700231,-0.2980733561844039
CC,2024.0,0.1823937053080237,-0.08067405601885036,-1.2191859500996298,-0.3919346801295246,0.01553184084876058,15,2003-2024,17.32,-13.89,4.389999999999999,-0.27984889203525154,0.32055995481671123,-0.6004088468519628
CTAS,2024.0,0.14691658298866064,0.21957018957547572,-0.31243156753261003,-0.2002349665108973,0.03154168271401314,22,2003-2024,17.32,-13.89,4.389999999999999,0.00046047365647013117,0.21955256952358418,-0.21909209586711403
IHRT,2024.0,-0.034468883466140465,0.7218582078828237,-4.180356656876887,-3.844279247395112,0.5629118833634269,5,2020-2024,17.32,-13.89,4.389999999999999,0.7695307778764985,0.5024446388187188,0.26708613905777967
CLF,2024.0,0.5171695213083032,-1.6761504598652077,3.725334172809457,-1.783803666144355,0.15107825773876837,22,2003-2024,17.32,-13.89,4.389999999999999,-0.4361949044658868,-0.3688976358873215,-0.06729726857856533
CLX,2024.0,0.11077562766655817,-0.21680748128080932,-0.4053056765345919,0.04243365830151698,0.10921906764158862,22,2003-2024,17.32,-13.89,4.389999999999999,0.161497992721985,0.1313843679788134,0.030113624743171613
COKE,2024.0,0.16337693629949818,0.5154524232089013,-0.09199795915117415,-0.888910244757521,0.08946445049771079,22,2003-2024,17.32,-13.89,4.389999999999999,0.1173898977514558,0.2264086527805228,-0.10901875502906701
KO,2024.0,0.059628171533038926,0.039817255179438474,0.6837286719260754,-0.18762779950806033,0.22746897867923432,22,2003-2024,17.32,-13.89,4.389999999999999,-0.05476411243120595,-0.03668225279881805,-0.018081859632387898
CDE,2024.0,0.14455206838129397,-0.8081753827899231,0.5665254938468693,-1.4785661270795158,0.13557360537712226,22,2003-2024,17.32,-13.89,4.389999999999999,-0.029187880549133283,-0.13902335199204158,0.1098354714429083
COHR,2024.0,0.21465691821697364,-0.37185080331863946,-0.2901125942380598,-0.49617428041135114,0.06443643458387016,41,2003-2024,17.32,-13.89,4.389999999999999,0.26036109048524764,0.1687669475117935,0.09159414297345414
COHU,2024.0,0.14191198642198088,-0.6720785697007056,-0.11542578670264897,-0.35355833898926564,0.09389051777432089,22,2003-2024,17.32,-13.89,4.389999999999999,-0.24033505529403665,0.02601940884118787,-0.2663544641352245
CL,2024.0,0.06690532373784427,-0.03240101544821828,0.18494847551328436,-0.3002128156541871,0.1354904082713818,22,2003-2024,17.32,-13.89,4.389999999999999,-0.10040535051700353,0.02242478200619886,-0.12283013252320239
COLL,2024.0,0.3275115892282334,-1.325763647142212,0.6331286877973031,-0.7076318539217927,0.1593065717260952,11,2003-2024,17.32,-13.89,4.389999999999999,-0.1572307039776919,-0.021117287579009783,-0.13611341639868213
CMCSA,2024.0,0.10025492646474178,-0.17205259637373085,0.40274877318918273,-0.2552826408418404,0.038087476107801055,22,2003-2024,17.32,-13.89,4.389999999999999,-0.07455185610969023,0.0033067042438773286,-0.07785856035356756
CMC,2024.0,0.19560313596457768,-0.1123888123105079,-0.10893005299427044,0.8669510526780017,0.09348442151618075,22,2003-2024,17.32,-13.89,4.389999999999999,-0.13927022543070616,0.22932692924586615,-0.3685971546765723
SUNE,2024.0,0.09096289248268269,0.11034345883410664,-0.5458403581090232,0.9446367225947028,0.022122705271818144,34,2003-2024,17.32,-13.89,4.389999999999999,-1.0083047515968853,0.22736115741600071,-1.2356659090128859
DXC,2024.0,0.11884692169223346,-0.2999223475967468,-0.1900366893928611,-1.0154921981775313,0.0969846118187333,22,2003-2024,17.32,-13.89,4.389999999999999,-0.00036170306367747096,0.048716359745151705,-0.049078062808829176
CMTL,2024.0,0.06361323119076967,-0.07289840525094007,0.3911322029740443,0.6380071118005224,0.0369771774421771,22,2003-2024,17.32,-13.89,4.389999999999999,0.2764519175590389,0.02466747661625503,0.2517844409427839
CAG,2024.0,0.07962084321252776,-0.2686201398501748,0.01910381956156447,-0.17927475807575097,0.05152224213783396,22,2003-2024,17.32,-13.89,4.389999999999999,-0.04766228276663278,0.022572152573850715,-0.07023443534048349
RAVE,2024.0,0.11571691790937277,-0.15979476424432537,-0.021527865988071326,1.3930471733438345,0.07186745675564699,21,2003-2024,17.32,-13.89,4.389999999999999,0.25604922052755635,0.15218545623779306,0.1038637642897633
SSTK,2024.0,0.18561487825799464,-1.1577291430926102,0.6721419788108981,-2.0684955153729727,0.30858440574309265,12,2013-2024,17.32,-13.89,4.389999999999999,-0.24869710975987364,-0.1990712833073527,-0.04962582645252095
ED,2024.0,0.07014124179899502,-0.041316532011310705,1.3263252992256356,-0.02212289094106601,0.4734191194535541,22,2003-2024,17.32,-13.89,4.389999999999999,-0.032649275452351086,-0.12221256052011757,0.08956328506776648
CMS,2024.0,0.1210322035779142,0.02898406336479005,1.4709516307487398,-0.04983225765680316,0.35925222603200535,22,2003-2024,17.32,-13.89,4.389999999999999,0.08945424240394796,-0.08045057426943779,0.16990481667338575
COO,2024.0,0.22287975660749015,-0.8116019333253809,1.2259307911053245,-0.045336902787303124,0.1082987865565802,22,2003-2024,17.32,-13.89,4.389999999999999,0.006054542093108545,-0.08996177516135799,0.09601631725446653
TAP,2024.0,0.07706766497582532,-0.06398556556973233,0.05485427650156363,0.2933940823142723,0.024006727389849658,41,2003-2024,17.32,-13.89,4.389999999999999,0.09861975892370088,0.07124610622667703,0.027373652697023854
GLW,2024.0,0.14403250706183607,-0.15345413378253564,-0.2147975527388311,0.02702001282293147,0.013214789835707674,22,2003-2024,17.32,-13.89,4.389999999999999,0.1914510092403643,0.14847580972905122,0.04297519951131307
CBRL,2024.0,0.16675268981123656,-0.905678820278324,0.7627513528649909,-0.19408142568851935,0.14092095966283513,22,2003-2024,17.32,-13.89,4.389999999999999,0.2202777908869833,-0.10457721936164238,0.3248550102486257
CXT,2024.0,0.2561888218535204,-0.9715839636330096,-0.0456329037513534,0.8770200153442573,0.2264691677506636,22,2003-2024,17.32,-13.89,4.389999999999999,-0.094072677753642,0.13275006835695902,-0.22682274611060102
CCK,2024.0,0.14117799446883916,-0.1724788873110693,0.637826088205479,-0.16338192023366588,0.045827031094593185,22,2003-2024,17.32,-13.89,4.389999999999999,0.07069354472728397,0.015538141236563,0.05515540349072097
CRWS,2024.0,0.07957725640781088,-0.2146273447890118,0.8797586613582818,-0.8110045655659557,0.2692747417740281,18,2007-2024,17.32,-13.89,4.389999999999999,-0.15861275176557513,-0.11539777820065675,-0.04321497356491838
CULP,2024.0,0.23218309262989897,-1.3780428913018627,0.20001717101333924,-0.7284673100935921,0.19082278214663784,22,2003-2024,17.32,-13.89,4.389999999999999,0.2632869265702613,-0.06625603611044514,0.3295429626807065
CMI,2024.0,0.34232975121132747,-1.0495465689223717,0.9547460431454837,0.458139146966952,0.18644844561863794,22,2003-2024,17.32,-13.89,4.389999999999999,0.22528942885587988,0.048046368632914185,0.1772430602229657
CW,2024.0,0.18884610599322785,0.07443284930765813,-0.07625687612715705,0.4050273534041863,0.03038859192242027,24,2003-2024,17.32,-13.89,4.389999999999999,0.2641728984453295,0.23011065640182013,0.034062242043509355
WEN,2024.0,0.0778005242657319,0.03503209342458261,0.3861715064936525,0.6946681915246957,0.11123645376082647,28,2003-2024,17.32,-13.89,4.389999999999999,-0.05723315544063426,0.060724794202835414,-0.11795794964346967
DAN,2024.0,1.7311026803555314,-10.41522655307729,10.760300600326662,-1.073140973721858,0.7578115357231662,16,2009-2024,17.32,-13.89,4.389999999999999,-0.07511435348667944,-1.614531200769218,1.5394168472825387
DHR,2024.0,0.1535564684651721,-0.10747876603349454,0.6097502500172025,-0.5204845692994498,0.1597440668232446,22,2003-2024,17.32,-13.89,4.389999999999999,-0.12625570291451763,0.027397563868535594,-0.15365326678305322
SMTI,2024.0,0.7095063017799214,-3.4643648380468033,2.5224187091445343,0.8550848835432394,0.597455380866038,5,2004-2024,17.32,-13.89,4.389999999999999,0.1294905548372921,-0.20334742048241253,0.3328379753197046
DAIO,2024.0,0.259807310917406,-1.1990076462513573,-1.285391999714603,0.020077136816669172,0.13152546456743808,22,2003-2024,17.32,-13.89,4.389999999999999,-0.04335828490012381,0.2315615216532811,-0.2749198065534049
USAU,2024.0,-0.027760488973435374,-0.785156806676886,-0.0026758742709016943,0.008954678422574145,0.03838458685871793,16,2003-2024,17.32,-13.89,4.389999999999999,0.13870601666975046,-0.16298485857089276,0.3016908752406432
DWSN,2024.0,0.11054773718803741,-0.3063904970580631,1.0731731699685496,0.7976093821170018,0.0383790877828184,31,2003-2024,17.32,-13.89,4.389999999999999,-0.3598022870914533,-0.05656779833611427,-0.30323448875533904
TGT,2024.0,0.09914584680757438,-0.01628468277673025,0.28517427751081853,-1.3451168316196662,0.28217901546633006,22,2003-2024,17.32,-13.89,4.389999999999999,-0.11940628362755394,-0.002335996303711327,-0.11707028732384261
DE,2024.0,0.23329826103658174,-0.4447910531920694,0.10045120254454855,-0.36687129177134054,0.05335843876748314,22,2003-2024,17.32,-13.89,4.389999999999999,0.09537388978061624,0.1262021288815157,-0.03082823910089945
DAL,2024.0,0.1863353975742203,-0.8914896174243039,-0.6992552521763201,-0.14631369955653667,0.10964520378460774,20,2003-2024,17.32,-13.89,4.389999999999999,0.23611572298053318,0.12263277895308976,0.11348294402744342
DLX,2024.0,0.15130130317943663,-0.6521681699020445,0.9989682286739141,-0.8765519297904993,0.08695016722661764,22,2003-2024,17.32,-13.89,4.389999999999999,-0.0133258514896019,-0.13889154052820704,0.12556568903860515
DTE,2024.0,0.11433273936886772,-0.217220450349219,1.3738641174355295,-0.33117137772838434,0.39658933204224867,22,2003-2024,17.32,-13.89,4.389999999999999,0.059294199422979546,-0.12865799202568812,0.18795219144866765
ATGE,2024.0,0.11568424761059018,0.08082834981403655,-0.9949398413933819,0.09660192310821941,0.03914711336512722,22,2003-2024,17.32,-13.89,4.389999999999999,0.28493515383379286,0.27212168619237287,0.012813467641419996
DRS,2024.0,0.09625865915217104,1.5723923039799632,1.1343804073564057,-1.119029832873258,0.81420057855673,8,2003-2024,17.32,-13.89,4.389999999999999,0.21958105384935678,0.16190615795655988,0.057674895892796896
DBD,2024.0,-0.09933943477543934,0.16244308084548276,0.2296963420657629,-2.052732627158652,0.3429853322994012,21,2003-2024,17.32,-13.89,4.389999999999999,0.07152303128012975,-0.19322407741820097,0.26474710869833074
VTS,2024.0,1.0317297697316583,-5.037699485317519,0.544959665374551,-0.2530750812934162,0.9197226451923852,5,2003-2024,17.32,-13.89,4.389999999999999,0.05356271682104144,0.07239532528535786,-0.01883260846431642
NSYS,2024.0,0.012654943401572374,0.4768352985714312,1.3710421975664249,-0.7286888810144785,0.249044890377768,22,2003-2024,17.32,-13.89,4.389999999999999,-0.29310518821289566,-0.12718438600436777,-0.1659208022085279
DDS,2024.0,0.539024494317007,-1.064853774874182,2.1790077452831254,-4.180439372143823,0.17457696969716452,22,2003-2024,17.32,-13.89,4.389999999999999,-0.00860990478552423,-0.13159364374814114,0.12298373896261691
DIOD,2024.0,0.2073408167601153,-0.4651779491735919,-0.002909699826816603,0.6512367678100714,0.07176566520801986,22,2003-2024,17.32,-13.89,4.389999999999999,-0.18961967046786915,0.1557654473760561,-0.3453851178439252
DIS,2024.0,0.11869271966808645,-0.1642109893955245,0.282795325145484,-0.5245232260539929,0.0840021348167016,22,2003-2024,17.32,-13.89,4.389999999999999,0.084928289988654,0.0279445360183036,0.056983753970350395
DG,2024.0,0.07687743013671004,0.081122659504136,1.7339297259748672,-0.689824566615405,0.32239957861402957,19,2003-2024,17.32,-13.89,4.389999999999999,-0.46652896450496756,-0.18019826264949892,-0.2863307018554686
D,2024.0,0.03448482259853336,0.24378986018906745,0.8624671244040982,-0.047907008923863514,0.32355751876759986,22,2003-2024,17.32,-13.89,4.389999999999999,0.07796498466206027,-0.045190574888207005,0.12315555955026727
DCI,2024.0,0.1369573999049858,-0.38723154175418223,0.14018137151786583,-0.016093140570253038,0.07669564830899611,22,2003-2024,17.32,-13.89,4.389999999999999,-0.09853151944838756,0.04971121549829575,-0.1482427349466833
DOV,2024.0,0.18436617997150362,-0.42265266899502474,0.21451840400423175,-0.03549018940930246,0.0429564016913635,22,2003-2024,17.32,-13.89,4.389999999999999,-0.0018722609573329982,0.07980811207030916,-0.08168037302764217
DOW,2024.0,0.13614340127409738,-0.4336119409616648,1.124542117792783,-0.13400671728129143,0.08544098072704476,20,2003-2024,17.32,-13.89,4.389999999999999,-0.26850886304384114,-0.1010399819505292,-0.16746888109331193
DD,2024.0,0.11157294143946091,-0.5762777814071108,0.48251002449360636,0.20058010276714844,0.08635450230404784,22,2003-2024,17.32,-13.89,4.389999999999999,-0.09105912613549919,-0.046453546190934794,-0.04460557994456439
OMC,2024.0,0.11123564110241983,-0.38308552345000424,0.17291169764446399,0.2710945901452309,0.06872399980391963,22,2003-2024,17.32,-13.89,4.389999999999999,-0.07343195850665771,0.03276884614543868,-0.10620080465209639
DCO,2024.0,0.1347570116952526,-0.20526917991425,-0.713377648439953,-0.35085033899507423,0.06148075724298274,22,2003-2024,17.32,-13.89,4.389999999999999,0.04947067116812642,0.1828902152205302,-0.13341954405240378
DUK,2024.0,0.07360404282637022,0.15334046189866013,1.1053758115344263,-0.33681179205963135,0.49182625289860404,22,2003-2024,17.32,-13.89,4.389999999999999,0.047489189783648106,-0.06816012706633147,0.11564931684997957
DNB,2024.0,0.038546527609825486,0.1843997650223458,-0.23916229230689048,-0.01946865804349976,0.015075626048270618,20,2003-2024,17.32,-13.89,4.389999999999999,0.30985794216628454,0.10284953522501321,0.20700840694127132
FLS,2024.0,0.18311528142758404,-0.18863332032940047,0.008564528628551227,0.46635384950922265,0.03179029120560051,22,2003-2024,17.32,-13.89,4.389999999999999,0.15810374625123763,0.16972731131348098,-0.011623565062243352
DY,2024.0,0.13030933459729307,0.7026028924442926,-0.34103567052243117,-0.3697249803985726,0.06099190012633393,21,2003-2024,17.32,-13.89,4.389999999999999,-0.015575171065464084,0.2831390835647129,-0.298714254630177
RVTY,2024.0,0.10721627480495861,0.0463237184139861,0.3579305175898808,-0.3342642630781654,0.05013692838607775,22,2003-2024,17.32,-13.89,4.389999999999999,0.018611330808302295,0.05084879279189511,-0.03223746198359281
EML,2024.0,0.12938092661006426,-0.24135389724148468,0.37870440631800734,-0.6285637397413131,0.053540562234725586,22,2003-2024,17.32,-13.89,4.389999999999999,0.002842318877990843,0.007382441395624256,-0.004540122517633412
KODK,2024.0,0.09941965054426777,-1.1459504586023284,-0.8693965265194332,-3.829314160670381,0.4648203072452517,11,2014-2024,17.32,-13.89,4.389999999999999,0.17420850320130316,-0.1464066830055359,0.32061518620683904
ECL,2024.0,0.13211377685911493,-0.1961516097415708,0.10477275504979745,0.049844220200319575,0.029434514942332624,22,2003-2024,17.32,-13.89,4.389999999999999,-0.057508403333505306,0.08577554364225203,-0.14328394697575733
EDUC,2024.0,0.06286410506726187,0.045405321791662206,0.3065464367644324,-1.7478380978424135,0.22199539225294596,22,2003-2024,17.32,-13.89,4.389999999999999,-0.1567739489098291,-0.04858108576028382,-0.10819286314954528
EE,2024.0,0.16319550070102543,-0.09677109000647584,0.6362773888458492,0.7288801321982996,0.15433748857256935,20,2003-2024,17.32,-13.89,4.389999999999999,0.598907282725471,0.09005365640472071,0.5088536263207503
EP,2024.0,0.15419381402241467,0.854867100762231,0.4693511967164614,2.76191994061026,0.5683978555169678,11,2003-2024,17.32,-13.89,4.389999999999999,0.7793780898221917,0.358312200043307,0.4210658897788847
ELSE,2024.0,0.09350794930365076,-0.35941985604441157,1.279453731089827,-0.1397231316661014,0.13840529454157902,22,2003-2024,17.32,-13.89,4.389999999999999,0.26139836529719057,-0.1525935384917601,0.4139919037889507
EMR,2024.0,0.14482045910934124,-0.39061726281020503,0.16713699853264807,-0.08982991836536564,0.06721802190421311,22,2003-2024,17.32,-13.89,4.389999999999999,0.08812008018286845,0.05000668667818937,0.03811339350467908
ATO,2024.0,0.10413590347243472,0.0654091016732687,0.5334938454998068,0.14396311129252828,0.1147843663063749,22,2003-2024,17.32,-13.89,4.389999999999999,0.16119101128825508,0.047682445328063684,0.1135085659601914
MARA,2024.0,0.3314781293696091,-3.6679409692912786,1.2935618396874702,1.742077638419521,0.5164361636744118,7,2015-2024,17.32,-13.89,4.389999999999999,-0.20214506776014274,-0.407007777717613,0.20486270995747025
EBF,2024.0,0.09245801554862458,-0.3046928595859785,0.5097728417285878,-0.11233122057014208,0.09109398646161904,22,2003-2024,17.32,-13.89,4.389999999999999,0.05807315413818839,-0.03605357603079699,0.09412673016898537
ENZ,2024.0,-0.029834527657061953,-0.0559639047745661,-0.34504599427624427,0.2834872807296129,0.0073392407370839186,22,2003-2024,17.32,-13.89,4.389999999999999,-0.33098163666139574,0.02084450426498352,-0.35182614092637926
EFX,2024.0,0.11049071522735092,0.13660618822026122,-0.1462374934121279,-0.17146009388736538,0.016511781313876317,22,2003-2024,17.32,-13.89,4.389999999999999,0.007083986139089032,0.1469361967403894,-0.13985221060130038
EQT,2024.0,0.08777586824314257,0.3571452184900717,0.6609115199041737,0.2991137382466844,0.08238030128616636,22,2003-2024,17.32,-13.89,4.389999999999999,0.21011248881564798,0.07096390307996267,0.1391485857356853
ESCA,2024.0,0.037039574353859045,0.7359400421859688,-1.3139859597613155,0.01249058167386402,0.017992232030588307,21,2003-2024,17.32,-13.89,4.389999999999999,0.011032235562105613,0.3475653760067982,-0.3365331404446926
ESP,2024.0,0.14698779474239898,-0.33183289911311925,0.9760897802350328,0.5395079276241316,0.25264095237251916,22,2003-2024,17.32,-13.89,4.389999999999999,0.3954947782011059,-0.022380135835939962,0.41787491403704585
NEU,2024.0,0.36178774881503317,-0.6822617180448934,0.2526122887168055,1.4161284748885168,0.12063630343949627,22,2003-2024,17.32,-13.89,4.389999999999999,-0.012680176209453303,0.27070021239449926,-0.28338038860395254
EXPD,2024.0,0.1582858081576099,-0.3184389222581223,-0.06390388983855334,0.23906370579688385,0.025572621475956292,22,2003-2024,17.32,-13.89,4.389999999999999,-0.1534796266801771,0.12250333380556136,-0.27598296048573845
BOOM,2024.0,0.5715631459010218,-0.5362847358538254,9.451607910869992,1.71121099490808,0.1498429754765419,22,2003-2024,17.32,-13.89,4.389999999999999,-0.5372722460295373,-0.759027546492238,0.22175530046270076
IIIN,2024.0,0.26931215604750586,-0.5277156525896842,0.5804799190900557,0.4822480497847632,0.01818850931781968,20,2005-2024,17.32,-13.89,4.389999999999999,-0.14321336769306792,0.11845383364291491,-0.2616672013359828
XOM,2024.0,0.07638645821615361,0.15781278551286435,1.0810819329129762,0.32178595941940086,0.2370460061616091,22,2003-2024,17.32,-13.89,4.389999999999999,-0.09713378502297673,-0.03231624419611899,-0.06481754082685774
FMC,2024.0,0.17980597058687242,-0.2741158868600931,0.9182960223048514,0.32895157442876705,0.061626391780493006,22,2003-2024,17.32,-13.89,4.389999999999999,-0.18472761130798587,0.019218755601983297,-0.20394636690996917
NEE,2024.0,0.08922178944778905,0.3996722417681382,0.2904752199070253,-0.12558541032197446,0.20654770475955186,22,2003-2024,17.32,-13.89,4.389999999999999,-0.02140560198484902,0.11258481416381008,-0.1339904161486591
FARM,2024.0,-0.07615845885896383,0.07069254402918639,-0.5749147043125398,-1.050598164666251,0.1413849348323063,22,2003-2024,17.32,-13.89,4.389999999999999,-0.37533995904598466,-0.030180117232945385,-0.34515984181303927
FDX,2024.0,0.12347438408772032,-0.19400730341780617,-0.06251394871751215,-0.505013385027104,0.04725100659103032,22,2003-2024,17.32,-13.89,4.389999999999999,-0.09935844421163864,0.07638541900992887,-0.17574386322156751
FSS,2024.0,0.09817093946323542,0.2674544453814497,-1.6672915852382968,0.6222734083971191,0.2535505794874584,22,2003-2024,17.32,-13.89,4.389999999999999,0.06000166887716778,0.4033986532215355,-0.3433969843443677
M,2024.0,0.12732650828257824,-0.2214238582078883,2.262137297846965,-1.0062835485553294,0.1620764378908619,22,2003-2024,17.32,-13.89,4.389999999999999,-0.1463007901167796,-0.2694108224115504,0.1231100322947708
LSTA,2024.0,-0.14377797910879356,-0.9798884131745105,-0.8448992503772653,0.46266724032332096,0.20730953754700743,12,2009-2024,17.32,-13.89,4.389999999999999,-0.18819168089577648,-0.17582705454302286,-0.012364626352753622
BDL,2024.0,0.12603019040005334,-0.05551733044223218,0.3611903715486219,-0.9040175985989217,0.06830199229444278,22,2003-2024,17.32,-13.89,4.389999999999999,-0.10762197006280991,0.026558873580862494,-0.1341808436436724
FLXS,2024.0,0.14816226805503763,0.28847513973599614,-1.8135188898695014,-2.115407273851228,0.28101767186973015,22,2003-2024,17.32,-13.89,4.389999999999999,0.7147465019742275,0.35715755673811705,0.35758894523611046
FLO,2024.0,0.10969900860123706,-0.06226466324939312,1.0578992500765423,0.18337713013591406,0.2448539954764053,22,2003-2024,17.32,-13.89,4.389999999999999,-0.09669250241469313,-0.03997718089622292,-0.0567153215184702
FLR,2024.0,0.0824728556641251,0.3267575768218414,0.5304083967718166,0.7136776789149871,0.1255611644525486,22,2003-2024,17.32,-13.89,4.389999999999999,0.08550964044052585,0.09672399176243064,-0.011214351321904792
FONR,2024.0,0.013180416654016078,0.6513709065184776,-0.3374536790944232,-0.11032788881115263,0.037923492450730456,21,2003-2024,17.32,-13.89,4.389999999999999,-0.10073124729633987,0.1680267793704222,-0.2687580266667621
F,2024.0,0.23632789134589566,-1.6042128822759443,0.8823566963251349,-0.9004519306142222,0.29878649471504826,22,2003-2024,17.32,-13.89,4.389999999999999,-0.23614176526261144,-0.20361096473782347,-0.03253080052478796
FSTR,2024.0,0.1994027807329374,-0.2575552025155022,-0.6975760882317232,0.575446358903965,0.0457752875575097,22,2003-2024,17.32,-13.89,4.389999999999999,0.2030175386901903,0.27694963346852286,-0.07393209477833257
FELE,2024.0,0.13970324962092429,-0.2487967778195827,-0.053675192292298404,0.19047494697273218,0.03056092817257894,22,2003-2024,17.32,-13.89,4.389999999999999,-0.0304746090575789,0.11242898208407576,-0.14290359114165466
FEIM,2024.0,0.08075731417823562,0.19379053405057214,-0.5830521863046226,0.2924465192203249,0.0201743104716422,22,2003-2024,17.32,-13.89,4.389999999999999,1.1301308946689541,0.20814618554727904,0.9219847091216751
FRD,2024.0,0.22184425748701653,-0.5067035961687627,0.8488240079324552,-0.5430036036640492,0.04427101166137304,22,2003-2024,17.32,-13.89,4.389999999999999,-0.029091296906587478,-0.007656318272082945,-0.021434978634504533
FUL,2024.0,0.11561336967427288,-0.1719326442632028,0.4827102620460892,0.04919495088746531,0.03757748210645828,22,2003-2024,17.32,-13.89,4.389999999999999,-0.16522580030258366,0.0209458386336441,-0.18617163893622776
GATX,2024.0,0.16625344359621338,-0.10189241065819551,0.29644463893224476,0.5280811523431107,0.06924505190973851,22,2003-2024,17.32,-13.89,4.389999999999999,0.13329380338464614,0.13061228031038766,0.0026815230742584795
TGNA,2024.0,0.32916240922047435,-2.2568166452407183,3.7442548407927267,-0.8435936268565891,0.27214445798731,22,2003-2024,17.32,-13.89,4.389999999999999,0.2845010685781951,-0.618828991340332,0.9033300599185271
GAP,2024.0,0.07495073261853759,0.6459629805898524,0.7194877120462789,-1.7040257986702632,0.08038267214939365,30,2003-2024,17.32,-13.89,4.389999999999999,-0.044356904612649344,0.012087945091847352,-0.056444849704496695
GD,2024.0,0.09904625401441322,0.21719559631915067,0.4418488847050899,0.12920906562568898,0.08247555978339605,22,2003-2024,17.32,-13.89,4.389999999999999,-0.13007230370357786,0.08096399919232086,-0.21103630289589873
GE,2024.0,0.15672553022340868,-0.5633622176092995,-0.6662295848349187,0.017539278942876213,0.07017586314247493,22,2003-2024,17.32,-13.89,4.389999999999999,0.007264223650971298,0.15246045781264048,-0.14519623416166919
GIS,2024.0,0.08628030005870543,-0.17014731271172392,0.6197030139974826,0.008725032345272249,0.09423416706184207,22,2003-2024,17.32,-13.89,4.389999999999999,-0.02093882999961595,-0.02888293422725803,0.00794410422764208
GM,2024.0,-0.0030055796874755257,0.06883664796420351,-0.9626248623989502,-0.7931217685111556,0.07229364517932146,20,2003-2024,17.32,-13.89,4.389999999999999,0.10525475065912275,0.10780747548949898,-0.0025527248303762323
SPXC,2024.0,0.1831797118134358,0.06453258420439616,-0.9707810006150391,0.6245502639737842,0.09157876001686116,22,2003-2024,17.32,-13.89,4.389999999999999,-0.02320191287967359,0.35661599297151525,-0.37981790585118885
GCO,2024.0,0.11365163596292178,0.10226855490995725,1.8678215433487966,-1.5127084369814137,0.18686325721036745,22,2003-2024,17.32,-13.89,4.389999999999999,0.606151710076044,-0.1944837630813055,0.8006354731573495
GNTX,2024.0,0.17019171940923172,-0.7981067481093049,1.180378897189496,-0.027513232218304262,0.18766526620720125,22,2003-2024,17.32,-13.89,4.389999999999999,-0.18803187688516593,-0.1332028290773044,-0.05482904780786152
GPC,2024.0,0.1297876638848985,-0.41999244543095926,0.9575482751702441,0.0019765247663169894,0.1548565005576843,22,2003-2024,17.32,-13.89,4.389999999999999,-0.18952658335987937,-0.0758717136476492,-0.11365486971223017
MAGN,2024.0,-0.032078872354075805,-0.21794605148248952,0.49481673035098467,-0.09846547307732134,0.021392557018386937,22,2003-2024,17.32,-13.89,4.389999999999999,-0.0414459411970109,-0.14287980658468916,0.10143386538767826
GT,2024.0,0.21203204083452853,-0.707659400260464,1.2680619372182018,0.660428920002548,0.05001623742139483,22,2003-2024,17.32,-13.89,4.389999999999999,-0.2540296702949991,-0.057675540782080204,-0.19635412951291892
GRC,2024.0,0.12035765283764771,-0.05921921431134142,0.6012913733780244,0.4678114136914631,0.08468940250796853,22,2003-2024,17.32,-13.89,4.389999999999999,-0.004744050312789745,0.047118434217771024,-0.05186248453056077
GGG,2024.0,0.21162714665344018,-0.5142720091572959,0.1899528251447664,0.3205054838682684,0.06705415291595795,22,2003-2024,17.32,-13.89,4.389999999999999,0.02273973354619309,0.11024097799660547,-0.08750124445041238
GHM,2024.0,0.311384519294884,0.0885376189296198,-0.8871428227130947,1.1340682991677256,0.056153234171819943,22,2003-2024,17.32,-13.89,4.389999999999999,0.5322071281191268,0.4997289713018061,0.03247815681732075
GWW,2024.0,0.22270046022870274,-0.38496896752365656,-0.061410944891136576,0.5453725766947108,0.11048825853471844,22,2003-2024,17.32,-13.89,4.389999999999999,0.12570099828769804,0.1884956714158821,-0.06279467312818407
GTN,2024.0,0.08089592132353514,0.2939697295069361,-0.6597227775715182,-0.724130600361745,0.011789734577070665,42,2003-2024,17.32,-13.89,4.389999999999999,-0.22234442558176992,0.19165763892293972,-0.41400206450470967
GEF,2024.0,0.21834039549138773,-0.7789908997172175,0.7413546232518395,0.06250288188888817,0.10783111079609764,44,2003-2024,17.32,-13.89,4.389999999999999,0.035173156012899554,-0.016811108994392646,0.051984265007292196
VVI,2024.0,0.10129754869306057,-0.01481195954712485,0.04083517827536676,-1.2893368191417132,0.13080951485593062,21,2003-2024,17.32,-13.89,4.389999999999999,0.20331194193491264,0.036458224676728906,0.16685371725818374
GYRO,2024.0,-0.17305765273360704,0.6012866199414718,-0.7371899531399436,0.24947968367664758,0.21812652461454352,9,2016-2024,17.32,-13.89,4.389999999999999,0.08263724554230199,0.04443303244479887,0.038204213097503124
HAL,2024.0,0.14180271554827908,-0.062172853828259635,1.6151419451774247,0.7008232768381812,0.1254548264415728,22,2003-2024,17.32,-13.89,4.389999999999999,-0.23229513423148435,-0.06254269706672361,-0.16975243716476074
LHX,2024.0,0.187187230424121,-0.30472547036465125,1.5609110076938988,-0.026013394347713104,0.2126637030134706,22,2003-2024,17.32,-13.89,4.389999999999999,-0.1016561354058638,-0.08354374802358375,-0.01811238738228005
NVRI,2024.0,0.13003990365588122,-0.5664207918644069,-0.5891485611136735,0.7143399588796469,0.08523865466109648,22,2003-2024,17.32,-13.89,4.389999999999999,-0.15474535092098735,0.1451280818384717,-0.29987343275945905
HAS,2024.0,0.16667944530354145,-0.7238265171305983,1.330947228428578,-0.20859055235347562,0.16568063666677157,22,2003-2024,17.32,-13.89,4.389999999999999,-0.07106595270508326,-0.1527130027405252,0.08164705003544195
ALNT,2024.0,0.43727260983342753,-1.6308380264147029,1.6458588742675087,0.8740086558859121,0.13893948337732687,22,2003-2024,17.32,-13.89,4.389999999999999,-0.0836890784902466,-0.035429353983964434,-0.04825972450628216
HVT,2024.0,0.16420891623344633,-0.5995961341287132,-1.2884460471516666,-1.6395180310106467,0.27942162156420636,44,2003-2024,17.32,-13.89,4.389999999999999,-0.14444282026145522,0.16734918019035233,-0.31179200045180755
HWKN,2024.0,0.2020912236759892,-0.1693046663987452,-0.2833202713594154,-0.6231455824167147,0.13814541363717192,21,2004-2024,17.32,-13.89,4.389999999999999,0.3047627017073802,0.1847647500794556,0.11999795162792459
HCSG,2024.0,0.16712421957082707,-0.5331412506535191,1.1575429603383567,-0.15514665782830378,0.08946360955043176,22,2003-2024,17.32,-13.89,4.389999999999999,0.05084521597376318,-0.09280950051202272,0.1436547164857859
STRL,2024.0,0.4362659739514393,-0.5959851225987632,-2.1779802079115784,1.0735849603226968,0.10976675257412172,21,2004-2024,17.32,-13.89,4.389999999999999,0.37646134107308443,0.6826931813544181,-0.3062318402813337
HL,2024.0,0.23133464856113467,-1.207291833587836,0.010083360877491232,-0.9115971749963198,0.16700574295454762,22,2003-2024,17.32,-13.89,4.389999999999999,-0.02973545219522405,-0.019187991824500473,-0.010547460370723578
HEI,2024.0,0.31031558409702353,-0.5498446202500191,1.1953795820408342,0.2239497665170287,0.11974460101666862,44,2003-2024,17.32,-13.89,4.389999999999999,0.016695287019659083,0.05887566667434593,-0.04218037965468685
KHC,2024.0,-0.13754762393666947,0.291135324493482,-0.9658206584633597,-0.46276371758720836,0.24695558694711417,9,2016-2024,17.32,-13.89,4.389999999999999,-0.07102558452531232,0.026714176524083828,-0.09773976104939615
HP,2024.0,0.11142781717098985,0.32574569494451583,1.822299542447273,0.5545175074940153,0.17189815110124262,22,2003-2024,17.32,-13.89,4.389999999999999,-0.1430996437554743,-0.06092711633155899,-0.0821725274239153
HSY,2024.0,0.1507067494899249,-0.5414501090479897,1.533665010676274,-0.33627509053255844,0.2892421452294618,22,2003-2024,17.32,-13.89,4.389999999999999,-0.11199553093039331,-0.17086095585450065,0.05886542492410733
HRI,2024.0,0.21894891188736443,-0.19812144209084404,-1.7395117461634584,-1.8104371969754798,0.15146576860717198,15,2007-2024,17.32,-13.89,4.389999999999999,0.38492125014379125,0.34677426671211103,0.038146983431680215
HTZ,2024.0,0.04008989948188413,-0.2508860822968035,3.033224828460165,1.8213508130140472,0.48154086557479103,7,2017-2024,17.32,-13.89,4.389999999999999,-0.01015566630367102,-0.34472119795372247,0.33456553165005143
HPQ,2024.0,0.10672450401203204,-0.16947366722304266,0.13529377076602941,-0.19638815282091052,0.016709609787068813,22,2003-2024,17.32,-13.89,4.389999999999999,-0.09974145539666007,0.0499579201807616,-0.1496993755774217
HXL,2024.0,0.3482520516929645,-1.2882569816891336,2.3437415820156358,0.3156029467484568,0.12137690811579083,22,2003-2024,17.32,-13.89,4.389999999999999,-0.038217443418864086,-0.18656479391530795,0.14834735049644387
HLT,2024.0,0.3123134221892911,-0.8769553118654903,0.7274012142816881,-0.549973914449929,0.1741789545305491,16,2003-2024,17.32,-13.89,4.389999999999999,0.08718675034310942,0.035244878666109834,0.05194187167699959
DINO,2024.0,0.3152663547438679,-0.4841985384685338,4.3375701638333135,1.6833801463077958,0.40717783887942016,22,2003-2024,17.32,-13.89,4.389999999999999,-0.3750812597183061,-0.2971849394524172,-0.07789632026588889
HD,2024.0,0.1396408071315321,0.04589941871556284,-0.0678655249487693,-0.4136608316892483,0.066004708351588,22,2003-2024,17.32,-13.89,4.389999999999999,0.09587493311642091,0.13885739735729363,-0.04298246424087272
HNI,2024.0,0.11241859535172084,-0.4725520583360427,0.8402445084693757,-1.0614281604223694,0.28184063985048236,22,2003-2024,17.32,-13.89,4.389999999999999,0.08526907228193119,-0.13273407962102002,0.21800315190295122
HRL,2024.0,0.10903845266381713,-0.14073101781685043,0.5444589560373442,0.06213462402913844,0.05295021490636598,22,2003-2024,17.32,-13.89,4.389999999999999,0.0005307537409938723,0.01176620137923071,-0.011235447638236837
CNP,2024.0,0.13414947560928803,-0.28366452065405645,1.547111857297357,-0.016347889405085803,0.2703022912471872,22,2003-2024,17.32,-13.89,4.389999999999999,-0.008626468002138094,-0.13059272869148067,0.12196626068934258
HOV,2024.0,0.27259106212833245,-0.493231081821367,-3.6731755014737173,-3.1803937265456677,0.28148498642465614,22,2003-2024,17.32,-13.89,4.389999999999999,-0.10405566017963329,0.5577482313162162,-0.6618038914958495
HUBB,2024.0,0.22047849985385698,-0.5652451252868664,-0.026896644661299943,0.4715777884971232,0.12815318390332264,22,2003-2024,17.32,-13.89,4.389999999999999,0.10594965005967537,0.14701625301264998,-0.04106660295297461
JBHT,2024.0,0.17258621092302612,-0.14467764882348755,0.062350640464249235,-0.04635833220850248,0.00640960813806124,22,2003-2024,17.32,-13.89,4.389999999999999,0.024724155819124155,0.1368324074023606,-0.11210825158323645
HURC,2024.0,0.3759658575422126,-1.1186862486707434,2.2014522775217276,0.6303458684397044,0.0471150183579081,22,2003-2024,17.32,-13.89,4.389999999999999,0.2171082525087456,-0.09590013845082504,0.31300839095957067
ITT,2024.0,0.1626640145288899,-0.0842409310256948,-0.45314929355466405,0.20140471180786737,0.028326522243675045,22,2003-2024,17.32,-13.89,4.389999999999999,0.06369589644535252,0.21985758899834776,-0.15616169255299522
IDA,2024.0,0.10802539756756037,-0.17257755030953695,0.7415812924392503,-0.022417361006514702,0.14270816017815824,22,2003-2024,17.32,-13.89,4.389999999999999,0.1443223998131078,-0.025854797814049285,0.17017719762715708
ITW,2024.0,0.15946606314025769,-0.3321939558734366,-0.5732626318112253,0.2089209549207026,0.1633761672512425,22,2003-2024,17.32,-13.89,4.389999999999999,0.035564955013186655,0.1907278794625765,-0.15516292444938984
RYI,2024.0,0.6646737258369786,-3.432028397451344,2.9426035226772798,-0.3567745517827077,0.2062286571344255,15,2003-2024,17.32,-13.89,4.389999999999999,-0.07910563867365332,-0.3541436247247292,0.2750379860510759
INVX,2024.0,0.003965673331456983,-0.2914138561975526,0.816148259813332,0.9058065846733259,0.06939281850922141,27,2003-2024,17.32,-13.89,4.389999999999999,-0.2959057705592205,-0.12010529078287197,-0.17580047977634855
GFF,2024.0,0.1721796675582342,-0.5417083656265569,-0.5767071992672009,-0.09773355019200258,0.1558322683576855,22,2003-2024,17.32,-13.89,4.389999999999999,0.07397240936179793,0.15416990575649983,-0.0801974963947019
INTC,2024.0,0.05073769225051224,-0.23592302685405103,0.7562444845221935,-0.17640669380716018,0.07175310199151386,22,2003-2024,17.32,-13.89,4.389999999999999,-0.3959086944435847,-0.10291078875887642,-0.29299790568470824
CCRD,2024.0,0.10570211118419232,1.2177666075713125,0.3581995315295678,0.42470482778541097,0.07525686925175767,23,2003-2024,17.32,-13.89,4.389999999999999,0.5088794211799624,0.2855099146258662,0.2233695065540962
TILE,2024.0,0.20717429944325755,-0.44680113880841066,0.9587873175107252,-0.3644591087427225,0.037623320855815545,22,2003-2024,17.32,-13.89,4.389999999999999,0.6132418811299386,-0.01938697107440444,0.6326288522043431
INGR,2024.0,0.162483779863693,-0.17616492136508136,0.528213855852816,0.4336984623914264,0.0594958659042234,26,2003-2024,17.32,-13.89,4.389999999999999,0.1671148648360612,0.07764247340428837,0.08947239143177282
IBM,2024.0,0.06866962685513607,0.01841853225054972,0.21848090576053536,-0.21884376679815032,0.04225381301821218,22,2003-2024,17.32,-13.89,4.389999999999999,0.2439933733856055,0.03190547746835413,0.21208789591725138
IFF,2024.0,0.10798870149245637,-0.37697671240884106,1.1880444000179995,-0.35055531598114226,0.16555395123211936,22,2003-2024,17.32,-13.89,4.389999999999999,-0.15134200171737688,-0.13771241063082715,-0.013629591086549736
IDCC,2024.0,0.18999687329807338,-0.08190770743925227,-1.6423176515652482,0.7161725088318687,0.34889114849645075,17,2008-2024,17.32,-13.89,4.389999999999999,0.6253986424163328,0.43536835330972684,0.19003028910660597
IP,2024.0,0.11389330429166594,-0.32863740085090076,0.019007701981235386,-0.9274822024471038,0.1634189127415666,22,2003-2024,17.32,-13.89,4.389999999999999,0.2221096179456355,0.013616667971668495,0.208492949973967
IPG,2024.0,0.14005208542406136,-0.5505091250947798,0.5220554310696586,-0.08548830034115504,0.04432163058563865,22,2003-2024,17.32,-13.89,4.389999999999999,-0.06225308274335617,-0.031562530802906774,-0.030690551940449395
SISI,2024.0,0.014855431875704483,-3.028374563796831,4.223919926754164,-1.6048229410691799,0.6321962020327697,6,2003-2024,17.32,-13.89,4.389999999999999,-0.9743850068247686,-1.1668132475129969,0.19242824068822828
J,2024.0,0.07893965949086179,0.40405461533762144,-0.0284233116538897,-0.2362089487277792,0.058124048766281966,22,2003-2024,17.32,-13.89,4.389999999999999,0.14988659815361305,0.1425003440069136,0.007386254146699439
EME,2024.0,0.2501486818812239,-0.2460072514676637,-0.8184562238289308,0.24791458323988627,0.059479025257881735,22,2003-2024,17.32,-13.89,4.389999999999999,0.19783398238732863,0.33210724562109406,-0.13427326323376543
JNJ,2024.0,0.05900841374052454,0.05441845899964753,0.3941445623948022,-0.18649907633096227,0.10594341084264969,22,2003-2024,17.32,-13.89,4.389999999999999,-0.04214526819213542,0.005499701671696229,-0.04764496986383165
KLAC,2024.0,0.16751558331931002,0.13486554635624692,-0.5140069407858282,-0.5017892044568038,0.061850081333852835,22,2003-2024,17.32,-13.89,4.389999999999999,-0.2793813068704225,0.2402413139477098,-0.5196226208181323
KMI,2024.0,0.07256471731862692,0.126208762641684,0.008260069539800489,0.04617662285446635,0.0052212284790971175,17,2003-2024,17.32,-13.89,4.389999999999999,0.36714093183394675,0.09530390509239937,0.27183702674154736
PNRG,2024.0,0.1389255570233861,1.205060937264845,0.26841448047524463,1.7308426890982436,0.32851646123286926,22,2003-2024,17.32,-13.89,4.389999999999999,1.0178041078337883,0.38634333407105864,0.6314607737627296
EVRG,2024.0,0.10545103884124289,-0.08049073387661697,0.9553053074804904,-0.12115714274398709,0.16725434944900097,22,2003-2024,17.32,-13.89,4.389999999999999,0.13975164237721366,-0.04650066204168832,0.18625230441890198
K,2024.0,0.06665914788348136,0.04235280339694517,-0.2541873177909948,0.04257526267469135,0.015291237675820524,22,2003-2024,17.32,-13.89,4.389999999999999,0.3766642830250534,0.11117032590442037,0.265493957120633
KELYA,2024.0,0.053642226383020734,-0.5963453093200456,1.291731743641581,-0.6794299981012104,0.27551099056999706,22,2003-2024,17.32,-13.89,4.389999999999999,-0.39022552970925684,-0.25889329729966987,-0.13133223240958697
KELYB,2024.0,0.07186072712259028,-0.5932281615783946,0.703431001633969,-0.5060404835799488,0.09193050077950549,22,2003-2024,17.32,-13.89,4.389999999999999,-0.4152744628042792,-0.1508081338189057,-0.2644663289853735
KMT,2024.0,0.15102064177179,-0.8345138023953048,0.35335696513911297,0.6560764771178655,0.17595390987862702,22,2003-2024,17.32,-13.89,4.389999999999999,-0.011536789456383159,-0.01379667391542529,0.002259884459042131
KEQU,2024.0,0.11023240041388682,0.6467309385943549,-0.38375842021389106,-0.9919682512719769,0.08595592749018643,22,2003-2024,17.32,-13.89,4.389999999999999,0.26382537412967316,0.23200283731529878,0.031822536814374386
KTCC,2024.0,0.3115477396510541,-2.293275436145462,2.6617711224277927,-0.1474660409975702,0.3170796060409452,22,2003-2024,17.32,-13.89,4.389999999999999,-0.017351296285005473,-0.4618413339943536,0.44449003770934814
KMB,2024.0,0.08366309250657164,-0.1465674124946834,0.6233717753969488,-0.16518766629432122,0.12230796538408506,22,2003-2024,17.32,-13.89,4.389999999999999,-0.08175647466560276,-0.0355604614904644,-0.04619601317513836
KEX,2024.0,0.15859461594903795,-0.3210083584113405,0.5697918571519356,0.6924286539722304,0.10058182870843735,22,2003-2024,17.32,-13.89,4.389999999999999,-0.1633256614362515,0.05424949722317084,-0.21757515865942234
KOSS,2024.0,0.4080782118707249,1.715049744155826,-3.7213192192413764,-14.936952979957697,0.315643967259308,22,2003-2024,17.32,-13.89,4.389999999999999,0.6114460991079717,0.5662838312909984,0.0451622678169733
KR,2024.0,0.05039116642560271,0.7886466816086637,-0.6809720881818766,0.2660126462739397,0.2025593944576093,22,2003-2024,17.32,-13.89,4.389999999999999,0.1915524536599596,0.2932497499001119,-0.10169729624015228
KLIC,2024.0,0.31377289626791777,-1.436171061856815,0.9150102437991225,-1.138324725780089,0.19490871668885212,22,2003-2024,17.32,-13.89,4.389999999999999,-0.09002542952031717,-0.1120393099711266,0.02201388045080943
LYTS,2024.0,0.14262771404971386,-0.15685550373087676,-1.7511288905009348,0.7941952100664816,0.2198586821325894,22,2003-2024,17.32,-13.89,4.389999999999999,0.30261769675251415,0.3935573134160244,-0.09093961666351025
LXU,2024.0,0.20739560931414808,0.8921028209166822,3.3925097718060155,-1.659873769904976,0.11793048480984947,21,2004-2024,17.32,-13.89,4.389999999999999,-0.11910799584691659,-0.1821802479057665,0.06307225205884992
LZB,2024.0,0.09740313125641092,-0.31275405660834693,-0.2422497998128656,-0.36722739298470347,0.07391622028013345,22,2003-2024,17.32,-13.89,4.389999999999999,0.13311584312475888,0.060761343293823794,0.07235449983093509
SR,2024.0,-0.014956409691434584,0.11993277994544266,0.5855779191039391,0.47898824678536234,0.05975889924078015,33,2003-2024,17.32,-13.89,4.389999999999999,0.09553311061779603,-0.05449324113454365,0.1500263517523397
LRCX,2024.0,0.2910968019684059,-0.5792767211984535,-0.7183512248190107,-0.5940567534200932,0.14954301440690032,22,2003-2024,17.32,-13.89,4.389999999999999,-0.36459078910343434,0.26446596750905227,-0.6290567566124866
LANC,2024.0,0.1934459084936164,-0.9001204423080457,-0.01403190029279993,-0.09854908532291207,0.346017805366413,22,2003-2024,17.32,-13.89,4.389999999999999,-0.12102747024927772,0.03516777399085695,-0.15619524424013467
DSGR,2024.0,0.0808527534461365,-0.03974458339294824,0.26851139482497854,-0.2962951042680071,0.02037932677544929,22,2003-2024,17.32,-13.89,4.389999999999999,0.09968551489833562,0.023665403783922845,0.07602011111441277
LEE,2024.0,-0.34068352425888637,1.5262750408588264,-1.412259352664351,0.9550098444714757,0.1432747600824077,19,2003-2024,17.32,-13.89,4.389999999999999,0.2833520337836033,0.16175506907523846,0.12159696470836484
LEG,2024.0,0.08370314193911427,-0.630626158507244,0.5784158113382427,-0.45128300161141033,0.12898873091771879,22,2003-2024,17.32,-13.89,4.389999999999999,-0.20183096461180067,-0.12567458867996323,-0.07615637593183744
LEN,2024.0,0.16999277598644097,-0.4730372672230113,0.050996573777166515,-0.20806309597470757,0.039064121001770924,43,2003-2024,17.32,-13.89,4.389999999999999,-0.13180924838697144,0.07184532729247733,-0.20365457567944878
LLY,2024.0,0.1017331576402712,0.6224332617158035,-0.5463445957192963,-0.3286477429245456,0.10731481838122336,22,2003-2024,17.32,-13.89,4.389999999999999,-0.19175094400937992,0.27099822700047105,-0.46274917100985097
BBWI,2024.0,0.3247716291461423,-0.9477356289108397,0.9533442228385383,-2.724457810082704,0.17966316664060245,22,2003-2024,17.32,-13.89,4.389999999999999,-0.042181664263041485,-0.09139939219611877,0.049217727933077285
LECO,2024.0,0.26311059672059167,-0.6622680499933695,0.024803231911673634,0.5776280784020817,0.11608215446750692,22,2003-2024,17.32,-13.89,4.389999999999999,-0.045517666242465046,0.17031847419106,-0.21583614043352506
LMT,2024.0,0.1020216765013787,0.3460392884737773,0.2286977002588313,0.28804065443304355,0.23246105345643153,22,2003-2024,17.32,-13.89,4.389999999999999,0.006062541440762417,0.1428345554286959,-0.13677201398793348
RRC,2024.0,0.19852396419831547,0.09556488067359051,1.2151208014097057,-0.8545190795227438,0.06023501857661551,22,2003-2024,17.32,-13.89,4.389999999999999,0.03127050438236707,0.008782134624124804,0.02248836975824227
LPX,2024.0,0.266353294725698,-0.870511710240806,0.7435720072848635,-1.058721484065336,0.14625728482586897,22,2003-2024,17.32,-13.89,4.389999999999999,0.2169052072823957,-0.03417935845034535,0.25108456573274107
LOW,2024.0,0.12144308755925111,0.13832565137257505,-0.5355125172847278,-0.25951839556561446,0.07258312259157118,22,2003-2024,17.32,-13.89,4.389999999999999,0.08267985310800065,0.20839092146249932,-0.1257110683544987
LZ,2024.0,0.16936720811644695,-1.1400256062123864,3.089248863511863,1.0183875710945802,0.6516026642678987,12,2003-2024,17.32,-13.89,4.389999999999999,-0.15186755275688618,-0.412474679650284,0.2606071268933978
LGL,2024.0,0.3177733427915243,-2.289457985982328,3.121013500758101,-0.41040867443208406,0.35609176769823603,22,2003-2024,17.32,-13.89,4.389999999999999,0.06475018600274757,-0.5302864964434835,0.595036682446231
MDU,2024.0,0.07657373908259332,0.2559875648348079,-0.44084751895359064,0.13998313470020876,0.03659756761579647,22,2003-2024,17.32,-13.89,4.389999999999999,0.3109467993375469,0.18828976530797495,0.12265703402957193
MGEE,2024.0,0.09086517870135491,0.00653454695905656,0.23607144619909623,-0.2635268729030568,0.07681297545142896,22,2003-2024,17.32,-13.89,4.389999999999999,0.22249463825490662,0.04763780863716485,0.17485682961774177
MTW,2024.0,0.354952647789766,-1.6444223933540358,1.16581473822011,1.05946950862122,0.1695503982518708,22,2003-2024,17.32,-13.89,4.389999999999999,-0.25513385906184105,-0.04528226644945474,-0.2098515926123863
MRO,2024.0,0.1400280241859814,0.11869244683698954,2.0859999916761542,0.23030598583199413,0.1586106851723723,22,2003-2024,17.32,-13.89,4.389999999999999,-0.04537312372657148,-0.1190494100876453,0.07367628636107382
MCS,2024.0,0.06467925645377187,0.5145827936212735,-0.9282159769048709,0.13105161963491968,0.05764332203822631,23,2003-2024,17.32,-13.89,4.389999999999999,0.8591928184805852,0.28848736160303595,0.5707054568775491
MAS,2024.0,0.07947033386634116,0.03179709036423488,-0.34937821234530925,-0.25447790774144574,0.04353422230355097,21,2003-2024,17.32,-13.89,4.389999999999999,0.049413626223150764,0.12233464346234062,-0.07292101723918985
MAT,2024.0,0.08740498150125003,-0.4741828827762996,1.1349701417251912,-0.9860548211289516,0.1996540564439261,22,2003-2024,17.32,-13.89,4.389999999999999,0.043424441000639885,-0.19565865312879507,0.23908309412943496
MKC,2024.0,0.1080048729165158,-0.13557220492025138,0.5209770238541835,-0.0431728820516305,0.06481405293713882,44,2003-2024,17.32,-13.89,4.389999999999999,0.045803720387763036,0.010264768888915587,0.03553895149884745
MCD,2024.0,0.1860712271617451,-0.39665782888923035,0.4911752268552575,0.16053795156786038,0.14014053244191904,22,2003-2024,17.32,-13.89,4.389999999999999,0.10377848815417777,0.0561934682617642,0.04758501989241357
MGRC,2024.0,0.17454526784555677,-0.3675657669391634,0.8039960013864897,0.026191109212197083,0.06646808329653198,22,2003-2024,17.32,-13.89,4.389999999999999,0.01142270048376215,0.0003576221135257022,0.011065078370236446
MCK,2024.0,0.14917232859746984,0.020257229257400033,1.1797267105747795,0.47240207076000035,0.2178575314166704,22,2003-2024,17.32,-13.89,4.389999999999999,-0.06872338650173129,0.009555291512378668,-0.07827867801410995
SLNH,2024.0,-0.1995186481583089,-1.2559214390507158,2.8914158127056577,-1.8096921340236323,0.39556201077206754,8,2003-2024,17.32,-13.89,4.389999999999999,-0.7021534489031575,-0.8981073824703462,0.1959539335671887
GENC,2024.0,0.1171929998327076,-0.26134719109671717,-0.5319007811823682,0.6392200269120127,0.1466160109044088,17,2008-2024,17.32,-13.89,4.389999999999999,-0.1343652394771897,0.1738704440224245,-0.30823568349961417
MEG,2024.0,0.48536853684630143,-3.942219345348468,4.93413253604515,-0.643840356989682,0.3585798534589105,18,2003-2024,17.32,-13.89,4.389999999999999,-0.6306888379881223,-0.9110394546965715,0.2803506167084493
CMPX,2024.0,0.7158546515730009,-5.18254789637469,-2.9237540351827773,4.128841221745565,0.9999712791277912,5,2003-2024,17.32,-13.89,4.389999999999999,0.4030187992178627,0.4056029210424226,-0.002584121824559915
CVS,2024.0,0.03442442282975203,0.4297473247632731,0.8184387830626552,-0.2442874465938911,0.21403952566412499,22,2003-2024,17.32,-13.89,4.389999999999999,-0.26947697431774914,-0.015548706394123687,-0.25392826792362544
MRK,2024.0,0.0942951304232797,-0.26465712031536925,0.5944241811053214,0.29600642023972834,0.08594671529936693,22,2003-2024,17.32,-13.89,4.389999999999999,-0.23139139655137042,-0.02111431972234732,-0.2102770768290231
MLAB,2024.0,0.15486814397484477,0.20107802801345995,0.8656922041540117,-0.10748567693953981,0.09232538938816881,22,2003-2024,17.32,-13.89,4.389999999999999,0.47668238420163955,0.06473159005213801,0.41195079414950153
MEI,2024.0,0.14610907407672258,-0.49287984570396454,-0.13158623623147508,0.1544308754006575,0.02770522844959744,22,2003-2024,17.32,-13.89,4.389999999999999,0.1232385220220887,0.08579912844343668,0.03743939357865202
EVI,2024.0,0.9534583961751892,-3.665343087207931,-1.3430400952332067,0.32950026204310906,0.1216195062029124,19,2004-2024,17.32,-13.89,4.389999999999999,-0.16895680107289351,0.5196343042023605,-0.688591105275254
MXC,2024.0,0.08664754961560978,2.421425282180549,-2.4074060431972297,-1.2736287227583463,0.056618369502085986,20,2005-2024,17.32,-13.89,4.389999999999999,-0.050514955247658054,0.7845148069602846,-0.8350297622079427
MU,2024.0,0.2806110297266182,-0.6708865895880116,-0.9659130329436674,-0.5766588938333768,0.08258708384430202,22,2003-2024,17.32,-13.89,4.389999999999999,-0.40484167362592166,0.27326346724656475,-0.6781051408724864
ETR,2024.0,0.04171883654941458,0.506280660305093,0.33554355280061304,0.09919896177648344,0.22071077143003548,22,2003-2024,17.32,-13.89,4.389999999999999,0.39447481250564,0.08715448185223916,0.3073203306534008
MSEX,2024.0,0.08617765233001796,-0.0673116690140624,0.7535088424808997,-0.42459191563675347,0.09624806830663146,22,2003-2024,17.32,-13.89,4.389999999999999,-0.029447437859426585,-0.04878269206026807,0.019335254200841485
MLKN,2024.0,0.08186714294958782,-0.2172436278201802,1.2087319268455667,-1.5053400116334492,0.2737338438542084,22,2003-2024,17.32,-13.89,4.389999999999999,-0.1823766383214206,-0.18973674453842504,0.007360106217004447
MSA,2024.0,0.2232717944960887,-0.4947668011659352,0.48165509503961534,-0.007460168204050127,0.029372711249552763,22,2003-2024,17.32,-13.89,4.389999999999999,-0.15870447919813632,0.07034879044898835,-0.2290532696471247
MMM,2024.0,0.09782702953534735,-0.26767527738878794,-0.07994892247506025,-0.4977367574534887,0.1378324367778273,22,2003-2024,17.32,-13.89,4.389999999999999,0.22947456133862998,0.040719933171186995,0.18875462816744298
ALE,2024.0,0.09884078146546926,-0.2728436720325185,0.9882261940228211,-0.28941609325682044,0.1734840935066707,22,2003-2024,17.32,-13.89,4.389999999999999,0.015262467988481548,-0.09838572737430722,0.11364819536278876
MOD,2024.0,0.4413094782442904,-1.290629824381476,-1.451742055947658,-0.04465817742012723,0.0973689378566972,22,2003-2024,17.32,-13.89,4.389999999999999,0.11012011741683338,0.41745887024380485,-0.3073387528269715
QDEL,2024.0,0.1793596676464541,0.6317257617869936,-3.039001890254166,0.4520904256203103,0.10432604454141725,22,2003-2024,17.32,-13.89,4.389999999999999,0.2940782996799373,0.7307387018289967,-0.4366604021490594
MOG,2024.0,0.17477726436217414,-0.28528122909132553,0.5433596797965485,0.11865847661640028,0.030517843500378006,22,2003-2024,17.32,-13.89,4.389999999999999,0.13274729567712779,0.05510300308327595,0.07764429259385183
MOGB,2024.0,0.1705769378552494,-0.27862120237258176,0.5698178084037763,0.12831686040564033,0.03413110996387625,22,2003-2024,17.32,-13.89,4.389999999999999,0.11085353306546027,0.048805162188841344,0.06204837087661892
MSI,2024.0,0.19399753279426907,-0.22246659708245214,0.4215601459046271,-0.10060886879691341,0.013743016864837476,22,2003-2024,17.32,-13.89,4.389999999999999,0.1557897422883739,0.09249488457325117,0.06329485771512272
MUR,2024.0,0.06878822900898093,0.0844151869683523,1.0124322673823447,0.31388121180444506,0.08685762634761296,22,2003-2024,17.32,-13.89,4.389999999999999,-0.3004887135688637,-0.04343851734929298,-0.2570501962195707
MYE,2024.0,0.06765237152784237,-0.030829468588638918,1.2351091811404136,-0.11872078628605065,0.10430851585747558,22,2003-2024,17.32,-13.89,4.389999999999999,-0.20362044571376647,-0.11445580021007096,-0.08916464550369552
VTRS,2024.0,-0.06050221715425257,0.28097657060885234,-1.2836881478068076,-0.4500049865941661,1.0,4,2021-2024,17.32,-13.89,4.389999999999999,0.14671198969408228,0.14671198969408236,-8.326672684688674e-17
VYX,2024.0,0.1274139233352417,-0.056655162095631824,0.73737450509056,-1.2320082515622637,0.11436340693234748,22,2003-2024,17.32,-13.89,4.389999999999999,0.07366604810585033,-0.03890523174038387,0.11257127984623419
NL,2024.0,0.10881900855530904,0.5537736571574738,0.29907787934355845,-0.16530582793717963,0.0185389811837382,22,2003-2024,17.32,-13.89,4.389999999999999,0.35400406706555776,0.15593376268772105,0.1980703043778367
ONTO,2024.0,0.5367643728593596,-2.95222949383717,3.8102450973626887,-0.8809836955783708,0.3870201216296101,22,2003-2024,17.32,-13.89,4.389999999999999,-0.28787244662860606,-0.542480003732806,0.25460755710419997
NSSC,2024.0,0.337126176737819,-0.6264218600607817,1.7936365354716008,0.5781781119270012,0.11196652717635669,22,2003-2024,17.32,-13.89,4.389999999999999,-0.3579483985005834,0.004875814911881642,-0.36282421341246507
MRNA,2024.0,0.16279612386081474,1.0164897785108458,-3.3479951231397456,-4.449541988627422,0.3660687031035924,13,2003-2024,17.32,-13.89,4.389999999999999,-0.6968335997690164,0.6085537828022601,-1.3053873825712765
NATH,2024.0,0.24429235258595008,-0.3872985744357251,0.5256822665908064,0.3033657757125283,0.04457453420690105,22,2003-2024,17.32,-13.89,4.389999999999999,0.12692082408537664,0.11751273021799949,0.009408093867377149
NFG,2024.0,0.0842505818292962,-0.0010896370992125243,1.0922177431371767,0.31440389299909516,0.16101766960477715,22,2003-2024,17.32,-13.89,4.389999999999999,0.09188026086522112,-0.053844856935380984,0.1457251178006021
NHC,2024.0,0.0850193355008686,0.23973224027336085,0.7259829609807197,-0.08714253950363646,0.1296656935803686,22,2003-2024,17.32,-13.89,4.389999999999999,-0.044262876111043445,0.021876368751783087,-0.06613924486282653
THC,2024.0,0.17568113131732038,-0.16489909955583754,-0.4112842909236021,-2.023450512579104,0.14001784108433413,23,2003-2024,17.32,-13.89,4.389999999999999,-0.09809704867240637,0.11541851778131501,-0.21351556645372138
NPK,2024.0,0.18775038169288033,-0.7045510729116032,-0.315393295590337,-0.013934464622509024,0.41520902603986165,22,2003-2024,17.32,-13.89,4.389999999999999,0.26301562206839135,0.1089185416251603,0.15409708044323106
NATR,2024.0,0.4607847578020404,-2.4561642710897473,2.0645057098348203,-0.815420909029554,0.22035939034752616,18,2003-2024,17.32,-13.89,4.389999999999999,-0.07418928371348499,-0.2871797149531577,0.2129904312396727
NJR,2024.0,0.09793308457603195,-0.038480965374408344,0.7157227887388057,0.11587755467460763,0.12292466498960641,22,2003-2024,17.32,-13.89,4.389999999999999,0.0655371880552268,-0.003058689332420421,0.06859587738764722
BL,2024.0,0.2179571651393985,-0.7085045801570886,0.26539041637666794,-1.0593622421955629,0.29990355226070087,12,2003-2024,17.32,-13.89,4.389999999999999,0.2070953742188612,0.011875440589086392,0.1952199336297748
NYT,2024.0,0.10566937508464538,-0.44755033057030225,-0.563240792067789,0.18449616059207374,0.08608770384454123,22,2003-2024,17.32,-13.89,4.389999999999999,-0.02573967268843846,0.11448718529807696,-0.1402268579865154
NWL,2024.0,0.00832582434332968,0.20636447927862042,-0.4123954488111994,-1.0186918352008993,0.1352390538681959,22,2003-2024,17.32,-13.89,4.389999999999999,0.5336351649021264,0.05662930842894285,0.4770058564731835
NEM,2024.0,0.0698439487993497,-0.3484461083879809,0.6892046478697992,-0.6819876987479687,0.13182556667877277,22,2003-2024,17.32,-13.89,4.389999999999999,-0.14855818080979005,-0.1161767027375995,-0.03238147807219055
NPKI,2024.0,0.2530215100964117,-1.4837261182286428,1.5755698301216519,0.496002905255684,0.1893879487708242,22,2003-2024,17.32,-13.89,4.389999999999999,-0.12399759602511333,-0.20103197544396212,0.07703437941884879
NKE,2024.0,0.1795045342602748,-0.41220748837498405,0.3177828781314372,-0.2531955062867095,0.06585436679792644,22,2003-2024,17.32,-13.89,4.389999999999999,-0.03346925513245602,0.052854872775284396,-0.08632412790774041
NDSN,2024.0,0.23310791434833755,-0.5447266400000554,0.3340881537468595,0.3714794129124618,0.06347086574659255,22,2003-2024,17.32,-13.89,4.389999999999999,-0.14210850537806233,0.10866436197174624,-0.2507728673498086
JWN,2024.0,0.2321152073763138,-0.9628432696191381,1.6802537287770003,-0.7318681694181459,0.13192739637702156,22,2003-2024,17.32,-13.89,4.389999999999999,0.10974111071026287,-0.20016550248630285,0.3099066131965657
NSC,2024.0,0.19237512215878386,-0.3502768824430842,0.7231121265159118,0.14037749991740076,0.05288133384994853,22,2003-2024,17.32,-13.89,4.389999999999999,0.05736320604967665,0.037429463992955415,0.019933742056721236
NC,2024.0,0.3734431119159234,-2.0745603044618695,4.5530540828491946,0.06668123185041308,0.44074037865443494,22,2003-2024,17.32,-13.89,4.389999999999999,0.04765555839980602,-0.6153626388463924,0.6630181972461985
MOV,2024.0,0.12344601915010467,0.12447363635222673,1.4451980488260832,-1.0399285878035442,0.09872167944937804,22,2003-2024,17.32,-13.89,4.389999999999999,-0.22610770174414307,-0.10138602102020819,-0.12472168072393489
ES,2024.0,0.045687910421861225,0.27055825665136857,-0.16101746927517735,0.29384085892518563,0.02299144222330296,27,2003-2024,17.32,-13.89,4.389999999999999,-0.010903590342113731,0.12781354066301603,-0.13871713100512978
NI,2024.0,0.09780288816993518,0.25807778563376066,1.04469114892788,0.005425856790477468,0.22096518215297545,22,2003-2024,17.32,-13.89,4.389999999999999,0.24948316424692074,-0.002367444831278051,0.2518506090781988
XEL,2024.0,0.08994313502599456,0.09376864169340676,0.5864802376382643,-0.1642865818208479,0.17134747348956925,22,2003-2024,17.32,-13.89,4.389999999999999,0.22780002635806423,0.017509577817402477,0.21029044854066176
NOC,2024.0,0.1273820426925393,0.16431689631689003,0.8099243014740881,0.2782033338682903,0.1893294897017015,22,2003-2024,17.32,-13.89,4.389999999999999,0.038437056051440724,0.05555637001669177,-0.017119313965251043
TEX,2024.0,0.40714888859360027,-1.654124955509902,-0.024954573145097747,1.0888014947887201,0.167981560999244,22,2003-2024,17.32,-13.89,4.389999999999999,-0.19901800800146485,0.1719190221303641,-0.370937030131829
NWN,2024.0,0.0473910247361537,-0.006410845361437829,0.9547276448114962,-0.03630078019033539,0.20846452267225513,22,2003-2024,17.32,-13.89,4.389999999999999,0.07589051810655363,-0.08792460779511989,0.16381512590167352
NWE,2024.0,0.0838791555430182,-0.15779807771064272,0.9292932131027773,0.019894279508006124,0.1658134795027183,20,2005-2024,17.32,-13.89,4.389999999999999,0.04576447460789736,-0.07165693994603943,0.11742141455393679
NUE,2024.0,0.21333482132974385,-0.23281203841794232,-0.013088642413311098,0.1427401345029204,0.006735399115533558,22,2003-2024,17.32,-13.89,4.389999999999999,-0.30254108997469975,0.18109608061164337,-0.48363717058634315
OXY,2024.0,0.12042324723550073,0.017744360620781444,2.5277815213970505,0.3510574246361552,0.33710028594469865,22,2003-2024,17.32,-13.89,4.389999999999999,-0.25621720124564706,-0.21220086188550302,-0.04401633936014404
OII,2024.0,0.1769240914605112,-0.09076701985007116,-0.5148550459285038,0.23128732864981005,0.010703140897929342,23,2002-2024,17.32,-13.89,4.389999999999999,0.055300628765441756,0.24287012322967472,-0.18756949446423296
ITI,2024.0,0.09210834481823976,0.08734555150247415,-2.458410655410727,-0.29648662835068257,0.2729172998609968,19,2006-2024,17.32,-13.89,4.389999999999999,0.6135267865079731,0.43569407139042327,0.17783271511754983
VTOL,2024.0,0.05293922558925598,-0.9136291985887346,-0.03531602659804567,-0.7409597064434474,0.07564870530760037,11,2014-2024,17.32,-13.89,4.389999999999999,-0.02401710795806037,-0.13292408662471164,0.10890697866665128
FE,2024.0,0.008739894434283552,0.4109941066116008,0.789682648222483,0.3973738885956451,0.40358563518618373,22,2003-2024,17.32,-13.89,4.389999999999999,0.013017653808862148,-0.012318132429341266,0.025335786238203414
ODC,2024.0,0.24267838938318642,-0.9268069611844666,-0.5954388944140785,0.8453482914796412,0.5268628111916527,22,2003-2024,17.32,-13.89,4.389999999999999,0.33284867429919024,0.20197267613610856,0.13087599816308168
OGE,2024.0,0.1353936564574056,-0.36368863134685137,1.2326222570537844,0.09482291401555754,0.27537391182314575,22,2003-2024,17.32,-13.89,4.389999999999999,0.13324881099196034,-0.09464572007135671,0.22789453106331706
OLN,2024.0,0.1788337489624565,-0.3681847334411844,0.8995879708772875,-2.3363918215250066,0.18389693797051754,22,2003-2024,17.32,-13.89,4.389999999999999,-0.3234548158207375,-0.11245621698935963,-0.21099859883137784
OKE,2024.0,0.23395454687933706,-0.2231444813816656,1.6906269437714088,0.15377289526815696,0.126938318619499,22,2003-2024,17.32,-13.89,4.389999999999999,0.20820566720905587,-0.03277152968354402,0.2409771968925999
OTTR,2024.0,0.054885440388747285,0.3532374317452546,0.5768115705667997,0.1328198483361695,0.19159985252136968,22,2003-2024,17.32,-13.89,4.389999999999999,-0.1943867946605463,0.04177782775725475,-0.23616462241780106
OSG,2024.0,0.11014888681150374,-0.5423777826433269,0.24687501378131754,0.9554660796576435,0.06871271605649343,19,2003-2024,17.32,-13.89,4.389999999999999,-0.044622166340053324,0.023863076340425053,-0.06848524268047837
OMI,2024.0,0.1312551425636273,0.5842888869320781,-1.8806644539863342,-4.694364649788682,0.35022944103234366,22,2003-2024,17.32,-13.89,4.389999999999999,-0.07883355370823086,0.28759566231324196,-0.3664292160214728
OC,2024.0,0.36110772292658355,-1.890853522640986,1.1669169983346066,-0.027867972044646916,0.37611599848906596,18,2007-2024,17.32,-13.89,4.389999999999999,-0.06005733255752833,-0.12969628223627205,0.06963894967874373
OI,2024.0,0.11005924997415267,-0.611687787938841,0.2760029699477691,0.4217527861947582,0.051159883614863455,22,2003-2024,17.32,-13.89,4.389999999999999,-0.07303806793231096,-0.01570694010864983,-0.057331127823661135
OXM,2024.0,0.23249632579391374,-0.9510041409091136,2.213461432289135,-0.8857783330625015,0.19524856217427966,22,2003-2024,17.32,-13.89,4.389999999999999,-0.24805308249490404,-0.2785530531779494,0.03049997068304533
PPG,2024.0,0.16507839954516726,-0.5766710968751182,0.48133901427789466,-0.04223823872347629,0.08413036777516769,22,2003-2024,17.32,-13.89,4.389999999999999,-0.08794804987236271,-0.0035132821967633855,-0.08443476767559932
PCAR,2024.0,0.20905331145641048,-0.6216354958286575,0.07161449249071994,0.6486706604628911,0.2374464405344322,22,2003-2024,17.32,-13.89,4.389999999999999,-0.001429922455673971,0.11991543256624691,-0.12134535502192088
PCG,2024.0,0.11329427719435936,-0.6308259396071759,0.23561998462694173,0.7460233238276202,0.19347956916999576,22,2003-2024,17.32,-13.89,4.389999999999999,0.11082039516206822,0.004058032505746809,0.10676236265632141
SRE,2024.0,0.07917263702439573,0.29912240644908433,0.5624559166552306,0.035999072960338,0.31451714309078493,22,2003-2024,17.32,-13.89,4.389999999999999,0.12308124130225852,0.05443587030092444,0.06864537100133408
PLL,2024.0,0.12238416237794639,-0.5110375286890736,2.1314778625895867,2.369475056097385,0.527691728261483,16,2003-2024,17.32,-13.89,4.389999999999999,-0.17122954419049236,-0.15816985774201958,-0.013059686448472774
PAR,2024.0,0.21262083957994152,1.1288611512140871,0.9812693824795808,-0.9144984365596451,0.08918324590201965,24,2003-2024,17.32,-13.89,4.389999999999999,0.4962338592523966,0.23169479237883922,0.2645390668735574
PKE,2024.0,0.08688088475026642,-0.3362062759859431,0.2839690416830656,0.22836762094502858,0.061880101616461736,22,2003-2024,17.32,-13.89,4.389999999999999,0.04389458224292796,-0.0007680035807899731,0.04466258582371793
PKOH,2024.0,0.6288740808908189,-3.782027118847848,4.8193518407116205,-0.4063170683170103,0.40641683408102725,22,2003-2024,17.32,-13.89,4.389999999999999,-0.024150777395659486,-0.713418306067589,0.6892675286719295
PH,2024.0,0.23078804914094952,-0.3893787670988073,-0.6007397751207022,0.2548842683393314,0.11264360570984089,22,2003-2024,17.32,-13.89,4.389999999999999,0.21680524068586693,0.2579798208237983,-0.04117458013793135
PATK,2024.0,0.20120787252727296,2.147504511022154,-0.03755480726494459,-0.8970329783025701,0.08202199783390385,22,2003-2024,17.32,-13.89,4.389999999999999,0.11109353537709295,0.538992268817928,-0.4278987334408351
PAYX,2024.0,0.07681749923441038,0.2145563664121153,0.21011102984384933,-0.293489265713881,0.11643879577387051,22,2003-2024,17.32,-13.89,4.389999999999999,0.15252970175487368,0.0719100610868387,0.08061964066803498
PPL,2024.0,0.030711709938868334,0.38992834414755084,0.09993787061716686,0.17786332562221968,0.12610455879749094,22,2003-2024,17.32,-13.89,4.389999999999999,0.14550196398004323,0.0921741289113151,0.053327835068728124
PEP,2024.0,0.08817367163877343,-0.16052595739922923,0.48197598169354544,0.07307443025251488,0.1280606055070439,22,2003-2024,17.32,-13.89,4.389999999999999,-0.1093872423100283,-0.0033679205519211255,-0.10601932175810717
TPC,2024.0,0.06877468656635682,0.25201817671004934,-0.37195637682905464,-0.434957235153798,0.010530195040258872,26,2003-2024,17.32,-13.89,4.389999999999999,0.0641298372637538,0.1449943528908413,-0.0808645156270875
PFE,2024.0,-0.005955075531916418,0.34492981222693925,1.1086344516033684,-0.2537618215943274,0.31000601876501643,22,2003-2024,17.32,-13.89,4.389999999999999,-0.07036144626459206,-0.11134270134990938,0.04098125508531732
PD,2024.0,0.6994552632955061,-3.5236097794364887,3.261195194023485,-1.6324424430517186,0.5712735187745974,8,2003-2024,17.32,-13.89,4.389999999999999,-0.2506438881567973,-0.43547818620272627,0.184834298045929
EXC,2024.0,0.01283983830528898,0.6251472061555056,1.0798908394361868,0.44000867702123375,0.488947334621882,22,2003-2024,17.32,-13.89,4.389999999999999,0.06196690893677237,-0.009565122265031641,0.07153203120180401
WTRG,2024.0,0.07746665937776975,-0.0707948228210633,0.9742008288103952,-0.29568179126469984,0.20184556389975494,22,2003-2024,17.32,-13.89,4.389999999999999,-0.05793744552130912,-0.08309192969312262,0.025154484171813506
MO,2024.0,0.14883036874520097,-0.09873671360517722,0.4987261704085869,-0.014598169203284023,0.040024803610806625,20,2003-2024,17.32,-13.89,4.389999999999999,0.14677101637599155,0.061815245251007386,0.08495577112498416
COP,2024.0,0.12777660086968204,0.10675552195742628,1.8374296148962654,0.7018206985264106,0.3435055104981831,22,2003-2024,17.32,-13.89,4.389999999999999,-0.16773009206165185,-0.0781423875710736,-0.08958770449057825
PVH,2024.0,0.27372228590294234,-1.1625607626272898,1.2647186362644074,-0.37539283398182327,0.14456288737831746,22,2003-2024,17.32,-13.89,4.389999999999999,-0.047398139722941164,-0.11978240217303245,0.07238426245009127
SENEB,2024.0,0.06499271773394832,0.23229097715700453,-0.403028395463348,-1.4246339243858963,0.3766674501990861,22,2003-2024,17.32,-13.89,4.389999999999999,0.31363574162582614,0.09866472982685971,0.21497101179896644
SENEA,2024.0,0.06541500761569788,0.1910216305990093,-0.48896917349415825,-1.382400205067366,0.40004533859715397,22,2003-2024,17.32,-13.89,4.389999999999999,0.33385730184770235,0.10573040323132749,0.22812689861637486
AGYS,2024.0,0.2398595290949949,-0.3368655654990011,0.472059109969036,-1.4795995633152277,0.1324474615525063,22,2003-2024,17.32,-13.89,4.389999999999999,0.21776053594053713,0.050990981946330324,0.1667695539942068
PBI,2024.0,0.04721304716768636,0.18632893243084153,-1.268571988001393,-1.8353747839440566,0.16616777203649324,22,2003-2024,17.32,-13.89,4.389999999999999,0.39719995287361537,0.17511691438295757,0.2220830384906578
PLX,2024.0,0.14899611464784066,-1.5193625260937311,-1.0641039612632777,1.3408983710448363,0.6113440641156654,15,2003-2024,17.32,-13.89,4.389999999999999,0.5598571405678318,0.09251200383674399,0.4673451367310878
POWL,2024.0,0.22802658653376695,0.038530585281963355,-2.270093757261101,1.224022232970817,0.23361041929624082,22,2003-2024,17.32,-13.89,4.389999999999999,0.5026763092267611,0.6037506828155887,-0.10107437358882765
PR,2024.0,0.09307132607207115,-1.453640402002633,0.9483106115893001,1.461398827536648,0.3301803847823981,10,2003-2024,17.32,-13.89,4.389999999999999,-0.13479345766284923,-0.22626412697567988,0.09147066931283065
PG,2024.0,0.09428516204525464,-0.1645138655121363,0.35108071943760083,-0.21008364006004748,0.099023935570562,22,2003-2024,17.32,-13.89,4.389999999999999,-0.01782970822280256,0.0078035768100338035,-0.025633285032836364
TXNM,2024.0,0.09642798898822927,-0.016214451244781387,0.9966533860764721,-0.05237189712740081,0.09454772593652128,22,2003-2024,17.32,-13.89,4.389999999999999,0.30772259573813837,-0.047114635577281724,0.3548372313154201
PEG,2024.0,0.07034446659093016,0.3140910870387955,0.7016177913888442,0.15552255827738723,0.27380417370949794,22,2003-2024,17.32,-13.89,4.389999999999999,0.11532927001545644,0.03411777195051638,0.08121149806494006
PHM,2024.0,0.17991121127799364,-0.2725781606768218,-0.7296443350993579,-0.26156090847699326,0.05793002616087284,22,2003-2024,17.32,-13.89,4.389999999999999,-0.05450160975125238,0.22256574811192892,-0.2770673578631813
PCYO,2024.0,0.038430945040325376,0.33326419511523353,-1.822807967315086,-0.06591807127520283,0.10069370245807607,21,2004-2024,17.32,-13.89,4.389999999999999,0.2807669440530721,0.3464465269653679,-0.06567958291229575
AGX,2024.0,-0.13800196785194455,2.005952020196187,-4.076557592279583,-0.45513622066475823,0.5348719855675103,10,2015-2024,17.32,-13.89,4.389999999999999,0.8386331793728753,0.7556822915264861,0.08295088784638915
KWR,2024.0,0.26729181665054924,-1.2948436487318822,1.0173235842807191,0.13598120387481083,0.22166783020061065,22,2003-2024,17.32,-13.89,4.389999999999999,-0.21277886396057044,-0.09231177431630044,-0.12046708964427
NX,2024.0,0.244528508746051,-1.06671301585416,1.4902154421640597,-0.6102720368559215,0.3380384254669323,21,2003-2024,17.32,-13.89,4.389999999999999,-0.16487987787775665,-0.17400805293445232,0.009128175056695664
ASYS,2024.0,0.2635140772503631,-1.138831394625711,0.7434918558515898,0.7935215037356034,0.09922177612540373,22,2003-2024,17.32,-13.89,4.389999999999999,-0.11694612349341289,-0.0021669450626028916,-0.11477917843081001
RCMT,2024.0,0.21956524040584385,0.7276332279639481,5.087609230150068,-0.2792129788467994,0.23827717570390128,22,2003-2024,17.32,-13.89,4.389999999999999,0.1367784820163092,-0.37333505635001935,0.5101135383663286
RES,2024.0,0.26646181439821615,-0.8233046329462812,2.7677311565158655,1.3027656813036022,0.2309728253820128,22,2003-2024,17.32,-13.89,4.389999999999999,-0.08471949412092038,-0.20338099225890532,0.11866149813798495
RPM,2024.0,0.1331722236752428,-0.006287550700735841,0.20810502309444706,0.10175392863637153,0.017464523269003718,22,2003-2024,17.32,-13.89,4.389999999999999,0.1047799370984253,0.10764442965319337,-0.002864492554768075
USLM,2024.0,0.402971626957203,-0.48585705956255093,-1.4145599163073077,0.29512216432934774,0.08038023118275262,22,2003-2024,17.32,-13.89,4.389999999999999,0.777181334552065,0.5282594196301126,0.24892191492195237
RRX,2024.0,0.18859466314206094,-0.6662432924539292,0.03837219946723977,0.28902503827920667,0.18931254380803886,22,2003-2024,17.32,-13.89,4.389999999999999,0.10527522282825848,0.08055962556349798,0.024715597264760497
RGS,2024.0,-0.050857342219852844,-0.19861203374205572,0.11245339067781254,-0.22388997046715384,0.01688375006203402,22,2003-2024,17.32,-13.89,4.389999999999999,-0.015675688255129876,-0.11070549213263309,0.0950298038775032
REAL,2024.0,-0.3184928070768285,4.734815174686863,-10.670067131339465,-1.2674539363855413,0.8597849072516642,7,2003-2024,17.32,-13.89,4.389999999999999,2.379351140137984,1.9280082779146626,0.45134286222332154
AN,2024.0,0.21106829213382314,-0.543940742954456,0.44100854360965097,-0.5392191479463169,0.0561903201087367,22,2003-2024,17.32,-13.89,4.389999999999999,0.018648060300561847,0.03192994815188753,-0.013281887851325683
RELL,2024.0,0.2823436752642468,-1.6187833069382944,3.1553824276205544,-0.17275974706473374,0.23685376964549687,22,2003-2024,17.32,-13.89,4.389999999999999,0.1440290678197622,-0.44389636559010254,0.5879254334098647
RGCO,2024.0,0.1322167996204624,-0.4020667518731966,0.28195879382509886,-0.10708959779422035,0.07257887633175863,22,2003-2024,17.32,-13.89,4.389999999999999,-0.04766802530729894,0.018713528390552243,-0.06638155369785118
ROK,2024.0,0.2844466684094584,-1.059623932942837,0.14482338004374212,0.8542637786891832,0.2615326282370425,22,2003-2024,17.32,-13.89,4.389999999999999,0.000596389412501383,0.11830601562013841,-0.11770962620763703
ROG,2024.0,0.12746238870596274,-0.21385507681681454,1.424743667829962,-0.3876910856302595,0.07249560083006579,22,2003-2024,17.32,-13.89,4.389999999999999,-0.20451385382042464,-0.12449384471945965,-0.08002000910096499
ROL,2024.0,0.18960859686581197,-0.19184606760338233,0.3529930347690634,0.05090378766042242,0.041429537639470326,22,2003-2024,17.32,-13.89,4.389999999999999,-0.09102890108697534,0.10958480170577578,-0.20061370279275112
ROST,2024.0,0.22811910216511053,-0.43384562816636113,0.2393906185437665,-0.22330877032251253,0.06588369944842853,22,2003-2024,17.32,-13.89,4.389999999999999,-0.0009601096757419006,0.1099224274338093,-0.1108825371095512
R,2024.0,0.19154136764810048,-0.21703130910264837,-0.184751456589469,-0.11682035070525625,0.012084151262478304,22,2003-2024,17.32,-13.89,4.389999999999999,0.23241422616063112,0.17448510883583832,0.057929117324792806
NEON,2024.0,-0.024972961963711682,1.990665221130292,-7.966785273476157,0.3480979527723274,0.25596230584308344,18,2003-2024,17.32,-13.89,4.389999999999999,2.9288673485945567,1.4416782289485983,1.4871891196459583
SJW,2024.0,0.10230573955851074,-0.22801978851313207,0.6600206055611072,0.34249992618824954,0.14561375445919367,22,2003-2024,17.32,-13.89,4.389999999999999,-0.12648259887262323,-0.013828403164737369,-0.11265419570788586
SCHL,2024.0,0.02501697393430054,-0.2437250786686599,1.0755566210369203,0.007471350776760921,0.1338906879496813,22,2003-2024,17.32,-13.89,4.389999999999999,-0.4369805036615537,-0.16626303205403978,-0.2707174716075139
FRSH,2024.0,-0.34380250380810373,2.0998804545948064,-1.0453900319161424,2.4803123809180403,0.6731220063300634,10,2003-2024,17.32,-13.89,4.389999999999999,0.22725198950901176,0.27398717988317084,-0.046735190374159075
SEB,2024.0,0.2898599132569021,-0.9327307518529835,4.042609930684561,0.44365216054666756,0.2496061624671302,22,2003-2024,17.32,-13.89,4.389999999999999,-0.27706257038246046,-0.4137312424881215,0.13666867210566103
APPS,2024.0,0.895769348419868,-3.4972278537329706,2.101503508604856,-7.512119986515483,0.45239841853869844,10,2015-2024,17.32,-13.89,4.389999999999999,-0.028909493187614554,-0.33163142059992656,0.302721927412312
SEE,2024.0,0.046803295829810396,0.023388782358940867,0.3783279919763116,-0.5940809041580969,0.06759825759141025,22,2003-2024,17.32,-13.89,4.389999999999999,-0.06343794857037693,-0.027775676843671174,-0.03566227172670576
S,2024.0,0.10876226389153855,-0.07809902314504986,-0.21421842568425137,0.23978798823484332,0.0025248056243745154,20,2003-2024,17.32,-13.89,4.389999999999999,0.00764928831356948,0.13551714509386806,-0.12786785678029858
SMTC,2024.0,0.09040231336304178,0.21855882574563132,-0.9260408642706714,-0.9019665279343343,0.13202308775636273,22,2003-2024,17.32,-13.89,4.389999999999999,1.0229665426524217,0.21728744745306408,0.8056790951993577
SCI,2024.0,0.19180380851290957,-0.1005696946933234,1.505399827683946,-0.0031031452653730307,0.1539655990808031,22,2003-2024,17.32,-13.89,4.389999999999999,0.08368837010458167,-0.034851126750424004,0.11853949685500567
SVT,2024.0,0.18188769139991615,-0.708134613868152,1.9199885256167386,0.36899761434253664,0.2361170439731316,22,2003-2024,17.32,-13.89,4.389999999999999,-0.1293323255826505,-0.1912486346605754,0.06191630907792489
SHEN,2024.0,0.15232599700592622,-0.31747884794820247,0.4680846851212939,-0.299316598738444,0.024522809348778485,22,2003-2024,17.32,-13.89,4.389999999999999,-0.2689889811684466,0.019181699093332137,-0.2881706802617787
SHW,2024.0,0.22265484331012425,-0.2925502838562287,0.2204814948491849,-0.5169276113535584,0.13771299433179074,22,2003-2024,17.32,-13.89,4.389999999999999,0.09633683341685641,0.11866713237325247,-0.022330298956396058
SIF,2024.0,0.25441983516865163,-0.6138831622966947,0.6695290008139039,-0.7497285701730919,0.0270106794702365,22,2003-2024,17.32,-13.89,4.389999999999999,0.09656704406556031,0.02218460901521415,0.07438243505034617
MUX,2024.0,0.12086096669973173,-1.9440496033056183,1.574335984438989,-0.03696689988576729,0.36233186297076203,16,2007-2024,17.32,-13.89,4.389999999999999,-0.19948642375369602,-0.43614653973636214,0.23666011598266612
SKY,2024.0,0.28616362477104473,0.3138447553045226,0.11694586136538392,-0.5932129968303106,0.005370563943417506,21,2003-2024,17.32,-13.89,4.389999999999999,0.2533877587122762,0.29823570568528557,-0.04484794697300937
AOS,2024.0,0.22547109040902957,-0.6251531914251757,-0.09059707802532734,-0.07236906366440779,0.10947177317610612,22,2003-2024,17.32,-13.89,4.389999999999999,-0.2059868217714213,0.12660148989703962,-0.3325883116684609
SJM,2024.0,0.1570272119075792,-0.7854856000746211,0.895935268224476,-0.1081263928143753,0.2396439507012077,22,2003-2024,17.32,-13.89,4.389999999999999,-0.018217798658580468,-0.10821105142627596,0.08999325276769549
SNA,2024.0,0.18975446164249649,-0.2812842818832007,0.026512121880164635,0.3866977212823983,0.05200494923505983,22,2003-2024,17.32,-13.89,4.389999999999999,0.2678488897783306,0.15432952025546853,0.11351936952286207
SON,2024.0,0.1150149053432844,-0.5254814610576563,0.8947756421994298,0.10514119540117023,0.18952130312559035,22,2003-2024,17.32,-13.89,4.389999999999999,-0.06525584029216216,-0.09566712193529109,0.030411281643128923
EIX,2024.0,0.11226826758575158,0.02997762483258417,1.1803705513640819,0.28291200134026406,0.2057961870756051,22,2003-2024,17.32,-13.89,4.389999999999999,0.08630624546331321,-0.03407324051887822,0.12037948598219143
AWR,2024.0,0.08272496481089174,0.20037312908546903,0.07495816172156103,0.20589453699444693,0.08819041660850846,22,2003-2024,17.32,-13.89,4.389999999999999,0.0359845436360058,0.11605667227942637,-0.08007212864342057
SO,2024.0,0.0658698270715802,0.12589714893006673,0.8340206077513023,-0.21709064661539929,0.4219458008569805,22,2003-2024,17.32,-13.89,4.389999999999999,0.031742785687328065,-0.037700528536804154,0.06944331422413222
LUV,2024.0,0.11506536147700278,-0.3532675918615691,-0.2596280402421446,0.04475000454744993,0.027114898522050845,22,2003-2024,17.32,-13.89,4.389999999999999,0.14160150431837876,0.09190627455584595,0.04969522976253281
SWX,2024.0,0.08736607149417783,-0.05554073237712192,1.7525070479444538,-0.04937162206911794,0.5006832974816509,22,2003-2024,17.32,-13.89,4.389999999999999,-0.02568785276206091,-0.1678442265218586,0.14215637375979767
SWN,2024.0,0.18531999071598784,-0.11698499712948308,2.1698905013430894,-0.16174358699608715,0.07063848678816043,22,2003-2024,17.32,-13.89,4.389999999999999,0.00948179346476398,-0.14344014489252194,0.1529219383572859
SHYF,2024.0,0.22050224520725054,-0.39720176040052857,-1.1530750656201487,-0.6819364878794395,0.09006502887017165,22,2003-2024,17.32,-13.89,4.389999999999999,-0.050088856378086626,0.2819320151026103,-0.3320208714806969
STAA,2024.0,0.27427878633601366,-0.8626059075964588,0.17318536751232821,-1.7456420496614309,0.12716651799788437,22,2003-2024,17.32,-13.89,4.389999999999999,-0.5367938511094601,0.024186309612707804,-0.5609801607221679
SMP,2024.0,0.15263781754082606,-0.2999954474343352,0.44686950958446114,0.1779124902109076,0.011961812672841576,22,2003-2024,17.32,-13.89,4.389999999999999,0.09018939259811236,0.0464187894841764,0.043770603113935956
SXI,2024.0,0.26277785458242026,-1.1402737208576337,1.007552940038427,0.10942150769933909,0.17313811043789407,22,2003-2024,17.32,-13.89,4.389999999999999,0.11710432363249755,-0.06986305305345843,0.18696737668595598
SWK,2024.0,0.17022159029306422,-0.841207312113089,0.8005537173658919,-0.4452751089815764,0.20661887445818616,22,2003-2024,17.32,-13.89,4.389999999999999,-0.02520859216326486,-0.10622000479133636,0.0810114126280715
NAUT,2024.0,0.3904602690056844,-3.429118966352668,1.4651702954689227,1.7754569440462236,1.0,3,2003-2024,17.32,-13.89,4.389999999999999,-0.32903273016360174,-0.3290327301636018,5.551115123125783e-17
SCL,2024.0,0.1655469019135932,-0.6506349261600624,0.5398419784152768,-0.5028897151473908,0.21347807034576127,22,2003-2024,17.32,-13.89,4.389999999999999,-0.2687772959839196,-0.04420397659418199,-0.2245733193897376
SYK,2024.0,0.18268578882040634,-0.47537437585903486,0.016215843069667765,0.12509567589356477,0.07551779767572664,22,2003-2024,17.32,-13.89,4.389999999999999,0.016029286369434084,0.10359026649097215,-0.08756098012153807
NAVI,2024.0,0.3285092885464301,-1.4393640168682222,1.290540510799903,-0.1876908573597002,0.07299364621181947,18,2003-2024,17.32,-13.89,4.389999999999999,-0.1137373170773817,-0.10828426476334338,-0.005453052314038323
RGR,2024.0,0.22436565852705892,-0.7489569588526654,0.8038887928312541,-0.6757565037161852,0.0890236451361397,22,2003-2024,17.32,-13.89,4.389999999999999,-0.1914676091678983,-0.04667955058362447,-0.14478805858427382
SUP,2024.0,0.06225485303448485,-0.1824246971436673,-0.09722496109665446,-3.5488065542955742,0.2319166597249933,22,2003-2024,17.32,-13.89,4.389999999999999,-0.4192885312498183,-0.11162916514804869,-0.3076593661017696
SGC,2024.0,0.10763761905761664,0.21236514886528507,0.6789670830155393,-1.5223296126538792,0.22118571153133249,22,2003-2024,17.32,-13.89,4.389999999999999,-0.15709092656363755,-0.016719534985279685,-0.14037139157835787
SBOW,2024.0,0.25222906567626996,-0.3543320519181128,1.3779917921115172,-4.620913166577317,0.17445739436006336,20,2003-2024,17.32,-13.89,4.389999999999999,-0.060206166340053324,-0.20340239365298107,0.14319622731292775
ACNT,2024.0,0.15361740402335916,-0.18713911678751705,2.133686802474013,0.6832025315644848,0.13483865432273123,22,2003-2024,17.32,-13.89,4.389999999999999,0.09851141571936477,-0.14517159673219832,0.2436830124515631
SYY,2024.0,0.08075820033398472,-0.17713665210101961,1.0252019063178128,-0.4888706765450641,0.24604448886874308,22,2003-2024,17.32,-13.89,4.389999999999999,0.03849842719163113,-0.11378383529778438,0.1522822624894155
TSRI,2024.0,0.02850938586630758,0.6139624330198715,-1.1145163163723995,-1.3575207124120188,0.2911515369954719,21,2003-2024,17.32,-13.89,4.389999999999999,,0.23005883633458796,
TAYD,2024.0,0.3237020021941054,-1.0355373557925358,-0.4126739768953476,1.4011329240332269,0.19657394112247117,22,2003-2024,17.32,-13.89,4.389999999999999,-0.12168003343636875,0.26317708292666064,-0.3848571163630294
TISI,2024.0,0.11009412696091282,-0.20193669980239828,-0.12152844030085885,0.8541945929017384,0.03400438960469854,22,2003-2024,17.32,-13.89,4.389999999999999,0.38094658280906446,0.12949813354131304,0.25144844926775145
TRC,2024.0,-0.06556401560451933,2.0535495150030645,2.239057489631336,-2.1431111622692436,1.0,4,2003-2024,17.32,-13.89,4.389999999999999,-0.1149769049394012,-0.11497690493940096,-2.3592239273284576e-16
ATI,2024.0,0.41597638805858783,-1.3764521208650835,1.2351104341507464,1.7520612920878929,0.15371756896703392,22,2003-2024,17.32,-13.89,4.389999999999999,-0.05437440082096361,0.08293353214387521,-0.1373079329648388
TFX,2024.0,0.12632195599375493,-0.38991972718136847,0.6824619710807243,-0.05452128169121098,0.06880187821593342,22,2003-2024,17.32,-13.89,4.389999999999999,-0.1981212611396328,-0.03839959280341485,-0.15972166833621795
TDS,2024.0,0.018628184500401643,0.45552731605472624,0.2990868365464199,-0.5987511397564071,0.06385414696853664,28,2003-2024,17.32,-13.89,4.389999999999999,0.6032255768806621,0.029697179009476236,0.5735283978711859
TNC,2024.0,0.2224790257206073,-1.123240092940213,0.5975131233406442,0.49855875602546973,0.254059701710875,22,2003-2024,17.32,-13.89,4.389999999999999,-0.2136145846746087,-0.03317400181913495,-0.18044058285547376
TER,2024.0,0.18086584795738528,-0.4635303865659065,-0.5954365054956755,-0.5890594160320217,0.1469367413819509,22,2003-2024,17.32,-13.89,4.389999999999999,-0.19614709824296467,0.15742880725371383,-0.3535759054966785
TXN,2024.0,0.1552850059522367,-0.1519409416608502,0.17271187862617476,-0.0785444720979979,0.010975909770971959,22,2003-2024,17.32,-13.89,4.389999999999999,-0.07042555944559778,0.10153105259029967,-0.17195661203589746
TXT,2024.0,0.1801875129107276,-0.4665001271212777,1.6608436285032888,-0.26257322250071524,0.10671102222873041,22,2003-2024,17.32,-13.89,4.389999999999999,-0.15567816812168095,-0.1428284535735659,-0.012849714548115038
TMO,2024.0,0.17569891580646815,-0.11478126078040536,0.3241550477425086,-0.12254232361630325,0.01597955538879814,22,2003-2024,17.32,-13.89,4.389999999999999,-0.10494159616682122,0.10541405730111178,-0.210355653467933
THO,2024.0,0.22189325226201395,-0.7473328165024883,-1.3589813197629608,0.2087051059684174,0.23381735904728773,22,2003-2024,17.32,-13.89,4.389999999999999,-0.013556601200431173,0.2903798679108718,-0.30393646911130295
TDW,2024.0,0.12290167928097771,-0.5604184988763438,1.1273990210922025,1.3423396549236535,0.1000934785578661,22,2003-2024,17.32,-13.89,4.389999999999999,-0.4723564244777668,-0.07182981790296358,-0.4005266065748032
SIX,2024.0,-0.054874925322436666,0.494990439861128,-0.5942614134639869,-0.9005604442859303,0.0695684492217078,20,2003-2024,17.32,-13.89,4.389999999999999,-0.08632316634005333,0.07386572568750616,-0.16018889202755948
TKR,2024.0,0.26452044233385935,-1.130500413748108,0.33196291649799986,0.4637361922565573,0.16668152071476627,22,2003-2024,17.32,-13.89,4.389999999999999,-0.14879437540774992,0.042966140411177745,-0.19176051581892767
TR,2024.0,0.04677329851029011,-0.13745775509401667,0.3160176821177392,0.027573528261798694,0.030664139127138945,22,2003-2024,17.32,-13.89,4.389999999999999,0.016805801085504127,-0.019718762827454592,0.03652456391295872
TTC,2024.0,0.2828939150900802,-1.1627879173219875,0.8262490385361959,-0.3518098475972804,0.258286777103117,22,2003-2024,17.32,-13.89,4.389999999999999,-0.18275147620862242,-0.04871139595228623,-0.13404008025633618
TRNS,2024.0,0.3098798688412226,-0.7247303842431773,1.1765800635907502,-0.20553558668593885,0.09824409088669384,22,2003-2024,17.32,-13.89,4.389999999999999,-0.1634591179477935,0.011906583202036391,-0.17536570114982988
TRN,2024.0,0.16810143646851775,0.1949383843458655,-0.4541584780743676,0.9127720571370441,0.06568408010058446,23,2002-2024,17.32,-13.89,4.389999999999999,0.1457466667211691,0.3050180705500676,-0.15927140382889848
TRT,2024.0,0.30518098663278354,-1.3736131620882257,0.80800236025633,0.3329892390860973,0.08658341237881761,22,2003-2024,17.32,-13.89,4.389999999999999,-0.09292690643006862,-0.0303421132846217,-0.06258479314544692
TWIN,2024.0,0.453236421690591,-1.6255538324973509,2.4083789090746164,1.1989114561580239,0.10800877954424848,22,2003-2024,17.32,-13.89,4.389999999999999,-0.04329616345747915,-0.11020111964307713,0.06690495618559798
TYL,2024.0,0.2705289659288343,0.0447878044630533,-0.8299903257897765,-0.29952797530972497,0.05551571563299207,22,2003-2024,17.32,-13.89,4.389999999999999,0.09992308422879938,0.3804225917979382,-0.28049950756913883
TSN,2024.0,0.1402939761684807,-0.2627791362817373,1.7405272268397163,-0.5804243109204722,0.20115673043282356,22,2003-2024,17.32,-13.89,4.389999999999999,-0.026220018789100154,-0.1724592292929615,0.14623921050386135
UAL,2024.0,1.0747676264662736,-6.3383962771891875,7.248281872272963,0.47704028589113046,0.47713757377967037,18,2007-2024,17.32,-13.89,4.389999999999999,0.9484958633651078,-1.0088868922509877,1.9573827556160954
UGI,2024.0,0.07039484239181654,0.16733586327392472,0.8560215620337172,-0.3391104677773673,0.11884625910129021,22,2003-2024,17.32,-13.89,4.389999999999999,0.22086590422571584,-0.034410930591049424,0.2552768348167653
UFI,2024.0,0.15807823544451385,-1.3736487876101418,2.0427795987810162,-0.9470227951564215,0.19548674896082185,22,2003-2024,17.32,-13.89,4.389999999999999,0.014139469422665023,-0.40515412154761277,0.4192935909702778
UNF,2024.0,0.11079670794782566,-0.14280513891684332,0.6651714095174617,-0.37744953858206354,0.1262608199905858,22,2003-2024,17.32,-13.89,4.389999999999999,-0.045845119089849805,-0.022899485638299605,-0.0229456334515502
AEE,2024.0,0.026109359747138607,0.48826027499360525,0.5783464494840896,-0.006162451860416418,0.2760241372999409,22,2003-2024,17.32,-13.89,4.389999999999999,0.22566770469123415,0.030073185906018714,0.19559451878521544
UNP,2024.0,0.1595579780257676,-0.049248452198391614,0.6404126180822242,0.10861111917816083,0.07390164772866192,22,2003-2024,17.32,-13.89,4.389999999999999,-0.027887220230177354,0.0668428615853065,-0.09473008181548385
UG,2024.0,0.07319909273476707,-0.029962970452933165,1.530001168905752,-0.15441722416684722,0.29031613137283907,22,2003-2024,17.32,-13.89,4.389999999999999,0.056209131432745724,-0.1512865722496145,0.20749570368236023
UPS,2024.0,0.07164120215491662,-0.1254653080265636,0.1601804368325769,-0.6895835599712802,0.14183576275588383,22,2003-2024,17.32,-13.89,4.389999999999999,-0.10264316786526945,-0.00261117015406832,-0.10003199771120112
USEG,2024.0,-0.022143453454780054,-1.159105183555369,2.0276595589363184,0.7176483338785649,0.11762130278608951,20,2003-2024,17.32,-13.89,4.389999999999999,0.5510577842188448,-0.4730376221255556,1.0240954063444003
RTX,2024.0,0.12626991666792112,-0.24354226431328127,0.6317289475195259,0.09297438661129291,0.08924490462265289,22,2003-2024,17.32,-13.89,4.389999999999999,0.11760294308754336,0.0004228212506344007,0.11718012183690896
LNW,2024.0,0.258345694306015,0.49023484778294113,-2.076318501712792,-2.84743622486544,0.1611820188745735,22,2003-2024,17.32,-13.89,4.389999999999999,-0.2233735441146265,0.5066525595583344,-0.730026103672961
UTL,2024.0,0.05854189741267264,0.13772781696467412,0.801924412099889,-0.140815545078258,0.26265841954699987,22,2003-2024,17.32,-13.89,4.389999999999999,0.014195165961334043,-0.03517274795865591,0.04936791391998995
SXT,2024.0,0.06977978288997569,0.0646233701650439,0.5177873318904771,-0.3841263577261168,0.08688064596215328,22,2003-2024,17.32,-13.89,4.389999999999999,-0.076315969895314,-0.00781125690120249,-0.06850471299411151
UVV,2024.0,0.07850773920592136,-0.0682151828848869,1.0046435294877876,-0.34788343769759167,0.1456119618867484,21,2003-2024,17.32,-13.89,4.389999999999999,0.1266464412928956,-0.088124199630519,0.21477064092341458
UUU,2024.0,-0.02912191768408629,-0.6272145115386747,0.7351578435012656,0.5237850090976294,0.0653267281718557,20,2004-2024,17.32,-13.89,4.389999999999999,0.4260757428157785,-0.21687473364552462,0.6429504764613031
UHS,2024.0,0.20444454948832308,-0.7324172191541028,0.5883513298227501,0.1387426660250658,0.10159860342151417,22,2003-2024,17.32,-13.89,4.389999999999999,-0.0748466873832779,0.0019586904569528886,-0.0768053778402308
UTMD,2024.0,0.08520366360735715,-0.017877339836680668,0.05919371883177402,0.3101094675401556,0.028276570295423187,22,2003-2024,17.32,-13.89,4.389999999999999,-0.11819862002068285,0.08749910642692348,-0.2056977264476063
VFC,2024.0,0.12002712923070336,0.09737278923328567,0.4681938773807818,-0.4207065803461935,0.04401108534153364,21,2003-2024,17.32,-13.89,4.389999999999999,0.5565165346827122,0.05339094788051996,0.5031255868021922
VSEC,2024.0,0.3087753424659649,-0.7268955937532812,0.026766849838317473,0.019237187432775363,0.05418466270355227,22,2003-2024,17.32,-13.89,4.389999999999999,0.03240274225362126,0.18000362271365314,-0.1476008804600319
VMI,2024.0,0.16947264344607674,-0.02812134146541755,-0.13713420165493248,-0.1289070209576701,0.004743695539864867,22,2003-2024,17.32,-13.89,4.389999999999999,0.07492033391043715,0.1779909494940948,-0.10307061558365765
VALU,2024.0,-0.007292418998859421,1.1910590098057523,0.6515870974149542,0.33319916600365973,0.2561614955326392,21,2004-2024,17.32,-13.89,4.389999999999999,0.19436829015936574,0.12312099705612035,0.07124729310324539
VECO,2024.0,0.3554550910413948,-2.5718735855508332,1.9657122523906079,-0.7700771444403309,0.38982670366177397,22,2003-2024,17.32,-13.89,4.389999999999999,-0.473228876811185,-0.39683723247399544,-0.07639164433718953
VLGEA,2024.0,0.13410874362386085,-0.14181605276341705,0.49242836523382594,0.10106710210974906,0.02981207372987893,22,2003-2024,17.32,-13.89,4.389999999999999,0.1807056410460134,0.04558474913687659,0.1351208919091368
VRA,2024.0,0.41809264944951274,-3.322748040297223,2.159626598374202,-1.9215296838926577,0.3804246417632112,14,2004-2024,17.32,-13.89,4.389999999999999,-0.41918526403927,-0.5417345987670306,0.12254933472776058
VIRC,2024.0,0.052273332547527994,0.39154088755598937,0.10199753453044502,-1.1632463085803026,0.07764120922671514,22,2003-2024,17.32,-13.89,4.389999999999999,-0.3085606638229562,0.05485424377927127,-0.3634149076022275
VSH,2024.0,0.17404636460085654,-0.9319732269874902,0.04523444371468671,0.7830082034078427,0.15020180089218726,22,2003-2024,17.32,-13.89,4.389999999999999,-0.2788144671755823,0.04071959758425755,-0.3195340647598398
VMC,2024.0,0.1545314732077933,-0.2913781865352768,0.04081330987926564,0.25534207228433314,0.03450986647255461,22,2003-2024,17.32,-13.89,4.389999999999999,-0.009004696997366224,0.1096053195309356,-0.11861001652830182
WDFC,2024.0,0.10524416783743072,0.13854712901084593,-0.09661170220067136,-0.4735639203550312,0.13491373938670503,22,2003-2024,17.32,-13.89,4.389999999999999,0.06535752608386167,0.12187043991419665,-0.05651291383033498
WMT,2024.0,0.06231411042073319,0.3137510037785989,-0.8145323561476157,-0.17321037635029699,0.23267739224016437,22,2003-2024,17.32,-13.89,4.389999999999999,0.2940443959977826,0.22219039302231228,0.07185400297547032
WBA,2024.0,0.012763445978814986,-0.1310123971522728,0.666276378227844,0.2267164307776727,0.03413476078875821,22,2003-2024,17.32,-13.89,4.389999999999999,-0.23278164891012443,-0.09252083883266636,-0.14026081007745805
GHC,2024.0,0.043335212201963375,0.2688515852012419,-0.13354521694781735,-0.476222280016527,0.04595894077189966,22,2003-2024,17.32,-13.89,4.389999999999999,0.2047346723211355,0.08754357930014477,0.11719109302099075
AVA,2024.0,0.08346421898943654,-0.04510635650853536,0.74361222840415,0.019267093315614714,0.10023479329772511,22,2003-2024,17.32,-13.89,4.389999999999999,0.037547306626379284,-0.026790115086622733,0.06433742171300202
WSO,2024.0,0.2696131655517294,-0.6298776983432743,0.07628507532927845,-0.04728282588346264,0.12573524541270287,44,2003-2024,17.32,-13.89,4.389999999999999,-0.022838170923691753,0.1478466351791535,-0.17068480610284525
WMK,2024.0,0.03409502274957685,0.2872713172183918,0.44039947376815125,-0.06196539665845269,0.13119125012056132,22,2003-2024,17.32,-13.89,4.389999999999999,0.041799985743654705,0.019958647072100034,0.02184133867155467
WSC,2024.0,0.10009881103003816,-0.1488685288084106,0.22951013584463403,-0.5272907282652237,0.048067959065128174,15,2003-2024,17.32,-13.89,4.389999999999999,-0.15829863141860506,0.019287761000758467,-0.17758639241936353
GBR,2024.0,0.41405097685454295,-1.2798271793227278,1.0415356576487034,-3.4685788593415485,0.1433775315642346,17,2003-2024,17.32,-13.89,4.389999999999999,-0.32191920167486954,-0.10455500537665235,-0.21736419629821718
WST,2024.0,0.22488311253110158,-0.033189554080445896,-0.45259396833638776,-0.3746720620915133,0.05639949562747948,22,2003-2024,17.32,-13.89,4.389999999999999,-0.05124545675726866,0.2655518804404752,-0.31679733719774383
WDC,2024.0,0.14899287495460603,0.1475624733043447,-0.8666012649579609,-0.5905021191651433,0.04757955301721195,22,2003-2024,17.32,-13.89,4.389999999999999,-0.25999484478560003,0.2689985680022295,-0.5289934127878295
WRK,2024.0,0.10776307087259598,-0.12973352852104925,0.4596420834097071,-0.9234845754879205,0.11628842319867982,22,2003-2024,17.32,-13.89,4.389999999999999,-0.027880166340053324,-0.01909203451677776,-0.008788131823275563
WEYS,2024.0,0.04865695240816558,0.2095844753021789,-0.06118802699119077,0.4292209524404547,0.22224117810905542,22,2003-2024,17.32,-13.89,4.389999999999999,0.28011076699534626,0.11229880029171532,0.16781196670363094
WHR,2024.0,0.21805504006739423,-1.292354671938055,0.8432059738091183,-0.44673418275166193,0.22051867246936419,22,2003-2024,17.32,-13.89,4.389999999999999,0.11062188990304549,-0.14251372949716137,0.25313561940020685
WLY,2024.0,0.04720915029934167,0.05396517676764868,0.7982765529323691,-0.3867066302650157,0.10026419766790429,22,2003-2024,17.32,-13.89,4.389999999999999,0.051426333374619645,-0.07130111535544184,0.12272744873006149
WLYB,2024.0,0.04673793413301778,0.06157235757015376,0.7934465965955186,-0.3716933273387172,0.09791942397831666,22,2003-2024,17.32,-13.89,4.389999999999999,0.054925313667587336,-0.06912480287311881,0.12405011654070615
WMB,2024.0,0.1516830429165163,0.5004879537672687,0.7640013602378702,0.6570534078687927,0.17130105073419777,22,2003-2024,17.32,-13.89,4.389999999999999,0.25097401895422766,0.16109241217740705,0.08988160677682061
WMS,2024.0,0.2409288699885305,-0.7113961224834583,0.2842223364154944,-1.5935800694546083,0.3058026494619972,20,2003-2024,17.32,-13.89,4.389999999999999,-0.3245046826365985,0.008278413997226078,-0.33278309663382455
WSM,2024.0,0.24982706159129442,-0.538166825335434,0.47604470279732136,-1.1989015052394845,0.1396466081743547,22,2003-2024,17.32,-13.89,4.389999999999999,0.27505866458451633,0.03786218214463596,0.23719648243988037
WGO,2024.0,0.1841016692617674,-0.7466706471289766,-0.7580695424497905,-0.041848663405827075,0.12538595003442377,22,2003-2024,17.32,-13.89,4.389999999999999,-0.160273065074794,0.15823701630178877,-0.31851008137658277
WEC,2024.0,0.10673794294619977,0.03003860800256926,0.9491416587836724,-0.1427606247909829,0.2766664880130718,22,2003-2024,17.32,-13.89,4.389999999999999,0.1723432238907937,-0.02616233798113146,0.19850556187192517
LNT,2024.0,0.12774898050625144,-0.11104553512697765,0.88437920903182,-0.09389291163201191,0.17514755544095328,22,2003-2024,17.32,-13.89,4.389999999999999,0.13429968572071327,-0.018446277132906204,0.15274596285361947
WWW,2024.0,0.09366169083680276,0.032495449026601626,-0.17696794636390625,-0.19475851624851875,0.009022503527983283,22,2003-2024,17.32,-13.89,4.389999999999999,0.6168141216954127,0.11532085149484678,0.5014932702005659
WWD,2024.0,0.2195727188909449,-0.3676613848854081,1.0441089973474602,-0.1392748431682721,0.07695469898251162,22,2003-2024,17.32,-13.89,4.389999999999999,-0.08987146362123252,0.004752861682142849,-0.09462432530337538
FL,2024.0,0.14140623912454886,-0.43757405327487814,0.929826782645234,-0.7157510594087753,0.07634346673199355,22,2003-2024,17.32,-13.89,4.389999999999999,-0.17378631833800617,-0.09495599852012825,-0.07883031981787793
WOR,2024.0,0.1886753193584038,-0.5493793621985662,-0.32051001041170935,0.20211593050046156,0.07237446934102032,22,2003-2024,17.32,-13.89,4.389999999999999,-0.19244408920155848,0.1469145436207688,-0.33935863282232726
XRX,2024.0,0.03564534531636236,-0.7379061964939717,1.4550750835420045,0.7728534097959867,0.24484212936608818,21,2003-2024,17.32,-13.89,4.389999999999999,-0.28200159979523753,-0.2603416723303342,-0.02165992746490336
YORW,2024.0,0.08582612492595483,-0.13995096201201443,0.15181737683179114,-0.12074845561144996,0.0216706705763009,22,2003-2024,17.32,-13.89,4.389999999999999,-0.15389697826620363,0.0351983274621955,-0.18909530572839914
SPB,2024.0,0.051507715441990745,0.383008321358047,-1.0895280195240147,-0.5833643962048002,0.1078080462227472,25,2003-2024,17.32,-13.89,4.389999999999999,-0.05431200711744402,0.2435705016196994,-0.2978825087371434
TJX,2024.0,0.19314078858479808,-0.23177986249031277,0.17954311663437666,-0.19938759653067334,0.04307187746326502,22,2003-2024,17.32,-13.89,4.389999999999999,0.05708550289482951,0.11930486201326443,-0.062219359118434917
FLUX,2024.0,0.34975416149325605,-3.8973536058863534,1.6021637135194755,0.20195576494818024,1.0,3,2022-2024,17.32,-13.89,4.389999999999999,-0.5389421647728905,-0.5389421647728905,0.0
OSK,2024.0,0.33437548641745707,-1.774093733784424,1.8335939367458935,-0.671069127291073,0.3229178296263384,22,2003-2024,17.32,-13.89,4.389999999999999,-0.16101301041034666,-0.25704368077608786,0.0960306703657412
QLYS,2024.0,0.12392454762566853,0.7088941498939385,0.3657075302117948,0.6144315569431914,0.17118715856450817,11,2014-2024,17.32,-13.89,4.389999999999999,-0.06366999952891571,0.22288178379068646,-0.2865517833196022
OVV,2024.0,1.1260567380627444,-3.3846353771389035,5.129515626262831,-3.6461919069499844,0.7543519095835446,5,2020-2024,17.32,-13.89,4.389999999999999,-0.16967119974795636,-0.33271965446072516,0.1630484547127688
LCII,2024.0,0.26528737406718916,-0.9732131758942998,0.9491233937790621,-0.027184462600346015,0.13057982196084084,22,2003-2024,17.32,-13.89,4.389999999999999,-0.028368146369035944,-0.03629978530177046,0.007931638932734512
JKHY,2024.0,0.11413999994950795,0.04234289379295025,0.12020664737765915,0.035888132755301255,0.007748915030335701,22,2003-2024,17.32,-13.89,4.389999999999999,0.015528058963304128,0.10635257486164779,-0.09082451589834366
NMIH,2024.0,0.5764483652825527,-2.695270458443443,1.9979962327541678,-0.030546279093936646,0.25927108310779634,11,2014-2024,17.32,-13.89,4.389999999999999,0.03292549239630935,-0.16923513650162933,0.20216062889793868
ARKR,2024.0,0.19110072858409538,-0.7538376289871008,1.7917909765684008,-0.1262143740958911,0.08081868427284922,22,2003-2024,17.32,-13.89,4.389999999999999,-0.2079210486049099,-0.19388452642463097,-0.014036522180278926
NGVC,2024.0,-0.45367616233414465,3.898093718358273,-3.8592505231312515,0.012501028343807508,0.46132884365843563,12,2013-2024,17.32,-13.89,4.389999999999999,0.8385923780435357,0.7580723624927321,0.08052001555080357
RMCF,2024.0,0.15482688387008348,-0.6564829340237277,2.7361007908765114,-0.45773736878664073,0.14624972273077708,22,2003-2024,17.32,-13.89,4.389999999999999,0.05756353419948575,-0.3590150306453071,0.41657856484479283
RBB,2024.0,-0.09463135375365257,0.49329417129767833,-0.43085990019087345,-1.7430765776479782,0.5216029174684111,7,2018-2024,17.32,-13.89,4.389999999999999,0.05779208807953409,-0.025867424907128587,0.08365951298666269
ALRN,2024.0,-0.21849921882363815,-0.3474433459206553,-0.4260541497016157,-0.5390541386553533,0.071686522991799,13,2003-2024,17.32,-13.89,4.389999999999999,-0.2166550601096709,-0.24316196163051126,0.02650690152084037
ELA,2024.0,0.5091910661634587,-1.5391001275493217,0.06560870122859869,-0.7528349015393783,0.060151372683775794,18,2003-2024,17.32,-13.89,4.389999999999999,0.5521287787118679,0.20045642329368513,0.3516723554181828
BIG,2024.0,0.03628912058440802,-0.871010325629141,1.5135733504446516,-0.8232368319311578,0.1443767716221862,22,2003-2024,17.32,-13.89,4.389999999999999,-0.9845534714649535,-0.3609453031130991,-0.6236081683518544
MSFT,2024.0,0.138735262331153,0.22369864751840807,-0.6318345564083804,-0.2914280912546953,0.10700331180128098,22,2003-2024,17.32,-13.89,4.389999999999999,-0.10037634284846456,0.25244799476038415,-0.3528243376088487
ORCL,2024.0,0.1712036020927785,-0.25794544066954805,-0.6011044325186967,0.5213220025523316,0.19651640798335768,22,2003-2024,17.32,-13.89,4.389999999999999,0.1393943140004792,0.2329068933577071,-0.0935125793572279
COTY,2024.0,0.2650542749220391,-1.63268086568549,1.8280083338752997,-0.47542284044875566,0.08134261757646333,11,2014-2024,17.32,-13.89,4.389999999999999,-0.3523702450883725,-0.2925074712856673,-0.059862773802705216
RGEN,2024.0,0.14202275081138258,1.4156887071761557,-2.431480941463294,-0.09335076350805116,0.17014553109154007,23,2003-2024,17.32,-13.89,4.389999999999999,0.09485676616810167,0.7208546391455408,-0.6259978729774391
DSS,2024.0,-0.11984760661521865,-1.6990049592252965,2.107350140273513,1.1701636733546565,0.38750250483057225,13,2005-2024,17.32,-13.89,4.389999999999999,-0.5237259178399566,-0.6554560147767615,0.13173009693680493
XOMA,2024.0,0.04963797557893493,0.6668100290872925,-0.7902541131610239,-0.5177321538191467,0.020633097322098504,12,2012-2024,17.32,-13.89,4.389999999999999,0.062347017741598384,0.25216732738225967,-0.18982030964066127
ASTE,2024.0,0.1514270590052609,-0.44628258656974196,-0.2947883486878069,0.13806351487654528,0.0496764392738227,22,2003-2024,17.32,-13.89,4.389999999999999,0.09404026750705384,0.12113800494719831,-0.027097737440144473
WERN,2024.0,0.11186142174976786,-0.4981036918744768,-0.1304178945203756,0.10537218038518274,0.21254964225680217,22,2003-2024,17.32,-13.89,4.389999999999999,-0.037070412044698964,0.04833074658489818,-0.08540115862959714
DLHC,2024.0,-0.1390787059787435,1.4097283191968257,-0.9979495704925554,-1.3415087443153815,0.4222568695910984,19,2003-2024,17.32,-13.89,4.389999999999999,-0.2865643714397763,0.18480920037211743,-0.47137357181189377
MGM,2024.0,0.25916958955173375,-1.0295641359189198,1.420170587729947,-0.1747562055935158,0.07521005193057773,24,2003-2024,17.32,-13.89,4.389999999999999,-0.2672781805802672,-0.12408441085066814,-0.14319376972959907
REFR,2024.0,-0.0002211815037725176,-0.5377239519634895,0.3279691628398801,1.1177670828701392,0.08833292665403503,21,2003-2024,17.32,-13.89,4.389999999999999,-0.11763303008629578,-0.08983991176430915,-0.027793118321986623
AMWD,2024.0,0.1290983444874526,-0.2575269029967921,-1.691920926157359,0.2972624305749254,0.21086893734926682,22,2003-2024,17.32,-13.89,4.389999999999999,-0.03515035745393114,0.3325523222339046,-0.3677026796878357
CLDX,2024.0,0.1639638224230922,1.209173850839939,-6.17024232603106,-3.014313599262417,0.3371056218754085,19,2003-2024,17.32,-13.89,4.389999999999999,-0.36419288836923697,1.0981110254666637,-1.4623039138359006
HOG,2024.0,0.10137475860863451,-0.5637965613231704,0.8672447033088454,-0.3201274282614141,0.06119347091358551,22,2003-2024,17.32,-13.89,4.389999999999999,-0.1394621913400722,-0.13078868920281328,-0.008673502137258926
SKYW,2024.0,0.20784598354085942,-0.4427728020023511,-1.5274987232641277,0.05170194791311339,0.11986659893847873,23,2002-2024,17.32,-13.89,4.389999999999999,0.1730753740810485,0.3455970224088252,-0.17252164832777672
TOL,2024.0,0.16747014317906875,-0.07090874283314823,0.21664083988161376,-0.14522760640094073,0.0032616915008781833,22,2003-2024,17.32,-13.89,4.389999999999999,0.05000788435684059,0.11872184433981002,-0.06871395998296943
POR,2024.0,0.06974024536839625,0.013432344333515714,0.8534692750093775,0.07337464906803509,0.17923106279335355,18,2007-2024,17.32,-13.89,4.389999999999999,-0.015978919504267077,-0.04325900779775462,0.027280088293487544
IT,2024.0,0.2959611409617251,-0.7955424790626613,0.6979163137080808,-0.3696201787625632,0.1039870162760066,25,2003-2024,17.32,-13.89,4.389999999999999,0.03187425983238723,0.04500628176634323,-0.013132021933955997
WTS,2024.0,0.20704296700060032,-0.6864528686578482,0.4447033356170262,-0.13304080808630836,0.11832895005648869,22,2003-2024,17.32,-13.89,4.389999999999999,0.06634333421833521,0.02053954535686716,0.045803788861468055
PDEX,2024.0,0.09393644740977801,0.9711524816307309,-1.652216308634232,-0.9409996048756255,0.09664147254557931,21,2003-2024,17.32,-13.89,4.389999999999999,1.3333682934729276,0.4503230198434755,0.8830452736294521
NVR,2024.0,0.20609357771745226,-0.5007858110183604,0.4275019261961743,-0.12002110354072318,0.07045390525659234,22,2003-2024,17.32,-13.89,4.389999999999999,0.030812221605837367,0.0547085312549859,-0.02389630964914853
WKC,2024.0,0.28390569222906203,-1.363995992745158,1.3120534914560398,-0.45632807892825505,0.2010661669896222,23,2003-2024,17.32,-13.89,4.389999999999999,0.03178845453638103,-0.1546154463425936,0.18640390087897463
CLFD,2024.0,0.25748007271144385,-0.33892462956721614,1.3305877496935685,-1.2231101495204344,0.09067298653271816,23,2003-2024,17.32,-13.89,4.389999999999999,-0.24303889477158286,-0.03973484712598167,-0.20330404764560117
ATUS,2024.0,-0.18580187266668513,-0.06278651945445028,-0.672807290568322,-1.9019386563059828,0.5661344864834683,7,2018-2024,17.32,-13.89,4.389999999999999,0.1343930182130319,-0.18671867218808863,0.32111169040112053
ADBE,2024.0,0.17874856640451098,0.05791406365399463,-0.5870466644021536,0.04633243739517215,0.027395883845537372,22,2003-2024,17.32,-13.89,4.389999999999999,-0.24653473593916386,0.27235405791649003,-0.5188887938556539
HHS,2024.0,-0.13145526071363003,0.0415130586002676,1.0434537282233103,-0.8324080419695297,0.12999989270598133,20,2003-2024,17.32,-13.89,4.389999999999999,-0.41274517306901076,-0.30574363485674383,-0.10700153821226693
DJCO,2024.0,0.17953095567266622,-0.22644223882971223,-0.18939728488429652,-0.2716653922896248,0.060857870079323084,22,2003-2024,17.32,-13.89,4.389999999999999,0.3928632429614794,0.15469233205627433,0.23817091090520506
VHI,2024.0,0.2598296900689905,0.20022184207279262,3.8230625093188233,0.07908477117258883,0.1487882410957696,22,2003-2024,17.32,-13.89,4.389999999999999,0.2721080981191307,-0.23304344797390972,0.5051515460930405
EHC,2024.0,0.1853544389043627,-0.43896487270243056,-0.22328907948754423,0.5321336986287231,0.19442407389819383,18,2007-2024,17.32,-13.89,4.389999999999999,0.03306528661341927,0.16370124546292256,-0.1306359588495033
LAKE,2024.0,0.11057937018249703,0.18180252928681398,-1.5369888906581861,-0.4084312634543114,0.07370376676112744,22,2003-2024,17.32,-13.89,4.389999999999999,0.06965992784280957,0.337625192701751,-0.26796526485894145
PAMT,2024.0,0.2610985301948241,-0.2862031614598845,3.060095134254394,0.9616731556550893,0.13490722790923848,22,2003-2024,17.32,-13.89,4.389999999999999,-0.10397489791887445,-0.17130161998470478,0.06732672206583033
MHO,2024.0,0.10751128436527373,-0.003152167512422536,-1.622272490218437,0.08311333828237638,0.12065451678789474,22,2003-2024,17.32,-13.89,4.389999999999999,0.04152446467669725,0.33594765339405935,-0.2944231887173621
MRTN,2024.0,0.15305713817509975,-0.3274993922562502,-0.38134066896572627,0.4911254937819942,0.1192327826558659,22,2003-2024,17.32,-13.89,4.389999999999999,-0.19478016575676127,0.17086287153268612,-0.36564303728944736
FI,2024.0,0.13986562910883968,0.15696726384765283,-0.6607193271482867,0.3538786503814604,0.15423926315119307,22,2003-2024,17.32,-13.89,4.389999999999999,0.3313061360290802,0.27436154649989625,0.056944589529183964
KBH,2024.0,0.13397145093437615,-0.19550689469822316,-0.79849417910014,0.128725848933126,0.03397136727446726,22,2003-2024,17.32,-13.89,4.389999999999999,-0.10489817993082555,0.2166715630178176,-0.32156974294864316
CVM,2024.0,-0.43316437803080965,0.14381375557945447,-1.3422612772843163,-0.665780165633217,0.15070922518968244,8,2014-2024,17.32,-13.89,4.389999999999999,-0.7022401944309639,-0.2510434934209548,-0.4511967010100091
ABEO,2024.0,0.48284946135583634,-3.117223273851856,-1.899140609087957,1.6353774524976545,0.17938702550232466,12,2003-2024,17.32,-13.89,4.389999999999999,0.26669895782131325,0.27853009109165916,-0.011831133270345906
ANIX,2024.0,0.25693486276197,-0.936421446285576,2.442003566727512,0.1584856664284927,0.08398343722961599,9,2016-2024,17.32,-13.89,4.389999999999999,0.0027917156221749853,-0.23749010639693235,0.24028182201910733
APYX,2024.0,0.08094307650647456,0.29409212644052674,-1.5427675352699746,0.2759405258227659,0.040767303203152694,21,2004-2024,17.32,-13.89,4.389999999999999,0.132121525498975,0.3582840325385927,-0.2261625070396177
PPC,2024.0,0.16430735189723655,0.3743050287038912,2.1686103505231857,-0.42366019706376234,0.11479911184737246,20,2003-2024,17.32,-13.89,4.389999999999999,0.13228676242509152,-0.09068167747001916,0.22296843989511067
CHX,2024.0,0.9652683689523227,-4.942849602802949,5.313861804952529,-1.7849626402288523,0.6103389300943819,7,2003-2024,17.32,-13.89,4.389999999999999,-0.2232167292967132,-0.7072884468671008,0.4840717175703876
RENT,2024.0,0.18458741240116094,-0.847543642431985,1.3947281109562808,2.2431957988201563,0.20117791346608016,15,2003-2024,17.32,-13.89,4.389999999999999,-0.5632016933119522,-0.057458585511681426,-0.5057431078002708
CATX,2024.0,-0.4016332880814687,-0.5623306582026771,1.679213046947471,-0.02485677595853031,0.9960440873852862,5,2010-2024,17.32,-13.89,4.389999999999999,-0.7270213085899777,-0.7333628627677555,0.0063415541777778195
JJSF,2024.0,0.1683924234899804,-0.5206028966845062,0.6387527817183368,-0.18444669286389026,0.18079670184238672,22,2003-2024,17.32,-13.89,4.389999999999999,-0.08241634331237616,-0.01859596941317783,-0.06382037389919833
HTLD,2024.0,0.047424025785050714,-0.26754529995251713,-0.1979586750984332,0.7196305675407689,0.2855612004904782,22,2003-2024,17.32,-13.89,4.389999999999999,-0.13389916417042969,0.060173421719486864,-0.19407258588991655
ICAD,2024.0,0.1304057936909087,-0.88167059038326,0.8716327341739138,-1.6738983840072215,0.15382819118797197,21,2003-2024,17.32,-13.89,4.389999999999999,0.3607115927563496,-0.21685347839814556,0.5775650711544952
OSUR,2024.0,0.2652748149631051,-1.4143527874961417,-0.48370740518214783,1.2371073688107475,0.16038780193744673,22,2003-2024,17.32,-13.89,4.389999999999999,-0.1995634693309722,0.14180488423936555,-0.34136835357033773
FRPH,2024.0,0.10660383797760427,-0.015711815285523296,0.564082817174436,0.11775287187567644,0.044316574643471385,22,2003-2024,17.32,-13.89,4.389999999999999,0.027001317160201405,0.030700799339964682,-0.0036994821797632776
PLXS,2024.0,0.17020546886972418,-0.0981495711285455,-0.9895959030818983,0.7452229085909831,0.1327862022796299,22,2003-2024,17.32,-13.89,4.389999999999999,0.4695918785219323,0.3233761197754799,0.14621575874645237
CDZI,2024.0,0.09135253507741348,-0.4851244321283651,-2.7238608608462855,0.9201562437055683,0.31835900543111106,20,2005-2024,17.32,-13.89,4.389999999999999,0.6358667011537119,0.4260681161030041,0.2097985850507078
IMKTA,2024.0,0.1122722683132252,0.3946158865679061,0.6756555048773202,0.2882016100661097,0.08431637520970969,22,2003-2024,17.32,-13.89,4.389999999999999,-0.10341524190038319,0.09942324092122898,-0.20283848282161215
XWEL,2024.0,-1.145516266697318,5.645082924526452,-3.047566484168612,-2.554854498973545,0.21530637878708003,8,2011-2024,17.32,-13.89,4.389999999999999,-0.20809264428516933,0.14336096797674505,-0.3514536122619144
BLD,2024.0,0.14752073116140904,-0.28699669955907037,-0.7019261368565797,0.023784837048306556,0.05367216721320989,17,2004-2024,17.32,-13.89,4.389999999999999,-0.23887228124940912,0.19635459755357762,-0.4352268788029867
RDNT,2024.0,0.2712498660126744,0.3153652674765368,-1.5329638713628928,0.8454888120138431,0.07941269023187092,17,2008-2024,17.32,-13.89,4.389999999999999,0.13835467091364556,0.5759167709193241,-0.4375621000056786
JACK,2024.0,0.17103651545440432,-0.5015122014850213,-0.45925043262835685,0.6291752744298496,0.10582087505839877,22,2003-2024,17.32,-13.89,4.389999999999999,-0.2135472040494268,0.1755852817967478,-0.38913248584617455
PLAB,2024.0,0.04151365636844759,0.04829605555804127,0.6792086843527794,0.5089260951541978,0.08293527824790747,22,2003-2024,17.32,-13.89,4.389999999999999,-0.09197473057066832,-0.02212169748823144,-0.06985303308243689
LAUR,2024.0,0.28283378895258215,-0.7783333681668178,1.8467167342963675,-0.28991097557386686,0.26243108458700093,12,2003-2024,17.32,-13.89,4.389999999999999,0.17725046286437263,-0.12120959663536886,0.29846005949974147
ICCC,2024.0,0.10752892852940941,-0.19275210353933084,1.8429018819547636,-0.588803560105961,0.10804814963409581,22,2003-2024,17.32,-13.89,4.389999999999999,0.01487282567264693,-0.20768328349577103,0.22255610916841795
KRMD,2024.0,-0.35501767385513366,1.132334853619171,-3.764083199064279,1.0096129476016253,0.9996795562431194,5,2020-2024,17.32,-13.89,4.389999999999999,0.40584991682223526,0.40825588754144637,-0.0024059707192111146
MESA,2024.0,0.30368247750832755,-3.5997613372613264,2.2030223955774453,-2.274486058725934,0.39575614963364736,11,2003-2024,17.32,-13.89,4.389999999999999,-0.36861868585509056,-0.7256459348291098,0.3570272489740192
VOXX,2024.0,0.14750810168418219,0.19474436144962676,-3.7022354261331567,-0.7397025995861288,0.23080311027473244,21,2003-2024,17.32,-13.89,4.389999999999999,1.288461240297153,0.6630053816553221,0.6254558586418308
DXLG,2024.0,0.05520441800424597,-1.273776908725132,2.2259984995632465,1.117193623000003,0.37198919369252326,19,2003-2024,17.32,-13.89,4.389999999999999,-0.3079700570044349,-0.42556013412658167,0.11759007712214675
SWTX,2024.0,0.4886349202901391,-2.5146706696263226,0.7464782291775711,-2.3868534442843243,0.9840991912696165,6,2003-2024,17.32,-13.89,4.389999999999999,-0.08786322248465245,-0.1553747319259864,0.06751150944133394
CDNS,2024.0,0.18041341633667474,0.10543933270691418,-0.09558611053188557,0.3053883823864712,0.018738028788237493,22,2003-2024,17.32,-13.89,4.389999999999999,-0.07066934248926618,0.22535896950115725,-0.29602831199042345
BRY,2024.0,0.1932992452344328,-0.379760013180165,2.947971309470032,0.597059211051669,0.3499530366711662,17,2003-2024,17.32,-13.89,4.389999999999999,-0.335605327688416,-0.255737504568591,-0.07986782311982499
SNGX,2024.0,-0.7747885134114519,2.172447995288687,-2.882504269241748,-0.09719456187438835,1.0,4,2017-2024,17.32,-13.89,4.389999999999999,-0.0024075188960579683,-0.0024075188960582467,2.7842311789427754e-16
MIDD,2024.0,0.4042200240121742,-1.100739034026282,1.4302049464959121,-0.5502869029169299,0.06020962977113731,22,2003-2024,17.32,-13.89,4.389999999999999,0.057741377419422896,-0.009241038787513214,0.06698241620693611
CPSH,2024.0,0.4728356290695592,-2.382633428674267,0.001567669898537849,-4.643033627678797,0.5352551254184259,9,2016-2024,17.32,-13.89,4.389999999999999,-0.09992284396099585,-0.14388340638082986,0.04396056241983401
CRMT,2024.0,0.11628523182971943,-0.23026329982439844,0.45411337516238,-0.6124153303380663,0.0709350716967424,22,2003-2024,17.32,-13.89,4.389999999999999,-0.1957938656151404,-0.013557752511762059,-0.18223611310337834
CNMD,2024.0,0.13768472691410139,-0.2797813086231197,0.45634020349580007,0.1148927204856512,0.01555019903202759,22,2003-2024,17.32,-13.89,4.389999999999999,-0.05403698255664768,0.030884740424330523,-0.08492172298097819
XRAY,2024.0,0.059584072847981444,-0.46217169059758517,0.46271052729365875,-0.14475855880142627,0.07364598260173671,22,2003-2024,17.32,-13.89,4.389999999999999,-0.2740723865119218,-0.09108945693599213,-0.18298292957592965
PARAA,2024.0,0.12474131075464454,-0.6157038042465475,1.584600147475381,-0.554428104016059,0.0934405051160262,22,2003-2024,17.32,-13.89,4.389999999999999,0.17179485275553236,-0.22633894239149288,0.39813379514702524
PARA,2024.0,0.11589876487622791,-0.7996288372220508,1.9282614445722102,-0.49957015131254945,0.11709116754474402,22,2003-2024,17.32,-13.89,4.389999999999999,-0.030668407378971,-0.3123635940243321,0.28169518664536114
ZTS,2024.0,0.20972794910515147,-0.3497592746361623,0.5449720189893228,-0.480874273524453,0.14195511751245404,11,2014-2024,17.32,-13.89,4.389999999999999,-0.10261439894710361,0.052342648692827745,-0.15495704763993134
PMD,2024.0,0.04095330150822926,-0.3050013813609245,1.1593202978377066,0.3556770164592393,0.08180412953006067,22,2003-2024,17.32,-13.89,4.389999999999999,-0.34450133376175446,-0.1572883060905797,-0.18721302767117476
NAII,2024.0,0.02980895886902412,0.12563134876172577,0.847012730229237,-2.0590424711931283,0.3108805931512444,22,2003-2024,17.32,-13.89,4.389999999999999,-0.33103454696419243,-0.1564737242396643,-0.17456082272452814
HRTX,2024.0,-0.056501098061167786,0.03363716908525837,0.7859812128117243,-1.8211391349985604,0.09349523971937801,16,2003-2024,17.32,-13.89,4.389999999999999,-0.6098383857506521,-0.23979593886158632,-0.37004244688906573
FICO,2024.0,0.24901498911096767,-0.06400804913342828,-0.7689247313325618,0.3279409789384269,0.05365611405658588,22,2003-2024,17.32,-13.89,4.389999999999999,0.29041768206378654,0.3591290491585477,-0.06871136709476117
RGLS,2024.0,-0.4911159430753037,2.27773339326441,-0.018640163554547784,1.0374757262997398,0.43520305476688015,8,2013-2024,17.32,-13.89,4.389999999999999,-0.16182804326962735,-0.04847821625962265,-0.1133498270100047
TTSH,2024.0,0.18953180273646447,-2.552440570360232,-0.2109023667851032,0.018835606259358928,0.4209260831753713,10,2013-2024,17.32,-13.89,4.389999999999999,-0.046980662468761564,-0.22242968218869108,0.17544901971992952
JOUT,2024.0,0.21691585400113816,-1.1013858509484824,0.9964827869267299,-0.14141856276993509,0.1216666542687822,22,2003-2024,17.32,-13.89,4.389999999999999,-0.08632071781227439,-0.1184639093928619,0.03214319158058751
VGR,2024.0,0.16751418516312414,-0.1311904347584833,0.027432905858041035,0.32955948401145496,0.03511964251903654,22,2003-2024,17.32,-13.89,4.389999999999999,0.39107596967845426,0.1554492325873758,0.23562673709107845
CLH,2024.0,0.27554723509616086,-0.46118521211808006,0.9457340458779775,1.0086736425730398,0.15713299760386823,22,2003-2024,17.32,-13.89,4.389999999999999,-0.029337053679333223,0.10858827029381474,-0.13792532397314797
AIN,2024.0,0.15588777784334346,-0.5518051621258203,0.7867545195057938,0.17914432015315018,0.058375970088484275,22,2003-2024,17.32,-13.89,4.389999999999999,-0.09405318631916268,-0.04110064334148007,-0.05295254297768261
FKWL,2024.0,-0.14773726003185705,1.307751311875825,-1.283669351559364,1.0435898646405293,1.0,3,2022-2024,17.32,-13.89,4.389999999999999,0.3028805351743508,0.3028805351743507,1.1102230246251565e-16
MITK,2024.0,0.2572191515737704,-1.4382842134053584,-0.004548114831646258,-1.7946649494748728,0.5155550275290186,14,2003-2024,17.32,-13.89,4.389999999999999,-0.05145265617322372,-0.0700457323198689,0.018593076146645175
TEAM,2024.0,0.004079955638698993,1.0910642390601373,1.4574794861040978,0.1758532363088985,0.41112312530102724,10,2003-2024,17.32,-13.89,4.389999999999999,0.32897960669020604,-0.0016716617019837694,0.33065126839218983
GPRO,2024.0,-0.04236776418633321,-0.42539217542200103,0.4550183378186802,-1.0356393227285414,0.0931039090694954,19,2004-2024,17.32,-13.89,4.389999999999999,-0.27937545849154793,-0.22471230236022138,-0.05466315613132655
FAST,2024.0,0.21402850117377378,-0.5541156912720642,0.7506288866849729,-0.06195407690326113,0.1379732193975579,22,2003-2024,17.32,-13.89,4.389999999999999,0.10940076401381159,0.011073527108856392,0.09832723690495519
APH,2024.0,0.21013979167626123,-0.09238777494815198,0.047415499547693515,0.04927451794023434,0.004559203619481811,22,2003-2024,17.32,-13.89,4.389999999999999,-0.011041709205300058,0.18971536750564294,-0.200757076710943
MTSI,2024.0,0.1796919198704258,0.302809862998138,-2.5142462131757153,-0.8458923475781623,0.20479591000066644,18,2003-2024,17.32,-13.89,4.389999999999999,0.11844640394796042,0.5442327130931288,-0.4257863091451684
IPAR,2024.0,0.41754266675341417,-1.686963159126461,1.602338874819271,0.7066189820186809,0.20553662059222488,22,2003-2024,17.32,-13.89,4.389999999999999,0.09949912697463552,-0.06618364880906558,0.1656827757837011
PII,2024.0,0.2268390984954438,-1.0102305927977282,1.7076662819768578,0.2172328140357221,0.16187406064813192,22,2003-2024,17.32,-13.89,4.389999999999999,-0.2968576788872628,-0.17579116620754007,-0.12106651267972271
ALTR,2024.0,0.21272031295415253,-0.6421439714850659,0.37602365081058137,-0.17338389703874946,0.08322265969236764,20,2003-2024,17.32,-13.89,4.389999999999999,0.0654781137225753,0.04165973891534827,0.023818374807227025
USM,2024.0,0.07279678929059091,0.2651223483506468,0.9024001928236405,-1.0352909803625026,0.09521009268575242,22,2003-2024,17.32,-13.89,4.389999999999999,0.07662989855906296,-0.05207668079619458,0.12870657935525753
MAN,2024.0,0.13224126968973138,-0.46437300161272915,-0.33598183638118173,0.050466563236000545,0.04703377373799933,22,2003-2024,17.32,-13.89,4.389999999999999,-0.1979838703530083,0.10069522500981325,-0.29867909536282156
ADT,2024.0,0.17427116719244543,-0.9539424806216277,-0.21016140205140632,-1.2790008112752667,0.8931326666975992,8,2014-2024,17.32,-13.89,4.389999999999999,-0.12356244599441217,-0.01790838732126434,-0.10565405867314784
WM,2024.0,0.13596214411744434,-0.12484641663905947,0.5223241255801406,-0.18683800819287252,0.06768023893014152,22,2003-2024,17.32,-13.89,4.389999999999999,-0.09417500912299584,0.03358573515281062,-0.12776074427580647
DELL,2024.0,0.06872329479055121,0.5649722522005609,-0.4016211730639647,-1.2615117745071063,0.1590368218945164,16,2003-2024,17.32,-13.89,4.389999999999999,-0.20507316380023144,0.1669813029094111,-0.37205446670964254
IMG,2024.0,-0.9696370156318757,1.0639205341547047,-1.1902679824765687,0.6675718519837633,1.0,4,2021-2024,17.32,-13.89,4.389999999999999,-0.5907313520481982,-0.5907313520481983,1.1102230246251565e-16
SSP,2024.0,0.320158131704834,-2.6423937373757607,3.916542652347287,-1.218925178557986,0.3550648413585996,22,2003-2024,17.32,-13.89,4.389999999999999,-0.3431600707944404,-0.7350230533583816,0.3918629825639412
SAMG,2024.0,0.08220083366093307,-0.2464790645963401,-0.055540365315816936,0.3703037143983521,0.157535438051167,11,2014-2024,17.32,-13.89,4.389999999999999,0.15928283800981835,0.06348154947730159,0.09580128853251677
MERC,2024.0,0.04020520626141488,0.6204332828312764,1.7263052320628942,0.6778110509830749,0.17535969028087006,16,2008-2024,17.32,-13.89,4.389999999999999,-0.26854557601844875,-0.062363640747587074,-0.20618193527086168
FCX,2024.0,0.2087375741097856,-0.3525710944044442,0.3547720415658456,-0.647288638604585,0.02728242915864809,22,2003-2024,17.32,-13.89,4.389999999999999,-0.2595443624067915,0.06997845275069864,-0.32952281515749016
CDMO,2024.0,0.09302703649337662,-0.1382448055106045,-2.6827082789358547,-2.7008471434963393,0.2885438675746643,15,2003-2024,17.32,-13.89,4.389999999999999,0.6827114564673838,0.3231440265236409,0.35956742994374297
ODP,2024.0,0.06975199553121966,-0.2276902195753588,-1.396008907092219,0.23587544686391326,0.06743700805948238,22,2003-2024,17.32,-13.89,4.389999999999999,-0.467912768841086,0.23457661881320255,-0.7024893876542886
MTH,2024.0,0.16335438357001333,-0.18659741631882815,-0.17595849822591164,0.19545689420356172,0.009484105925903763,22,2003-2024,17.32,-13.89,4.389999999999999,-0.08846719842672623,0.1640569041227078,-0.252524102549434
ACI,2024.0,0.017947537146417877,-0.5477455416988505,1.9943337646469597,1.7779694056793707,0.1651345406645206,15,2003-2024,17.32,-13.89,4.389999999999999,-0.03989929783366038,-0.27588209367596134,0.23598279584230097
ARCH,2024.0,0.3836442720801634,0.08297829351242766,4.768640123086867,-0.1809857390182965,0.5928419307966806,8,2017-2024,17.32,-13.89,4.389999999999999,-0.11625319122419081,-0.2722932745231533,0.15604008329896246
CMT,2024.0,0.49363653340994385,-1.837400376064207,1.7088862935321945,-0.30105494084686824,0.08108063954468925,22,2003-2024,17.32,-13.89,4.389999999999999,-0.009338642841122458,-0.07518182979917609,0.06584318695805363
MGPI,2024.0,0.5960968804413307,-2.2048609769289444,3.5420092172244857,-0.006826733633182869,0.11109838527763494,22,2003-2024,17.32,-13.89,4.389999999999999,-0.5157323266270855,-0.27806981464174024,-0.23766251198534522
EYE,2024.0,0.2378364482992139,-2.3993403919953966,2.081412350602136,-1.25996379301514,0.3292813350139632,15,2003-2024,17.32,-13.89,4.389999999999999,-0.2509537681632963,-0.5221498936063901,0.2711961254430938
DDD,2024.0,0.37199901834910515,-1.0522432742818524,1.9017592737118565,-3.349871593021991,0.14680417458152817,25,2003-2024,17.32,-13.89,4.389999999999999,0.021422023818700217,-0.22146324280875393,0.24288526662745413
DVN,2024.0,0.06913551453305747,0.45961996755632734,2.3111406000424686,-0.2504022857386863,0.17900615521757024,22,2003-2024,17.32,-13.89,4.389999999999999,-0.3440147240010055,-0.18326839677601386,-0.16074632722499166
LOGC,2024.0,-0.26067308304608033,-0.511532730770389,0.01797544190587999,-0.38817337378336136,0.04976793061746754,14,2003-2024,17.32,-13.89,4.389999999999999,0.18419221901259025,-0.368808152005328,0.5530003710179183
LNN,2024.0,0.09286450814088307,0.4534501792270399,-0.10519708609714742,-0.08391345186510238,0.023820000812088793,22,2003-2024,17.32,-13.89,4.389999999999999,-0.07876012646653341,0.18233015390502214,-0.26109028037155557
LH,2024.0,0.11996736094118315,-0.20479157828333527,0.2696439486983817,-0.32755408845177036,0.08208556490960595,22,2003-2024,17.32,-13.89,4.389999999999999,0.0867465768039641,0.032664290625271555,0.05408228617869254
CSBR,2024.0,0.05015486407338504,1.229077785334223,-1.113809313138873,0.13724166671573346,0.04004144094452278,8,2017-2024,17.32,-13.89,4.389999999999999,0.6106586785948135,0.42376415925708266,0.18689451933773082
WDAY,2024.0,0.4460161871894339,-2.3210912079012997,1.1918005220564005,0.01534668509678605,0.5240092428458317,11,2014-2024,17.32,-13.89,4.389999999999999,0.10720633153207197,-0.12086418305695629,0.22807051458902827
BR,2024.0,0.2800106840954606,-0.28648041300016763,0.36014606914375286,0.3485188214125584,0.08474931658418117,19,2003-2024,17.32,-13.89,4.389999999999999,0.1098658716106994,0.1956679638197756,-0.08580209220907621
LWAY,2024.0,0.2649670221582287,-0.08084727733483461,-1.1022476379478827,-1.1064691276476672,0.05745224853392028,22,2003-2024,17.32,-13.89,4.389999999999999,0.8950693500679371,0.3554924759310637,0.5395768741368734
TPST,2024.0,-1.199932192849654,5.808020848819275,-3.9349479573213064,-1.982376315262983,0.12545260667610647,8,2014-2024,17.32,-13.89,4.389999999999999,-0.6659311906926535,0.26555496919772886,-0.9314861598903823
VLO,2024.0,0.21724206297141613,0.10779021071328644,2.086610629552697,0.8022891534215524,0.22619472439647426,22,2003-2024,17.32,-13.89,4.389999999999999,-0.25319418657890425,-0.018698395142706138,-0.23449579143619811
TRS,2024.0,0.5299112926473803,-2.8885453372431105,4.790600869872874,0.47921525856347413,0.49004797978364356,17,2008-2024,17.32,-13.89,4.389999999999999,-0.08196363053332546,-0.614761670737532,0.5327980402042065
IEX,2024.0,0.17578034672674883,-0.2696548869114067,0.3438177620630047,0.3361059824634982,0.05174881115749863,22,2003-2024,17.32,-13.89,4.389999999999999,2.5604897203775068e-05,0.0960748857932894,-0.09604928089608564
MLI,2024.0,0.16883159159840402,0.10319095785151572,-0.2480757497648678,0.40393618210437143,0.052511968602344083,22,2003-2024,17.32,-13.89,4.389999999999999,0.35405068248039523,0.2388947855350086,0.11515589694538664
TECH,2024.0,0.09943291193670085,0.22292733302957154,-0.06291174248799786,-0.5163503350725983,0.08216548493056042,22,2003-2024,17.32,-13.89,4.389999999999999,-0.039522907756618,0.12411458733931849,-0.1636374950959365
TG,2024.0,0.04462772639976655,-0.160472516592297,-0.2681452509719063,-0.09899103965096244,0.016927009661333203,22,2003-2024,17.32,-13.89,4.389999999999999,0.5563584908947014,0.049733555245301236,0.5066249356494001
HGBL,2024.0,0.5459861473808745,-3.895822683780067,1.7616457043630354,1.7884745909551272,1.0,4,2021-2024,17.32,-13.89,4.389999999999999,-0.2949488952429286,-0.29494889524292867,5.551115123125783e-17
GEN,2024.0,0.033729380540287374,0.09037507244608134,-0.12288964655329303,0.41281107719785554,0.013240028012832528,44,2003-2024,17.32,-13.89,4.389999999999999,0.05873441318330737,0.0845741212831869,-0.025839708099879538
SPWH,2024.0,-0.4495491021015629,2.85154063289641,-6.467160998353904,-1.6878659749258715,0.2958291653408013,9,2016-2024,17.32,-13.89,4.389999999999999,0.06090195448474173,0.8685290818882068,-0.807627127403465
QRHC,2024.0,0.8095517191003949,-4.47114839996117,2.9889132160300846,-4.178274888943572,0.3620993052749726,9,2015-2024,17.32,-13.89,4.389999999999999,-0.3083449287042693,-0.5634374971040812,0.25509256839981187
ABBV,2024.0,-0.0017704526113586083,1.111189746253726,-0.5904180556814297,-0.17165801280433798,0.3068092399497109,11,2014-2024,17.32,-13.89,4.389999999999999,0.005657878352000718,0.26516089261182685,-0.25950301425982614
CGNX,2024.0,0.2021648701147829,-0.4392863784159772,-0.6476488439117091,0.16626986884685693,0.05437575000804118,22,2003-2024,17.32,-13.89,4.389999999999999,-0.2771249594680414,0.22333814103484906,-0.5004631005028904
ENTA,2024.0,0.14688583457592969,-0.5278734909556717,3.442110956841545,0.6354309578746774,0.13846013651035838,11,2014-2024,17.32,-13.89,4.389999999999999,-0.6036499404308114,-0.39475564691218495,-0.20889429351862648
CRUS,2024.0,0.45459434088056105,-2.3100753895243114,2.9221039240993396,-1.0393359306193777,0.32736510898487503,22,2003-2024,17.32,-13.89,4.389999999999999,-0.2669393088216696,-0.3970177989966386,0.13007849017496897
NEOG,2024.0,0.20165497439650668,-0.8321343412366395,0.5574070386386735,-0.07327223912441772,0.1418663500046422,22,2003-2024,17.32,-13.89,4.389999999999999,-0.2702708878400072,-0.023111182470152956,-0.24715970536985424
LEVI,2024.0,0.42277360108066697,-1.89157863770561,1.1035893757751618,-2.3885597265274585,0.9788886222219987,5,2020-2024,17.32,-13.89,4.389999999999999,-0.136754240541162,-0.16299415525967006,0.02623991471850806
LEA,2024.0,-0.005491570015380826,0.20198842294932476,-0.21072692147123975,0.3341106492747301,0.010692882689398053,21,2003-2024,17.32,-13.89,4.389999999999999,-0.20516757498454802,0.07343025173495807,-0.27859782671950606
EOG,2024.0,0.18594035320715446,-0.035162171254381355,1.6201152468212605,0.3484325217175297,0.1323680835413339,22,2003-2024,17.32,-13.89,4.389999999999999,-0.05881187750463046,-0.029887554934177912,-0.02892432257045255
COR,2024.0,0.17298907851977646,-0.7643492097723508,0.6945326519730157,0.3583497164445293,0.11846647987919234,27,2003-2024,17.32,-13.89,4.389999999999999,-0.04542450873346391,-0.04013523741993173,-0.0052892713135321776
BCC,2024.0,0.19371673291120653,-0.01661722001675669,-0.9521450643408301,-0.0005043560742844233,0.08232430729775064,11,2014-2024,17.32,-13.89,4.389999999999999,-0.011331896122716671,0.3230694386095845,-0.33440133473230116
LSCC,2024.0,0.36382559195303327,-1.6773472693890814,0.00590952587345666,0.14390709352228503,0.1772320855413947,22,2003-2024,17.32,-13.89,4.389999999999999,-0.07008838491852637,0.07880573315664954,-0.1488941180751759
SURG,2024.0,0.41785255986925496,-1.9834049117524122,5.593723768845441,2.2301037930875665,0.7767816688690519,13,2003-2024,17.32,-13.89,4.389999999999999,-0.48898731205865276,-0.6047398458223503,0.11575253376369754
TMHC,2024.0,0.41578776347550284,-1.915393031302401,-0.5467777947686115,0.5124165337828193,0.6709261780028843,9,2014-2024,17.32,-13.89,4.389999999999999,0.05709552505616042,0.18248421198035292,-0.1253886869241925
DGII,2024.0,0.16012832047650585,-0.45729902861045985,0.1603373498116223,0.4053362490846773,0.050208826209888646,22,2003-2024,17.32,-13.89,4.389999999999999,0.27137971062710253,0.07644753216715722,0.19493217845994532
EA,2024.0,0.04937971949969874,0.7856724219214114,-1.2721968541608633,0.4285410019012565,0.11389679093177285,22,2003-2024,17.32,-13.89,4.389999999999999,0.005578562988318325,0.38097927600289627,-0.37540071301457795
ARTL,2024.0,0.0029613148590494492,-1.021516015449028,0.5835192205362254,0.4914543324300642,0.21931520108372038,11,2003-2024,17.32,-13.89,4.389999999999999,-0.255937214779818,-0.23344123355552404,-0.02249598122429397
TVTX,2024.0,-0.6049889432040251,4.912232474747458,-4.404740482731393,1.4579828615249661,0.7918133547846344,10,2015-2024,17.32,-13.89,4.389999999999999,1.072242127845753,0.921633622094571,0.150608505751182
RELY,2024.0,-0.7130847675496357,1.5273511092233432,-8.110870783002817,3.148474601689312,0.8369595644413416,5,2016-2024,17.32,-13.89,4.389999999999999,0.8152299592486848,0.8162704313410993,-0.001040472092414535
ATNM,2024.0,0.13285328024638993,-3.0947122874713906,2.8200797858770925,0.601570362524833,0.6861465650933306,7,2015-2024,17.32,-13.89,4.389999999999999,-0.876710968379459,-0.7684510312871428,-0.1082599370923163
FUBO,2024.0,-0.580374890653084,0.6037001215219071,-3.214749395589742,-0.03570034953175227,1.0,4,2021-2024,17.32,-13.89,4.389999999999999,-0.030852583902518396,-0.030852583902518448,5.204170427930421e-17
FWONA,2024.0,0.2686482977084138,-0.2683501937791571,0.44969753045098604,0.04973389963294417,0.01047052711762908,8,2016-2024,17.32,-13.89,4.389999999999999,0.26143998886814024,0.1618903753601081,0.09954961350803213
FWONK,2024.0,0.3089633528891207,-0.4860198505140008,0.46853606252302,-0.0697445749000386,0.016860296124502572,8,2016-2024,17.32,-13.89,4.389999999999999,0.2428289465499136,0.1566432688575366,0.086185677692377
LSXMA,2024.0,-0.022447566959251583,-0.26064646992753104,-0.1358517662041793,-0.6186809486943375,0.4338727739490976,8,2017-2024,17.32,-13.89,4.389999999999999,-0.011733382969858382,-0.07588181887262088,0.06414843590276251
LSXMB,2024.0,-0.04026758338060877,-0.20365046177321355,-0.2934570632563278,-0.6357792255743784,0.49288647508016403,8,2017-2024,17.32,-13.89,4.389999999999999,-0.013599639438898407,-0.06268936527614062,0.049089725837242214
LSXMK,2024.0,-0.0189637677117185,-0.2522910254916979,-0.11274473798942754,-0.6241551346733509,0.43692803322333773,8,2017-2024,17.32,-13.89,4.389999999999999,-0.012199819721853467,-0.07440073963230918,0.06220091991045572
BLFS,2024.0,1.0564862325325728,-3.2527478940664545,3.675585725126333,-0.7497370312320342,0.056850645077844875,10,2015-2024,17.32,-13.89,4.389999999999999,0.16440598615662455,-0.05034201561087105,0.2147480017674956
TALO,2024.0,0.004645964751199785,0.07294842526394461,2.4897640492579987,0.9280747944247001,0.13773440901132228,22,2003-2024,17.32,-13.89,4.389999999999999,-0.24780348107061,-0.2878051109597767,0.04000162988916667
NVEE,2024.0,0.3396255135235469,-0.23839691429512852,2.1021859874166178,-0.441679914854187,0.13432221056454208,11,2014-2024,17.32,-13.89,4.389999999999999,-0.23639714336706713,-0.013048213946636331,-0.2233489294204308
ARTNA,2024.0,0.06466221766333088,-0.07993111817616763,1.0328950644895554,-0.09645228840358638,0.18678132713125262,22,2003-2024,17.32,-13.89,4.389999999999999,-0.13243774043043582,-0.09688523192329802,-0.0355525085071378
MRIN,2024.0,0.4104825797391,-2.4956103384909283,0.42551891097781724,-9.851681543621641,0.5017056175990204,10,2014-2024,17.32,-13.89,4.389999999999999,-0.09439595869156583,-0.5133505273873374,0.41895456869577163
AMPG,2024.0,-2.3706812225396554,20.087070306407494,-16.278234678256755,10.906832862770912,1.0,3,2022-2024,17.32,-13.89,4.389999999999999,3.848256114015629,3.8482561140156286,4.440892098500626e-16
IBTX,2024.0,-0.05978574515715977,0.6042352280443967,-0.6928008339578604,-1.6023154173922747,0.4704486611535962,11,2014-2024,17.32,-13.89,4.389999999999999,0.30327444867158304,0.0707561853533557,0.23251826331822734
DRIO,2024.0,0.1787507498103629,-2.390903260680102,-0.02896186386363131,-4.006765251003995,0.5308701855930296,7,2017-2024,17.32,-13.89,4.389999999999999,-0.3863937080316734,-0.4072278865678477,0.020834178536174308
LIND,2024.0,0.3000184294713659,-1.868704540756987,0.7965657198203573,-1.0241938755506175,0.2825825695438495,9,2014-2024,17.32,-13.89,4.389999999999999,0.1820355715108658,-0.17924628660746394,0.36128185811832975
RZLT,2024.0,0.7887645990496939,-0.9893714984256289,2.7102972590561074,-3.3801901398917584,1.0,3,2022-2024,17.32,-13.89,4.389999999999999,0.09255481909823347,0.09255481909823343,4.163336342344337e-17
ADMA,2024.0,0.0257183499496752,1.5260888430086295,-1.8492997079297542,1.230194616672399,0.09908021282241375,10,2015-2024,17.32,-13.89,4.389999999999999,0.4870092851196671,0.600910210662131,-0.1139009255424639
EKSO,2024.0,-0.19693115721365922,-1.3490097733527604,0.8617429090829211,-0.07219870510631768,0.6019426537739372,8,2017-2024,17.32,-13.89,4.389999999999999,-0.46878163450369287,-0.5534452631841423,0.08466362868044947
AEYE,2024.0,0.6648696050749292,-2.0090953856425484,1.834770907957628,-3.329960282271593,0.38588655126867644,6,2019-2024,17.32,-13.89,4.389999999999999,-0.1832686064424066,-0.08414065122539757,-0.09912795521700904
TMUS,2024.0,0.17958584201060848,0.655216554956161,-1.7231886559225367,0.10828625902150713,0.06789724782374085,15,2008-2024,17.32,-13.89,4.389999999999999,0.2144635175000939,0.5371740204077,-0.3227105029076061
CHMG,2024.0,0.198627817970649,-0.7625664717879088,1.4785708493661338,-0.9431973348427914,0.35592207758267647,12,2013-2024,17.32,-13.89,4.389999999999999,-0.017042799095078276,-0.1802285489195713,0.16318574982449302
WULF,2024.0,0.09854796753192241,0.7358070123500682,-0.1488370120633098,-5.819539839012375,0.3095727701952554,20,2003-2024,17.32,-13.89,4.389999999999999,0.22492822302032173,-0.008814595886095233,0.23374281890641696
IQV,2024.0,0.29891669887576744,-1.16584012415516,1.5070173330694245,-0.8621167789125779,0.28861890774851806,11,2014-2024,17.32,-13.89,4.389999999999999,-0.11759308258009787,-0.15017844478551146,0.03258536220541358
SFM,2024.0,-0.016491594829598943,1.0785992134686013,-2.618466113036562,-0.019717616624160272,0.17848245437900734,11,2014-2024,17.32,-13.89,4.389999999999999,0.47190503699004227,0.5331611286741406,-0.06125609168409829
CCS,2024.0,0.4641196633464988,-2.434067507986555,0.49222137477937744,-0.8885420665188376,0.4586190949476949,10,2015-2024,17.32,-13.89,4.389999999999999,-0.143695618620289,-0.06483737471380498,-0.07885824390648404
COMM,2024.0,-0.7912884069113397,6.017400086803531,-11.719909101509732,-0.8302575966557884,0.432082010110893,11,2014-2024,17.32,-13.89,4.389999999999999,3.188794709189792,1.8423723538295445,1.3464223553602475
NWSA,2024.0,0.2503999331935127,-1.4079032711652597,0.10966722810410817,-1.5357088605441296,0.44602761761551446,10,2015-2024,17.32,-13.89,4.389999999999999,-0.044318066717833574,-0.07609931033385815,0.03178124361602458
NWS,2024.0,0.22169860956997395,-1.132346015398886,-0.07452302764627003,-1.3383845317207927,0.4242663156783586,10,2015-2024,17.32,-13.89,4.389999999999999,0.028709184094340548,-0.022827552699588985,0.05153673679392953
NDLS,2024.0,0.2640037547466608,-2.5237057181033475,3.9316510296379406,-1.2418692415477453,0.12704457775755862,11,2014-2024,17.32,-13.89,4.389999999999999,-0.6806518997788624,-0.7737264633494948,0.09307456357063237
BYU,2024.0,0.7328992130850074,-6.635135611070858,2.4595646999458647,1.9329886705500323,0.5504978633156495,8,2014-2024,17.32,-13.89,4.389999999999999,-0.8946407774293456,-0.6730816089377992,-0.22155916849154633
AGIO,2024.0,-0.03851431440294133,0.8651138602416295,-1.881617876405741,0.2090996659224957,0.04524236928748093,11,2014-2024,17.32,-13.89,4.389999999999999,-0.2849213645309886,0.3818596045576639,-0.6667809690886525
ESPR,2024.0,0.10242205233972074,2.9478482538549726,-4.283416590951583,-0.12603871751517248,0.035272436112372185,12,2003-2024,17.32,-13.89,4.389999999999999,-0.0559899392646592,1.202422834691661,-1.2584127739563202
FDBC,2024.0,0.10683424909437216,-0.9080100928917807,0.3536984549823115,-0.006381567027812812,0.3626539497332376,7,2018-2024,17.32,-13.89,4.389999999999999,0.08337417621216507,-0.09984196518404832,0.1832161413962134
ANIP,2024.0,0.16185663789937443,0.583749772293155,-0.3125878575767847,3.333908687884688,0.14387988856634726,20,2004-2024,17.32,-13.89,4.389999999999999,-0.17889088989784013,0.452739143276102,-0.6316300331739422
FVCB,2024.0,0.04306988446293292,-0.10335758893540983,1.1755957587295995,-0.8681376738502207,0.3925292573645287,6,2019-2024,17.32,-13.89,4.389999999999999,0.1041171489635535,-0.1762331447102461,0.2803502936737996
CWEN,2024.0,-0.04376944445771837,0.8185485042371664,-0.5529075315916687,-0.2049359317435429,0.18223117310546577,20,2014-2024,17.32,-13.89,4.389999999999999,0.06680676881647556,0.1658053252107001,-0.09899855639422454
USFD,2024.0,0.4102153857051099,-1.7556039823913354,1.095482365146019,-0.7129674523921916,0.2292598337989009,8,2017-2024,17.32,-13.89,4.389999999999999,0.22632897683879888,-0.07731699572386866,0.30364597256266757
PGEN,2024.0,-0.2689350365412194,0.6210655946732822,-1.8403148582866196,-0.9553611239710239,0.1523314789376239,11,2014-2024,17.32,-13.89,4.389999999999999,-0.33812039382684134,0.05231290492987655,-0.3904332987567179
FOXF,2024.0,0.7078766265853058,-4.032678793016029,3.1769469898310967,-1.0551864990288298,0.47624133792407586,11,2014-2024,17.32,-13.89,4.389999999999999,-0.41884274538522165,-0.47818396455997525,0.0593412191747536
FRAF,2024.0,0.0635459055633203,-0.12121860275641595,0.06647063681730964,-0.5300206395902043,0.7682286361261401,5,2020-2024,17.32,-13.89,4.389999999999999,0.03109296851238051,0.010050166033974791,0.02104280247840572
EAST,2024.0,-1.4517002871006484,4.455531822505423,-2.53740402579474,-4.476148542312471,0.4864924171675187,6,2018-2024,17.32,-13.89,4.389999999999999,-0.12102649906451124,-0.5240596772673373,0.403033178202826
LPCN,2024.0,-0.11912306904707066,-0.5983566555914331,0.7985119743645946,-1.4929402208269191,0.19429347939613917,9,2015-2024,17.32,-13.89,4.389999999999999,-0.4547471391209581,-0.39921183072905086,-0.055535308391907234
ALRS,2024.0,0.07258913892550377,-0.3399478967857407,0.21086927878214612,-1.2282770647701688,0.939458313160631,5,2020-2024,17.32,-13.89,4.389999999999999,-0.04698520695625411,-0.06950094276403701,0.022515735807782898
AR,2024.0,0.3912331352481706,-0.45285386747701695,2.1613664499508527,-5.26619240045361,0.29580759892885056,10,2015-2024,17.32,-13.89,4.389999999999999,0.027183819243203997,-0.21860080087693556,0.24578462012013957
MUSA,2024.0,0.18659069997849653,0.2028954070261561,0.26252587908821146,0.09601864589820894,0.053001156520102954,15,2004-2024,17.32,-13.89,4.389999999999999,0.023662768726523994,0.18948255842500555,-0.16581978969848155
IPWR,2024.0,-0.35237285795027096,0.9739518422430722,-2.054589774308317,-0.9297664191020203,0.16431728651446598,10,2014-2024,17.32,-13.89,4.389999999999999,0.022424635665718465,0.06088137497907571,-0.03845673931335725
CHGG,2024.0,0.28861525561522905,-1.522035806601125,0.6442963465260745,-1.1482478925954518,0.08680721111104872,11,2014-2024,17.32,-13.89,4.389999999999999,-0.5374878099718549,-0.11490219110549786,-0.422585618866357
FATE,2024.0,0.5050526387195775,-1.782224655053905,2.726360534392062,-2.731601768744163,0.18078279443702439,11,2014-2024,17.32,-13.89,4.389999999999999,-0.5439324274440549,-0.3022374674106849,-0.24169496003337
AAOI,2024.0,0.42681038889707834,1.1355086965426624,-14.269663646381236,3.808916802892757,0.6054765446851557,11,2014-2024,17.32,-13.89,4.389999999999999,3.399338612129953,2.772748223267613,0.6265903888623403
PINC,2024.0,-0.12641692636986765,0.579146121797513,-0.29002068738845443,0.03271581963470624,0.14135779617560762,10,2015-2024,17.32,-13.89,4.389999999999999,0.11075628052014601,0.01561127988568153,0.09514500063446447
LGIH,2024.0,0.578086001758521,-2.865832689826289,1.4929288267629923,-0.8436119951852217,0.583922262249276,11,2014-2024,17.32,-13.89,4.389999999999999,-0.04798685765636537,-0.1626786007454031,0.11469174308903773
RNG,2024.0,0.13772552678129094,0.3586392354469029,-2.6347659144338933,-1.2974058601121632,0.21033298807745027,11,2014-2024,17.32,-13.89,4.389999999999999,0.19450904979828904,0.5088547106166383,-0.3143456608183493
MGNX,2024.0,0.09018844318059203,-0.9309044935616807,-1.8832710795793561,0.3877154907974076,0.33240656285578074,11,2014-2024,17.32,-13.89,4.389999999999999,-0.28227549084223835,0.20756284789528773,-0.4898383387375261
BURL,2024.0,0.349195613752178,-1.280372111284805,1.5474446551089205e-05,-1.2599821242244644,0.5388073125075564,10,2015-2024,17.32,-13.89,4.389999999999999,0.1407690170144263,0.07211979942356986,0.06864921759085643
SAIC,2024.0,0.22098588870549477,-0.9606560684829138,1.1853813575699772,0.07700364575009877,0.6528734625537056,10,2015-2024,17.32,-13.89,4.389999999999999,-0.09079156542027426,-0.10666875287378642,0.01587718745351216
VEEV,2024.0,0.44188191271562194,-1.5642924568993661,0.8757845772729358,-0.9850904725171518,0.24152493576525558,10,2015-2024,17.32,-13.89,4.389999999999999,0.10186410628254529,0.006054509653937987,0.0958095966286073
CBFV,2024.0,-0.03492819159067874,0.788358807814031,-0.8345190535272452,0.07918210588902884,0.13349975691325933,10,2015-2024,17.32,-13.89,4.389999999999999,0.23564287692056923,0.22100634490617416,0.014636532014395076
PTC,2024.0,0.23368411738261274,-0.47801624268649623,0.69464090396824,-0.003111549969880306,0.039369968754262574,22,2003-2024,17.32,-13.89,4.389999999999999,-0.034870692918628314,0.05426948554444533,-0.08914017846307365
PBPB,2024.0,0.38715134171299903,-2.410525802417169,0.799730036543844,-2.249575234182916,0.2522711449788043,11,2014-2024,17.32,-13.89,4.389999999999999,0.12611991552956126,-0.24019058212222455,0.3663104976517858
EXPI,2024.0,1.6356276717366964,-7.428980087346195,5.040914865690095,-4.823250992370578,0.6265843966216671,6,2019-2024,17.32,-13.89,4.389999999999999,-0.019009179788514362,-0.5629954728010869,0.5439862930125725
AMRX,2024.0,-0.057808813627839184,0.694682133064638,-0.9682564232670278,-0.11126892358282667,0.02862124846271008,18,2003-2024,17.32,-13.89,4.389999999999999,0.2002624931337989,0.19211624326546017,0.008146249868338729
TNDM,2024.0,0.08629438628808302,-0.4546752427367334,2.0615451257621387,-1.782551585872737,0.1868623219416654,10,2014-2024,17.32,-13.89,4.389999999999999,-0.15296333234154147,-0.35705799834209334,0.20409466600055187
IMUX,2024.0,-0.49661318404982707,1.3157356080533127,-1.9480061267501743,0.9624002813730392,0.0670810328339203,9,2015-2024,17.32,-13.89,4.389999999999999,-0.14608102440785997,0.044099646622882266,-0.19018067103074224
XNCR,2024.0,0.022688810043359934,0.037715124114510015,0.20863712991131894,0.17394520028548743,0.015503337151645202,10,2015-2024,17.32,-13.89,4.389999999999999,0.1669641475539826,0.007877566487843761,0.15908658106613882
VCYT,2024.0,0.42361906701757746,-1.5087577734316746,0.3011701913335995,-0.6005484171167448,0.06822610971021881,11,2014-2024,17.32,-13.89,4.389999999999999,0.7804290631388667,0.09410560557154934,0.6863234575673174
STKS,2024.0,1.4400086357583366,-7.479380624841684,7.753210301646416,-7.818656406331015,0.4954475269516204,9,2016-2024,17.32,-13.89,4.389999999999999,-0.3646277806903906,-1.2755800156008616,0.9109522349104711
VRNS,2024.0,0.33114329506710466,-0.8849675377972084,-0.038919166195191646,-1.92448365283201,0.398269517403241,10,2015-2024,17.32,-13.89,4.389999999999999,-0.12077880367291682,0.09878795734581505,-0.21956676101873188
CWH,2024.0,0.2778396123551139,-1.68701270424895,-0.6075415222368815,-0.44802629788721193,0.6158488878050399,5,2020-2024,17.32,-13.89,4.389999999999999,0.1464360441150332,0.050368174940649976,0.09606786917438322
HNRG,2024.0,-0.036797658819846785,0.7163863999159628,0.26084249846461766,2.9771077868432063,0.5168824511475514,13,2011-2024,17.32,-13.89,4.389999999999999,0.4266354717212788,0.18174447445127928,0.24489099726999952
PULM,2024.0,-1.5511528522115368,9.568536788981849,-16.85074373052803,0.4402071067645652,0.9685180198322856,7,2015-2024,17.32,-13.89,4.389999999999999,2.5695993884320028,2.466011115797427,0.1035882726345756
RARE,2024.0,-0.02304933898381027,0.12204779590482918,-0.6207780775122163,-0.4653389276816736,0.10377692923549531,15,2003-2024,17.32,-13.89,4.389999999999999,-0.02338026094199728,0.06388703530812752,-0.0872672962501248
AMRK,2024.0,0.4504374064279928,-1.595741141330474,1.7284532085051367,-1.9344182959288139,0.3560207226238773,10,2015-2024,17.32,-13.89,4.389999999999999,-0.19173457223297474,-0.1509480731030837,-0.040786499129891046
SMLR,2024.0,-0.8008476371786659,-2.340821528313675,-15.398757959620605,-7.396903029854446,0.8612764987545716,5,2015-2024,17.32,-13.89,4.389999999999999,0.5227853124844745,0.6078855116980973,-0.08510019921362288
SNOW,2024.0,0.21770946371006852,-1.4636809965505626,-1.3178535298729528,-0.7192160523019213,0.29361203481489573,6,2015-2024,17.32,-13.89,4.389999999999999,0.09603343352705628,0.1156761857108099,-0.019642752183753623
CAPR,2024.0,-0.9082083324552985,5.810975691689283,-10.085502489600303,0.8802537726095774,0.7349834765218222,8,2016-2024,17.32,-13.89,4.389999999999999,1.8461020877501293,1.5377720937683277,0.3083299939818016
NTIC,2024.0,0.17894214447748819,-0.013116227590226754,0.33474292976842496,0.04383079624281716,0.0027744734301718976,22,2003-2024,17.32,-13.89,4.389999999999999,-0.22352731505392986,0.13209879286908638,-0.35562610792301624
INGN,2024.0,-0.2219195004922265,1.1230296784048808,-0.5489491472736336,-0.7723690632300232,0.07264908748418497,16,2003-2024,17.32,-13.89,4.389999999999999,0.08094025277389864,0.014931274488008545,0.0660089782858901
PLPC,2024.0,0.2969319685014035,-0.8234753569057532,0.06029570548508034,1.7437713156078458,0.1866872770798933,22,2003-2024,17.32,-13.89,4.389999999999999,-0.017726062304593438,0.2224825239486338,-0.24020858625322725
MBUU,2024.0,0.17205978294544177,-0.562411297408726,-1.0463637775570371,-0.1746678577145364,0.12398132396956674,10,2015-2024,17.32,-13.89,4.389999999999999,0.025792163016340047,0.21232215598325477,-0.18652999296691472
DENN,2024.0,0.1332301372247668,-0.45575396586132844,0.7762371682128428,0.2980436297305739,0.046502171810221316,19,2006-2024,17.32,-13.89,4.389999999999999,-0.1948690991773152,-0.04044167698200697,-0.15442742219530825
GIII,2024.0,0.3057088528869785,-0.8245637116564336,1.3468785656161866,-0.5195683547627651,0.0654256323752197,22,2003-2024,17.32,-13.89,4.389999999999999,0.15804191737172024,-0.046996065510089474,0.20503798288180972
ITCI,2024.0,-0.03364655123776758,1.5079098128003958,-1.473986724645435,-0.49260211362230927,0.12862329882984602,10,2015-2024,17.32,-13.89,4.389999999999999,0.17246741694822137,0.41063495160449254,-0.23816753465627116
PPIH,2024.0,0.18807862977035286,-0.1000381400096406,1.6013709856064924,1.2204937581206021,0.16345745314383198,22,2003-2024,17.32,-13.89,4.389999999999999,0.6327924458384192,0.0019012700014357647,0.6308911758369834
PHX,2024.0,0.1390858330904299,-0.3402244531396719,1.2568337178237083,0.767057567483197,0.11665971507106399,22,2003-2024,17.32,-13.89,4.389999999999999,0.20722857136171252,-0.06074141838656202,0.2679699897482745
CARM,2024.0,0.5292705182954138,-5.600107332560437,2.9807854912988567,3.2540846358879105,0.7527712566604348,8,2015-2024,17.32,-13.89,4.389999999999999,-0.7714554204269279,-0.7118448609299858,-0.05961055949694216
COCP,2024.0,-1.8891276100253096,6.744918039902021,-5.102487567705877,-3.337384509512483,0.8245218881490267,5,2019-2024,17.32,-13.89,4.389999999999999,-0.18002832888531523,-0.15868346232753114,-0.021344866557784087
RVNC,2024.0,0.05093388101946979,-0.7011622474663682,-3.8164597584395534,0.7042182075044208,0.5380931126086586,10,2015-2024,17.32,-13.89,4.389999999999999,0.13589676718367705,0.4905140195149928,-0.35461725233131575
OUT,2024.0,0.11795933040125446,-0.7369232321762796,0.47196074676054367,-0.9457582917229095,0.2500691295289841,10,2015-2024,17.32,-13.89,4.389999999999999,0.2630511525290501,-0.1167499101433524,0.3798010626724025
IBP,2024.0,0.6223889253490453,-3.0517451143705796,1.5046111264365731,-0.9740840806743348,0.8128285757356853,9,2016-2024,17.32,-13.89,4.389999999999999,-0.1920141132472717,-0.15792610506358232,-0.03408800818368937
OGS,2024.0,0.18811028011977857,-0.6845422203838543,1.4770416493354501,-0.029681844801151602,0.21354656466401167,10,2015-2024,17.32,-13.89,4.389999999999999,0.05724357262636688,-0.13691655053016957,0.19416012315653647
KN,2024.0,0.017975059637937465,-0.20953252031130082,-0.2190736102556298,-0.27684415366047277,0.11624485340880264,10,2015-2024,17.32,-13.89,4.389999999999999,0.10771208700293587,-4.010676116760793e-05,0.10775219376410348
GCI,2024.0,0.54119286936207,-1.9583679504194695,1.167136244284534,-5.061541062154744,0.6512963012159884,9,2016-2024,17.32,-13.89,4.389999999999999,0.050633815473355145,-0.18231333661029703,0.2329471520836522
LE,2024.0,0.838161028107117,-3.9501409719746436,3.2628681693339407,-6.282967558537339,0.5305142784734911,9,2016-2024,17.32,-13.89,4.389999999999999,-0.08009428791816639,-0.5750380527791648,0.49494376486099834
HEAR,2024.0,0.03924712288031339,-1.0373115857011057,-1.6540722271028983,-2.3076283835389844,0.710504509862404,9,2013-2024,17.32,-13.89,4.389999999999999,0.16013178883973056,-0.011969497455886921,0.1721012862956175
SABR,2024.0,-0.20279727424650734,0.3492239465102231,-0.5920467198322426,-1.0928187872384227,0.2416676412674953,9,2016-2024,17.32,-13.89,4.389999999999999,0.3200613023651355,-0.10805114208600494,0.4281124444511405
NGNE,2024.0,-0.2773360565855507,3.5976646338742246,-12.250325578341636,-3.2659790621616405,0.2813236553032984,9,2015-2024,17.32,-13.89,4.389999999999999,-0.4187870208323281,1.903973200004222,-2.32276022083655
PCTY,2024.0,0.1698253148160681,0.19585812456771873,-0.964945592959313,-0.25090813547060403,0.114638765243402,13,2003-2024,17.32,-13.89,4.389999999999999,0.4658740639689357,0.3267640177060861,0.13911004626284962
MGNI,2024.0,0.8263841043014875,-4.4446140863203105,2.3779780815140352,-5.294520142224807,0.43839072060520834,10,2015-2024,17.32,-13.89,4.389999999999999,0.15091194860890278,-0.5061536452151587,0.6570655938240615
HEPA,2024.0,-0.7012207306769933,0.2244069242569949,-1.3702982304411433,-0.34936086415938317,0.3042553026498095,7,2016-2024,17.32,-13.89,4.389999999999999,-0.5861433139611824,-0.4873559691240039,-0.09878734483717844
BTCS,2024.0,-0.38103632459787007,4.03938664969494,-2.6533643450726103,1.2695992449675688,1.0,3,2022-2024,17.32,-13.89,4.389999999999999,0.7428731575139554,0.7428731575139553,1.1102230246251565e-16
RMNI,2024.0,-0.13758661245928883,0.014904539778411397,0.1509878111181418,-0.3503077791413307,0.1459337681026529,7,2018-2024,17.32,-13.89,4.389999999999999,-0.17727428758940839,-0.17135586463828228,-0.005918422951126101
ATEN,2024.0,0.03795588913171784,0.48532014686997466,-0.6466352535025319,-0.519012798608885,0.14721936800783775,10,2015-2024,17.32,-13.89,4.389999999999999,0.29202232168534237,0.18904631342216907,0.1029760082631733
AKBA,2024.0,0.3231175945068355,-1.0863302058049535,-7.926186670101378,2.7729946093444697,0.7980389491417386,8,2015-2024,17.32,-13.89,4.389999999999999,0.8157636074398412,1.3576469946887213,-0.5418833872488801
QTWO,2024.0,-0.06762578140869302,1.0611080840034568,-2.738788431141153,-1.3397431132740332,0.47267001472860737,7,2018-2024,17.32,-13.89,4.389999999999999,0.6213430094784843,0.4377611291534818,0.1835818803250025
TWOU,2024.0,-0.016842701335373272,-1.8107264040340336,1.4819027809194565,-0.8652151608866377,0.1134734970381357,10,2015-2024,17.32,-13.89,4.389999999999999,-0.7545838490230533,-0.5742797563467038,-0.1803040926763495
FIVN,2024.0,0.6399207231892752,-2.570803447433703,1.1995398728251516,-1.919824033528967,0.35971739065505437,10,2015-2024,17.32,-13.89,4.389999999999999,-0.12543856262984848,-0.05623879731357739,-0.06919976531627109
WATT,2024.0,-0.2040636656325323,-0.21884986949340426,-0.3097644570424076,-1.4744526851429134,0.269890947748994,9,2015-2024,17.32,-13.89,4.389999999999999,-0.12037611183767666,-0.2636706528233734,0.14329454098569672
MEDP,2024.0,0.8671793631851346,-3.3880748398715705,2.8424384977198236,-1.3886430874468034,0.9311847263395819,8,2017-2024,17.32,-13.89,4.389999999999999,-0.240303987802723,-0.1754113379528196,-0.0648926498499034
MTUS,2024.0,0.3512349964353353,-1.8607147311856846,1.9474820637814694,-2.4068225480727197,0.18696156708217937,10,2015-2024,17.32,-13.89,4.389999999999999,-0.3498925734654091,-0.34720556352566373,-0.002687009939745355
ALDX,2024.0,0.4168881525731974,-2.4216161738292077,-0.46580932170358874,-0.4914571150967756,0.21660251157958876,10,2015-2024,17.32,-13.89,4.389999999999999,0.4605707597955565,0.04059017869785869,0.4199805810976978
VRDN,2024.0,-0.05937465717956594,-0.535436281156707,-2.3735456163573576,1.5699484959940841,0.5879493518072113,7,2015-2024,17.32,-13.89,4.389999999999999,0.4265016584401828,0.24649400401026964,0.18000765442991315
SCYX,2024.0,-0.06956999027809546,-1.9451648017243002,0.32070238073077384,1.2429331030727562,0.7341819010182802,9,2015-2024,17.32,-13.89,4.389999999999999,-0.4419806732865029,-0.39645333139535477,-0.045527341891148154
BGSF,2024.0,0.285044185109824,-1.866079979994902,3.5348005640678175,-0.47858365865707203,0.4573502846962191,10,2015-2024,17.32,-13.89,4.389999999999999,-0.43411555265240576,-0.5501544883893583,0.11603893573695256
BOX,2024.0,0.14102337034212628,-0.14763810234212071,-0.8655126225533768,0.05035098712555883,0.13542439644015325,9,2016-2024,17.32,-13.89,4.389999999999999,0.14817772856003852,0.23788256262394705,-0.08970483406390853
PAHC,2024.0,-0.1522479375060867,0.960353396298742,-2.2139141017061443,-0.36276795538613016,0.14266247169652424,10,2015-2024,17.32,-13.89,4.389999999999999,0.21839230721518876,0.30567242621838775,-0.08728011900319899
PAYC,2024.0,0.4290930488126499,-1.2155930059043458,0.7921403455279116,-0.1513803343124776,0.05474606465199816,10,2015-2024,17.32,-13.89,4.389999999999999,0.3915976035214139,0.10187844951987256,0.2897191540015413
CCLD,2024.0,-0.13734611707801359,2.2712969423695895,-3.727661854210703,0.32472879515690867,0.1258892668663637,9,2015-2024,17.32,-13.89,4.389999999999999,0.8592682914882251,0.7880703389976542,0.07119795249057093
SDPI,2024.0,-0.8842656633716005,2.893648050667101,-1.2444879583968882,-2.6547657617737404,0.7979325088704655,6,2015-2024,17.32,-13.89,4.389999999999999,-0.27005816634005336,-0.326770660516598,0.056712494176544614
SMG,2024.0,0.224462381320935,-1.1299922327380865,-0.07884373359603036,-1.1300184028223321,0.4627588271772495,22,2003-2024,17.32,-13.89,4.389999999999999,-0.00901321797598198,-0.009908686676713338,0.0008954687007313583
NERV,2024.0,0.7016241279554697,-5.7260438891690555,2.6042292608600404,1.7367287295095797,0.8446848985333884,10,2015-2024,17.32,-13.89,4.389999999999999,-0.3505548681110859,-0.5756117267565998,0.2250568586455139
CTLT,2024.0,0.05728385019404836,0.6036165939907191,-0.2138031190196675,-1.5673951881677213,0.7216406631994832,9,2016-2024,17.32,-13.89,4.389999999999999,0.08230986108056974,0.12271884874450975,-0.04040898766394001
KEYS,2024.0,0.36839815738530224,-1.2946086886143122,0.634729442102682,-0.4869799078767796,0.19003130136653068,14,2003-2024,17.32,-13.89,4.389999999999999,0.1276439793577262,0.03462959505345022,0.09301438430427597
DNOW,2024.0,0.03560216807136782,-0.48453265572328613,1.065708147458695,-0.13285641058687642,0.16464830480763404,10,2015-2024,17.32,-13.89,4.389999999999999,-0.099421667964323,-0.2021781460066819,0.1027564780423589
ELTX,2024.0,-0.7901245651207127,2.9109696545453225,-2.764234406369182,2.184234352788875,1.0,3,2022-2024,17.32,-13.89,4.389999999999999,0.19389542617864808,0.19389542617864813,-5.551115123125783e-17
CZR,2024.0,0.613360707265749,-3.5129462732786583,2.6729981802353247,-0.8715863296774646,0.33388877186715527,18,2003-2024,17.32,-13.89,4.389999999999999,-0.2060150971953137,-0.4046236743736419,0.1986085771783282
RYAM,2024.0,0.1673885111815886,-1.1582937308800827,-1.609180689311139,-1.052717643372543,0.28556454809943443,10,2015-2024,17.32,-13.89,4.389999999999999,0.4695622249954442,0.14407293019442086,0.32548929480102334
LMB,2024.0,1.8486552265920166,-8.287944069919497,2.249621715685402,1.1435873351044572,0.617716589413692,8,2017-2024,17.32,-13.89,4.389999999999999,0.4555654707831899,0.15091434138434318,0.3046511293988467
TRUE,2024.0,0.06792049455505438,-0.831204293539567,-1.7360170551107204,-1.9359210115268746,0.29167885895207557,10,2015-2024,17.32,-13.89,4.389999999999999,0.14471163368861395,0.08010174746285066,0.06460988622576329
CTRA,2024.0,0.09485439913377777,0.45245036020154844,0.8667150454371781,0.80763416834779,0.16728088448197787,25,2003-2024,17.32,-13.89,4.389999999999999,-0.07349510471034917,0.0882872216999299,-0.16178232641027906
MRNS,2024.0,0.9224287700756044,-4.63814327676485,5.0617417670838805,1.8774491331904004,0.12191768677300818,10,2015-2024,17.32,-13.89,4.389999999999999,-0.5896315287069916,-0.50155355996096,-0.08807796874603169
ARDX,2024.0,-0.7116244239771277,3.178270012276946,-4.783246857502636,-3.5133252638323125,0.44199215300395756,9,2015-2024,17.32,-13.89,4.389999999999999,-0.36277118540689013,0.34900995157411707,-0.7117811369810072
SNDX,2024.0,0.17802381151621655,-1.081547956987315,0.952968493849139,-0.6470286242905116,0.16257826080501625,8,2017-2024,17.32,-13.89,4.389999999999999,-0.40304576279081666,-0.17007217503598526,-0.2329735877548314
VVX,2024.0,0.26494525306853883,-1.5834732360632031,0.41540217717899336,0.113107423450578,0.7672931197298887,10,2015-2024,17.32,-13.89,4.389999999999999,-0.04969149116288137,-0.062046257938289724,0.012354766775408352
ADPT,2024.0,-0.8303265561206543,2.683423555272922,-5.670994562551376,-0.10610272409122823,0.5627770134171591,7,2015-2024,17.32,-13.89,4.389999999999999,0.6090972983384554,0.4174856388033969,0.1916116595350585
KE,2024.0,0.35247484421029973,-2.1443854700021947,1.5373264433239482,-0.3978308499087993,0.4165622248475125,9,2016-2024,17.32,-13.89,4.389999999999999,-0.19484264588664807,-0.24993213648277302,0.055089490596124946
RLMD,2024.0,0.11042035780952753,-2.0583941424866583,3.644465208702213,-2.763977748311135,1.0,4,2021-2024,17.32,-13.89,4.389999999999999,-0.873648348308758,-0.8736483483087577,-3.3306690738754696e-16
LRMR,2024.0,0.14611021098186894,1.983304975077648,2.7062966821769034,2.624035926088311,0.1667908309191607,9,2015-2024,17.32,-13.89,4.389999999999999,-0.5131884316612157,0.2289092006662225,-0.7420976323274382
ANET,2024.0,0.48222420485293604,-0.5542496163155939,-0.963261027241996,-0.030917339270902067,0.08192575987467221,14,2003-2024,17.32,-13.89,4.389999999999999,0.21449041705297295,0.5186678567969958,-0.30417743974402284
CSCO,2024.0,0.10586426230670504,-0.19758983634011873,-0.302195993324134,0.003738203107787663,0.04131067468686411,22,2003-2024,17.32,-13.89,4.389999999999999,0.2185339519352113,0.11378083324175056,0.10475311869346074
HQY,2024.0,0.24150960849413913,-0.7832253035707092,0.2624677451886555,-0.6451128009658116,0.1840593825400697,9,2016-2024,17.32,-13.89,4.389999999999999,0.06612699764764758,0.04107776414658893,0.02504923350105865
SLNO,2024.0,-2.1857213538293303,14.236040064341186,-7.006699638665289,-10.832797604235097,0.13962657947063561,8,2015-2024,17.32,-13.89,4.389999999999999,0.054734824354613076,0.777631550299251,-0.7228967259446379
HOLX,2024.0,0.19944056415211686,-0.07347642149719813,0.6318491551959835,1.0275523704174028,0.12795746426851728,22,2003-2024,17.32,-13.89,4.389999999999999,-0.07607285466313421,0.14406014935340403,-0.22013300401653824
SAGE,2024.0,0.6061542903147169,-4.08393487586662,3.618053059277443,0.5919533346339841,0.22434813736960935,10,2015-2024,17.32,-13.89,4.389999999999999,-0.5469817036961624,-0.5777440487285865,0.030762345032424143
IRMD,2024.0,0.19379649885962444,0.1726964131899779,0.7047598424886053,0.838781933044998,0.09860967657758535,10,2015-2024,17.32,-13.89,4.389999999999999,0.21221785280068206,0.16263890236313672,0.049578950437545344
ATEX,2024.0,0.3607136226932359,-2.011569654747479,2.830803416778815,-1.4031873598390936,0.6228992856188001,9,2016-2024,17.32,-13.89,4.389999999999999,-0.27229059308592324,-0.442488761196541,0.17019816811061778
LNTH,2024.0,1.2551590821534928,-3.3316081386840772,4.885914193322843,-0.18203000026582417,0.06571181968387785,9,2016-2024,17.32,-13.89,4.389999999999999,0.06722965719800805,-0.008520045930801821,0.07574970312880988
ATRA,2024.0,-0.5312734882874675,2.7123247581752343,-2.243237449119328,0.13457012862528878,0.10567286038065593,10,2015-2024,17.32,-13.89,4.389999999999999,0.5189011751293332,0.2559944701578079,0.2629067049715253
OCUL,2024.0,-0.09484079841926257,0.4819450664390199,-4.841135742345953,-1.2532315853895595,0.6400545510012301,10,2015-2024,17.32,-13.89,4.389999999999999,0.2015561861713306,0.6060489751012269,-0.4044927889298963
ADVM,2024.0,0.21907595990019346,-1.5054432425481012,1.2382026927917624,1.1385403934198082,0.09557250983634125,10,2015-2024,17.32,-13.89,4.389999999999999,-0.36622362646376516,-0.16367124046678388,-0.20255238599698128
VKTX,2024.0,3.246637661005173,-11.347310623867058,12.202104781624266,5.450203602804063,0.26683371819530044,9,2016-2024,17.32,-13.89,4.389999999999999,-0.28787924676321075,-0.17432495505311343,-0.11355429171009732
TTOO,2024.0,0.08598275904912939,-2.6805273192094514,2.6204866711418653,0.261731099029332,0.07325499953909398,8,2015-2024,17.32,-13.89,4.389999999999999,-0.9683294219959021,-0.7307801760121649,-0.23754924598373717
RMBL,2024.0,0.44753850425667574,-3.21752351546991,1.7307158498410864,-4.147943657992039,0.35519320761917694,7,2018-2024,17.32,-13.89,4.389999999999999,0.2774082458536806,-0.53222772675149,0.8096359726051706
AXDX,2024.0,0.32016762792781617,0.03941425168307369,-3.293586828041793,3.618457839088357,0.17058239730809532,19,2004-2024,17.32,-13.89,4.389999999999999,-0.02133987360344105,0.9433236858703083,-0.9646635594737494
LOCO,2024.0,-0.10536020434179283,0.1476627963025128,-1.85746410288629,-0.8278080218743893,0.6732112003996464,10,2015-2024,17.32,-13.89,4.389999999999999,-0.02664390918538278,0.14187598370842236,-0.16851989289380515
ICD,2024.0,-0.10935475763432206,-1.8148459786897313,2.6911432438312626,0.039521014243915076,0.31309872973496,10,2015-2024,17.32,-13.89,4.389999999999999,-0.7469809587560533,-0.795750905186238,0.04876994643018473
LBRDA,2024.0,-0.0026137609500754,0.13246999592585396,-1.1145965400609756,-1.0127763979309559,0.3589512724629955,10,2015-2024,17.32,-13.89,4.389999999999999,0.31492443263057746,0.13068661788958308,0.18423781474099438
LBRDK,2024.0,0.00196120865799361,0.1058210829204244,-1.0954148054928812,-1.0688535382345754,0.37002129345722823,10,2015-2024,17.32,-13.89,4.389999999999999,0.31675489451639616,0.12551986637427448,0.19123502814212168
ERNA,2024.0,0.18681208846944264,-2.8096855879345193,4.388912437292966,-7.5466010969181205,0.7795995023638439,12,2003-2024,17.32,-13.89,4.389999999999999,-0.8863256163935687,-1.2407411810555145,0.3544155646619458
TTI,2024.0,0.019100941080719944,-0.494343540042364,1.6123483708892765,2.0388349192529502,0.20524210290596212,21,2003-2024,17.32,-13.89,4.389999999999999,-0.012298489492268368,-0.2009696958159335,0.18867120632366513
VICR,2024.0,0.24197557553122268,-0.5187019207432008,-1.3961310087883632,-0.19682429297847512,0.08790131279369906,22,2003-2024,17.32,-13.89,4.389999999999999,0.410197060571389,0.33741841351744895,0.07277864705394005
ENFY,2024.0,-0.0156923969356952,-1.111199376991934,1.0735611455680645,-3.1894812878768577,0.3870487206059041,14,2011-2024,17.32,-13.89,4.389999999999999,-0.5358422575546042,-0.49728800068789625,-0.03855425686670799
KPRX,2024.0,-0.6552491210313847,0.7739062422711278,-2.1102039383946916,-0.8930463371797156,0.9892927104881405,5,2016-2024,17.32,-13.89,4.389999999999999,-0.26126747186943017,-0.2673059670291922,0.006038495159762014
AVNS,2024.0,0.04980764958518136,-0.9450355223031396,1.0498795334747866,-0.18908652035773077,0.10161441611811273,10,2015-2024,17.32,-13.89,4.389999999999999,-0.24778384637729306,-0.26800166832107464,0.020217821943781578
ELDN,2024.0,-0.6032895902863804,2.618437724081261,-3.211597752235536,-0.6299755532179638,0.21125303895585978,8,2015-2024,17.32,-13.89,4.389999999999999,0.5136228404219679,0.26865882452374124,0.2449640158982267
VANI,2024.0,-0.6533218502947655,2.005285759994063,-1.888605209215541,-0.5962952775003143,0.30884806506827034,8,2015-2024,17.32,-13.89,4.389999999999999,-0.12634544650894491,-0.06985645578601896,-0.05648899072292596
GVA,2024.0,0.13200499612770167,0.12597581803859303,-0.4568668854065834,-0.36976242414760196,0.022396133214301228,22,2003-2024,17.32,-13.89,4.389999999999999,0.3728026576110292,0.2010502477748807,0.1717524098361485
CRC,2024.0,-0.2201192713144865,1.6622871699342283,1.0230979179817976,2.344917468848411,0.1447853911420326,19,2003-2024,17.32,-13.89,4.389999999999999,-0.05743630557298641,0.02862244259289537,-0.08605874816588177
LSTR,2024.0,0.14562337237882805,-0.13447802845099813,0.10388218839193056,0.29105200548391336,0.031006707549978363,22,2003-2024,17.32,-13.89,4.389999999999999,-0.11174526913499265,0.12067972492421983,-0.23242499405921246
VYNE,2024.0,-6.370106132599697,26.602049920385046,-20.223359187119886,-9.184437530508452,0.9939130519188812,5,2019-2024,17.32,-13.89,4.389999999999999,0.6535273328812471,0.6431966971126235,0.010330635768623586
W,2024.0,0.5434634811428412,-3.2027767181707385,0.5782733423756673,-0.8932544628378205,0.5958261459859813,10,2015-2024,17.32,-13.89,4.389999999999999,-0.2064731729939377,-0.13079348461889118,-0.07567968837504652
AAON,2024.0,0.2646342978656851,-0.41148810573867706,-1.1592738302412837,0.6159957161157636,0.30652418573778717,22,2003-2024,17.32,-13.89,4.389999999999999,0.3037341327376632,0.38142990490974255,-0.07769577217207935
CREX,2024.0,1.5176482457404554,-8.104908964521494,4.578973377625641,1.5752492792547637,0.5212875506157586,5,2019-2024,17.32,-13.89,4.389999999999999,-0.5245930260801629,-0.4529879457075847,-0.07160508037257818
ALTO,2024.0,-0.18727231776262,0.6869990773955343,0.15729423488766037,4.141105809642167,0.24717547112266125,15,2004-2024,17.32,-13.89,4.389999999999999,0.03260469619484327,0.09166229825968163,-0.05905760206483836
RYTM,2024.0,1.2478556499252225,-5.605058407139662,-0.3180138092172268,2.103354747289905,0.7073140281851598,7,2018-2024,17.32,-13.89,4.389999999999999,0.31638884232561953,0.4135689253149326,-0.09718008298931308
DERM,2024.0,0.3918034235177431,-2.8581930768254344,-1.788904382038793,-7.678239438291168,0.6259268652391689,8,2015-2024,17.32,-13.89,4.389999999999999,-0.3537186894141639,-0.19183151006421598,-0.16188717934994792
JAGX,2024.0,-0.6906216767316433,-1.0313080485075985,-0.27905527595492957,1.4948735709634957,1.0,4,2016-2024,17.32,-13.89,4.389999999999999,-0.7648585031377222,-0.7648585031377222,0.0
VBTX,2024.0,0.0594308049412515,0.1395705238783318,-0.49559565675205325,-1.6759546226228748,0.39247561353950855,10,2015-2024,17.32,-13.89,4.389999999999999,0.2595943618122343,0.0788682484666946,0.18072611334553967
NVEC,2024.0,0.24599280880505764,-0.897191569742352,-1.5563894119178618,1.2993028872172472,0.28757465340357335,21,2004-2024,17.32,-13.89,4.389999999999999,0.06973333511063423,0.3638211149899104,-0.29408777987927615
MMSI,2024.0,0.15519576034017715,-0.16149493437197796,-0.8682791718303906,0.3283952085690032,0.09225127759133922,22,2003-2024,17.32,-13.89,4.389999999999999,0.07832374747360611,0.26224536433037104,-0.18392161685676495
FRPT,2024.0,0.30588194191130097,0.040225721292593546,-3.2262765990224316,-1.8797613370261412,0.4012150662365832,14,2008-2024,17.32,-13.89,4.389999999999999,0.0976976918920102,0.6784573337479464,-0.5807596418559362
VCTR,2024.0,0.48215149820079706,-1.4545383582918086,0.4475873326323657,-1.247120820154907,0.6210483654036648,6,2019-2024,17.32,-13.89,4.389999999999999,0.343920374736001,0.11330697003721979,0.23061340469878122
TARA,2024.0,-1.0855540562955572,9.070382617741618,-5.509008507734454,4.79990099298742,0.8948994451781948,7,2015-2024,17.32,-13.89,4.389999999999999,1.4914799142125468,1.4613531484137543,0.030126765798792476
TFIN,2024.0,0.4306437897519528,-1.443379696193962,0.9919504639354906,-2.5961709600554452,0.3989563651280945,10,2015-2024,17.32,-13.89,4.389999999999999,0.06469990747019545,-0.07110339821591508,0.13580330568611054
HESM,2024.0,0.3871252765106008,-0.9906734943673348,1.4211188268985937,-0.6168626488108723,0.9304749020577423,5,2020-2024,17.32,-13.89,4.389999999999999,0.006060248663208187,-0.008933048052833525,0.014993296716041712
TUSK,2024.0,1.1398869441245039,-6.264245009033063,4.084823566906683,-2.23650527382347,0.2984313265431813,8,2017-2024,17.32,-13.89,4.389999999999999,-0.13234603213120466,-0.6106448664042112,0.47829883427300657
HUBS,2024.0,0.9303593609116017,-3.7652017608909194,2.0557876882712853,-1.7191605920259088,0.5890920937192899,9,2016-2024,17.32,-13.89,4.389999999999999,0.13440531481150303,-0.08279364396552447,0.2171989587770275
BOOT,2024.0,0.5405375080973954,-1.081807646507055,2.2407818745405295,-2.692646309575792,0.21053651765344283,19,2003-2024,17.32,-13.89,4.389999999999999,0.13055700381365737,-0.07628335164168325,0.20684035545534063
NVRO,2024.0,0.042416319803809416,-1.6509606013000244,0.3077143863137015,-1.820847523824059,0.41434005888571834,10,2015-2024,17.32,-13.89,4.389999999999999,-0.6051753640183122,-0.3662067908962041,-0.23896857312210806
NEXT,2024.0,0.5379915711551103,-2.924466781088888,2.26710912176432,-0.13751216407378763,0.25794742575026475,9,2007-2024,17.32,-13.89,4.389999999999999,-0.07594828494299084,-0.28946431634538844,0.2135160314023976
WK,2024.0,0.6110886756865959,-2.435195866819372,1.4042567239183992,-0.8963640419210479,0.21541738574654345,10,2015-2024,17.32,-13.89,4.389999999999999,0.45322418237879736,-0.045088888839118976,0.49831307121791635
CRBP,2024.0,0.7859515377959585,-2.848606522017371,1.906548176900636,-2.5444078604785325,0.07475981791369668,8,2016-2024,17.32,-13.89,4.389999999999999,-0.7862075694832181,-0.08394615866395601,-0.7022614108192621
UPLD,2024.0,0.024281281274447314,0.6352529363950957,-2.0935803944296674,-1.0162291184256285,0.08931946740388641,9,2016-2024,17.32,-13.89,4.389999999999999,0.6959905943938222,0.38049294834547354,0.3154976460483486
GRBK,2024.0,0.5126508281657518,-1.1915070601669175,-2.4573165049580963,0.9644971786649101,0.28620145418972653,13,2010-2024,17.32,-13.89,4.389999999999999,-0.06008447940493394,0.6899444940269108,-0.7500289734318447
JYNT,2024.0,1.0536639272576074,-4.915802203411602,4.2650783962656105,-5.954644080340819,0.43210976053188677,10,2015-2024,17.32,-13.89,4.389999999999999,-0.29093584732653527,-0.651581278741537,0.36064543141500177
RCKT,2024.0,0.8883001914046647,-4.6252631444608285,5.495657825593277,-1.590099239603926,0.2995790202479146,7,2016-2024,17.32,-13.89,4.389999999999999,-0.46314454235111285,-0.7459476138094693,0.2828030714583564
FND,2024.0,0.41674703741471186,-2.2901389979901614,-0.10480269121789737,-0.8778530643472949,0.7301626234712193,7,2018-2024,17.32,-13.89,4.389999999999999,-0.044063482375309125,-0.0038856927518643655,-0.04017778962344476
OCGN,2024.0,-0.5374780723928849,0.6242769933242507,-0.9622818145546691,-0.3787112232774343,0.030278805606994585,7,2015-2024,17.32,-13.89,4.389999999999999,-0.5276258359040149,-0.3123177758093606,-0.2153080600946543
HCA,2024.0,0.36597277867548583,-1.150790000531831,0.6126979490399237,-0.41369485690500507,0.08725048074681208,17,2003-2024,17.32,-13.89,4.389999999999999,-0.10917386588375994,0.06339100124359759,-0.17256486712735752
SND,2024.0,0.2015936025306611,-1.6277377305441538,0.46471655065602624,-3.293226118957457,0.4540583018613411,8,2017-2024,17.32,-13.89,4.389999999999999,0.07088430124939303,-0.2894523279079407,0.3603366291573337
GNSS,2024.0,-0.025999155137445763,0.4501777514910434,-0.062050487743739925,0.2110774741935001,0.021734748963115225,27,2003-2024,17.32,-13.89,4.389999999999999,0.18233420375442105,0.06985674528550308,0.11247745846891798
TLRY,2024.0,0.27562203130314433,-2.9684428300849977,2.922370077935158,-3.2327842620011253,0.6222069181083867,6,2019-2024,17.32,-13.89,4.389999999999999,-0.2457760124468104,-0.7863486997946201,0.5405726873478096
PARR,2024.0,0.5001774249413512,-3.3293844168503104,3.17643633542494,-0.2866254669905871,0.43249518089278916,10,2015-2024,17.32,-13.89,4.389999999999999,-0.39787188270311025,-0.5302618210485335,0.13238993834542323
GTIM,2024.0,0.013578252421062698,0.8429029919078187,-0.9851370848919845,-1.3179126697926096,0.08841446108986051,21,2003-2024,17.32,-13.89,4.389999999999999,-0.023266516208882128,0.23854822550709798,-0.2618147417159801
GMS,2024.0,0.42758030475246744,-1.8417688059512245,0.5886118359770472,-0.8329245611720524,0.4486658825584575,7,2018-2024,17.32,-13.89,4.389999999999999,0.0053692668438013805,-0.00973762469094959,0.01510689153475097
PVLA,2024.0,0.030074250489121233,0.09963687486067478,-1.206347371001801,-1.7603540367904895,0.13512470104030927,8,2016-2024,17.32,-13.89,4.389999999999999,0.17617214304958068,0.13761346483203776,0.03855867821754291
SUM,2024.0,0.3553085837759443,-1.7620217118493091,-0.580909121331999,-0.8846845911790059,0.4237113031526739,9,2016-2024,17.32,-13.89,4.389999999999999,0.33515443350263596,0.0919770466839003,0.24317738681873566
ZI,2024.0,-0.565507850743708,0.7927596190706422,-1.2102371587389325,0.8232844189215077,1.0,4,2021-2024,17.32,-13.89,4.389999999999999,-0.2239577573811809,-0.2239577573811809,0.0
VSTO,2024.0,0.13348797115827832,-0.5662876248430126,-1.512316874862928,-3.5527905029857028,0.5668914002856169,9,2016-2024,17.32,-13.89,4.389999999999999,0.14159684829969033,0.08950026537285696,0.05209658292683336
SHAK,2024.0,0.6301000080061178,-2.828265850105419,0.9620262380730933,-0.44451959197606405,0.32221404543758203,9,2016-2024,17.32,-13.89,4.389999999999999,0.3952423282504878,-0.012895491788242619,0.4081378200387304
SLRX,2024.0,-0.8552536936136215,0.9531974051575978,-2.6363864812832043,1.1410836923824013,1.0,4,2017-2024,17.32,-13.89,4.389999999999999,-0.2738722466945009,-0.2738722466945011,2.220446049250313e-16
AVGR,2024.0,-0.9013163201242296,0.2179655794024771,-0.9677345728429523,0.8184636791967641,0.6803085772697901,6,2016-2024,17.32,-13.89,4.389999999999999,-0.6071955539573749,-0.6932157940870964,0.08602024012972154
WEX,2024.0,0.07076458093815602,-0.211251045869721,1.2668556383336376,0.2941197082270981,0.09082816829419404,21,2003-2024,17.32,-13.89,4.389999999999999,-0.05725378506287116,-0.1288784931798523,0.07162470811698116
TRMB,2024.0,0.20538735969212835,-0.37562684219565234,0.8494177689818465,-0.62755058775966,0.09647690477439752,22,2003-2024,17.32,-13.89,4.389999999999999,0.2166105138031355,-0.0052048082903861925,0.2218153220935217
CKX,2024.0,-0.01640217744057758,0.13388400786633267,0.1048782365096126,-0.6368397872910432,0.24380294320167706,17,2008-2024,17.32,-13.89,4.389999999999999,-0.11365459779869796,-0.03573832099139074,-0.07791627680730723
XELA,2024.0,-0.3430405207410966,-1.601815914506056,0.29531875755999243,0.3369056364098245,0.4396472121587298,6,2017-2024,17.32,-13.89,4.389999999999999,-0.5490391953090366,-0.6467046551202371,0.09766545981120056
GRNQ,2024.0,2.4424991700055694,-12.145635042738084,4.1159200923702945,4.847840567077479,0.9617543932014753,5,2019-2024,17.32,-13.89,4.389999999999999,0.00028656703850787196,-0.02000591933219914,0.020292486370707012
FNWB,2024.0,0.01699574930293669,-0.2798787918205486,0.43932101363653786,-0.7858374349798094,0.34614870290501587,9,2016-2024,17.32,-13.89,4.389999999999999,0.01852644472103468,-0.12699920963011105,0.14552565435114573
CRK,2024.0,-0.00207069704028702,1.1974063207000465,-0.7684543972916139,1.0387554300312747,0.12257577975951861,21,2003-2024,17.32,-13.89,4.389999999999999,0.7083166479008723,0.35765975686713913,0.3506568910337332
EXPO,2024.0,0.2056056262336501,-0.08422971800414142,0.8398708150645838,-0.046872641560713135,0.08473399817023808,22,2003-2024,17.32,-13.89,4.389999999999999,-0.10504346253833138,0.07230127389834683,-0.1773447364366782
GDDY,2024.0,0.17060072117741593,0.36284957025922726,-0.8779262565695316,-0.46131819796695084,0.10176692746605498,9,2016-2024,17.32,-13.89,4.389999999999999,0.3657304254580692,0.33513835489307287,0.030592070564996354
ENR,2024.0,-0.08888949186368592,0.352425850804734,-1.7795541690150463,0.3048379387087823,0.43830716837317363,9,2016-2024,17.32,-13.89,4.389999999999999,0.15445080754244445,0.23271312508119946,-0.07826231753875501
BHE,2024.0,0.0984678547298965,-0.23798447509904186,-0.6248988283241105,-0.23719360975461468,0.11158293411061138,22,2003-2024,17.32,-13.89,4.389999999999999,0.11228662364537366,0.1336345914287338,-0.021347967783360136
VITL,2024.0,0.48026031580153977,0.08149557440623204,-1.07209445140439,-3.582208784428029,0.2630144511542619,10,2003-2024,17.32,-13.89,4.389999999999999,-0.24112328370191227,0.4860303029523785,-0.7271535866542908
RKDA,2024.0,-1.1757913134452607,5.121910535483133,-7.376296269231107,-0.7186070892977701,0.9009885516741322,8,2016-2024,17.32,-13.89,4.389999999999999,0.8323824797313332,0.7043442918764466,0.12803818785488652
SEDG,2024.0,0.5747305768712613,-2.18900377403917,2.773963736768323,-1.2681480418508762,0.12239296158325241,9,2016-2024,17.32,-13.89,4.389999999999999,-0.5085802638617455,-0.24538013886669646,-0.263200124995049
BLBD,2024.0,1.0252474068842816,-5.197713856622524,2.7833333597606096,-0.6069817997581552,0.5182025553456555,8,2017-2024,17.32,-13.89,4.389999999999999,-0.32961813429818504,-0.2882481377628712,-0.04136999653531381
MTRX,2024.0,0.14003247013296957,0.03786990771392968,-0.23010770892134222,1.4693216758475638,0.10220742246108983,23,2003-2024,17.32,-13.89,4.389999999999999,0.15845715784529035,0.24305672048790466,-0.08459956264261431
BNED,2024.0,0.201872535639428,-1.401736223744317,-0.515582993031511,-5.1650225585534955,0.4605046346556252,8,2017-2024,17.32,-13.89,4.389999999999999,0.5217691267871455,-0.1960381909015092,0.7178073176886547
ESE,2024.0,0.08519250789887864,0.3589563666183227,-0.8269654679954659,0.49190576788332985,0.0933053178127673,22,2003-2024,17.32,-13.89,4.389999999999999,0.22283489144822927,0.28382391731182055,-0.060989025863591284
CABO,2024.0,0.01923330653045665,-0.11845029841214708,-0.23217989113057347,-1.0063230210379428,0.177914094449664,9,2016-2024,17.32,-13.89,4.389999999999999,-0.007084931365752438,-0.013210078900056248,0.0061251475343038105
ETSY,2024.0,0.7882388912761589,-3.072252699434875,2.455628338442159,-1.4521579976048051,0.2171219178773851,9,2016-2024,17.32,-13.89,4.389999999999999,-0.15023719513706796,-0.14871178857042835,-0.0015254065666396033
OPGN,2024.0,-1.0907636074674016,3.3516433180966354,-3.863162674755406,-2.4053240254922503,0.9694521281910994,5,2016-2024,17.32,-13.89,4.389999999999999,-0.1167485619490533,-0.07925941396864832,-0.03748914798040498
LITE,2024.0,-0.2891335529250798,2.3064236790539194,-3.292362248138947,-0.20691326237266716,0.7738540348970945,9,2003-2024,17.32,-13.89,4.389999999999999,0.6016820110057434,0.5585646523353988,0.04311735867034461
ETD,2024.0,0.12048750671084003,-0.48224306658400284,0.1771865480030516,-0.7589713599804326,0.0822333824289232,22,2003-2024,17.32,-13.89,4.389999999999999,-0.0006886907632961889,-0.020967046642274105,0.020278355878977916
ZVRA,2024.0,-0.5989007566617145,5.146851870282326,-1.6029745966162006,4.646565758881944,0.6935560349324021,7,2016-2024,17.32,-13.89,4.389999999999999,0.6550604002061008,0.7191713955560918,-0.06411099534999098
CDTX,2024.0,-0.8372657317631813,4.489711516697499,-9.80914806804784,0.7481879358296748,0.8562257166765785,8,2016-2024,17.32,-13.89,4.389999999999999,1.204273735467061,1.335688419963593,-0.13141468449653204
BPMC,2024.0,0.6975944796834641,-3.2219719839285097,2.414412492814389,-0.8244387739584623,0.29465175460347814,9,2016-2024,17.32,-13.89,4.389999999999999,-0.23773935813526625,-0.23200582536164888,-0.005733532773617378
VIRT,2024.0,-0.16387120675647235,1.9454783884322635,-2.3745023785011585,-0.419878532887078,0.4472326033047985,9,2016-2024,17.32,-13.89,4.389999999999999,0.5650511307496232,0.4844713629000639,0.08057976784955934
OPRX,2024.0,1.3259099494620004,-6.889602747288703,7.863444909787864,-6.345366320486475,0.6844254783052047,6,2019-2024,17.32,-13.89,4.389999999999999,-0.560981034748539,-1.2381633258072933,0.6771822910587543
DAY,2024.0,-0.45304564973802053,-0.7748241852635915,-7.6373921788254515,-1.5825019722332039,0.9978700270389494,5,2019-2024,17.32,-13.89,4.389999999999999,0.4175333118649043,0.4041167384321429,0.01341657343276137
HAYN,2024.0,0.13848703765510723,-0.40982046788044046,0.6913129565373272,0.8683928175019463,0.12009325403754056,17,2008-2024,17.32,-13.89,4.389999999999999,-0.003998459623438408,0.009605207643515627,-0.013603667266954035
ATYR,2024.0,-0.8564235227056264,4.8686893212279605,-9.150667225174782,-0.21739298477885116,0.8717914153654013,7,2016-2024,17.32,-13.89,4.389999999999999,1.2735295050273348,1.248317593276042,0.02521191175129278
CYH,2024.0,0.1462800036684644,-0.37646355460950864,-0.9613277414472527,-3.73974440196724,0.2699948057506829,22,2003-2024,17.32,-13.89,4.389999999999999,-0.15709912028017803,0.05043016005075912,-0.20752928033093715
DORM,2024.0,0.3029552136534167,-0.7788253097860971,1.5038836416937704,-0.9898987017396403,0.2141974465549612,22,2003-2024,17.32,-13.89,4.389999999999999,0.36917519602909843,-0.0842833208391702,0.45345851686826866
CCEL,2024.0,0.2871510014192461,-1.0624657427490043,0.8776423048373426,-0.6016786812495617,1.0,3,2003-2024,17.32,-13.89,4.389999999999999,-0.04518627547364412,-0.04518627547364408,-4.163336342344337e-17
AZO,2024.0,0.18954760546587496,-0.07910102226429427,1.4716615240795068,-0.07376082673113449,0.3017332170633584,22,2003-2024,17.32,-13.89,4.389999999999999,0.033278924750518205,-0.0318045775784411,0.0650835023289593
REGN,2024.0,0.24273683656673742,0.3002827491074687,-0.3890443808409115,0.19119922131133,0.008982685030480941,22,2003-2024,17.32,-13.89,4.389999999999999,-0.36923556434394195,0.357177719026521,-0.726413283370463
EVH,2024.0,0.3752171306852332,-2.0679670819527534,2.6339853807689875,-2.1651669033564733,0.25366213265005644,9,2016-2024,17.32,-13.89,4.389999999999999,-0.4585919748173186,-0.44386616435514514,-0.014725810462173472
WING,2024.0,1.3063041996833977,-5.804025020527136,4.270116865555478,0.12258582749940983,0.6452279084062045,9,2016-2024,17.32,-13.89,4.389999999999999,-0.37355038425026155,-0.2866906486703338,-0.08685973557992777
BW,2024.0,-0.03499516521880518,-0.5784219834197255,-2.206011514492351,-3.2240173316790677,0.3372750894593489,8,2016-2024,17.32,-13.89,4.389999999999999,0.08405374779095155,0.029702785755174876,0.054350962035776676
X,2024.0,0.24153845989210465,-0.2783143718693972,-0.16343427480899758,-0.6205328638020738,0.019078877036729947,22,2003-2024,17.32,-13.89,4.389999999999999,-0.14548464542483566,0.18879403873438377,-0.33427868415921946
ATXS,2024.0,0.2502642619583794,-3.0208371480630696,-0.5532998800664097,2.1840472424684543,0.7439727324844629,8,2016-2024,17.32,-13.89,4.389999999999999,-0.06456364815270713,-0.10021170480055475,0.03564805664784762
GKOS,2024.0,0.7852782912004366,-3.5817665016168334,2.730177420323695,-1.7389217960744539,0.5174310419650232,9,2016-2024,17.32,-13.89,4.389999999999999,0.21993972443024423,-0.29064397741022857,0.5105837018404729
HAE,2024.0,0.14140175027275012,-0.15067558518879032,0.9103408046093642,0.7844112102684312,0.13860192562921725,22,2003-2024,17.32,-13.89,4.389999999999999,-0.10318778035175977,0.023294053288595087,-0.12648183364035487
IONS,2024.0,0.13748361809929502,0.4069613575128027,-1.5363013648126411,0.47047055243749136,0.07399778121415601,22,2003-2024,17.32,-13.89,4.389999999999999,-0.3134523912759848,0.44201524204499415,-0.7554676333209789
APPF,2024.0,0.8911973635395904,-3.2645111038668873,1.6127796918949577,0.35055449651955545,0.4669377956239066,9,2016-2024,17.32,-13.89,4.389999999999999,-0.038189686308302315,0.11715828354284451,-0.15534796985114682
OLLI,2024.0,0.1737729361464326,-0.19986646500643698,0.1892243117896381,-0.3206200918997006,0.028259415164604507,8,2017-2024,17.32,-13.89,4.389999999999999,0.07077397530013908,0.09879758546534015,-0.028023610165201066
VERX,2024.0,0.8474998815529347,-2.3634721563147503,-0.6663846544871037,-2.2277798056465663,1.0,4,2021-2024,17.32,-13.89,4.389999999999999,0.43290779911959415,0.43290779911959437,-2.220446049250313e-16
LCUT,2024.0,0.42052982837154435,-3.040008286746987,4.504151362665125,-2.279537089456502,0.45433217736263454,22,2003-2024,17.32,-13.89,4.389999999999999,-0.34988825686648917,-0.83169790939436,0.4818096525278708
ALRM,2024.0,0.2123409665280192,-0.933393890151303,0.5709976114439341,-1.1331870822205166,0.664503363455677,9,2016-2024,17.32,-13.89,4.389999999999999,-0.09010541269693517,-0.0783813363852296,-0.011724076311705578
DBI,2024.0,0.26770055594888026,-1.641731552824833,3.9516435534397374,-0.8412144399187245,0.30792271420030537,18,2007-2024,17.32,-13.89,4.389999999999999,-0.2502426787829399,-0.6024599524855925,0.3522172737026526
NTRA,2024.0,0.5740293576397413,-1.2728595452538234,-0.728085784076091,-2.533482932592607,0.616704484524464,9,2016-2024,17.32,-13.89,4.389999999999999,0.41483423171377004,0.3434812990691327,0.07135293264463732
IDXX,2024.0,0.29106596896857495,-0.7372532295706375,-0.035673719254560976,-0.5855931321063156,0.16505311649988363,22,2003-2024,17.32,-13.89,4.389999999999999,-0.19837689696404376,0.1426212507119318,-0.3409981476759756
LDWY,2024.0,0.1858119263178478,-1.8346903925664284,1.5179281284111483,1.6546947789402837,0.29460621063210846,21,2003-2024,17.32,-13.89,4.389999999999999,-0.025928512388004903,-0.27015556591548767,0.24422705352748278
AES,2024.0,0.056810312962683705,0.11177952840730326,1.2101246092231914,-0.27917390090953664,0.12600559194149408,22,2003-2024,17.32,-13.89,4.389999999999999,-0.2973192478368559,-0.10417151518820131,-0.19314773264865462
TDOC,2024.0,0.1385352454279622,-0.2781983342365922,-2.9804965523054747,-1.0319027746332317,0.2033404054496536,9,2016-2024,17.32,-13.89,4.389999999999999,-0.11753297108801046,0.45904173324701597,-0.5765747043350264
DIN,2024.0,0.03260860716745155,0.8573760755993485,2.654012093199894,-0.8945225494582922,0.23795269602847247,19,2003-2024,17.32,-13.89,4.389999999999999,-0.18759260135515865,-0.22680567620542558,0.03921307485026693
KALU,2024.0,0.029981099870519987,0.07271612757235676,0.5218547844999747,-0.5727773349400043,0.094075105440943,18,2007-2024,17.32,-13.89,4.389999999999999,-0.23135738716995963,-0.055055021404860474,-0.17630236576509917
MNST,2024.0,0.761066884997476,-1.4139005119122283,4.511738158718632,1.4036695019668455,0.09545762376273603,22,2003-2024,17.32,-13.89,4.389999999999999,0.005270988137552869,-0.0488800227753955,0.05415101091294837
VRTX,2024.0,0.16455726298788528,0.4227897370405009,-0.26126042887863304,1.109387731775473,0.18965351195220537,22,2003-2024,17.32,-13.89,4.389999999999999,-0.18783253404903416,0.32277564043948537,-0.5106081744885196
MNRO,2024.0,0.21426818143803456,-1.294412650339364,1.8095558197703112,-0.1126805382633177,0.33278901895277624,22,2003-2024,17.32,-13.89,4.389999999999999,0.015015444399900081,-0.2662180685965992,0.2812335129964993
PRGS,2024.0,0.1254296394624408,-0.48613717907364024,0.7839792913262995,0.3146262977288709,0.18889851466059193,22,2003-2024,17.32,-13.89,4.389999999999999,0.1573308692504935,-0.053851949048039256,0.21118281829853275
ZBRA,2024.0,0.16510197642117824,0.26193514994642464,-1.1570025195123705,-0.5811650544894668,0.06428116511962945,22,2003-2024,17.32,-13.89,4.389999999999999,0.20320391695073087,0.34566364846007963,-0.14245973150934876
FIZZ,2024.0,0.3170657093774394,-0.7522456386723663,0.1255215466025419,-0.9275541275331248,0.11115730515322453,22,2003-2024,17.32,-13.89,4.389999999999999,-0.21423423579726447,0.12862219573758832,-0.3428564315348528
BIIB,2024.0,0.1698990239015829,-0.3548765867423623,-0.10951415290322891,0.5388587929392527,0.03978986686138697,22,2003-2024,17.32,-13.89,4.389999999999999,-0.387331454996661,0.14730181592609742,-0.5346332709227584
MSGS,2024.0,0.1780277139202983,-0.7005140731937715,0.5156238037243142,0.32818899882017744,0.13382017640058497,8,2017-2024,17.32,-13.89,4.389999999999999,0.15261512632342528,-0.0005139728459643486,0.15312909916938963
PRPL,2024.0,-0.2968693568990949,0.6079167266189394,-2.0720371356545506,-0.4823758318980589,0.12245311418807203,11,2005-2024,17.32,-13.89,4.389999999999999,-0.29698158329409136,0.0750514792733977,-0.372033062567489
RPD,2024.0,0.575903597383881,-2.4925429254946008,3.7907418297416973,-1.8389683657038323,0.542267401500081,9,2016-2024,17.32,-13.89,4.389999999999999,-0.11637730833199245,-0.46306958871730375,0.3466922803853113
OOMA,2024.0,0.031981074410199456,0.4029487973925403,-2.328090732944385,0.20041749036025291,0.27336833591221976,8,2017-2024,17.32,-13.89,4.389999999999999,0.36892929931478696,0.43394193675137765,-0.06501263743659069
VTVT,2024.0,-0.26881000794705456,0.01937147698991333,-1.8539132492337376,-1.3936769879012088,0.6318625851444013,7,2016-2024,17.32,-13.89,4.389999999999999,-0.26506148665046436,-0.06912873758269852,-0.19593274906776584
WOOF,2024.0,0.09405633818752407,0.09957041151467691,0.8672924137889465,-0.1125126956465208,0.03243566083524352,18,2003-2024,17.32,-13.89,4.389999999999999,-0.03904531392279812,-0.01410429015230082,-0.0249410237704973
BCDA,2024.0,0.4992477668300387,-4.112596174961102,1.7498073042701687,-0.2351418685975492,0.6093474514543035,5,2020-2024,17.32,-13.89,4.389999999999999,-0.31297431189396235,-0.46642485326778305,0.1534505413738207
SYRE,2024.0,2.503868968057921,-12.354617804063961,3.642565328357665,5.854223293961337,0.5015801531594173,6,2017-2024,17.32,-13.89,4.389999999999999,-0.05676350430465913,0.11509724289006629,-0.1718607471947254
CSWI,2024.0,0.5636688012977071,-1.7336317441332423,0.7394209670816623,-0.6270780948436228,0.5485691406484681,8,2017-2024,17.32,-13.89,4.389999999999999,0.2845491934837474,0.13316948252255165,0.15137971096119576
PYPL,2024.0,0.2260887464923445,-0.633987096921499,-1.5046080350271036,-1.4515719718849405,0.5242235641461488,9,2016-2024,17.32,-13.89,4.389999999999999,0.4238109882629147,0.2615482278050567,0.16226276045785798
ODFL,2024.0,0.3059074007390688,-0.19677136209953605,-0.9239701065427611,0.3757941327715437,0.0711355124059756,22,2003-2024,17.32,-13.89,4.389999999999999,-0.04533247187871199,0.41666341105088944,-0.4619958829296014
TRU,2024.0,0.12405136742166037,-0.11589305680344138,-0.48779477434652346,-0.3793693961686304,0.11518700327407838,9,2016-2024,17.32,-13.89,4.389999999999999,0.2058035218947346,0.15507906764823354,0.05072445424650107
ALTS,2024.0,0.048582877669788554,0.5413977569834659,-0.0953595844339864,-1.6807263803752535,0.11989090464360042,17,2006-2024,17.32,-13.89,4.389999999999999,1.0289126042182433,0.08181452735873193,0.9470980768595113
ARIS,2024.0,0.10362446836542158,0.648138476425466,-3.1177061666829875,-2.7989137834361437,0.8747949790937367,6,2015-2024,17.32,-13.89,4.389999999999999,0.49767123408108815,0.5260591239417326,-0.028387889860644444
ATNI,2024.0,0.13884392437435988,-0.6906399003170031,0.7758336687979241,0.29317979099416797,0.10819323807400238,22,2003-2024,17.32,-13.89,4.389999999999999,-0.2936242325081728,-0.07566761013193274,-0.21795662237624008
WNC,2024.0,0.12806582068965483,-0.8028749948587042,-0.08552956853078246,0.6626352919257456,0.07676567075027607,21,2003-2024,17.32,-13.89,4.389999999999999,-0.2561107150773665,0.029977617964593167,-0.2860883330419597
JBSS,2024.0,0.23291215038426383,-0.6072093672886408,0.18816659397246577,-0.154613466005263,0.03328256815761743,22,2003-2024,17.32,-13.89,4.389999999999999,-0.13066653160263325,0.09481961690946468,-0.22548614851209792
TTEK,2024.0,0.09614693032664529,0.30719547674750347,-0.6071574871236124,-0.34347182275014654,0.10549370940217284,22,2003-2024,17.32,-13.89,4.389999999999999,-0.07025129835283074,0.21860894884205123,-0.28886024719488196
AMSC,2024.0,0.20829090699391628,-0.4058222493570378,-0.41990351034090057,-2.432252360908526,0.15892301498646844,22,2003-2024,17.32,-13.89,4.389999999999999,0.006032376045482887,0.08955121234774414,-0.08351883630226126
QCOM,2024.0,0.13344682930279314,0.13002450794584589,0.29968596928435054,-0.7444656492423779,0.08325764322368145,22,2003-2024,17.32,-13.89,4.389999999999999,-0.267574623194278,0.08165865094367697,-0.34923327413795496
POCI,2024.0,-0.4649583696123768,0.5319534625321607,-0.938483497670095,0.28330947764494063,1.0,3,2003-2024,17.32,-13.89,4.389999999999999,-0.2300313860068175,-0.2300313860068175,0.0
SPOK,2024.0,0.2978588651156776,-1.6597130062927565,-0.33693400339373425,0.9764527874060954,0.35736603461847505,20,2005-2024,17.32,-13.89,4.389999999999999,0.08059199563101997,0.10006298286428945,-0.019470987233269482
GILD,2024.0,0.10425426602969458,0.6988718531863782,-1.2735313079987298,0.8523152365722415,0.28136555094727034,22,2003-2024,17.32,-13.89,4.389999999999999,0.32301647133247396,0.43960900856812024,-0.11659253723564628
PLNT,2024.0,0.36678322861053836,-0.7657651847072856,1.4929460794649354,-0.23188484384514796,0.09449643688383236,9,2016-2024,17.32,-13.89,4.389999999999999,0.29654425460830236,0.016602743536754963,0.2799415110715474
LMFA,2024.0,-0.740519493755498,0.9496966993501577,-2.3173630706032577,-1.108639548453811,0.624701654826121,6,2016-2024,17.32,-13.89,4.389999999999999,-0.5161170434882448,-0.3028195710983805,-0.21329747238986435
RUN,2024.0,0.6558062763629489,-3.459000207419693,3.5829340556112337,-3.0286928427911906,0.560963754832664,9,2016-2024,17.32,-13.89,4.389999999999999,-0.2670478026083667,-0.5739217156850756,0.30687391307670886
MCFT,2024.0,0.223743740983311,-1.3996715794514147,0.44930696369391565,0.21301272015634357,0.26237994897811434,8,2017-2024,17.32,-13.89,4.389999999999999,-0.03691857722792766,-0.07173685541989541,0.034818278191967755
ROP,2024.0,0.19161269908626918,-0.22330330313529057,0.5843744143726466,0.15951353002705887,0.06789562265722293,22,2003-2024,17.32,-13.89,4.389999999999999,-0.12214785287665342,0.07876960479506412,-0.20091745767171754
SNPS,2024.0,0.13395115930196397,0.1318307337636035,-0.6778625775007271,-0.23612634589076228,0.06272366186690759,22,2003-2024,17.32,-13.89,4.389999999999999,-0.2313320312762071,0.24057340782006661,-0.4719054390962737
MODG,2024.0,0.040952473877939155,-0.24054891955243235,0.9149476165845696,-0.5758916290716203,0.08200777484203225,22,2003-2024,17.32,-13.89,4.389999999999999,-0.5332560434901688,-0.15307846544838294,-0.3801775780417858
MBOT,2024.0,-0.06622711637245228,0.10849148011081099,1.163611550151776,-0.37577745934496665,0.040308534529338025,15,2003-2024,17.32,-13.89,4.389999999999999,0.051057158387418436,-0.22555866679858555,0.27661582518600397
ICUI,2024.0,0.12787040477289255,-0.1413887543092556,-0.5818908483211189,0.07330614105974362,0.03012089426841813,22,2003-2024,17.32,-13.89,4.389999999999999,0.25971215780117823,0.18742465095085561,0.07228750685032262
MHK,2024.0,0.07398059219064902,-0.08429235716831485,0.42452641489442333,-0.7783999799632575,0.08821107931799699,22,2003-2024,17.32,-13.89,4.389999999999999,0.0017914275577845043,-0.03375732222012551,0.03554874977791001
ASUR,2024.0,0.20527352870682086,-0.27493694071479147,-2.373930899999033,0.4053040417985298,0.12144179901174679,18,2003-2024,17.32,-13.89,4.389999999999999,0.07325871671492216,0.5051863000198401,-0.43192758330491793
KAR,2024.0,0.2107600998735164,-0.5978435755716877,1.1536190614347295,0.06068877975257908,0.09208069854597467,17,2005-2024,17.32,-13.89,4.389999999999999,0.14891906996174625,-0.05035985761764558,0.19927892757939183
OPTN,2024.0,-0.12166267901122424,-0.11320989311048568,2.2573676073716076,0.20982187240183447,0.2739878084066517,12,2003-2024,17.32,-13.89,4.389999999999999,-0.6187755862608828,-0.4456078129634361,-0.1731677732974467
AGCO,2024.0,0.15235755566186415,-0.1416976534813843,-0.07705928878123021,-0.15528614246090439,0.0059745343175844345,22,2003-2024,17.32,-13.89,4.389999999999999,-0.08614606516715462,0.13170199563656756,-0.21784806080372218
SMRT,2024.0,0.018122456700509368,-0.4273396767467929,0.8492108441239217,0.236750112176487,0.02091401908947199,16,2004-2024,17.32,-13.89,4.389999999999999,-0.31476370552461946,-0.1634548316363001,-0.15130887388831937
CASS,2024.0,0.11355376423194638,-0.2189209422136149,-0.14140564569761874,0.44656077862217,0.11084020805076289,21,2004-2024,17.32,-13.89,4.389999999999999,-0.010841186053567375,0.11488191940946077,-0.12572310546302815
BKE,2024.0,0.253677307208159,-0.15750433862750102,-0.33786519697487094,-1.6631957838420937,0.14027184879718058,22,2003-2024,17.32,-13.89,4.389999999999999,0.35104170632387577,0.2003127367070175,0.15072896961685828
OLED,2024.0,0.29275297391781563,-0.9679186732646275,1.0766779491404483,-0.5402779078529033,0.1002708386901,25,2003-2024,17.32,-13.89,4.389999999999999,-0.34838750127927065,-0.04815930758196858,-0.3002281936973021
BSX,2024.0,0.03297624324292554,0.5454111259699994,-1.4705668216804733,-0.05800920222221684,0.13896599984390612,22,2003-2024,17.32,-13.89,4.389999999999999,0.11286793070542979,0.32915657781479185,-0.21628864710936208
KSS,2024.0,0.039759759625056006,-0.1762569521120124,1.1983117954344982,-1.4018198393092862,0.16305408906485308,22,2003-2024,17.32,-13.89,4.389999999999999,-0.39954514097616645,-0.21875334381227396,-0.1807917971638925
INTZ,2024.0,-1.0459149758750166,5.648950201931167,-7.1668793240929,1.4127860145603304,0.32433154174903944,6,2004-2024,17.32,-13.89,4.389999999999999,1.7484747094316015,0.9899840432551639,0.7584906661764377
USPH,2024.0,0.09737157944889774,0.1410877300477301,0.9798479982970546,0.037178784258247666,0.11836666300261278,22,2003-2024,17.32,-13.89,4.389999999999999,-0.07789153021648895,-0.01266076404135921,-0.06523076617512974
PVBC,2024.0,0.1843636892700794,-0.5809778599146559,1.3477071003330046,-1.9225862248590686,0.5172679646803018,9,2016-2024,17.32,-13.89,4.389999999999999,0.07176349332765745,-0.18785972757470643,0.2596232209023639
FC,2024.0,0.16306511825758968,0.2773420618478432,2.730055135284295,0.46649528703568677,0.30812779600324636,22,2003-2024,17.32,-13.89,4.389999999999999,-0.05803265910366641,-0.14762475182048576,0.08959209271681935
LOOP,2024.0,-0.002505141315745668,-1.899315988766745,0.9116411383666445,-1.2782403620235903,0.8446985954867734,6,2019-2024,17.32,-13.89,4.389999999999999,-0.4728186095962186,-0.5142083765821084,0.04138976698588981
DHI,2024.0,0.1708949616787442,-0.14255058436274518,-0.12291014433094874,-0.24794951558958236,0.015550994435854948,22,2003-2024,17.32,-13.89,4.389999999999999,-0.05092428481248418,0.15239243578030287,-0.20331672059278705
KRON,2024.0,0.1614315069805311,-2.3077285358318043,1.8936077398243563,-1.6883048602906157,0.4964241722444914,8,2003-2024,17.32,-13.89,4.389999999999999,-0.2808526212340758,-0.5754057738538984,0.29455315261982257
IBRX,2024.0,-0.4657403979977006,7.463819582364383,-20.285102209580273,-5.940661933852479,0.24713796190631387,9,2016-2024,17.32,-13.89,4.389999999999999,-0.6419179887084746,3.3837987916823864,-4.025716780390861
GPK,2024.0,0.19445158698487136,-0.6271700702139749,1.4101741381644888,0.3634115741242374,0.1711821087032529,21,2003-2024,17.32,-13.89,4.389999999999999,-0.003405406796276149,-0.09409368886318253,0.09068828206690638
BGC,2024.0,0.17589104800696218,-0.1936101814767327,0.013838180610027062,0.5510836074662493,0.016180942454829816,37,2003-2024,17.32,-13.89,4.389999999999999,0.049041655132861614,0.16462821165622765,-0.11558655652336604
SBUX,2024.0,0.2654612750440871,-0.901406104598107,1.2672458958725965,-0.2074708821387488,0.1307517450354102,22,2003-2024,17.32,-13.89,4.389999999999999,0.13922998305273715,-0.07579068893489972,0.21502067198763686
LFMD,2024.0,1.237081057317102,-5.691270236894166,3.6354651946098646,-1.6353976254555112,1.0,3,2022-2024,17.32,-13.89,4.389999999999999,-0.3254070190017749,-0.3254070190017746,-2.7755575615628914e-16
DYN,2024.0,-0.030350260244566912,0.3931378415701295,-0.9060540031131883,0.85668605313206,0.03159025395058235,17,2003-2024,17.32,-13.89,4.389999999999999,-0.3793695108509423,0.2012006326802988,-0.5805701435312411
VZIO,2024.0,0.48405483899149027,-1.0414025865339367,1.5478380080088525,-1.6140068428011456,1.0,3,2022-2024,17.32,-13.89,4.389999999999999,0.017834311292412544,0.01783431129241253,1.3877787807814457e-17
CENT,2024.0,0.20644958028762267,-0.6162944872821967,-0.06847630529436327,-1.3103466743576166,0.17639974971244232,22,2003-2024,17.32,-13.89,4.389999999999999,-0.039188666220211964,0.05169451489143391,-0.09088318111164587
CENTA,2024.0,0.22071409741273187,-0.44387809148710067,-0.6107966429314473,-1.0731174728058377,0.1815156869307123,17,2008-2024,17.32,-13.89,4.389999999999999,-0.046375237748560436,0.1815642086141678,-0.22793944636272823
PMTS,2024.0,0.042808976756054995,-1.7201921509141502,0.08419375366992554,-0.15395581129891756,0.1545834986726805,6,2017-2024,17.32,-13.89,4.389999999999999,0.04990031877912943,-0.27358147628305096,0.3234817950621804
AMPX,2024.0,1.1769204681826928,-18.996022754664928,-20.17351299401394,10.679559304712493,1.0,4,2003-2024,17.32,-13.89,4.389999999999999,1.1577429354201423,1.157742935420142,2.220446049250313e-16
WIRE,2024.0,0.3369037026830973,-0.48294747364229873,-0.07951041754588892,0.9167477651235592,0.044826269170578636,22,2003-2024,17.32,-13.89,4.389999999999999,-0.046394166340053326,0.3045464241342994,-0.3509405904743527
CVU,2024.0,0.11312406796249463,-0.9305190627358664,-0.5522381291275618,1.1258931769078506,0.2121706286773377,21,2003-2024,17.32,-13.89,4.389999999999999,0.5926951371310939,0.07809075289871555,0.5146043842323783
CAKE,2024.0,0.12910063818680095,-0.5029361519715939,-0.04068017190497347,-0.9325008953633518,0.14444029182207418,22,2003-2024,17.32,-13.89,4.389999999999999,0.17522452743913813,0.006705783236470572,0.16851874420266755
LFUS,2024.0,0.21442384344266258,-0.695996147475857,0.9122760778547828,0.03829958655393409,0.07998828681902159,22,2003-2024,17.32,-13.89,4.389999999999999,-0.12000212848737506,-0.03115648466446747,-0.08884564382290759
ASGN,2024.0,0.17144651977616243,0.189300622895838,0.5904929217689742,0.0003436340349394218,0.029422750400338704,22,2003-2024,17.32,-13.89,4.389999999999999,-0.10176261482571047,0.1222290063621449,-0.22399162118785537
PSTG,2024.0,0.33849034917824,-0.4499473861668173,0.9762178232459048,0.36537006820194246,0.06643945738475987,8,2017-2024,17.32,-13.89,4.389999999999999,-0.09027691879633473,0.14100255223935634,-0.23127947103569108
RUM,2024.0,0.1370673575904835,6.201152437041441,-1.6921924420904018,-3.393869767543235,1.0,4,2003-2024,17.32,-13.89,4.389999999999999,1.29716160709727,1.2971616070972698,2.220446049250313e-16
MTX,2024.0,0.07921437789984784,-0.05079163655310063,0.33636103548075813,-0.4186432174370619,0.039679107040451966,22,2003-2024,17.32,-13.89,4.389999999999999,-0.12802632895354416,0.005318281375086494,-0.13334461032863065
PDCO,2024.0,0.07227141423613463,-0.2593462538166267,0.38467784901006064,-0.2290088396404122,0.03438176844578733,22,2003-2024,17.32,-13.89,4.389999999999999,0.26162539522884115,-0.03613259821261662,0.29775799344145776
SITE,2024.0,0.28674087124998787,-1.07487150069081,-0.6475043693096536,-0.33319825290316174,0.30569579462894336,8,2017-2024,17.32,-13.89,4.389999999999999,0.03834927276626732,0.17588408092500166,-0.13753480815873434
SGRY,2024.0,1.0860056006197487,-5.826430154298903,2.4637287712281664,-6.2039599429349215,0.48335944739756054,9,2016-2024,17.32,-13.89,4.389999999999999,-0.15711148839870903,-0.5376978699232564,0.3805863815245474
ACRS,2024.0,1.3872613474860889,-5.063949489968058,1.5923465133164516,-12.338196847602434,0.3945448110383686,9,2016-2024,17.32,-13.89,4.389999999999999,1.2075655583518892,-0.25263847648578064,1.4602040348376697
KAI,2024.0,0.2015386753338084,-0.27808969497108227,0.341196407686744,-0.0738511955545283,0.016124605996005292,22,2003-2024,17.32,-13.89,4.389999999999999,0.12953101745840223,0.10273929165228443,0.0267917258061178
GURE,2024.0,-0.24995023255066887,0.3803387746870278,-0.9412642143089608,-0.14447584882257478,0.026446802298571548,15,2010-2024,17.32,-13.89,4.389999999999999,-0.49601022086292884,-0.059676447170672026,-0.4363337736922568
LGND,2024.0,0.03134314412017293,0.932982515509064,-1.8155390486016663,-0.09330715160424052,0.11924731734891991,22,2003-2024,17.32,-13.89,4.389999999999999,0.2246779882297334,0.44101790570168803,-0.21633991747195463
GTLS,2024.0,0.2160806215817779,0.7103394339723179,1.3812299406768997,-0.5256648924278142,0.06353228277814005,18,2007-2024,17.32,-13.89,4.389999999999999,0.2751746887667679,0.12418188400818098,0.15099280475858695
PESI,2024.0,0.04737585135195808,-0.15039540213182423,-1.694990721893709,0.9852719872082477,0.27018824159823995,21,2003-2024,17.32,-13.89,4.389999999999999,0.04581275328774291,0.30001501921220436,-0.25420226592446143
GYRE,2024.0,1.2091172780757296,-8.756805112180084,10.973275306212196,1.5303763665484436,0.5601172824763796,16,2007-2024,17.32,-13.89,4.389999999999999,-0.032731870380998576,-1.764565784895258,1.7318339145142594
SM,2024.0,0.3142655416590831,-0.14292648506004574,2.1756422677326386,-3.9868844077138594,0.17202059032219186,22,2003-2024,17.32,-13.89,4.389999999999999,-0.14259978471905388,-0.18771026204001873,0.04511047732096485
ULBI,2024.0,0.0012898354442456503,0.310665412301853,-0.6154952008081389,-0.7971066384117831,0.08087771765934393,22,2003-2024,17.32,-13.89,4.389999999999999,-0.3454744879381831,0.10559638682089983,-0.4510708747590829
IAC,2024.0,0.15787285532766276,-0.18136775798886468,-0.20437547419837154,-1.0444032186907641,0.10359933805788335,22,2003-2024,17.32,-13.89,4.389999999999999,-0.12616832921738375,0.10899841170962069,-0.23516674092700443
MTCH,2024.0,0.37663045633900133,-1.207077758809736,1.4433903493883642,-1.5745046063332935,0.20916104524802026,9,2016-2024,17.32,-13.89,4.389999999999999,0.029713826910782976,-0.10204308323492024,0.13175691014570323
GPOR,2024.0,0.19995324485676252,-0.7708393088674014,3.2524993140415326,2.684567124682359,0.33855421157863985,17,2007-2024,17.32,-13.89,4.389999999999999,0.17288663410906147,-0.26747578138588474,0.4403624154949462
KURA,2024.0,0.17378057546971554,-1.2820674739786542,2.7470492966629774,-1.6529097366369783,0.5910621306494838,7,2018-2024,17.32,-13.89,4.389999999999999,-0.6239601185763418,-0.5024013957682382,-0.12155872280810365
SYBX,2024.0,-0.1404797747674551,-0.8676149019280028,1.2085643222182891,-2.2695380761972843,0.49529494753756387,7,2016-2024,17.32,-13.89,4.389999999999999,-0.11364707875112337,-0.5582529816825663,0.444605902931443
CTMX,2024.0,-0.038997116399014875,-1.0360670517252784,-0.28280974225808303,0.09011260992824302,0.18800227744139253,9,2016-2024,17.32,-13.89,4.389999999999999,-0.20271839344174597,-0.1752057129823355,-0.027512680459410466
RGNX,2024.0,0.6533409334253689,-2.6115728897237034,3.8618903576132197,0.27684387299138624,0.06633277730870457,9,2016-2024,17.32,-13.89,4.389999999999999,-0.38629709525427197,-0.32324661572293084,-0.06305047953134113
PEN,2024.0,0.8579479665806009,-4.2617554111006895,0.814968558142869,1.1064967360616917,0.8032017493002994,9,2016-2024,17.32,-13.89,4.389999999999999,0.2725714704506675,0.05518800336502524,0.21738346708564224
AVTX,2024.0,-0.44888155597866775,-0.11152476563404679,1.093612526938112,-2.4974309261890415,0.6092657936205425,6,2016-2024,17.32,-13.89,4.389999999999999,-0.4511514856055272,-0.7297376430378874,0.27858615743236015
HPE,2024.0,0.33237783861344855,-1.581821071917024,1.5552684549415434,-0.5133834796942643,0.37237680279655083,8,2017-2024,17.32,-13.89,4.389999999999999,-0.02589112052635555,-0.18015789419253858,0.15426677366618302
ANAB,2024.0,0.10915694230505746,-1.849087896201652,2.477217446573016,-0.49773644641700565,0.4695697507685933,7,2018-2024,17.32,-13.89,4.389999999999999,-0.5186484135792442,-0.5770412146437671,0.05839280106452294
BWIN,2024.0,0.2664859353164331,-0.6603262294090186,0.3355717900685248,-1.1579625226265235,0.9890444537350409,5,2020-2024,17.32,-13.89,4.389999999999999,0.04577396154454032,0.054671955998968624,-0.008897994454428307
GORV,2024.0,0.6035727017928227,-3.969593356115276,2.998487067257506,-2.7608482653875113,0.537415404657303,6,2019-2024,17.32,-13.89,4.389999999999999,-0.6709972028294676,-0.6216519599789223,-0.04934524285054531
PDSB,2024.0,-0.2794544575981953,-1.6621421180351048,-0.43640584953472517,1.0067415938451754,0.7131494830738786,8,2016-2024,17.32,-13.89,4.389999999999999,-0.49066762508254386,-0.46252474397169885,-0.02814288111084501
INST,2024.0,0.22238547641069156,-0.4883261468003464,0.6659579939073448,0.14239441586327828,0.062138566651453786,7,2016-2024,17.32,-13.89,4.389999999999999,-0.038864576891043945,0.05155693728753928,-0.09042151417858323
DLTH,2024.0,0.22433203003165125,-2.1981592567871946,1.8206421089785882,-2.7146266754446944,0.41235933432520866,8,2017-2024,17.32,-13.89,4.389999999999999,-0.20958194941544211,-0.5284484532330388,0.3188665038175967
VYGR,2024.0,0.5781126166118308,-2.640604404850163,4.8669076754050495,2.627832972940688,0.8012497597921711,9,2016-2024,17.32,-13.89,4.389999999999999,-0.33016807435368956,-0.4398916749098827,0.10972360055619312
AXSM,2024.0,2.210386088019677,-8.281106294299265,10.386053369007398,-2.127986358298865,0.10968742146779564,9,2016-2024,17.32,-13.89,4.389999999999999,0.004075202660390319,-0.7599429362374033,0.7640181388977936
APLS,2024.0,0.7249255942203399,-4.030821823499894,1.9967585081105064,-0.36658235793122945,0.6033636096751509,7,2018-2024,17.32,-13.89,4.389999999999999,-0.2151253176842869,-0.266655467899572,0.05153015021528512
RRR,2024.0,0.23998915130463036,0.5875872596541525,0.08774189496461673,-2.1583299794506003,0.14591221228706464,12,2008-2024,17.32,-13.89,4.389999999999999,-0.1967453948550093,0.23482122936826294,-0.43156662422327224
SQ,2024.0,0.8136723216189461,-2.6550154567032873,0.7059364299251312,-1.9999703643156566,0.2853567918206418,9,2016-2024,17.32,-13.89,4.389999999999999,0.2708984633186635,0.1679703754078787,0.10292808791078481
DTSS,2024.0,-0.043084981421458474,-1.1611976913971656,1.7284354982865806,-1.225692597521014,1.0,4,2020-2024,17.32,-13.89,4.389999999999999,-0.5380920173146261,-0.5380920173146261,0.0
XGN,2024.0,-0.9485697202249208,4.957229056611773,-8.945296945552373,-0.670032450250972,0.8789206185724829,5,2020-2024,17.32,-13.89,4.389999999999999,1.2057690942070576,1.123109673551445,0.0826594206556126
RMR,2024.0,0.038683251608991366,-0.3140848452508689,1.0024321531474922,-0.359002853814459,0.09059110329869513,8,2017-2024,17.32,-13.89,4.389999999999999,-0.10049296950163825,-0.17071429494310053,0.07022132544146228
FRHC,2024.0,-0.13400518879413026,0.6829179970499955,-3.0946982330894706,2.0146994012994126,0.7931645709256715,6,2008-2024,17.32,-13.89,4.389999999999999,0.6863109355720426,0.5025750965881006,0.18373583898394197
BBLG,2024.0,-1.2993182464249977,3.4485181195011285,-2.57639787533318,1.547395873359219,1.0,3,2022-2024,17.32,-13.89,4.389999999999999,-0.2762425644031537,-0.27624256440315387,1.6653345369377348e-16
FTV,2024.0,0.25913481553257955,-1.521898073169653,0.9801024630422481,0.034541293263546546,0.6302592783620388,8,2017-2024,17.32,-13.89,4.389999999999999,-0.0327871538501634,-0.1390778000827029,0.1062906462325395
BLBX,2024.0,-0.3166177572388085,0.6030680064888962,0.01182381032914126,-0.4181633256574001,1.0,3,2022-2024,17.32,-13.89,4.389999999999999,-0.23216607576600917,-0.23216607576600923,5.551115123125783e-17
AGR,2024.0,0.005918063602383835,-0.2174814588201697,-0.20823080567570942,-0.3779148685503089,0.07476579651872628,15,2003-2024,17.32,-13.89,4.389999999999999,-0.015848279739255643,-0.01941692888627208,0.0035686491470164373
OCX,2024.0,-1.069185411913039,4.179954823269672,-1.1005927216303109,-7.738452046667769,0.9078139758698471,6,2017-2024,17.32,-13.89,4.389999999999999,-0.24020092743537907,-0.5320629523369966,0.29186202490161756
SCWX,2024.0,-0.08109940229189763,-0.03560909683709463,-0.6210308921698553,-1.429198520087778,0.6649446280704088,7,2018-2024,17.32,-13.89,4.389999999999999,0.1615908287240656,-0.06374752197354296,0.22533835069760855
NTNX,2024.0,0.44741997494345265,-2.4114500440651527,-0.5199480921678996,-0.7433446044073284,0.4549127125978818,7,2018-2024,17.32,-13.89,4.389999999999999,0.02918330724946308,0.06934478918000775,-0.04016148193054467
CLSD,2024.0,0.11521025935315057,-1.322167963220261,-0.8561129568826692,-3.037930623414775,0.5637552012383209,7,2017-2024,17.32,-13.89,4.389999999999999,-0.3162111755371806,-0.12824029653350444,-0.18797087900367615
CRVO,2024.0,2.9481521893006657,-0.7672208049170008,27.482323630982886,2.0894419520072667,1.0,4,2019-2024,17.32,-13.89,4.389999999999999,-0.9102987047613624,-0.9102987047613627,2.220446049250313e-16
OTLK,2024.0,0.7529906837963423,-5.924576857213982,5.037256028610363,-0.9448783449789472,0.6868177031735874,7,2017-2024,17.32,-13.89,4.389999999999999,-0.7908831995860124,-1.0143010495916744,0.22341785000566206
PECO,2024.0,-0.10345701921754992,0.6615661496515518,-0.6120972157152762,0.47238942626308733,1.0,3,2022-2024,17.32,-13.89,4.389999999999999,0.11688443697790026,0.11688443697790024,1.3877787807814457e-17
TCMD,2024.0,1.102209821334263,-5.798007751697071,1.1246394202429664,2.1874455458789144,0.8416357776868297,8,2017-2024,17.32,-13.89,4.389999999999999,0.38769122536041345,0.03781132273266671,0.3498799026277467
MBRX,2024.0,-0.2323722474219657,-0.6768664295681542,1.2828734129832116,0.8778208300876442,0.060499147938958164,9,2005-2024,17.32,-13.89,4.389999999999999,-0.5640270432870232,-0.4892602956456905,-0.07476674764133273
EDIT,2024.0,0.37706029669666985,-3.152864317649082,3.0627676536542396,-1.9865009062637915,0.34444046129391037,8,2017-2024,17.32,-13.89,4.389999999999999,-0.7750327057185555,-0.6816416199977055,-0.09339108572085009
CRVS,2024.0,-0.8490609550843917,5.108548538382666,-9.250377563335746,0.8330087473056391,0.7033669230655152,7,2017-2024,17.32,-13.89,4.389999999999999,1.8925802395340738,1.3571861793175386,0.5353940602165352
SRTS,2024.0,-0.14699726109468964,2.7399904633995056,0.8905137766376024,0.02865887444384163,0.6771382536226539,8,2017-2024,17.32,-13.89,4.389999999999999,0.25133132053660096,0.20513484817922636,0.04619647235737459
ATKR,2024.0,0.9425567020920103,-4.646186066203928,4.178545892837059,-1.365237251635008,0.519000994530332,8,2017-2024,17.32,-13.89,4.389999999999999,-0.4240113856857901,-0.5024966644363543,0.07848527875056421
MCBS,2024.0,0.10777318454685678,0.6014829237955547,-0.19730966410569264,-0.597103448512416,0.757442568474605,5,2020-2024,17.32,-13.89,4.389999999999999,0.18037375268031314,0.21314349790283246,-0.032769745222519325
NGVT,2024.0,0.26505588376488093,-1.7716892045971888,2.5768009937461462,-0.716062531776762,0.34395640141610073,8,2017-2024,17.32,-13.89,4.389999999999999,-0.11470014314731285,-0.4311534896476917,0.3164533465003788
NTLA,2024.0,1.7085360042210174,-8.28890957492144,6.492712713489379,-9.617405208533231,0.5391299117368636,8,2017-2024,17.32,-13.89,4.389999999999999,-0.5259800430228667,-1.0511450187136593,0.5251649756907926
BATRA,2024.0,0.42448619887567424,-2.257938139300026,1.689913142102063,0.043139663890375046,0.6284244273475423,7,2018-2024,17.32,-13.89,4.389999999999999,-0.0598059867502119,-0.19942379104427932,0.13961780429406742
BATRK,2024.0,0.43783912931752167,-2.39864701375766,1.7728170897456412,0.04727339653019247,0.6491731158068625,7,2018-2024,17.32,-13.89,4.389999999999999,-0.07690011237610458,-0.22177552512329912,0.14487541274719454
EGY,2024.0,0.08721361748319645,0.7429301471128842,2.2893881995603147,-0.7642488281587347,0.13695792611957625,19,2005-2024,17.32,-13.89,4.389999999999999,-0.3347297615536714,-0.13565742551194815,-0.19907233604172325
MTVA,2024.0,0.7492431248585156,-8.521947819790991,2.305493680674533,9.554256854434268,1.0,4,2017-2024,17.32,-13.89,4.389999999999999,-0.627559433865312,-0.6275594338653123,3.3306690738754696e-16
BFST,2024.0,0.07077055198737871,-0.03694222796382241,0.7561694540846835,-1.1275843205576717,0.4826290258520196,6,2019-2024,17.32,-13.89,4.389999999999999,0.1466907822976456,-0.09016073074079964,0.23685151303844523
BALY,2024.0,0.0685196643513558,-0.08604435875518156,-2.670203387943337,-2.650699907793447,0.69998496528824,5,2020-2024,17.32,-13.89,4.389999999999999,0.4475884931327049,0.3081423060481555,0.13944618708454937
SEAT,2024.0,-0.1815097866907615,-0.504766160970089,-0.06096205308197322,0.4260698627885857,1.0,3,2022-2024,17.32,-13.89,4.389999999999999,-0.2417631896212759,-0.2417631896212759,0.0
PLSE,2024.0,1.473496927082971,-7.660891568428266,-0.2847352962729689,2.202169246997752,0.8320283375744373,8,2017-2024,17.32,-13.89,4.389999999999999,0.508871294487519,0.28285547002671196,0.22601582446080704
ZDGE,2024.0,2.834660262133587,-12.392305408240231,9.369499941453176,-16.236944537750777,0.5457757862475345,8,2017-2024,17.32,-13.89,4.389999999999999,-0.1650146290889325,-1.3259124416487262,1.1608978125597937
BPRN,2024.0,0.09951583281791014,-0.522486619945259,0.7139860186794268,-0.5749289155997583,0.2389188871485104,7,2018-2024,17.32,-13.89,4.389999999999999,0.010063469006160737,-0.11539088714601048,0.1254543561521712
RNAC,2024.0,-0.22830069319872293,-0.38251384854529114,-2.1496526054594973,-1.4514100217770325,0.5757013483554259,8,2017-2024,17.32,-13.89,4.389999999999999,-0.38389313742078773,-0.05968224482445489,-0.32421089259633284
TWLO,2024.0,0.4364891294441762,-0.5163196171562993,-0.8148036354385977,-1.886998389798747,0.2501367832480954,8,2017-2024,17.32,-13.89,4.389999999999999,0.8555013720536552,0.3773995674029615,0.4781018046506937
VVV,2024.0,0.3261115284686616,-1.85073847851868,1.262351623172286,-0.9024901943894418,0.5875609445625386,8,2017-2024,17.32,-13.89,4.389999999999999,-0.20948168546047208,-0.20939633600310079,-8.534945737129207e-05
JELD,2024.0,0.20932110385889618,-2.523971511119677,1.636691003938218,-0.9631952805743743,0.6262062804370578,7,2018-2024,17.32,-13.89,4.389999999999999,-0.4389631931020114,-0.4974514151312654,0.05848822202925402
PI,2024.0,0.5281494784987782,-2.2477900694346395,1.8072937474954465,-1.2062078747254468,0.36621882558257357,8,2017-2024,17.32,-13.89,4.389999999999999,-0.12040073439973545,-0.16515338875486588,0.04475265435513043
SYRS,2024.0,0.25386386730745075,-3.3882174379779744,2.073567627999956,-0.5837017244162357,0.30940501647232543,7,2017-2024,17.32,-13.89,4.389999999999999,-1.0024463439152531,-0.646618442181401,-0.35582790173385215
HGV,2024.0,0.368236449878505,-2.2172895286071035,1.8625784691341822,-1.1476310406047132,0.34850378319907305,7,2018-2024,17.32,-13.89,4.389999999999999,-0.08358748531233108,-0.3248912485215301,0.24130376320919905
PK,2024.0,0.2723675752566267,-1.8843441877668539,1.716882601099976,-1.7062980992930816,0.4505867959411839,7,2018-2024,17.32,-13.89,4.389999999999999,-0.04691526880036402,-0.3673823179163453,0.3204670491159813
KIDS,2024.0,0.18355079789492545,-2.0927478166308795,1.818098298875154,-1.0033197151119646,0.32244792463663585,9,2006-2024,17.32,-13.89,4.389999999999999,-0.24099960834852985,-0.47549271315271696,0.2344931048041871
TPIC,2024.0,0.342584941345615,-3.207702965634952,2.716555272793887,-1.930488461368609,0.46056117764453874,8,2017-2024,17.32,-13.89,4.389999999999999,-0.5732966607274776,-0.6750671831475115,0.10177052242003382
GOLF,2024.0,0.2736970831867557,-1.190008454061051,1.6410183039765718,-0.3990082691314135,0.2262750277538076,14,2007-2024,17.32,-13.89,4.389999999999999,0.0799152487272332,-0.1778662864938332,0.2577815352210664
SMPL,2024.0,0.4554880427521642,-1.7990828889357364,2.731290787775168,-1.3383767511097004,0.5331242640774438,7,2018-2024,17.32,-13.89,4.389999999999999,0.03190062100527363,-0.294244143407192,0.32614476441246565
HONE,2024.0,0.0017691274088675601,0.12098112440334592,0.36122981031745105,-1.4264520122556277,0.7061336756322719,8,2017-2024,17.32,-13.89,4.389999999999999,0.03676708977227447,-0.09007300583558892,0.12684009560786338
AA,2024.0,0.4143512311802831,-1.5731842669524159,2.710192167666569,-2.8305020578102846,0.3577251634033991,8,2017-2024,17.32,-13.89,4.389999999999999,-0.09192384402393339,-0.35882901628263314,0.26690517225869975
BVS,2024.0,0.18498419265491495,3.3080976235673143,-0.5757131292632789,-1.3396026103498688,1.0,3,2022-2024,17.32,-13.89,4.389999999999999,0.7791047001170842,0.779104700117084,2.220446049250313e-16
YETI,2024.0,0.2884841068833355,-1.587350918033365,0.06128743280823623,-2.3524828269115163,0.8379369828718923,6,2019-2024,17.32,-13.89,4.389999999999999,-0.0375448616798092,-0.09823189263852289,0.06068703095871369
FHB,2024.0,0.004122720073288878,0.040025955187406044,-0.27575162668877434,-1.1609168206187321,0.4283204520124083,8,2017-2024,17.32,-13.89,4.389999999999999,0.2282751262099474,-0.0016071319663439679,0.22988225817629135
PTGX,2024.0,1.6330373751199723,-8.071469844197772,2.4624283940694545,-0.7997788187454052,0.8715778851822632,8,2017-2024,17.32,-13.89,4.389999999999999,0.06701612840981894,-0.1420827959742521,0.20909892438407104
ENTO,2024.0,0.5659417384770987,-6.3817750348525,1.1148182035215055,3.4828752900235336,1.0,4,2018-2024,17.32,-13.89,4.389999999999999,-0.541331720796458,-0.5413317207964583,3.3306690738754696e-16
AIRG,2024.0,0.14302673070277677,-1.2756656150119217,0.5911356929711862,-2.231747148099524,0.6576399440818512,8,2017-2024,17.32,-13.89,4.389999999999999,0.12189303261913824,-0.2580010013725549,0.37989403399169314
MDGL,2024.0,0.19847743640468438,-1.078462844551803,-1.7945581269563788,2.9660660221636013,0.4925170248840205,15,2008-2024,17.32,-13.89,4.389999999999999,0.0544262213466659,0.39116209393553514,-0.3367358725888692
PRTH,2024.0,0.0973732424077001,0.3509537299560815,-3.000715914862879,-2.386283279471895,0.32938834214487145,7,2018-2024,17.32,-13.89,4.389999999999999,1.178394424000836,0.4702000330417311,0.7081943909591049
ATOM,2024.0,-0.3547334742910442,4.151000093784825,-8.778500109974162,-1.2689552824746206,0.5759567476780696,8,2017-2024,17.32,-13.89,4.389999999999999,1.9976398080227413,1.5278462703272628,0.4697935376954785
RCKY,2024.0,0.24659269317184762,-0.6590845929070407,2.7541796231997324,-2.151194447597133,0.2484308482300316,22,2003-2024,17.32,-13.89,4.389999999999999,-0.42288332395687067,-0.3445537442316087,-0.07832957972526194
EXE,2024.0,-0.08181653758036586,0.7585805306096569,-0.7500283378833772,0.6134189093553221,1.0,3,2022-2024,17.32,-13.89,4.389999999999999,0.1806776365739265,0.1806776365739264,8.326672684688674e-17
SGA,2024.0,0.4488385624979334,-3.8269171591633886,5.557497472585598,-0.037031753215595486,0.43675214415020935,22,2003-2024,17.32,-13.89,4.389999999999999,-0.3203902782414034,-0.9875455823774696,0.6671553041360662
WOLF,2024.0,0.11112642120098404,-0.7071216179617396,2.119908335329079,-1.186893277829022,0.1386383219654893,28,2003-2024,17.32,-13.89,4.389999999999999,-0.754362782960777,-0.3579069257038923,-0.39645585725688465
DFIN,2024.0,0.8688285034944054,-4.10219903368073,2.686315021684273,-3.502572073739808,0.4256434403458318,8,2017-2024,17.32,-13.89,4.389999999999999,0.005182527571485407,-0.36856443968821995,0.37374696725970535
AORT,2024.0,0.07540786330459712,0.3837493974585625,0.15433482235405177,-0.024020612934059153,0.02001212956924281,22,2003-2024,17.32,-13.89,4.389999999999999,0.0676400389381188,0.11938164721163717,-0.05174160827351837
UEIC,2024.0,0.09093339524100981,-0.15502463309403888,0.21712651888470358,-0.41461699763477994,0.014901296532025543,22,2003-2024,17.32,-13.89,4.389999999999999,-0.10033773423623193,0.015722569119870126,-0.11606030335610207
AMR,2024.0,4.473182604135399,-12.389385900449541,27.86173180262091,-7.24313451934942,0.6277348176508174,6,2019-2024,17.32,-13.89,4.389999999999999,-0.33361713788886593,-1.860627186605945,1.527010048717079
EVBG,2024.0,0.459286930417861,-1.8798817772913836,1.2055207477592578,-1.0336838267688997,0.18991583808570311,8,2017-2024,17.32,-13.89,4.389999999999999,-0.04669516634005332,-0.0791341452679222,0.03243897892786888
TTD,2024.0,1.1745884006174347,-4.238836012275797,2.8190988949304234,-1.2630398036681334,0.6163928713900108,8,2017-2024,17.32,-13.89,4.389999999999999,0.15635732043011252,-0.0065982805956001575,0.1629556010257127
ELF,2024.0,1.2749568713875954,-6.1590949972229,2.6371431972408095,1.9573210039860827,0.6883561451078402,7,2017-2024,17.32,-13.89,4.389999999999999,-0.4511663494054286,-0.0721711801531704,-0.3789951692522582
INTU,2024.0,0.17141573396199516,-0.0025863652323579755,0.14827041441022065,-0.40930962890808703,0.054575330998756444,22,2003-2024,17.32,-13.89,4.389999999999999,-0.08770522375985729,0.13240432223310608,-0.22010954599296337
SCVL,2024.0,0.2111339290790923,-0.7116418625948246,1.2321816511178016,-1.4260264454445937,0.24594329354709332,22,2003-2024,17.32,-13.89,4.389999999999999,-0.14386673738535116,-0.14587503381761163,0.00200829643226047
TENX,2024.0,-1.10404718124454,4.4491548380863035,-6.938258388397027,1.26337736715702,0.6208604923507416,11,2011-2024,17.32,-13.89,4.389999999999999,1.0062238137307442,0.6857327932785479,0.32049102045219635
ALG,2024.0,0.28963328900440977,-1.2708411204848942,0.9745263020724875,0.06875909379968645,0.25277042603314814,22,2003-2024,17.32,-13.89,4.389999999999999,0.03074149752009399,-0.06281957220363618,0.09356106972373017
MCHP,2024.0,0.18445038052956575,-0.7107193532209441,-0.048512317320953,0.2422005138658266,0.1709025949029208,22,2003-2024,17.32,-13.89,4.389999999999999,-0.41253629516855594,0.07872475198628837,-0.4912610471548443
FLGT,2024.0,1.2613114863253343,-4.932962546228719,2.87501523878663,-7.5264543035270055,0.6295019968876422,7,2018-2024,17.32,-13.89,4.389999999999999,-0.10559366353716007,-0.3228285872737781,0.21723492373661804
ASIX,2024.0,0.2225873910172761,-0.9581783802413217,1.0487784144032017,-1.3140309675536737,0.14341542927993234,8,2017-2024,17.32,-13.89,4.389999999999999,0.20892447795112806,-0.1467303856767318,0.35565486362785986
DZSI,2024.0,0.06422014318477653,-2.2095116506071513,3.505123376899217,-2.063451889720726,0.34332296936312656,16,2004-2024,17.32,-13.89,4.389999999999999,-0.7042456307830532,-0.8959144497104231,0.19166881892736987
MRAM,2024.0,0.04171301561769175,-1.0508370106145262,-1.148893671467423,0.8429161352425543,0.7033174924751938,8,2017-2024,17.32,-13.89,4.389999999999999,0.019797767702015814,0.05629339468322898,-0.03649562698121316
FOSL,2024.0,0.18432156489880583,-0.7521830401607017,2.58412267275085,-0.9637826978427265,0.07001006830766987,22,2003-2024,17.32,-13.89,4.389999999999999,0.11274073112696846,-0.3472012373374164,0.4599419684643849
SANM,2024.0,-0.02277390909483583,0.386848184820644,-1.6021759175025623,-0.04750993266759718,0.07502102555271073,21,2003-2024,17.32,-13.89,4.389999999999999,0.09520809631440287,0.26468474541309805,-0.1694766490986952
ATR,2024.0,0.13393999641800935,-0.18920583878816663,0.357383299129844,-0.07367339047936738,0.0357579408963794,22,2003-2024,17.32,-13.89,4.389999999999999,0.07512234721079868,0.048294743048719335,0.02682760416207934
ORLY,2024.0,0.267758511405991,-0.4943219099985339,0.5662194389303007,-0.026588152283263528,0.08268184493346065,22,2003-2024,17.32,-13.89,4.389999999999999,0.0758705011263674,0.10232685664159089,-0.02645635551522349
AVNT,2024.0,0.39964567860786776,-2.07463025040829,2.725683035371213,-0.38635437610358714,0.2582402015678187,22,2003-2024,17.32,-13.89,4.389999999999999,-0.09989071895997023,-0.35523861148685704,0.25534789252688683
JBL,2024.0,0.2422572823087226,-0.9473353981412316,-0.18206919143935268,0.4005855067516637,0.1405439051245173,22,2003-2024,17.32,-13.89,4.389999999999999,0.2774969522815062,0.12105390578798542,0.1564430464935208
ANIK,2024.0,0.3814779550318233,-1.1281290082596878,2.1983615596435744,-0.37487446483543285,0.03343539406735008,22,2003-2024,17.32,-13.89,4.389999999999999,-0.39715830722140616,-0.13572339883952256,-0.2614349083818836
TWI,2024.0,0.695163833893436,-1.5284460389127716,4.802601812528712,-3.5193673103040473,0.093334141920415,22,2003-2024,17.32,-13.89,4.389999999999999,-0.13065192055862046,-0.3911446367288418,0.26049271617022135
CDW,2024.0,0.4555135832786902,-1.9636598680529052,2.0596888974798757,-0.7838582101155349,0.6685536931635098,11,2014-2024,17.32,-13.89,4.389999999999999,-0.2645551217529688,-0.20509446915209967,-0.059460652600869135
FTK,2024.0,0.6778688791361043,-0.8882508522855085,1.9931981120475442,5.359860166819558,0.1427489653034294,17,2006-2024,17.32,-13.89,4.389999999999999,0.893954996392832,0.4824664750802289,0.41148852131260316
IRTC,2024.0,0.07667162754275549,0.8488769457470644,1.0992030231077325,1.0017912226729715,0.3988135767479991,8,2017-2024,17.32,-13.89,4.389999999999999,-0.20928166292133776,0.11499644931182643,-0.32427811223316416
LINK,2024.0,0.06781905418726872,-1.749285196407617,-2.653470156525327,-1.0103689539824987,0.4523839231015466,8,2003-2024,17.32,-13.89,4.389999999999999,0.5001631520972468,0.08905466583100569,0.41110848626624114
OFIX,2024.0,-0.3181931002744609,0.6926166971436947,-1.6757613176946666,-0.4931734391422332,0.2954362008186213,6,2019-2024,17.32,-13.89,4.389999999999999,0.2697607120170203,0.012881044720272173,0.2568796672967481
PZZA,2024.0,0.07167903918974135,0.5495869761551155,-0.6642377533845784,-0.1426197664457209,0.049907384155549406,22,2003-2024,17.32,-13.89,4.389999999999999,-0.15614239027346744,0.25286911965795816,-0.4090115099314256
MOND,2024.0,0.26685806741252044,-2.4629975845670504,5.938869138065242,-1.2017282127486855,1.0,3,2003-2024,17.32,-13.89,4.389999999999999,-1.037397906051422,-1.037397906051422,0.0
THRM,2024.0,0.313325099917186,-0.6193705642190016,1.122188257194189,0.9890857257241861,0.06424115680374598,22,2003-2024,17.32,-13.89,4.389999999999999,-0.2374706227179917,0.09359903262947379,-0.33106965534746546
BBSI,2024.0,0.460620319344512,-1.0018898334145574,1.7289210120077854,-0.5091211974187868,0.04239369749154753,22,2003-2024,17.32,-13.89,4.389999999999999,0.2840018773578594,0.024595451062544547,0.25940642629531485
YUMC,2024.0,-0.1511079431849282,0.8999827801863245,-3.096187039036981,-0.17058945404480452,0.4430500183340712,5,2020-2024,17.32,-13.89,4.389999999999999,0.5277389672508234,0.4273405770330129,0.10039839021781044
GRWG,2024.0,2.2969267415750516,-9.4868610269438,6.9183582389188985,-10.01206401443101,0.7103690147460577,5,2020-2024,17.32,-13.89,4.389999999999999,-0.26093374076227244,-0.7466871579109706,0.4857534171486982
PALT,2024.0,1.2548309961219055,-4.9872824766851025,5.327644938302428,-4.623685794986574,1.0,3,2022-2024,17.32,-13.89,4.389999999999999,-0.551956017170072,-0.5519560171700719,-1.1102230246251565e-16
BCO,2024.0,0.19624632057714353,-0.08246105744871292,-0.3016171020858948,-0.17670453612156178,0.007327675747367035,22,2003-2024,17.32,-13.89,4.389999999999999,-0.1367510343248352,0.21610135177102066,-0.3528523860958559
TLF,2024.0,0.2260964067690907,-1.5328284991776626,1.3160386001808448,0.9617588460654414,0.36818930586220056,20,2003-2024,17.32,-13.89,4.389999999999999,0.017462671524056353,-0.17996603751132695,0.1974287090353833
MCRI,2024.0,0.26358122835046416,-0.4911393799972499,1.7774279000428486,-0.04906976783552153,0.0599754735596838,22,2003-2024,17.32,-13.89,4.389999999999999,0.11982717944526762,-0.07052301038899056,0.19035018983425817
INOD,2024.0,0.3679357336708964,0.950931721619421,-4.958237507006343,-3.7501631602414323,0.2797346983600435,21,2003-2024,17.32,-13.89,4.389999999999999,1.6178861084787013,1.0567041348439623,0.561181973634739
CNDT,2024.0,0.17204753559654196,-1.5327809760489595,0.5988934640013273,-2.9699801691462966,0.3652366947394494,7,2018-2024,17.32,-13.89,4.389999999999999,0.19228204169516727,-0.30699856103044454,0.4992806027256118
BWA,2024.0,0.1796386186502072,-0.5440839673700215,0.18679956230355166,1.037516662486773,0.16261270290070917,22,2003-2024,17.32,-13.89,4.389999999999999,-0.05452843308387614,0.10500379778092547,-0.15953223086480162
FLL,2024.0,0.21609012616742126,-0.4791860936656669,-0.5248617106900078,-6.281385261786351,0.30905650796108564,19,2006-2024,17.32,-13.89,4.389999999999999,-0.2309816172652313,-0.0697544266330509,-0.1612271906321804
SPTN,2024.0,0.20493566230030963,0.47925287757297846,3.4400279904310236,1.170934268942703,0.21007232367744233,23,2003-2024,17.32,-13.89,4.389999999999999,-0.04925086772646344,-0.13847361276833497,0.08922274504187153
WINA,2024.0,0.29483513925990046,-0.9974217190140816,0.5822999654327244,0.32533914627831906,0.19813924317534348,22,2003-2024,17.32,-13.89,4.389999999999999,0.0932687535692789,0.05548262084967431,0.037786132719604584
PFGC,2024.0,0.08973057151139778,-0.01753672009484521,-0.32221228564073634,-0.3046934839427363,0.051341771023734495,13,2003-2024,17.32,-13.89,4.389999999999999,0.23194772821108267,0.11807245412138273,0.11387527408969994
LW,2024.0,0.3484429788365205,-2.2454495037358426,1.3915267119053027,0.23277968592157228,0.7031267760234927,7,2018-2024,17.32,-13.89,4.389999999999999,-0.24379603099973723,-0.22353290728221697,-0.02026312371752026
ARWR,2024.0,0.29213545607376307,3.4720557641002414,0.9340424418625819,2.45386628508417,0.07268970345021752,18,2005-2024,17.32,-13.89,4.389999999999999,-0.32362578111200313,0.8714817491564073,-1.1951075302684104
FTEK,2024.0,-0.2187719600702183,0.020444426433247193,0.04328882379205762,1.0138812998222169,0.15891266078255273,16,2007-2024,17.32,-13.89,4.389999999999999,-0.06567432914486632,-0.17673441397450138,0.11106008482963506
KDP,2024.0,0.08934777115161179,-0.3695023884646484,0.8037661492733978,-0.5638837848142899,0.8994558031674795,6,2019-2024,17.32,-13.89,4.389999999999999,-0.07940348502243672,-0.1110476588178876,0.03164417379545088
MAR,2024.0,0.18369949622205414,-0.2470531731231568,0.6308646186351626,0.15507648732068532,0.040359621983348526,22,2003-2024,17.32,-13.89,4.389999999999999,0.11237903105454257,0.060090648902077395,0.052288382152465174
BDC,2024.0,0.2177204791979961,-0.6112356020223035,0.25713700553469476,1.2738209528201174,0.21377767756412047,22,2003-2024,17.32,-13.89,4.389999999999999,0.15459759778634963,0.13205888268776717,0.022538715098582462
VREX,2024.0,0.11632431589478452,-1.459626059100259,1.1407686202651344,-0.7155122153315536,0.2001718340405837,7,2018-2024,17.32,-13.89,4.389999999999999,-0.05648704298274065,-0.3263466651492627,0.26985962216652204
BYD,2024.0,0.17280875880890972,-0.11433355933500437,-0.029191609689677323,-0.9999394027535733,0.05767337390336258,22,2003-2024,17.32,-13.89,4.389999999999999,0.27608875420286005,0.11316356113710128,0.16292519306575876
CKPT,2024.0,-0.45014734935785755,1.4549821675869656,-2.362200819673066,-1.6549209311931563,0.6044632535512992,7,2018-2024,17.32,-13.89,4.389999999999999,0.4413885625780993,0.05731422704141423,0.384074335536685
DECK,2024.0,0.7657432842455401,-2.291932678553074,1.7203827246693015,0.34280303796424505,0.12657570878457614,21,2003-2024,17.32,-13.89,4.389999999999999,0.21190520642870403,0.14486843723021203,0.067036769198492
COST,2024.0,0.13771568809182982,0.38102865889541,0.3611237074797046,-0.22370651206426867,0.1731625518633102,22,2003-2024,17.32,-13.89,4.389999999999999,0.033804951015283025,0.14372905296396246,-0.10992410194867944
PTN,2024.0,0.12322130575780876,-3.4982130525567805,1.4423415479347372,-0.39120901416160714,0.48445248857365675,9,2003-2024,17.32,-13.89,4.389999999999999,-0.47775045780643083,-0.7001845116748551,0.22243405386842424
JILL,2024.0,0.2913380637621795,-1.8363687328824847,1.9025689831815664,-0.2632108517149356,0.17047665198300954,8,2003-2024,17.32,-13.89,4.389999999999999,-0.2529123075201167,-0.30254278892727204,0.04963048140715537
PTEN,2024.0,0.06920914026733034,0.4381389376335899,2.162766747364321,-0.37266122165228677,0.11161114654999915,22,2003-2024,17.32,-13.89,4.389999999999999,-0.2335433353358483,-0.17167332457397144,-0.06187001076187687
INCY,2024.0,0.39123889507722764,-1.5575327904462946,2.7297862733165954,0.3584424644607095,0.13692410184326764,22,2003-2024,17.32,-13.89,4.389999999999999,0.09241031596438039,-0.2419574734019205,0.3343677893663009
ROCK,2024.0,0.19526695797659605,-0.7920007238380783,-0.3877862539282271,-0.16134640413222928,0.14362006329443489,22,2003-2024,17.32,-13.89,4.389999999999999,-0.18775365627724983,0.10487283613706677,-0.2926264924143166
ITRI,2024.0,0.15046424408168324,-0.37853106340774345,-0.46451305999072706,-0.049167858743898715,0.05932844651853886,22,2003-2024,17.32,-13.89,4.389999999999999,0.050229944893876693,0.1472650589333169,-0.0970351140394402
URBN,2024.0,0.39331537203689276,-1.2576154989086024,1.1182737029530865,-0.9478447951446363,0.07860434888075751,22,2003-2024,17.32,-13.89,4.389999999999999,0.2899261672024979,-0.02144223622111037,0.3113684034236083
CNTY,2024.0,0.14347450405055864,-0.08565458151134364,0.2219136364065769,-1.2863372935207922,0.06453067359611764,22,2003-2024,17.32,-13.89,4.389999999999999,0.12269340135348152,0.041345119250357616,0.08134828210312389
CARS,2024.0,0.7990059008396665,-4.754848105807793,3.099884148381373,-0.8611635536496821,0.41351329351467414,7,2018-2024,17.32,-13.89,4.389999999999999,-0.16728577150694593,-0.4929127793016369,0.325627007794691
UFPI,2024.0,0.153561809379629,0.11243228527519829,-0.35070008884238946,-0.5458097802387931,0.060350436837691146,22,2003-2024,17.32,-13.89,4.389999999999999,-0.03549481345877786,0.19778627417701822,-0.23328108763579608
FWRD,2024.0,0.10797186860309313,-0.03391310178061387,-0.309100748957128,0.3145050552673002,0.01825079939462604,22,2003-2024,17.32,-13.89,4.389999999999999,0.6468218716648692,0.15883898533107035,0.4879828863337988
RDUS,2024.0,0.07633950837533525,-0.23308571127431618,-0.4501411120639755,-0.7024475947508313,0.04175288865800353,30,2003-2024,17.32,-13.89,4.389999999999999,-0.030414998179636284,0.0676562142387484,-0.09807121241838468
VIAV,2024.0,0.10436373502440607,-0.6754237371725101,-0.162330601666228,-0.02142870181278654,0.06729350809183765,22,2003-2024,17.32,-13.89,4.389999999999999,0.42318048174986517,0.00898734430798506,0.41419313744188013
KALV,2024.0,0.41106246670223234,-3.017468816768659,2.8979799274642333,-2.142237760372515,0.75577317238841,6,2019-2024,17.32,-13.89,4.389999999999999,-0.3279666852781969,-0.6081367819672348,0.28017009668903786
CLST,2024.0,0.3952679584120768,-3.9650644319823476,-1.4487642221890593,-4.481486474355635,0.716222633074556,5,2003-2024,17.32,-13.89,4.389999999999999,-0.030573092812092067,-0.28698510696941776,0.2564120141573257
SHOO,2024.0,0.32801720029585185,-1.3741428597172332,1.1461264592230893,-0.02579821103811114,0.15140062003622323,22,2003-2024,17.32,-13.89,4.389999999999999,-0.032485593439592175,-0.07031384965783312,0.037828256218240944
EMN,2024.0,0.17031980668191615,-0.37006819171298305,1.0645436957173464,-0.2895015836503607,0.07718653843069023,22,2003-2024,17.32,-13.89,4.389999999999999,-0.09958065306398299,-0.05435024298016275,-0.04523041008382024
UFPT,2024.0,0.539335789097247,-1.7291369219690893,1.6471893963786362,1.3757670953275363,0.24639030529985118,22,2003-2024,17.32,-13.89,4.389999999999999,-0.12035116026053287,0.07145084254008705,-0.19180200280061993
LNG,2024.0,0.4880674880376997,0.14416646102330383,4.088985195103606,1.1087444083767724,0.15160641202245284,22,2003-2024,17.32,-13.89,4.389999999999999,0.1876766020041868,-0.006249044985214704,0.19392564698940148
AFBI,2024.0,0.16889088582940215,-0.48735817312033375,1.5543019637398232,-1.2597139442844636,0.513275789512246,7,2018-2024,17.32,-13.89,4.389999999999999,-0.22150972492556353,-0.18671353467258903,-0.03479619025297451
MED,2024.0,0.5697796586294348,-2.1568130792639755,1.3947890109345793,0.508421884937926,0.04958941817146667,22,2003-2024,17.32,-13.89,4.389999999999999,-0.2394653338688691,0.024803160430876128,-0.2642684942997452
PIXY,2024.0,-0.9076106506396564,0.28661959765061024,-0.24897427927644833,-0.5495305629874159,0.24323378471289914,5,2018-2024,17.32,-13.89,4.389999999999999,-0.7996326153341577,-0.8475100006502196,0.04787738531606189
NODK,2024.0,0.015280332767192251,-0.36770619013893435,0.38805607332368464,-0.5825925860379886,0.5554766815836583,7,2018-2024,17.32,-13.89,4.389999999999999,-0.02083633576229224,-0.12788318247659866,0.10704684671430642
ICCH,2024.0,0.0802870965967176,-0.2657425412789059,0.42374006719879653,-0.6694981602399752,0.3238291530439723,7,2018-2024,17.32,-13.89,4.389999999999999,-0.018258527559588584,-0.05398797612123665,0.03572944856164807
HAIN,2024.0,0.0022120125922347397,0.25361169958710944,0.5977961492209397,-0.36353784265921385,0.05322601123827364,22,2003-2024,17.32,-13.89,4.389999999999999,-0.15696654055433856,-0.052855637458805914,-0.10411090309553264
MAPS,2024.0,0.4666647749383436,0.0873905541359412,0.07841070535855543,-3.82956503097909,0.7809776243379445,6,2003-2024,17.32,-13.89,4.389999999999999,0.2799436782362745,0.3027916670804032,-0.022847988844128753
INSE,2024.0,1.2940693230035878,-6.503281641542479,5.543938896045977,-3.744137915575206,0.4303853468970247,7,2018-2024,17.32,-13.89,4.389999999999999,-0.05791131582283262,-0.7667198244661073,0.7088085086432747
METC,2024.0,0.4712275784525361,-0.3442963359763144,4.697793425118642,-1.037182172902806,0.4408017600079923,7,2018-2024,17.32,-13.89,4.389999999999999,-0.20418089091010416,-0.28646035107797413,0.08227946016786997
WTTR,2024.0,0.048949875025884645,-0.013111306818076122,0.32034192503928804,0.20097786264894527,0.02628530437690979,7,2018-2024,17.32,-13.89,4.389999999999999,0.20273625066047596,0.011006431467325448,0.19172981919315052
SGMA,2024.0,0.21133521239127973,-1.268932857030231,3.271765950223455,-0.597485602541272,0.14858319066903247,22,2003-2024,17.32,-13.89,4.389999999999999,-0.7285556168400841,-0.4891218668839559,-0.23943374995612815
DAKT,2024.0,0.23870967675498717,-0.4125509155414662,-2.2585807519064303,1.2193411881125051,0.17845769776261688,22,2003-2024,17.32,-13.89,4.389999999999999,0.16162045076314918,0.5345018027811473,-0.37288135201799816
MLM,2024.0,0.21288272438055325,-0.4802104855271578,0.4006085706469785,0.17386443640663993,0.04936255121187183,22,2003-2024,17.32,-13.89,4.389999999999999,-0.09081808729439025,0.0816983865826357,-0.17251647387702596
TSCO,2024.0,0.28328590395230274,-0.6048976185868663,1.7742093209720875,-0.3839327117089154,0.16110351399125578,22,2003-2024,17.32,-13.89,4.389999999999999,-0.05652157150857287,-0.08477468431398681,0.02825311280541394
ALB,2024.0,0.21679612407845056,-0.7469437164025744,1.4061335635736767,-0.23136646485026108,0.09942803688878554,22,2003-2024,17.32,-13.89,4.389999999999999,-0.13769705581154396,-0.11804346738978545,-0.019653588421758503
BZH,2024.0,0.20604748876131415,-1.426401442939528,-0.15743190299986787,0.5795523564713785,0.15248448061868247,22,2003-2024,17.32,-13.89,4.389999999999999,-0.04770848144513381,0.006304398619963073,-0.054012880065096885
BCRX,2024.0,0.37335976027705686,1.0913980998104875,-2.357541698694885,0.7472565278934518,0.01666022315746618,22,2003-2024,17.32,-13.89,4.389999999999999,0.16984872851165833,0.9226570146874753,-0.752808286175817
ZEUS,2024.0,0.46190727925169334,-1.2052907261445909,-0.07685659934682992,-0.17126302277106498,0.029608729733487604,22,2003-2024,17.32,-13.89,4.389999999999999,-0.3090086123283144,0.25630786043307513,-0.5653164727613895
IPI,2024.0,-0.2194489632538389,0.8284634638267344,1.4131173449259657,1.4424638255229518,0.2736992578474915,16,2003-2024,17.32,-13.89,4.389999999999999,-0.11142831621385134,-0.2089169285888076,0.09748861237495625
WW,2024.0,0.17202599562543883,-0.407830280937343,-0.3247743317134708,0.37386349090901916,0.011199692481554835,30,2002-2024,17.32,-13.89,4.389999999999999,0.03848850479125977,0.16291355289299803,-0.12442504810173825
TW,2024.0,0.13086903956806323,0.1695154594983782,-1.3422184910005628,-0.8748688704130732,0.538625089564748,10,2011-2024,17.32,-13.89,4.389999999999999,0.19005561755096628,0.3082565221420266,-0.11820090459106031
NNBR,2024.0,0.3244601244009534,-1.7389783302213344,2.2505988217256574,0.6091135317470655,0.11041445224453217,22,2003-2024,17.32,-13.89,4.389999999999999,0.04301942208681023,-0.26259901468737934,0.30561843677418954
CPRT,2024.0,0.31228736776914734,-0.47825759076913593,-0.1772006323413585,-0.13192252550059008,0.036186477271053175,22,2003-2024,17.32,-13.89,4.389999999999999,0.012656822502034343,0.24827492201067178,-0.23561809950863744
SCSC,2024.0,0.1007760126133402,-0.23167537729345775,0.6290270706278187,0.021072153618171136,0.023057443163292723,22,2003-2024,17.32,-13.89,4.389999999999999,0.023882387142471997,-0.025796955300252992,0.04967934244272499
LPTX,2024.0,-0.930501667426086,3.8780303487323438,-5.31717565389161,-0.25475761117301987,0.9141637324376304,7,2018-2024,17.32,-13.89,4.389999999999999,0.4198550058893073,0.4685450281694049,-0.04869002228009761
MPAA,2024.0,0.21084246503621581,-0.3668973538805933,1.0184523078050618,0.829448982746896,0.04341766566588112,17,2008-2024,17.32,-13.89,4.389999999999999,0.18478564268712866,0.04224562813256272,0.14254001455456594
LMNR,2024.0,0.05220310844479732,-0.25915004588931256,-0.7412988420333485,-0.11911391127737934,0.18738669754567416,14,2011-2024,17.32,-13.89,4.389999999999999,0.139490908067474,0.10505562895012355,0.03443527911735045
EXP,2024.0,0.31017935095439986,-0.6390320037887147,-0.3508601381593052,0.24175727510072226,0.05983814093162054,23,2003-2024,17.32,-13.89,4.389999999999999,0.08989282024635371,0.2588466254654437,-0.16895380521908998
AEO,2024.0,0.16967181934450126,0.22411384586444547,0.918131642137804,-2.515768431826293,0.22600996101460624,22,2003-2024,17.32,-13.89,4.389999999999999,-0.2017175617415844,-0.029482381801891985,-0.1722351799396924
HLNE,2024.0,0.2533008831434961,-0.7097599337736765,-0.2824547025750745,-0.822778231189,0.7119428080042145,7,2018-2024,17.32,-13.89,4.389999999999999,0.15848993452548116,0.13348345645237605,0.025006478073105104
SNAP,2024.0,0.5730772105296803,-3.3215457743499033,1.2078847660165537,-4.003282640703313,0.9098943265510201,7,2018-2024,17.32,-13.89,4.389999999999999,-0.3985764364311175,-0.34573381951429766,-0.05284261691681985
IR,2024.0,0.5473314259794353,-2.503580031570863,1.9634168686582707,-0.7020809094910241,0.613238067525358,7,2018-2024,17.32,-13.89,4.389999999999999,-0.05075443435287008,-0.18982859047192793,0.13907415611905785
NKTR,2024.0,0.19724665278711903,-1.7015093331404068,2.0311979015070807,-1.3931762121695934,0.23385184497914147,21,2003-2024,17.32,-13.89,4.389999999999999,-0.296981456204128,-0.44074858794637806,0.14376713174225003
PUMP,2024.0,0.26732059087841964,-1.2768568600284327,2.830816332264101,-0.8952236976718532,0.3549874754452883,8,2005-2024,17.32,-13.89,4.389999999999999,0.029142614321005275,-0.3863317261577829,0.4154743404787882
SYPR,2024.0,0.1613839029003996,-2.4206350200315923,3.96522877865494,0.041137582614048984,0.273125776716028,19,2003-2024,17.32,-13.89,4.389999999999999,-0.11989702224025268,-0.8068344200474866,0.686937397807234
ARMP,2024.0,-0.3033270049408878,0.7407591255748249,0.4526690081633866,-1.9614601656256405,0.2024885797844499,11,2003-2024,17.32,-13.89,4.389999999999999,-0.374253601194293,-0.32401135089618815,-0.05024225029810486
PENN,2024.0,0.17060719837610297,0.2325612273467034,0.11390253721948992,-1.0655571394512413,0.06498967723043358,22,2003-2024,17.32,-13.89,4.389999999999999,-0.022954995759830087,0.14828778211085536,-0.17124277787068545
SSD,2024.0,0.1495138345404591,-0.30653118708636706,0.051176155406312554,0.00744711883938828,0.04666037322276295,22,2003-2024,17.32,-13.89,4.389999999999999,-0.06003289369853697,0.08964119346821267,-0.14967408716674963
REKR,2024.0,0.42595429583288047,-2.194421670235387,-0.960132005303428,-3.2157453113303576,0.7960651534271006,6,2019-2024,17.32,-13.89,4.389999999999999,-0.04052925418896414,0.03807157891735494,-0.07860083310631907
LBRT,2024.0,0.8144289185177135,-3.534556721018646,4.835302325308025,-2.416110604716379,0.5877034209816739,6,2019-2024,17.32,-13.89,4.389999999999999,-0.08751550239117238,-0.5754470540950496,0.4879315517038772
HCC,2024.0,0.4066183486994486,-0.7951785535223259,3.3419372583180023,0.6409788085769419,0.6237048813043454,7,2018-2024,17.32,-13.89,4.389999999999999,-0.18076242750081017,-0.16716269225446106,-0.01359973524634911
ITGR,2024.0,0.12167492762352537,-0.2122698906618523,-0.6238775855891087,0.1309814386651903,0.06400502738509095,24,2003-2024,17.32,-13.89,4.389999999999999,0.0975049825515661,0.1773164643566216,-0.0798114818050555
GBX,2024.0,0.21286965082273507,-0.2597671989760022,0.4137163921256466,0.43467262171059656,0.01795087071547763,22,2003-2024,17.32,-13.89,4.389999999999999,0.1965993528952406,0.12949489318693436,0.06710445970830625
MATW,2024.0,0.07499360467409244,-0.21603978486394615,-0.2468238974673326,0.23458574401650667,0.02376355889039894,22,2003-2024,17.32,-13.89,4.389999999999999,0.0785528763928018,0.08215766745619411,-0.0036047910633923153
SEI,2024.0,-0.6908870754279557,6.317895982369303,-8.041394489028809,0.642087773857237,0.4988729843137836,7,2018-2024,17.32,-13.89,4.389999999999999,2.353194669370885,1.5485098565168418,0.8046848128540434
MLR,2024.0,0.28281118915446674,-0.7942707003604214,0.0161627219794651,-0.04649768384699933,0.06675055859041401,23,2002-2024,17.32,-13.89,4.389999999999999,0.14811517751686154,0.1409572534482108,0.007157924068650734
ADTN,2024.0,0.02848278014862988,-0.3461742407033208,0.3296095144272313,-0.9059113708150398,0.13568752864538502,22,2003-2024,17.32,-13.89,4.389999999999999,0.5366697704480533,-0.11702686907390794,0.6536966395219612
AMED,2024.0,0.43333954192110846,-1.0149309183519766,0.9049937665168863,-0.9089032631499974,0.0285076687902297,22,2003-2024,17.32,-13.89,4.389999999999999,-0.0579843844395774,0.09194901944106576,-0.14993340388064316
EFOI,2024.0,-0.24546308293192176,-0.9413129358647262,1.887724486651522,-0.5044071423489143,0.05943475776737528,16,2003-2024,17.32,-13.89,4.389999999999999,-0.19024943302813663,-0.692846888168706,0.5025974551405694
YEXT,2024.0,0.350051195029098,-2.9374411920847336,-0.5979851651469812,1.4862563614988247,0.9356586761946557,6,2019-2024,17.32,-13.89,4.389999999999999,0.1418051969971656,-0.010406825731263794,0.15221202272842937
DAR,2024.0,0.23258612575757356,-0.19289595147826727,0.763254692373832,-0.6259779013490949,0.02955955420791534,22,2003-2024,17.32,-13.89,4.389999999999999,-0.1302469452751897,0.06568004032158714,-0.19592698559677685
SIRI,2024.0,0.03529916850519773,-0.03167474426069683,1.4993056297450047,-0.022883261428640264,0.06946710785681143,20,2003-2024,17.32,-13.89,4.389999999999999,-0.22667749837913326,-0.17944502434905343,-0.047232474030079824
WVVI,2024.0,0.12941372084982158,-0.2910385078769643,0.49954543629395787,-0.6870425205918821,0.04407768554711666,22,2003-2024,17.32,-13.89,4.389999999999999,-0.19456422657070566,-0.020542176469682993,-0.17402205010102267
RS,2024.0,0.24283081248786303,-0.22577443478449635,0.04023367307942924,0.6725944965831949,0.055221874772758306,22,2003-2024,17.32,-13.89,4.389999999999999,-0.09733401430501115,0.22766512159245778,-0.3249991358974689
OKTA,2024.0,-0.04491664997429304,-0.35758470979782925,-1.3305437312202262,-1.5931834097311417,0.7566874237099412,6,2019-2024,17.32,-13.89,4.389999999999999,-0.20519051918382697,0.008021450868015256,-0.21321197005184223
KNX,2024.0,0.14399104513809902,-0.24245586772305552,-0.9309436831449455,0.6044571278611025,0.17540618668903263,29,2003-2024,17.32,-13.89,4.389999999999999,0.021884413131683225,0.25784143435040113,-0.23595702121871792
AZPN,2024.0,0.43615114892266876,-1.0469038460885205,0.07234663132362096,1.2147005887897504,0.13310031918219511,18,2003-2024,17.32,-13.89,4.389999999999999,0.20977861002634035,0.29810381153715615,-0.0883252015108158
CVLG,2024.0,0.19654967739983975,-0.3271121650162463,-1.068654378075554,0.9044422274905036,0.10132216647643577,22,2003-2024,17.32,-13.89,4.389999999999999,0.06346119902176904,0.32803495732055343,-0.2645737582987844
HDSN,2024.0,0.13309895310419886,1.123719212648143,-0.41871024732752526,-2.1634252087152746,0.12881309476154512,19,2003-2024,17.32,-13.89,4.389999999999999,-0.41216883208643945,0.29091160742604993,-0.7030804395124894
RIME,2024.0,-0.8707052935898358,-0.2807228159189255,0.321840671779221,-0.16148103392406907,1.0,3,2003-2024,17.32,-13.89,4.389999999999999,-0.9711191720063942,-0.9711191720063942,0.0
EEX,2024.0,0.09782952033740781,-1.3733706714065619,1.3521000830112018,-1.1354420408382349,0.2441028220762096,7,2018-2024,17.32,-13.89,4.389999999999999,-0.19502892681829542,-0.3776908870732631,0.18266196025496767
CVNA,2024.0,0.8790502891566039,-1.0780204959667408,-1.899967179206369,-4.869882452442235,0.4326971873674509,7,2018-2024,17.32,-13.89,4.389999999999999,0.5328811524733338,0.742454740784715,-0.20957358831138118
NCSM,2024.0,-0.9465872028906093,3.9655458053933392,-3.7247447112691274,1.588395504558199,0.639061441813326,6,2018-2024,17.32,-13.89,4.389999999999999,0.5000994925685608,0.32734293364890377,0.17275655891965702
VERI,2024.0,-0.5517649835892746,2.172770188087254,-5.347632191236695,-1.227774899905833,0.7767197432950326,7,2018-2024,17.32,-13.89,4.389999999999999,0.40434632771478396,0.5134456062443487,-0.10909927852956469
CPHC,2024.0,0.0440291547551374,0.11821663136962078,1.911848911161321,0.1747369096437812,0.28587059728899966,22,2003-2024,17.32,-13.89,4.389999999999999,-0.10171585848898983,-0.1933805881185898,0.09166472962959997
USAP,2024.0,0.2670891623181039,-0.2949211777121425,-0.5293604109566373,1.9861068411437883,0.16058967826777892,22,2003-2024,17.32,-13.89,4.389999999999999,0.5611252211931795,0.37672706574645004,0.1843981554467295
SVRA,2024.0,0.2609566263450104,-2.036124766807787,0.8664383568895663,1.8474829593497732,0.36644973622903854,13,2005-2024,17.32,-13.89,4.389999999999999,-0.28519515661001554,-0.1309439691226041,-0.15425118748741146
MIND,2024.0,0.33162194515841287,-1.297730569806834,1.4296090248877231,1.449106152990356,0.09045652752247291,20,2003-2024,17.32,-13.89,4.389999999999999,0.8434944977271587,-0.02810192297275889,0.8715964206999176
ESI,2024.0,-0.0068978263090347935,-0.5703258239449747,0.583392199391489,-0.6930101562331499,0.058091934467187634,24,2003-2024,17.32,-13.89,4.389999999999999,-0.10353194826256784,-0.21713458137041747,0.11360263310784963
APPN,2024.0,0.32044782436094943,-2.0921267093926126,-0.2890296554678626,-2.7985379009962528,0.6509727482036802,7,2018-2024,17.32,-13.89,4.389999999999999,0.021716855186510828,-0.12461811641510043,0.14633497160161124
ALT,2024.0,-0.02203586943470559,1.5395710625391994,-3.156383142434404,-1.8840657885155805,0.14832705542190816,16,2008-2024,17.32,-13.89,4.389999999999999,0.03722934497305498,0.6003289689653886,-0.5630996239923336
GTHX,2024.0,-1.109375246530116,6.407054223141398,-10.426230702485247,0.06277572202847415,0.7024939895749104,7,2018-2024,17.32,-13.89,4.389999999999999,2.08898485921709,1.451285843690225,0.6376990155268649
SMHI,2024.0,0.7160870955558689,-4.090877695157838,4.893341406001347,0.3812942162726032,0.4316404663803399,7,2018-2024,17.32,-13.89,4.389999999999999,-0.5606952939197781,-0.6553992264446884,0.09470393252491027
AGS,2024.0,0.9794326022228509,-4.49204841662969,5.11838465479023,-3.3446516553280574,0.5869274945649176,6,2019-2024,17.32,-13.89,4.389999999999999,-0.04437268326086706,-0.6563640197566759,0.6119913364958088
PRPH,2024.0,-0.04071244425529891,1.8661491210600647,0.6812349134970394,-3.2541101274149806,0.2559806483411441,21,2003-2024,17.32,-13.89,4.389999999999999,-0.8658571349368644,0.045025619434047925,-0.9108827543709124
NSIT,2024.0,0.24615820117269752,-0.7695637060551473,0.5351387966708301,-0.11509854950296597,0.07277496795673899,22,2003-2024,17.32,-13.89,4.389999999999999,-0.2801929025639113,0.033486162103187486,-0.3136790646670988
SSTI,2024.0,0.08060643677325635,-1.3106387508938042,1.1200345503160984,-1.3815817357481923,0.24476907250458746,14,2003-2024,17.32,-13.89,4.389999999999999,0.025268989308764714,-0.3626204321198022,0.3878894214285669
UPBD,2024.0,0.12116942853905369,-0.5193318975066564,-0.5502422371012143,-0.4514984116399786,0.10123936139398604,22,2003-2024,17.32,-13.89,4.389999999999999,-0.07192993861149578,0.0878290103532644,-0.15975894896476017
WOW,2024.0,0.396537411806541,-2.2463073315643327,2.400597366757369,-4.317233358200957,0.47958818272773585,7,2018-2024,17.32,-13.89,4.389999999999999,-0.1301602367736122,-0.5154925366880219,0.38533229991440965
AZTA,2024.0,0.20339921289341822,-0.6614472954571055,1.0680910136470816,-1.3869315961184565,0.19623135651104762,22,2003-2024,17.32,-13.89,4.389999999999999,-0.09677168697300154,-0.12040759754493227,0.023635910571930735
NINE,2024.0,0.44575081199610367,-3.513170106849471,4.285035616566898,0.08437116849418125,0.4332683500494132,6,2019-2024,17.32,-13.89,4.389999999999999,-0.3803142778851446,-0.7542178033544722,0.3739035254693276
ATNF,2024.0,-3.4888152593032324,8.449671560702196,-17.140798969140935,-6.821736277265817,1.0,4,2019-2024,17.32,-13.89,4.389999999999999,0.05605060925209478,0.05605060925209454,2.3592239273284576e-16
CODX,2024.0,-0.730034407986677,1.6656081584062892,-1.1757584017073763,-0.32277936694335635,0.4158038882590328,6,2018-2024,17.32,-13.89,4.389999999999999,-0.44698087177006385,-0.29240824716236646,-0.15457262460769738
ACIW,2024.0,0.21019027830935288,-0.2745078328807955,1.1367482391340575,-0.40475634380349823,0.05528110805224529,22,2003-2024,17.32,-13.89,4.389999999999999,0.26420860966992765,-0.013017612254295059,0.2772262219242227
STRT,2024.0,0.04220970546796466,0.36811794987046126,-0.4066343923541603,-1.7817703186980602,0.17910946330789723,22,2003-2024,17.32,-13.89,4.389999999999999,0.6010180690362329,0.08422953449267662,0.5167885345435563
DLTR,2024.0,0.17259745305768248,-0.3510064463677548,3.199487424268672,0.2345222427345156,0.570916018178801,21,2003-2024,17.32,-13.89,4.389999999999999,-0.3450985185601334,-0.3223101402280859,-0.0227883783320475
ESQ,2024.0,0.08643603859506106,0.8325796758245774,-0.7937438705611186,0.6365907576182138,0.16852037105255568,7,2018-2024,17.32,-13.89,4.389999999999999,0.6304907031458721,0.3688361963282568,0.26165450681761526
MRSN,2024.0,-0.5909794003892812,3.8004403154319526,-10.791430581797043,-1.8579730822404787,0.24349940295421402,7,2018-2024,17.32,-13.89,4.389999999999999,-0.3355382784791728,1.4846215517447854,-1.820159830223958
TAIT,2024.0,0.3250265701715723,-1.7781267462264991,1.6158231896096298,-1.0504770723246342,0.22354162001207534,18,2003-2024,17.32,-13.89,4.389999999999999,-0.0400389750333484,-0.2534987667866863,0.2134597917533379
CBZ,2024.0,0.1490832603813893,0.2467590910473289,-0.9001826344786481,0.4300174534366313,0.12392060940308913,22,2003-2024,17.32,-13.89,4.389999999999999,0.05733699680685016,0.335735069085739,-0.27839807227888885
BHF,2024.0,0.14448663577022577,-0.914162130826093,0.5120407958192738,-0.596230298129588,0.2389023142494907,7,2018-2024,17.32,-13.89,4.389999999999999,0.061463948865043694,-0.11114322191603956,0.17260717078108326
ADV,2024.0,0.10232793842790194,-0.9583620740896373,-0.24339313240171934,-2.512424323859226,1.0,4,2021-2024,17.32,-13.89,4.389999999999999,-0.1401484945312445,-0.1401484945312444,-1.1102230246251565e-16
MYO,2024.0,-0.37954077820453924,3.299974464249799,-8.119032017955874,-4.409695039646162,0.8859203966679382,5,2018-2024,17.32,-13.89,4.389999999999999,0.9592479691639887,1.1261627340571303,-0.1669147648931416
EVTV,2024.0,-0.9827642149474092,1.333111651339209,-3.6980399818519833,-3.9922991685692706,1.0,3,2018-2024,17.32,-13.89,4.389999999999999,-0.41347345695640875,-0.4134734569564087,-5.551115123125783e-17
HLIT,2024.0,0.21336056123248415,-0.6577250717703572,-1.0092704152470227,0.6895503454399177,0.1163105663042373,22,2003-2024,17.32,-13.89,4.389999999999999,0.07706088400745337,0.26990149964448207,-0.1928406156370287
RNGR,2024.0,0.28215305478746633,-0.545243027986798,1.0431678627485221,-1.599832095116449,0.19217275249086208,7,2018-2024,17.32,-13.89,4.389999999999999,0.4348871676675777,-0.027411682771228893,0.4622988504388066
DRI,2024.0,0.20131518389610376,-0.3685813193037313,0.17225056250345028,-0.07020062571428334,0.026784788004828974,22,2003-2024,17.32,-13.89,4.389999999999999,0.20946663315656,0.11046948879211121,0.09899714436444879
ATXI,2024.0,3.489997597066877,-17.884800538422997,7.226807470402269,7.98517005345031,0.8762430973138201,6,2018-2024,17.32,-13.89,4.389999999999999,-0.4755527244730394,-0.2609044484803923,-0.21464827599264713
RMD,2024.0,0.21252480300165938,-0.49859742582922223,-0.11135219136995483,-0.34087505724621575,0.178277685146624,22,2003-2024,17.32,-13.89,4.389999999999999,0.15285398441137843,0.12667013321621595,0.026183851195162477
KALA,2024.0,0.32599964999412884,-3.1433935286233368,-2.483486853195516,1.7720696169684322,0.7624167823577581,6,2018-2024,17.32,-13.89,4.389999999999999,-0.0681377968248541,0.2043140709303382,-0.2724518677551923
PRPO,2024.0,-0.3324637621523995,0.07791958970539041,-1.185981519060003,-2.998125440756428,0.5038617412970662,9,2003-2024,17.32,-13.89,4.389999999999999,0.020416674273363328,-0.2858529630671986,0.3062696373405619
BBCP,2024.0,0.607494559309042,-2.5798961030324503,1.1339170596428898,-1.9526097276933434,0.5791256627896642,5,2020-2024,17.32,-13.89,4.389999999999999,0.06117185213544453,-0.08256409236631355,0.14373594450175808
RDFN,2024.0,0.04430394282764849,-0.5857107335548649,-4.369468695646895,-0.9707186330723692,0.6821415060044572,7,2018-2024,17.32,-13.89,4.389999999999999,0.26250347966742216,0.5071634976094226,-0.24466001794200043
CBUS,2024.0,-0.40577922122423704,-1.1297785131491733,1.064338902497646,-1.4374627748120528,0.777243267823626,6,2018-2024,17.32,-13.89,4.389999999999999,-0.7647480207453542,-0.8123981490728459,0.047650128327491714
PETQ,2024.0,-0.06034354098692147,0.33969406839352223,-1.7966769797974336,-0.8840665559554032,0.5432713041363277,7,2018-2024,17.32,-13.89,4.389999999999999,0.35827614535482594,0.20923938234625789,0.14903676300856805
PDLB,2024.0,-0.11343515701392116,0.7531744478440032,-1.079442406983658,-0.29705381379234413,0.19051270163751577,7,2018-2024,17.32,-13.89,4.389999999999999,0.3753385497701196,0.15390854525720638,0.22143000451291323
GNPX,2024.0,-0.004313487468669511,-0.46675588496821335,-1.4866127662628315,-1.9160817450523355,0.3376815459305864,5,2019-2024,17.32,-13.89,4.389999999999999,-0.5952041132952781,0.037218917880945696,-0.6324230311762238
MTEM,2024.0,-0.4756670277344429,2.376209730302093,2.9241445005813187,-3.644200620165313,0.17669549651580685,13,2006-2024,17.32,-13.89,4.389999999999999,-1.0035027273872519,-0.6302515808021227,-0.37325114658512915
ACHV,2024.0,-0.08857071554249873,-1.7473226886485458,2.206028784625099,0.8690140764560185,0.31888054538465826,18,2003-2024,17.32,-13.89,4.389999999999999,-0.29804399442072366,-0.659474685444434,0.36143069102371034
ECVT,2024.0,0.10133791602560037,-1.3032310676986438,0.8548333418390128,-0.30915917290997674,0.4761213853881635,7,2018-2024,17.32,-13.89,4.389999999999999,-0.19525262701397755,-0.25669014377199156,0.06143751675801401
AADI,2024.0,-64.0207044711561,276.2316474733712,-159.7217180570095,-111.48030699325848,1.0,4,2020-2024,17.32,-13.89,4.389999999999999,1.1139780323459199,1.1139780323463686,-4.4875214655348827e-13
KRYS,2024.0,0.87827766972099,-3.651795381711263,3.5567387162260324,-0.573996370410819,0.9007760746741824,6,2019-2024,17.32,-13.89,4.389999999999999,-0.19389808137703907,-0.27344273873623154,0.07954465735919247
HBB,2024.0,0.08445598338960869,-0.7967616784942703,0.1867474338279992,-2.029529225777961,0.5005445838399547,7,2018-2024,17.32,-13.89,4.389999999999999,-0.057507901868896705,-0.16857869089596048,0.11107078902706377
CELC,2024.0,0.821526832350457,-4.774621435284242,3.9440093163853316,-3.720875668442443,0.5730004750383642,7,2018-2024,17.32,-13.89,4.389999999999999,-0.24783627532751457,-0.7166069361313195,0.468770660803805
CEIX,2024.0,0.9745653535509411,-2.0565769322235843,6.001544368623329,-1.4239398667411538,0.24101413164688967,7,2018-2024,17.32,-13.89,4.389999999999999,0.003154956049989645,-0.2777592440619008,0.28091420011189044
ROKU,2024.0,0.9443758521218162,-4.227373815367087,2.7258566271405718,-5.131539570419454,0.7130783227287416,7,2018-2024,17.32,-13.89,4.389999999999999,0.19346674678703824,-0.39170136535100253,0.5851681121380408
ADIL,2024.0,-0.11921590847286562,-0.15496248267397594,0.48482162670496365,-2.626161865478836,0.9172950471962846,5,2019-2024,17.32,-13.89,4.389999999999999,-0.1687200192192153,-0.3286856403158386,0.15996562109662327
NVNO,2024.0,0.4009261368846726,-2.8610093450160723,3.755318613645918,-1.911768663776428,0.41237558924680495,5,2019-2024,17.32,-13.89,4.389999999999999,-0.47174331464536046,-0.7001410814473142,0.22839776680195378
ANGI,2024.0,0.15358695310838785,-1.9960495336946202,0.15284708076363968,-1.0544641163155593,0.36524569139877894,13,2012-2024,17.32,-13.89,4.389999999999999,-0.18239797266787733,-0.25965026035184297,0.07725228768396564
SPRO,2024.0,0.1138575534299153,-0.9686829395334541,-0.976435041473289,0.2378768688805044,0.1193207952081532,16,2006-2024,17.32,-13.89,4.389999999999999,-0.25467449228201067,0.09215129010721501,-0.3468257823892257
MDB,2024.0,0.4435320523718562,-2.3909363039358356,0.6716891647040475,-0.5063913859122631,0.577821845254308,6,2019-2024,17.32,-13.89,4.389999999999999,-0.11559120762114178,-0.086106322288771,-0.029484885332370772
FNKO,2024.0,0.6870183038956121,-2.4798109321002233,4.302830010724018,-3.804467155598604,0.4766069729001756,7,2018-2024,17.32,-13.89,4.389999999999999,0.32494461453850926,-0.5071641461644913,0.8321087607030007
CARG,2024.0,-0.08204864179985331,0.45899119445109393,-0.9876332504233072,0.030842573188786027,0.137872528665423,7,2018-2024,17.32,-13.89,4.389999999999999,0.34767419735140653,0.13598488052586122,0.21168931682554532
PACK,2024.0,0.06697072933041848,-0.5739837137204115,-1.2210353117280577,-2.600359642859501,1.0,4,2021-2024,17.32,-13.89,4.389999999999999,0.023002766591538465,0.023002766591538354,1.1102230246251565e-16
NRXP,2024.0,-0.10886800316591466,-1.1851345910967144,-1.4898093804622137,-0.8688662244596855,1.0,3,2020-2024,17.32,-13.89,4.389999999999999,-0.1453420186514441,-0.14534201865144433,2.220446049250313e-16
BAND,2024.0,0.2002191095345256,-1.2491459748921603,-0.20059559415969982,-1.784326058838627,0.40916823873972263,7,2018-2024,17.32,-13.89,4.389999999999999,-0.03868723855946834,-0.06660215927102994,0.027914920711561604
FAT,2024.0,0.9010900352187956,-4.373239885046074,2.5146357913188186,-5.864402097559632,0.4708801090142303,7,2018-2024,17.32,-13.89,4.389999999999999,0.046082106011499244,-0.4630852763682359,0.5091673823797351
FATBB,2024.0,-0.2826819115812903,0.631203255715447,-0.674879269949683,0.5860776153103261,1.0,3,2022-2024,17.32,-13.89,4.389999999999999,-0.05388796978324063,-0.053887969783240605,-2.7755575615628914e-17
SCPH,2024.0,0.26083001529564337,-1.5550575080650288,-2.006727691119609,1.0318545636008303,0.47944499912403904,7,2018-2024,17.32,-13.89,4.389999999999999,-0.23318805683194932,0.3155269465373705,-0.5487150033693198
MBIN,2024.0,0.30116701533630175,-1.309030299009093,0.48868413800070964,-1.8053457334319225,0.4980340101269245,7,2018-2024,17.32,-13.89,4.389999999999999,-0.14335011219499197,-0.07268993691803308,-0.07066017527695889
ACMR,2024.0,0.04026633591739877,0.9606560500982199,-2.9406553145740144,-2.2664172603985198,0.23450033450412422,16,2003-2024,17.32,-13.89,4.389999999999999,-0.39216759718142835,0.5156132692572459,-0.9077808664386743
AIHS,2024.0,-0.851598183113895,0.449938776531924,-4.289690136556561,3.9806727780088336,1.0,3,2019-2024,17.32,-13.89,4.389999999999999,-0.0030792920962722722,-0.003079292096271752,-5.204170427930421e-16
MRBK,2024.0,0.06201341645301438,0.5945358213368502,0.2716824652913936,-1.1565235895408181,0.6185440656264221,6,2019-2024,17.32,-13.89,4.389999999999999,0.2799774310525369,0.07647894069874037,0.20349849035379655
CUE,2024.0,-0.24652913902248655,0.17608617817471517,-4.9822763143185425,0.2402676728751063,0.39726915836675847,6,2019-2024,17.32,-13.89,4.389999999999999,-0.16794766416264628,0.4865549179354368,-0.6545025820980831
SFIX,2024.0,0.26096444349438347,-2.3422453846753193,0.6667563422459373,-2.9533554723479067,0.7588812272069281,6,2019-2024,17.32,-13.89,4.389999999999999,-0.008426816131401844,-0.3669772183054156,0.35855040217401374
SBT,2024.0,-0.01296954692243743,-0.32082438882925196,1.5975076528626206,0.06719017986984177,0.24483369029155233,7,2018-2024,17.32,-13.89,4.389999999999999,-0.13684675285766823,-0.2874804951539958,0.1506337422963276
ARCT,2024.0,0.29696321719532603,-0.18997380020424412,-6.089653772882231,-0.7459600635812147,0.2130523832732082,6,2019-2024,17.32,-13.89,4.389999999999999,-0.3500609885079306,1.0771650172620775,-1.4272260057700081
NMRK,2024.0,0.07950779525314998,-0.1522520573650971,-0.06114361860848405,-2.5236449379499595,0.4916061749833244,7,2018-2024,17.32,-13.89,4.389999999999999,0.21036677896947814,-0.049157425233769585,0.25952420420324773
DNLI,2024.0,0.6843437344067165,-3.821253444999004,2.3875366901733597,-3.663000931519097,0.684225273350548,7,2018-2024,17.32,-13.89,4.389999999999999,-0.16929097267458376,-0.4699319494258789,0.30064097675129514
QTRX,2024.0,0.9367649047881172,-5.377758383762796,4.837830437809141,-1.8920730571170092,0.5857405932836544,7,2018-2024,17.32,-13.89,4.389999999999999,-0.24228767080361235,-0.7496995022987254,0.507411831495113
ASTH,2024.0,0.5908825245519866,-3.167770743438375,2.1625148929522906,-4.466526394233776,0.6060186736864352,7,2018-2024,17.32,-13.89,4.389999999999999,-0.2696150832512291,-0.4542291955494757,0.1846141122982466
PCSA,2024.0,2.021838929996507,-6.913559605214853,7.481920164617707,-9.968083074689897,1.0,4,2004-2024,17.32,-13.89,4.389999999999999,-0.6524271514709906,-0.6524271514709912,5.551115123125783e-16
OSS,2024.0,0.3815483512304153,-1.3115201749860295,0.47298199153402365,-3.0822853763983447,0.5847572911444436,6,2019-2024,17.32,-13.89,4.389999999999999,0.3430604811017212,-0.04661646972512817,0.3896769508268494
HOFV,2024.0,-0.6690904503432097,-0.7039654409774555,-1.4051026773114947,0.0058387218480508984,1.0,3,2020-2024,17.32,-13.89,4.389999999999999,-0.5955921829528089,-0.5955921829528089,0.0
SLDB,2024.0,-3.203833068602145,12.185963450131158,-7.739708906501223,-6.988513728360184,0.968212292883647,5,2019-2024,17.32,-13.89,4.389999999999999,-0.3415138558793007,-0.3249743846014203,-0.016539471277880413
LPRO,2024.0,0.4799432918778652,-2.7681752374148636,0.20003248509765048,-3.176389380832998,0.6474184591400328,5,2020-2024,17.32,-13.89,4.389999999999999,0.022912408522682157,-0.16673266524102134,0.1896450737637035
SLS,2024.0,-0.06674800163795316,0.4463127434658352,-3.5127263822251633,-3.8249127546318213,0.45496154689327417,11,2009-2024,17.32,-13.89,4.389999999999999,-0.17303179926974988,0.3305573900930677,-0.5035891893628176
EOLS,2024.0,0.4483835662329034,-1.923513700820388,3.474854313941502,-2.484464889470109,0.6111965899992753,6,2019-2024,17.32,-13.89,4.389999999999999,-0.02947076854975771,-0.47649427960340013,0.4470235110536424
CDLX,2024.0,0.040810456783642174,-0.7161007138243414,-1.4759010022873114,-3.6558818755647544,0.6541672200952151,6,2019-2024,17.32,-13.89,4.389999999999999,-0.5950928477293084,-0.03870875197031888,-0.5563840957589895
WHD,2024.0,0.3959950820818544,-1.4152198893433963,2.358196184550512,-0.9735699105427884,0.4395904957804503,6,2019-2024,17.32,-13.89,4.389999999999999,0.06446718071338844,-0.2194141718593163,0.28388135257270475
BTAI,2024.0,-0.492374103986179,2.171258712518271,-6.817198853006031,-1.6475320207687272,0.14521419004178193,6,2019-2024,17.32,-13.89,4.389999999999999,-0.7548719655445103,0.758270169992776,-1.5131421355372863
HYMC,2024.0,-0.9277779989384863,2.1426492393120458,-3.079031995424181,0.06481872272139544,1.0,4,2020-2024,17.32,-13.89,4.389999999999999,-0.12614806459775205,-0.12614806459775205,0.0
ZS,2024.0,0.4120498863931947,-1.7299709353044286,1.0308385549306778,-2.0487399922944167,0.9641575568238614,6,2019-2024,17.32,-13.89,4.389999999999999,-0.10827377865024947,-0.12070424054312832,0.012430461892878858
CLBK,2024.0,-0.024727024817187138,0.38725285691706907,0.6702514513561656,-0.22246699698009337,0.5397641633380793,6,2019-2024,17.32,-13.89,4.389999999999999,0.00913204135788774,-0.06051905775994827,0.06965109911783601
GDC,2024.0,-45.628644356377016,195.85250200807252,-113.65634638946032,-79.34807453892762,1.0,4,2020-2024,17.32,-13.89,4.389999999999999,0.5964950326579436,0.5964950326582561,-3.1252778143198157e-13
STEP,2024.0,0.6730205793843016,-0.7221869678018641,1.6865344131373172,-2.0326311304694746,1.0,3,2022-2024,17.32,-13.89,4.389999999999999,0.22444565994863547,0.22444565994863547,0.0
BWB,2024.0,-0.016971474048991173,0.36906377881257146,0.2235980950265577,-1.2152013704776097,0.7658470912460593,6,2019-2024,17.32,-13.89,4.389999999999999,0.1166709578686158,-0.037454743121809714,0.1541257009904255
RCUS,2024.0,-0.14616555199921671,1.6316544808936757,-3.957708801904644,-1.0883760271306366,0.1934856539345574,6,2019-2024,17.32,-13.89,4.389999999999999,-0.06930660197446126,0.638383049085088,-0.7076896510595493
DBX,2024.0,0.059990057762645,-0.5060114708552317,-0.8889055797888613,-0.241467893511141,0.4132301006026734,6,2019-2024,17.32,-13.89,4.389999999999999,0.28991202575813313,0.08521741551805262,0.2046946102400805
RENB,2024.0,-0.6287875774749409,0.2668841233307155,-0.21067863131498762,-0.370213918774128,1.0,3,2021-2024,17.32,-13.89,4.389999999999999,-0.5695523764585934,-0.5695523764585934,0.0
COGT,2024.0,-0.17782915019050705,-0.5229176580048123,0.7177168572940753,1.3051099053082902,0.4004092661850597,10,2005-2024,17.32,-13.89,4.389999999999999,-0.12171461814070425,-0.31079503519205365,0.1890804170513494
ZUO,2024.0,0.13542507680022042,-1.3122724344897354,-0.30298858157654557,-0.691583388192955,0.8965607603235781,5,2020-2024,17.32,-13.89,4.389999999999999,-0.04798793100201463,-0.08013590561409029,0.03214797461207566
RDVT,2024.0,0.0034215759624604825,0.6621073423501634,-2.117636868472519,-0.6316842726776879,0.9913024553605996,6,2019-2024,17.32,-13.89,4.389999999999999,0.3782156312602496,0.38450738911779114,-0.006291757857541547
QTTB,2024.0,-0.4646899019249419,-0.8115310908669638,0.48867733412424696,-0.5127223719446576,0.3958939608070744,5,2019-2024,17.32,-13.89,4.389999999999999,-0.8553368716804105,-0.6956328807013284,-0.15970399097908206
WH,2024.0,0.17076007552203615,-0.3963406954684403,0.12005195329766083,-0.8103700405367803,0.27088158133690576,6,2019-2024,17.32,-13.89,4.389999999999999,0.32682918334283584,0.049863405974292556,0.2769657773685433
SMAR,2024.0,0.08066649332599478,-0.5037602621856883,-1.8905562394004591,-0.9415368984790616,0.9934646558017399,5,2020-2024,17.32,-13.89,4.389999999999999,0.22411752567806514,0.21468000772492654,0.009437517953138602
DOCU,2024.0,-0.2634455378947164,1.3367421152597794,-4.987847697920931,-1.5610574500106553,0.9492842150729647,5,2020-2024,17.32,-13.89,4.389999999999999,0.6341391995264843,0.5923598196540268,0.0417793798724575
UBX,2024.0,0.8679822702295754,-6.128117869606894,1.701428146592939,2.3647740409612203,0.9987446255786733,5,2019-2024,17.32,-13.89,4.389999999999999,-0.32372230423826204,-0.3259225339499002,0.0022002297116381353
LASR,2024.0,0.3309127986649969,-2.6541605815340654,0.13532115752251156,-0.9009707698410186,0.8303280921821147,6,2019-2024,17.32,-13.89,4.389999999999999,-0.08723830715334535,-0.18713653963260077,0.09989823247925542
GSHD,2024.0,-0.02676547614366448,0.653813986218885,-4.582025488564544,-0.8693663708522628,0.8374829836575081,6,2019-2024,17.32,-13.89,4.389999999999999,0.8196636742382882,0.6847532629506473,0.13491041128764092
ROAD,2024.0,0.6317530785589062,-1.7726135955380344,0.22061999614063077,-1.1498148659127367,0.6128720936975096,7,2003-2024,17.32,-13.89,4.389999999999999,0.5552646446374986,0.2436154137342158,0.3116492309032828
LOVE,2024.0,0.6337388524006675,-2.9811788258272607,0.8913664434722883,-3.629228567276451,0.7388173889134144,5,2020-2024,17.32,-13.89,4.389999999999999,0.0008478307466618235,-0.16573525333435107,0.1665830840810129
INSP,2024.0,0.629850236658781,-2.3049728728867764,0.48434027260849677,-0.6452282529518827,0.31435398814333637,6,2019-2024,17.32,-13.89,4.389999999999999,0.3382087643987244,0.13502855090488353,0.20318021349384086
SRRK,2024.0,-1.472124433269311,10.881562539328996,-20.036883789519116,0.9876508730351468,0.7220967078786534,6,2019-2024,17.32,-13.89,4.389999999999999,4.141493561366178,3.2390432302329186,0.9024503311332595
JRSH,2024.0,-0.08835751236150562,0.2039515115257148,-1.1078143155185602,-0.930527532575345,0.6882562336096725,5,2020-2024,17.32,-13.89,4.389999999999999,0.1101229396658051,0.059992139180218576,0.05013080048558652
DNTH,2024.0,-0.24621736459471127,-0.8964065148624845,-0.3495669901533093,-1.3661905628271906,0.7002786482134551,5,2019-2024,17.32,-13.89,4.389999999999999,-0.20463217156559066,-0.41289588374471253,0.20826371217912187
WRAP,2024.0,-0.34908724384400813,0.6307011159293869,-2.634187470721725,-0.7168057301747729,0.565363646927961,5,2020-2024,17.32,-13.89,4.389999999999999,0.01301907933455812,0.09457105756353675,-0.08155197822897862
VRCA,2024.0,1.3765414167039705,-8.44659462550492,5.8551471276030265,0.6950697979243066,0.9643510438258406,6,2019-2024,17.32,-13.89,4.389999999999999,-0.9509592369385098,-0.8691751443286649,-0.08178409260984487
TBIO,2024.0,0.012247925483548704,0.2651531335348546,0.23108146846969158,-0.24733861160616394,0.030584124326448858,6,2019-2024,17.32,-13.89,4.389999999999999,0.0023342764818110803,0.015217067191834771,-0.01288279071002369
DOMO,2024.0,0.14403295095170288,-1.5721656100337613,0.20259695382334364,-3.1005028497027456,0.6631899756619533,5,2020-2024,17.32,-13.89,4.389999999999999,-0.12988208055025446,-0.2925189246941575,0.16263684414390306
ECOR,2024.0,-10.648171726950922,47.92761812018901,-33.440912399084475,-18.76586647395568,1.0,4,2019-2024,17.32,-13.89,4.389999999999999,1.4740129254919923,1.4740129254919943,-1.9984014443252818e-15
AMAL,2024.0,0.1350754376496966,0.4410466141347503,1.006715741835891,-0.5394807034622173,0.4460131345242928,6,2019-2024,17.32,-13.89,4.389999999999999,0.18312444112095572,0.04794869179483876,0.13517574932611695
BV,2024.0,-0.0873407142024246,0.44928559423468534,-0.390535628924715,-1.3061029604874836,0.3140154312071127,11,2013-2024,17.32,-13.89,4.389999999999999,0.15527470639735236,-0.012616970388734716,0.16789167678608707
IIIV,2024.0,-0.12499794016802901,0.2315338764738728,-0.663508023071081,-0.2175530644679926,0.9321256228919461,6,2019-2024,17.32,-13.89,4.389999999999999,-0.0035027973286907987,-0.0022855878883259566,-0.0012172094403648422
TECX,2024.0,-5.7534827100432935,26.048093562264476,-23.87693455644007,-7.24952056284989,1.0,4,2019-2024,17.32,-13.89,4.389999999999999,1.7562993521213295,1.7562993521213288,6.661338147750939e-16
XERS,2024.0,0.22379213022593133,-1.8588087896053331,-0.3662695205232911,0.06066557289676498,0.3393617601023594,6,2019-2024,17.32,-13.89,4.389999999999999,0.45968656444937783,-0.04461549708285921,0.504302061532237
BE,2024.0,0.038472382334932116,-0.26261312560152644,-1.4664601569574987,-1.62544665794053,0.2632271041283347,11,2003-2024,17.32,-13.89,4.389999999999999,0.7675605576071473,0.12532199649855502,0.6422385611085922
LSEA,2024.0,0.22975439028175032,-0.840188968778025,1.8133575623903313,1.0134560017669685,1.0,4,2020-2024,17.32,-13.89,4.389999999999999,-0.1231509860490507,-0.1231509860490507,0.0
RPAY,2024.0,-0.14883033505814716,-0.30543320622285064,0.09676401367943743,-1.0885290270805408,0.6200683954966792,5,2020-2024,17.32,-13.89,4.389999999999999,-0.32444363070824606,-0.26295831216485444,-0.06148531854339162
EVER,2024.0,-0.003985417378539413,2.495586194842714,-7.072028136779046,-2.7863402876925525,0.25077070568983706,6,2019-2024,17.32,-13.89,4.389999999999999,-0.0886879583224312,1.2882344811371251,-1.3769224394595563
CCB,2024.0,0.1583876296960646,1.1372620403415592,-0.9336553076451481,-0.804217036394762,0.29059408728248526,6,2019-2024,17.32,-13.89,4.389999999999999,0.7932876913823484,0.44974100941740364,0.3435466819649448
STIM,2024.0,2.710553533269202,-12.300915286948019,13.649389734553854,-11.076860493967914,0.606886511668361,6,2019-2024,17.32,-13.89,4.389999999999999,-0.15253656475159388,-1.8021394042449161,1.6496028394933222
MYFW,2024.0,0.08321320288033913,-0.019058644861731606,0.44565943241883554,-1.3703276257444927,0.5937695176401753,6,2019-2024,17.32,-13.89,4.389999999999999,0.10301893627921178,-0.04214723234287225,0.14516616862208404
BJ,2024.0,0.1357614324923599,0.09496101805741733,1.1530742412975865,-0.24664229313832836,0.2839026393742501,14,2003-2024,17.32,-13.89,4.389999999999999,-0.029790583869340338,-0.018780927965102803,-0.011009655904237536
REPL,2024.0,-0.0013391457505124785,-0.5947155110391421,-2.182719617851525,-0.4841651409676938,0.5007672605240927,5,2020-2024,17.32,-13.89,4.389999999999999,0.2985738127255391,0.17758103296860317,0.12099277975693595
ALLK,2024.0,-0.18713212281683161,-0.5339922109444268,-3.890362262041036,-0.3645885172764296,0.7256469019096563,6,2019-2024,17.32,-13.89,4.389999999999999,0.16301972451444346,0.24474630853665827,-0.0817265840222148
CRNX,2024.0,0.27085622454940256,-0.2663145566519347,1.2145738004834181,-0.8258647787436901,0.11966605954208964,6,2019-2024,17.32,-13.89,4.389999999999999,0.0945698219677878,0.019770778663292722,0.07479904330449508
WISA,2024.0,-6.634585442252689,26.54318651079513,-16.2769985420001,-13.271662728486,0.5886733048231818,5,2019-2024,17.32,-13.89,4.389999999999999,-0.2493158718471562,-0.3590564348796942,0.10974056303253799
LEGH,2024.0,0.4168488025505306,-2.063741922535143,0.5290448572267965,0.3049984054293554,0.9737946692667034,6,2019-2024,17.32,-13.89,4.389999999999999,0.02886949246813464,-0.0006861991030095629,0.029555691571144203
AQST,2024.0,-1.1024250582897486,4.429257856842534,-5.892046235727152,-2.0773379019415286,0.6354281110673046,5,2019-2024,17.32,-13.89,4.389999999999999,0.3222512630587326,0.3919324907626465,-0.06968122770391394
TENB,2024.0,0.18962245594500526,-0.7976886461063805,1.432726814907406,-0.6085013729138029,0.703395427544335,6,2019-2024,17.32,-13.89,4.389999999999999,-0.14335582558640847,-0.17425618242217444,0.030900356835765974
ARLO,2024.0,1.1728674372270729,-5.279155124737898,5.652526180028834,-1.7056098947078613,0.6432698759931539,6,2019-2024,17.32,-13.89,4.389999999999999,-0.1888526250079654,-0.601494391161211,0.41264176615324555
SONO,2024.0,0.1317439971281067,-0.07685669316897217,0.22234821459632736,-1.7216356067355243,0.3190439439749595,15,2003-2024,17.32,-13.89,4.389999999999999,-0.028011041513464393,0.011968447728121362,-0.03997948924158576
VCNX,2024.0,-0.33748967588923096,-1.1434803163607161,1.6033458077605676,-1.0159115097260436,0.8796316532902386,5,2019-2024,17.32,-13.89,4.389999999999999,-0.8836533412011016,-0.8028437146578232,-0.08080962654327839
LQDA,2024.0,0.39857059932685457,-0.8544970221349916,1.7109173546395735,1.8248277316522978,0.6826988352981386,6,2019-2024,17.32,-13.89,4.389999999999999,-0.06698056356917069,0.09303523195317319,-0.16001579552234388
IMXI,2024.0,0.2923323736635163,-0.9112819001468826,2.1871642964863023,0.29519855245216764,0.6193933579289037,7,2018-2024,17.32,-13.89,4.389999999999999,-0.04746150592067519,-0.156339555771221,0.1088780498505458
FTDR,2024.0,-0.13884910594844926,0.603476081344602,-3.235224711472438,0.002376174527741526,0.8022716228133463,6,2019-2024,17.32,-13.89,4.389999999999999,0.5709527115285326,0.41514997782572527,0.15580273370280728
ELAN,2024.0,0.04470606597425249,-0.9530790878831675,1.3291634118827518,-1.9466460064441435,0.772341895938171,6,2019-2024,17.32,-13.89,4.389999999999999,-0.2077568708083003,-0.39044578964052423,0.18268891883222393
ETON,2024.0,-1.1967489850125934,9.306274687023281,-17.806538686283083,0.7257372663031401,0.9655414282722706,5,2020-2024,17.32,-13.89,4.389999999999999,3.001654818407033,2.9202858802952667,0.08136893811176638
HFFG,2024.0,-0.35635085923164095,1.0306240549903167,-1.0433130446593335,0.7742731194864467,0.8895136766703164,5,2020-2024,17.32,-13.89,4.389999999999999,0.02301813110961072,0.0010599989413183283,0.021958132168292392
GTX,2024.0,0.26849671029485866,1.8239449540077493,5.472114461550962,2.7776322644560074,0.9594409976419096,5,2019-2024,17.32,-13.89,4.389999999999999,0.0042422394134914235,-0.05373466597080917,0.057976905384300594
REZI,2024.0,0.46608713169851107,-2.3179631785193697,2.244005815339312,-2.4218301399099045,0.520556162895137,6,2019-2024,17.32,-13.89,4.389999999999999,0.13144392508866481,-0.35339484171371893,0.48483876680238375
KLXE,2024.0,0.4064242360703052,-3.084745864038476,0.10809937990322005,1.2352563575432751,0.9715821154058062,6,2020-2024,17.32,-13.89,4.389999999999999,-0.04092092595089843,-0.08864099735356634,0.04772007140266791
STRO,2024.0,0.43142035556538255,-3.7108114733909225,3.0282613256547517,-2.579344814167739,0.673519463771015,6,2019-2024,17.32,-13.89,4.389999999999999,-0.4189937240966799,-0.7451509271013339,0.326157203004654
EB,2024.0,0.3793784868699729,-3.233945171408445,3.211487442596329,-1.9169387673489127,0.5077298438715527,6,2019-2024,17.32,-13.89,4.389999999999999,-0.35276581379844735,-0.7109700344812171,0.35820422068276975
ARVN,2024.0,0.33628818001978483,-1.9253977839746976,1.4039408094296504,-3.0373660520978865,0.885485942121194,6,2019-2024,17.32,-13.89,4.389999999999999,-0.32684548370244143,-0.3255384642815084,-0.001307019420933031
INMB,2024.0,1.0712443554226363,-5.269282659009737,4.729189151191441,-4.186484158915741,0.8039284080386563,5,2020-2024,17.32,-13.89,4.389999999999999,-0.5175029114789406,-0.6820664287947422,0.16456351731580166
UPWK,2024.0,0.6323178662975786,-2.4202398014729143,1.4717828675196993,-5.203568732404335,0.6552024742617562,6,2019-2024,17.32,-13.89,4.389999999999999,0.47395087461011653,-0.21973497496856664,0.6936858495786832
GH,2024.0,-0.06764164931424622,-0.8035277854708142,-0.8876102608500743,-1.2784536851282593,0.7705914705509946,6,2019-2024,17.32,-13.89,4.389999999999999,0.01084424970263366,-0.13964771330284648,0.15049196300548012
KOD,2024.0,-1.4818864949666675,11.313537060474985,-22.99280728986391,-1.1138626873805366,0.7959864702088816,6,2019-2024,17.32,-13.89,4.389999999999999,3.187063669306573,3.6224204844936914,-0.43535681518711833
BSVN,2024.0,0.24803947370280832,0.11186665393338432,0.856088979617462,-0.31939512243031964,0.16231366640013156,6,2019-2024,17.32,-13.89,4.389999999999999,0.46101844790964475,0.134482573020514,0.3265358748891307
YMAB,2024.0,-0.21440539037541334,0.6310438834585335,-1.7019690141176678,-1.668555336681409,0.35996209219832986,6,2019-2024,17.32,-13.89,4.389999999999999,-0.3988026476512018,0.05804532702023485,-0.4568479746714367
ALLO,2024.0,-0.6978561933286194,1.3461291952584626,-2.2418491314181206,-0.13485555419480333,0.8165945797856639,5,2020-2024,17.32,-13.89,4.389999999999999,-0.13281717183570835,-0.15923393118502854,0.026416759349320196
BACK,2024.0,-0.13767878557154425,-0.6124571983417245,0.6983469796542023,-2.474559615934181,1.0,3,2020-2024,17.32,-13.89,4.389999999999999,-0.4493899349378103,-0.4493899349378102,-1.1102230246251565e-16
REPX,2024.0,-0.5849839310813929,2.1681334137566988,-2.298072866696006,0.07385506967540545,0.9994124644629023,5,2003-2024,17.32,-13.89,4.389999999999999,0.11063257034314651,0.11298133492409285,-0.002348764580946336
CBNK,2024.0,0.1644998424513728,0.030699122011413466,0.2720109182615632,-1.2515833803876215,0.4626049974599613,6,2019-2024,17.32,-13.89,4.389999999999999,0.35351704447087356,0.07709010343820191,0.2764269410326716
SIBN,2024.0,0.7028653781900123,-4.252110151107008,1.8230149328456866,-0.40566950489872544,0.6147738666475245,6,2019-2024,17.32,-13.89,4.389999999999999,0.03731833045790209,-0.3046257654190413,0.3419440958769434
TWST,2024.0,0.7463193020709995,-2.46461653673944,1.1053473244715324,-4.994451630114689,0.9808785085257269,5,2020-2024,17.32,-13.89,4.389999999999999,-0.10400175349620522,-0.0533414520234021,-0.05066030147280312
VRRM,2024.0,0.47534206546312485,-2.0689643991351727,2.727339555257043,-0.6487232927071414,0.7105417321530241,6,2019-2024,17.32,-13.89,4.389999999999999,-0.1580104339496352,-0.29030898524213383,0.13229855129249862
ETRN,2024.0,0.4482866558637199,-2.4314467360676417,2.229264077751719,0.22749358801173225,0.4690637759366022,6,2019-2024,17.32,-13.89,4.389999999999999,-0.08405616634005332,-0.27249773070919436,0.18844156436914106
RBKB,2024.0,0.02245618411340472,0.36257803316973575,-0.912124829032458,-1.4785193661396643,0.9031949954335948,5,2020-2024,17.32,-13.89,4.389999999999999,0.18329857328762927,0.1470418380374801,0.036256735250149164
AXNX,2024.0,0.29181714790761965,-0.8238418244099562,0.6488628772799796,-1.6558265738604088,0.9651652110156764,5,2020-2024,17.32,-13.89,4.389999999999999,0.009095075946647033,-0.013690096326845855,0.022785172273492887
KNTK,2024.0,0.061754265433335814,0.7420935796826248,-1.3554112748348586,-0.22723321196282886,1.0,4,2021-2024,17.32,-13.89,4.389999999999999,0.3685759615037601,0.3685759615037601,0.0
NFE,2024.0,0.7631889105748171,-3.180453994496796,4.271078757555287,-3.2287967668242263,0.6809533841990226,5,2020-2024,17.32,-13.89,4.389999999999999,-0.3515160043501417,-0.5226627387600409,0.1711467344098992
GCMG,2024.0,-0.041084251293489665,0.3758264749717074,-1.9078097126600262,-0.2231434720794434,0.6542904718551791,5,2020-2024,17.32,-13.89,4.389999999999999,0.23378924701361642,0.2792076648358001,-0.0454184178221837
BYND,2024.0,-0.3033746774593611,-1.0621642072782067,-0.07739615872044148,-1.306398610617556,0.8343758898949691,5,2020-2024,17.32,-13.89,4.389999999999999,-0.4866230363659592,-0.5339420907197878,0.047319054353828605
RVLV,2024.0,0.7002701632012308,-0.6990205183096572,-3.237223084958626,-6.1188711390016675,0.7023197917508135,5,2020-2024,17.32,-13.89,4.389999999999999,1.0579828125329105,0.7602316529285782,0.2977511596043323
SER,2024.0,-0.7543899094111134,0.32225734100942144,-0.8844727981871291,1.1777968504224456,1.0,3,2019-2024,17.32,-13.89,4.389999999999999,-0.5240163845465442,-0.524016384546544,-2.220446049250313e-16
ORGO,2024.0,0.9607904940361105,-4.854893632171405,4.482411829939855,-5.3220293097721445,0.5858621443510451,6,2019-2024,17.32,-13.89,4.389999999999999,0.09587340859553654,-0.7363211729336198,0.8321945815291563
PHUN,2024.0,-0.2510110511965916,0.6617594589097948,-0.5658802146712736,-0.956946660349446,1.0,4,2020-2024,17.32,-13.89,4.389999999999999,-0.09980350948491598,-0.0998035094849159,-8.326672684688674e-17
PSTX,2024.0,-0.9216880241332661,7.421763723560603,-13.989914005031956,-1.5096642300942928,1.0,4,2021-2024,17.32,-13.89,4.389999999999999,2.240686248385229,2.240686248385229,0.0
ALEC,2024.0,-0.223894085087004,-1.1097557243710927,1.3125545230276663,-0.6761414398056897,0.9980472580212773,5,2020-2024,17.32,-13.89,4.389999999999999,-0.6306811179711372,-0.6281002090040899,-0.002580908967047324
BCOW,2024.0,0.0002460450948058024,0.433034311008552,-0.8210826563260714,-1.3017306835317006,0.83762359555254,5,2020-2024,17.32,-13.89,4.389999999999999,0.1755115590391288,0.13214999171813668,0.04336156732099211
NXGL,2024.0,-0.43776032678223514,4.300773589590078,-4.092638760989166,3.2399641244648434,1.0,3,2022-2024,17.32,-13.89,4.389999999999999,1.017835607900168,1.017835607900168,0.0
FOXA,2024.0,-0.0009961722498907644,0.6000544468105908,-1.8445451539819355,-0.5441068642005025,0.7126717681268895,5,2020-2024,17.32,-13.89,4.389999999999999,0.37547654234670497,0.33525428848739236,0.04022225385931261
FOX,2024.0,0.0744611840167938,0.3871929432701613,-1.039421043532736,-0.26770663307937204,0.24726829062798328,7,2003-2024,17.32,-13.89,4.389999999999999,0.3914430606361953,0.2741462635456983,0.11729679709049695
CYCN,2024.0,-10.376303921815548,43.51379591298153,-28.347851458353272,-16.96543449537059,1.0,4,2020-2024,17.32,-13.89,4.389999999999999,0.35301952353128196,0.353019523531353,-7.105427357601002e-14
COIN,2024.0,2.169461075865108,-5.633139102422657,6.303260009252909,-5.648013492732612,1.0,3,2022-2024,17.32,-13.89,4.389999999999999,0.07033077570931297,0.07033077570931318,-2.0816681711721685e-16
LYFT,2024.0,0.1505334947226236,-1.255937255191199,-0.4592493398331651,-2.5821280078666042,0.9937237011013117,5,2020-2024,17.32,-13.89,4.389999999999999,-0.13208684850468685,-0.1165605241190093,-0.015526324385677553
SILK,2024.0,-0.10193976496811198,-0.10483780036097158,-0.4258460094187866,-0.438436105502859,0.5729817470418752,5,2020-2024,17.32,-13.89,4.389999999999999,-0.04846077759186128,-0.0801950063139383,0.031734228722077026
DTIL,2024.0,-0.10388410549360838,-1.661308888659548,1.1278101566872278,-2.4403952914472855,1.0,4,2020-2024,17.32,-13.89,4.389999999999999,-0.6554089890678337,-0.6554089890678338,1.1102230246251565e-16
FSEA,2024.0,0.027248570188373906,0.42118053690165785,0.11957552481336753,-1.2625536585911439,0.8656659023093907,5,2020-2024,17.32,-13.89,4.389999999999999,0.06857334238252574,0.028161893171013093,0.04041144921151265
RMBI,2024.0,-0.024078931476356633,0.5675049314974387,-0.8680001589066619,-0.8373650049899847,0.874537127210078,5,2020-2024,17.32,-13.89,4.389999999999999,0.1834355951427617,0.15801782101207476,0.025417774130686938
PBFS,2024.0,-0.07769827530520085,0.36396825367192404,-1.0141406872556273,-0.5088090536961458,1.0,4,2021-2024,17.32,-13.89,4.389999999999999,0.10386845023332224,0.10386845023332225,-1.3877787807814457e-17
TH,2024.0,1.2388631230136178,-4.337745563665104,4.292147275721641,0.19780598017293527,0.49102361114301973,5,2020-2024,17.32,-13.89,4.389999999999999,0.06266325414827018,-0.09992998268132224,0.16259323682959242
PLMR,2024.0,-0.18881708370428382,1.2730786842793371,-2.0424176786320074,-0.20714057669896302,0.510264930909067,5,2020-2024,17.32,-13.89,4.389999999999999,0.25418806857595116,0.30627848865779866,-0.0520904200818475
ZM,2024.0,-0.627645150366461,2.040298710571382,-4.540735777112676,-0.5613380064837674,1.0,4,2021-2024,17.32,-13.89,4.389999999999999,0.3318000472608158,0.33180004726081574,5.551115123125783e-17
PINS,2024.0,1.4569192455153868,-6.4634621625987725,4.434285356495138,-4.655248886951753,0.9451297816112955,5,2020-2024,17.32,-13.89,4.389999999999999,-0.3889372288705529,-0.4828400632010771,0.09390283433052421
GHSI,2024.0,-0.0400539369109249,-1.2495439644310171,0.2087650520480182,-3.224421675767059,1.0,3,2021-2024,17.32,-13.89,4.389999999999999,-0.42702452884602066,-0.4270245288460206,-5.551115123125783e-17
KTB,2024.0,1.0374482324814407,-3.158878062890125,1.1348980114984033,-3.7999223644561573,0.9058905531296939,5,2020-2024,17.32,-13.89,4.389999999999999,0.2599798095464876,0.16587662639211753,0.09410318315437005
FREE,2024.0,-0.0839121189508428,-0.1736648222774626,-1.0564780810793293,-1.7459679286258054,1.0,4,2021-2024,17.32,-13.89,4.389999999999999,-0.043894052774053324,-0.04389405277405331,-1.3877787807814457e-17
TRVI,2024.0,-0.4241056914071922,2.619940871694266,-2.3111636737835104,1.0414072648685933,0.7739988575904186,5,2020-2024,17.32,-13.89,4.389999999999999,0.33557008242318004,0.3964064807865154,-0.060836398363335376
TMDX,2024.0,1.6911400201092934,-7.432249491260647,6.993702947147756,-0.4578725694909931,0.9721218082230979,5,2020-2024,17.32,-13.89,4.389999999999999,-0.6330253357005353,-0.5876515369365283,-0.045373798764007045
AVTR,2024.0,0.23753981408581828,-0.8563565138117435,0.9264662831609052,-2.1601861219766976,0.7886073531177226,5,2020-2024,17.32,-13.89,4.389999999999999,-0.053114372610237846,-0.1342994715922024,0.08118509898196455
UBER,2024.0,0.9589166180303208,-4.526203608656696,2.145579148983848,-0.8860700006986186,0.932779822450897,5,2020-2024,17.32,-13.89,4.389999999999999,-0.21704164852229263,-0.16194126381354473,-0.055100384708747896
RRBI,2024.0,-0.0356806913114736,0.3977871101418564,-0.2373103912812725,-0.22012960264224302,0.5109817900945601,5,2020-2024,17.32,-13.89,4.389999999999999,0.081662922562539,0.05651475995807022,0.025148162604468782
NXTC,2024.0,-0.5202025748489973,0.3274037084377641,0.29926188385747265,-0.11882622211381426,0.2931769328368218,5,2020-2024,17.32,-13.89,4.389999999999999,-0.5620759123825826,-0.5102801993661761,-0.05179571301640651
APLT,2024.0,178.2257737396362,-768.1408417100591,429.534798991578,310.1358267108864,1.0,4,2020-2024,17.32,-13.89,4.389999999999999,-0.8636408318671146,-0.8636408318683113,1.1967093982434562e-12
MEC,2024.0,0.941143101998302,-4.203364641746233,1.9195468076011744,-2.571812917897,0.9372840069010315,5,2020-2024,17.32,-13.89,4.389999999999999,-0.10340276200625892,-0.16640729262362694,0.06300453061736802
SPFI,2024.0,0.16716688694747486,0.18726546894874857,-0.4516287145419453,-1.0454116286898714,0.8314925748558029,5,2020-2024,17.32,-13.89,4.389999999999999,0.25136385738974354,0.216438924119789,0.03492493326995455
FSLY,2024.0,-0.35225455188204885,0.16849287663139267,-3.569311905657323,0.5523378768920112,0.94268039238992,5,2020-2024,17.32,-13.89,4.389999999999999,0.23388810322845532,0.1969534708418698,0.036934632386585536
IDYA,2024.0,0.7284239773200609,-3.567776156779055,2.553638071055072,-0.7731479003389975,0.9383842569295984,5,2020-2024,17.32,-13.89,4.389999999999999,-0.31499691321605583,-0.2781563739285029,-0.03684053928755293
PSN,2024.0,0.23815156105618157,-0.27380923136107654,0.14659580900281927,-0.3489424545931433,0.10995264340094668,5,2020-2024,17.32,-13.89,4.389999999999999,0.08063107267399271,0.15504707055731257,-0.07441599788331986
CTVA,2024.0,0.3259658830436864,-0.862189648958654,1.4467525278983246,-0.740664498876836,0.43084187453281053,5,2020-2024,17.32,-13.89,4.389999999999999,0.01522113984240167,-0.05683446178172284,0.07205560162412451
CRWD,2024.0,1.4241473375339595,-4.376878920293815,4.058235571550554,-5.841468333375108,1.0,4,2021-2024,17.32,-13.89,4.389999999999999,-0.15405747218446875,-0.1540574721844684,-3.3306690738754696e-16
ATER,2024.0,0.3012351003473234,-1.4750410302174068,0.241091180686539,-4.673310741885336,1.0,4,2020-2024,17.32,-13.89,4.389999999999999,-0.19288791265245792,-0.1928879126524579,-2.7755575615628914e-17
RCAT,2024.0,-5.196092426531285,51.273951745181265,-38.8528163971228,23.820485500121343,1.0,3,2022-2024,17.32,-13.89,4.389999999999999,10.126931526749795,10.126931526749793,1.7763568394002505e-15
EDR,2024.0,0.09541969005499468,0.03063108769156515,-0.0756084168877507,0.09228317235806266,1.0,3,2022-2024,17.32,-13.89,4.389999999999999,0.11527823481540127,0.11527823481540128,-1.3877787807814457e-17
PSNL,2024.0,-1.802885989463475,13.064260044079656,-23.61802914706369,-1.0400425909836262,0.8938548351905793,5,2020-2024,17.32,-13.89,4.389999999999999,3.8931957987152295,3.6947302289540866,0.19846556976114282
STOK,2024.0,0.055598302089463064,-1.11281542282011,0.02505030394947627,-1.6089234722858725,0.9764328077322714,5,2020-2024,17.32,-13.89,4.389999999999999,-0.23054901230624159,-0.211252556794912,-0.01929645551132958
BBIO,2024.0,0.7354035583146707,-3.574698444818771,0.037145082117131634,-1.4908518709963368,0.9982310001649228,5,2020-2024,17.32,-13.89,4.389999999999999,0.03632035794206398,0.04565793862925088,-0.009337580687186903
AKRO,2024.0,1.8634173640541918,-9.12095425979969,2.669185126518882,3.7202457337134813,0.9886551691621356,5,2020-2024,17.32,-13.89,4.389999999999999,0.13886651365060398,0.07623705989343449,0.0626294537571695
MORF,2024.0,0.8657636898748384,-3.4785795838077243,-1.614998157136013,-0.16759713568230417,0.768242768855637,5,2020-2024,17.32,-13.89,4.389999999999999,0.6260457787069466,0.4802394357290797,0.14580634297786688
CHWY,2024.0,-0.4236788007365921,0.8424737217509269,-3.110280015559584,0.6425170382671899,1.0,4,2021-2024,17.32,-13.89,4.389999999999999,0.18246204001182448,0.1824620400118243,1.6653345369377348e-16
ONCT,2024.0,-0.18790607624521696,0.07739613446430761,1.5877718703121633,0.35414887366849646,0.03697867613034067,17,2005-2024,17.32,-13.89,4.389999999999999,-0.977691576695931,-0.3794954429883114,-0.5981961337076196
MIRM,2024.0,0.3303640403590258,-0.6092456043263302,0.3661262259927431,-0.2631488884171253,1.0,4,2021-2024,17.32,-13.89,4.389999999999999,0.16243553269780153,0.16243553269780156,-2.7755575615628914e-17
FULC,2024.0,-0.1941159748855461,0.13952268730691106,-0.5627306004771178,-0.794267218098179,0.118904060144573,5,2020-2024,17.32,-13.89,4.389999999999999,-0.2889171213142649,-0.1266556959122275,-0.1622614254020374
PHR,2024.0,-0.35110874524309543,0.41974069778681844,-2.79197565157737,0.6928648655564916,1.0,4,2021-2024,17.32,-13.89,4.389999999999999,0.13981252921560827,0.1398125292156082,8.326672684688674e-17
HCAT,2024.0,-0.02610612074796438,-0.9029824016013611,-1.450597020698427,-1.8246052323425916,0.6333850723181977,5,2020-2024,17.32,-13.89,4.389999999999999,0.05943591743651376,-0.06111491623014835,0.12055083366666211
NOVA,2024.0,0.15985278855015103,-0.5437794413116873,1.3791049488753089,-1.0870524142230942,0.09277844567714844,13,2003-2024,17.32,-13.89,4.389999999999999,-0.43228594663475506,-0.17360908906820743,-0.2586768575665476
CSTL,2024.0,0.1621530510824506,-0.4355280709809398,-0.6486048155329502,-2.4247229903999714,0.7481757187536681,10,2003-2024,17.32,-13.89,4.389999999999999,0.17718095532101868,0.07036545878751989,0.1068154965334988
CNSP,2024.0,-34.72744855219051,145.8105712328423,-80.56366705329866,-61.23039958060774,1.0,4,2020-2024,17.32,-13.89,4.389999999999999,-0.9707788025479507,-0.9707788025477204,-2.3026025530725747e-13
ANVS,2024.0,-0.44708090490485775,-0.42148711295253055,-2.1851567262189757,0.9759896180811434,1.0,4,2021-2024,17.32,-13.89,4.389999999999999,-0.17371825936265817,-0.17371825936265814,-2.7755575615628914e-17
KRUS,2024.0,0.9872571751672331,-2.8220956013464735,1.849337640096313,-1.0955132436444042,0.3024857619039234,5,2020-2024,17.32,-13.89,4.389999999999999,0.3887445683273996,0.19350418740865669,0.19524038091874293
RAPT,2024.0,-0.03524643294879909,-2.0352945646433303,1.6847835610082076,-0.1294005353906853,0.37605065042825625,5,2020-2024,17.32,-13.89,4.389999999999999,-0.5289482181611763,-0.627456571672715,0.09850835351153864
DT,2024.0,-0.13917520877589523,0.16623321597033633,-1.827468872908414,0.5550002962955476,1.0,4,2021-2024,17.32,-13.89,4.389999999999999,0.16781632368452026,0.16781632368452026,0.0
ONEW,2024.0,-0.024328022179348985,-1.2530543307537023,1.377615931383536,0.3672609793402246,1.0,4,2021-2024,17.32,-13.89,4.389999999999999,-0.4165851281420275,-0.4165851281420276,5.551115123125783e-17
CFB,2024.0,0.06916591566076333,0.16232188697258795,-0.011017563749973869,-1.1487656310575423,0.9719124622554849,5,2020-2024,17.32,-13.89,4.389999999999999,0.0336181160956477,0.04837959488586084,-0.01476147879021314
OPRT,2024.0,-0.3480247652019367,0.8873577764404115,-3.1075714685294784,-1.0970124418642562,0.5694967162369678,5,2020-2024,17.32,-13.89,4.389999999999999,0.2909507414412765,0.1891484324584463,0.10180230898283019
HQI,2024.0,-0.04234837712735113,-0.5321586979292018,-1.6858538567588437,1.9802208848886826,0.9349512382148466,5,2019-2024,17.32,-13.89,4.389999999999999,0.10928764004586415,0.18657853394172766,-0.07729089389586351
NVST,2024.0,0.15564046498647127,-0.6797577440862553,0.10086257783623909,-1.4595809079627935,0.3269589734104593,5,2020-2024,17.32,-13.89,4.389999999999999,0.11297159687907025,-0.040178990210288375,0.15315058708935864
SLNG,2024.0,-0.004937886121768424,0.02058271560559029,0.07963367595393539,0.6587662271375521,0.02868404304971839,17,2003-2024,17.32,-13.89,4.389999999999999,0.34262854198473836,0.016485760002456717,0.32614278198228164
UGRO,2024.0,-0.19143301408174024,0.2610075386735835,0.8953660565541905,-1.5071149706835227,1.0,3,2022-2024,17.32,-13.89,4.389999999999999,-0.3367552008518592,-0.3367552008518593,5.551115123125783e-17
OPCH,2024.0,0.15073260969866564,-0.908232118708582,-0.33171887175538417,-1.083243468781272,0.1906772013054363,22,2003-2024,17.32,-13.89,4.389999999999999,-0.20943618502773076,-0.008051830254335715,-0.20138435477339506
AGAE,2024.0,0.1871621443235544,-1.6820131556521931,1.7569178927943758,-1.7031431744495136,1.0,4,2021-2024,17.32,-13.89,4.389999999999999,-0.422966414902878,-0.42296641490287784,-1.6653345369377348e-16
MDIA,2024.0,2.020521704109787,-7.164685829399551,8.221175647156144,-8.382479743547155,1.0,4,2021-2024,17.32,-13.89,4.389999999999999,-0.7303140396739247,-0.7303140396739236,-1.1102230246251565e-15
NET,2024.0,0.884329811672365,-3.22214409967681,0.35175110453895875,-3.1049555192060625,0.847481606220103,5,2020-2024,17.32,-13.89,4.389999999999999,0.25303113459725435,0.141088677894734,0.11194245670252034
TFFP,2024.0,0.10665269576918346,-2.3403547075475193,4.236673949719872,-2.7483773007814083,1.0,4,2020-2024,17.32,-13.89,4.389999999999999,-1.0078245146984408,-1.007824514698441,2.220446049250313e-16
CRNC,2024.0,-1.8346125303654324,8.124755681756056,-14.367403350641688,3.613734665463074,1.0,4,2021-2024,17.32,-13.89,4.389999999999999,1.7268704309326763,1.7268704309326757,6.661338147750939e-16
DDOG,2024.0,0.0979044629355992,-0.14518919169710737,-0.18499322017827535,-0.5322524927310103,0.792518114521028,5,2020-2024,17.32,-13.89,4.389999999999999,0.05479956920615639,0.07508736878553132,-0.020287799579374932
PTON,2024.0,-1.5919944733287006,7.103761173341039,-13.036681252969041,1.7724971927861635,1.0,4,2021-2024,17.32,-13.89,4.389999999999999,1.52698461469468,1.5269846146946795,4.440892098500626e-16
VIR,2024.0,-0.13773382900873202,-0.9396797564246071,-0.06811078474415024,-0.3330227358189904,0.33784222060215097,5,2020-2024,17.32,-13.89,4.389999999999999,-0.2222617680836712,-0.3056454729229652,0.08338370483929397
IGMS,2024.0,-0.40923009269627675,0.20833841803337644,-1.7712729436745671,-1.257662289384807,0.9487674979237941,5,2020-2024,17.32,-13.89,4.389999999999999,-0.15760736245302967,-0.1823274413204916,0.024720078867461942
TXG,2024.0,0.4155589382535787,-3.4774194726513588,1.3736887538724343,-1.9559592534682624,0.6210486136113953,5,2020-2024,17.32,-13.89,4.389999999999999,-0.30867804624643963,-0.4634020935497744,0.15472404730333478
PNTG,2024.0,0.29049258841803416,-1.0035046089949011,-1.0772974612946395,-2.4266980335524138,0.8997353703483162,5,2020-2024,17.32,-13.89,4.389999999999999,0.09661512594779041,0.15979016384099176,-0.06317503789320135
BSBK,2024.0,-0.4145856878850691,1.6602079109620502,-1.1981699982938132,0.6387693835273817,1.0,4,2021-2024,17.32,-13.89,4.389999999999999,0.0674301109934207,0.06743011099342068,1.3877787807814457e-17
KRRO,2024.0,-1.0239965247128828,2.6896305738188655,-4.660636816678347,-0.277620549255722,1.0,4,2020-2024,17.32,-13.89,4.389999999999999,0.0770224023968404,0.07702240239684088,-4.85722573273506e-16
APRE,2024.0,53.81790705374143,-233.4572729452721,128.3092040987645,95.68140697114853,1.0,4,2020-2024,17.32,-13.89,4.389999999999999,-0.2386273036642999,-0.23862730366466955,3.6964875604894587e-13
KRT,2024.0,0.6586737840943027,-1.6706404867823657,1.9987351501853508,-1.86774111453563,1.0,3,2022-2024,17.32,-13.89,4.389999999999999,0.009700704494737547,0.009700704494737644,-9.71445146547012e-17
BRBR,2024.0,0.4224582346115098,-0.7750856803300961,-0.32437607797785284,-1.4062367467580266,1.0,3,2021-2024,17.32,-13.89,4.389999999999999,0.27153543882678366,0.2715354388267836,5.551115123125783e-17
PGNY,2024.0,0.7208240845512242,-4.29572367534043,3.222102211941902,-2.051794825390666,0.754033868627805,5,2020-2024,17.32,-13.89,4.389999999999999,-0.4440450726147298,-0.5608190460911188,0.11677397347638896
CABA,2024.0,6.148511237289764,-29.422541889395372,16.397896578972496,10.595256191929103,0.999897678511172,5,2020-2024,17.32,-13.89,4.389999999999999,-0.7435049205689709,-0.7600091059471068,0.016504185378135916
PHAT,2024.0,0.14408264800039,-2.4679642379263256,-0.02690577737712535,0.4783477092794918,1.0,4,2021-2024,17.32,-13.89,4.389999999999999,-0.25863208109339714,-0.2586320810933972,5.551115123125783e-17
FDMT,2024.0,1.3418592497820045,-7.701224593051385,5.543586590711748,-0.4469125565964789,1.0,4,2021-2024,17.32,-13.89,4.389999999999999,-0.7816164884189426,-0.7816164884189425,-1.1102230246251565e-16
HBT,2024.0,0.18586545481780908,-0.41412261351109403,0.47707989467989,-0.5173845072037068,0.8210910005476167,5,2020-2024,17.32,-13.89,4.389999999999999,0.043165373061663556,0.025159840920408166,0.01800553214125539
ETNB,2024.0,2.0691625817194237,-11.051098770565325,3.4339612218204087,5.721226209362952,1.0,4,2021-2024,17.32,-13.89,4.389999999999999,-0.07070310846231216,-0.0707031084623117,-4.579669976578771e-16
TELA,2024.0,0.24563313342346277,-2.9144748719293276,1.4846009380653944,-0.21620143982289053,0.7702761693605112,5,2020-2024,17.32,-13.89,4.389999999999999,-0.40442865417488855,-0.474856227900205,0.07042757372531644
SITM,2024.0,0.3044870220834711,0.8990942179838557,-1.229390770415212,-2.397682766018492,0.5918909208234027,5,2020-2024,17.32,-13.89,4.389999999999999,0.6778145370641785,0.5257142452207362,0.15210029184344231
AHCO,2024.0,0.006095612995906691,-0.5678180487413148,0.026545443347445463,-1.6147940572134551,0.7265639049331722,5,2020-2024,17.32,-13.89,4.389999999999999,-0.09497970235517955,-0.1668270942387199,0.07184739188354033
BILL,2024.0,-0.887907687439959,3.258774839298878,-5.7795708911556245,1.903634079125732,1.0,4,2021-2024,17.32,-13.89,4.389999999999999,0.5628640475817427,0.5628640475817425,2.220446049250313e-16
REYN,2024.0,0.022503941038185954,-0.3382962303961491,0.21645294139122637,-0.024917698390048787,1.0,4,2021-2024,17.32,-13.89,4.389999999999999,-0.06724816658499155,-0.06724816658499154,-1.3877787807814457e-17
SPT,2024.0,0.775191728034577,-3.423547257621237,2.828184105326801,-3.9889094803075626,0.6906217496881616,5,2020-2024,17.32,-13.89,4.389999999999999,-0.1862747514121364,-0.38571455540081573,0.19943980398867933
AEI,2024.0,-0.15898281820761545,-1.1222723722917238,-0.189469960895297,-2.4027629556266263,1.0,3,2021-2024,17.32,-13.89,4.389999999999999,-0.43252430927219415,-0.4325243092721941,-5.551115123125783e-17
ARQT,2024.0,-0.6625407282303934,3.1551587563948997,-4.167431084624008,-0.27154039077662473,1.0,4,2021-2024,17.32,-13.89,4.389999999999999,0.4508683228763841,0.45086832287638395,1.6653345369377348e-16
SDGR,2024.0,-0.1679995506514282,-1.1933442207204932,-1.684974676719841,2.0746422527967994,1.0,4,2021-2024,17.32,-13.89,4.389999999999999,-0.049566992186052185,-0.04956699218605225,6.245004513516506e-17
BDTX,2024.0,0.7097009109251108,-5.155494762774439,2.8585364049748514,-0.17021241787460717,1.0,4,2021-2024,17.32,-13.89,4.389999999999999,-0.5877538137831244,-0.5877538137831241,-3.3306690738754696e-16
RVMD,2024.0,0.48563078414275007,-1.8372940231539194,0.17483799406166767,-1.4368858165439133,1.0,4,2021-2024,17.32,-13.89,4.389999999999999,0.0800471746110477,0.08004717461104781,-1.1102230246251565e-16
FTHM,2024.0,-0.7931169818309947,0.9774183946138969,-2.9410808862685345,1.3181225425214835,1.0,4,2021-2024,17.32,-13.89,4.389999999999999,-0.1574464011644749,-0.15744640116447514,2.498001805406602e-16
POWW,2024.0,-0.32023783150899937,-0.05306805524724946,0.3149260483282689,-0.43387362802923213,1.0,3,2022-2024,17.32,-13.89,4.389999999999999,-0.3922194990611028,-0.39221949906110287,5.551115123125783e-17
VRT,2024.0,3.1805260853982276,-10.393953971556428,5.885772905407286,-6.756939487958109,1.0,4,2021-2024,17.32,-13.89,4.389999999999999,0.26612975744222095,0.26612975744222134,-3.885780586188048e-16
OTIS,2024.0,0.20970790010948798,-1.1111429508516295,0.6361746203882198,-0.14056447275845194,1.0,4,2021-2024,17.32,-13.89,4.389999999999999,-0.077277494104034,-0.07727749410403403,2.7755575615628914e-17
CARR,2024.0,0.3862869409498286,-1.5635724481723292,0.3106469446288297,-0.7012801852645958,1.0,4,2021-2024,17.32,-13.89,4.389999999999999,0.041541132184320956,0.041541132184321046,-9.020562075079397e-17
VNT,2024.0,0.36143100057498534,-1.8522672894432721,0.7711221624001028,-0.557263226459524,1.0,4,2021-2024,17.32,-13.89,4.389999999999999,-0.09095441795553674,-0.09095441795553677,2.7755575615628914e-17
ELVN,2024.0,1.8103365346214466,-8.85287347031309,3.108573456544315,1.6071480782881933,1.0,4,2021-2024,17.32,-13.89,4.389999999999999,-0.08420820291393444,-0.08420820291393434,-9.71445146547012e-17
ALTG,2024.0,0.05228195433471233,-2.208412243613087,-0.22058662806791896,1.7953908190271188,1.0,3,2022-2024,17.32,-13.89,4.389999999999999,-0.2207579066651501,-0.2207579066651499,-1.942890293094024e-16
BSFC,2024.0,-1.0140426748189493,0.030868826979251425,-0.06174947437680618,0.0714806829987639,1.0,3,2022-2024,17.32,-13.89,4.389999999999999,-0.9969811900115586,-0.9969811900115588,2.220446049250313e-16
NARI,2024.0,-0.33654105324085537,0.7852289905536406,-1.4815965357949026,0.18203838238397785,1.0,4,2021-2024,17.32,-13.89,4.389999999999999,0.013245851731603801,0.013245851731603739,6.245004513516506e-17
LUNG,2024.0,-0.6715982626498755,1.2239481625292672,-3.2315936918113564,0.7912929735163341,1.0,4,2021-2024,17.32,-13.89,4.389999999999999,0.023995684430157926,0.023995684430157913,1.3877787807814457e-17
ACCD,2024.0,-0.2842149557640593,-0.7150678982743471,-1.4466456419226534,2.62989445699914,1.0,3,2022-2024,17.32,-13.89,4.389999999999999,-0.09167326941985743,-0.09167326941985746,2.7755575615628914e-17
ORIC,2024.0,0.14749741241078748,-1.640554790228429,-1.6041223909925557,0.18897384403043704,1.0,4,2021-2024,17.32,-13.89,4.389999999999999,0.09446187460502577,0.09446187460502575,1.3877787807814457e-17
PCOR,2024.0,0.4197728028495528,3.3257867874063436,8.594857861110103,6.401836343340737,1.0,4,2003-2024,17.32,-13.89,4.389999999999999,0.0830139329927972,0.08301393299279647,7.355227538141662e-16
GDYN,2024.0,-0.775447680943152,5.254326633971287,-6.630979392009661,0.3064592097595522,1.0,4,2021-2024,17.32,-13.89,4.389999999999999,1.069098288919261,1.069098288919261,0.0
ZNTL,2024.0,-0.7292126476064511,0.6828970787148856,-1.5586013848665385,2.01128081132247,1.0,4,2021-2024,17.32,-13.89,4.389999999999999,-0.30614991359801413,-0.3061499135980143,1.6653345369377348e-16
SPHR,2024.0,0.19167567658077442,-0.7827053041819921,-0.6747944042276002,-1.0658860912554733,1.0,4,2021-2024,17.32,-13.89,4.389999999999999,0.10304766123755173,0.1030476612375518,-6.938893903907228e-17
KROS,2024.0,0.6728094267793667,-4.279657199247426,4.256434491364604,-0.9327087671889069,1.0,4,2021-2024,17.32,-13.89,4.389999999999999,-0.7005918658604239,-0.7005918658604239,0.0
LUMO,2024.0,-0.8919691851935625,5.501869901963399,-6.479734010801605,0.7371135423333559,0.7826667218217339,12,2012-2024,17.32,-13.89,4.389999999999999,0.8237073567481891,0.9933490204352754,-0.16964166368708633
LTRN,2024.0,-0.07765052822753796,-1.326694212739919,0.2550728085927169,-0.4791312648353172,1.0,4,2021-2024,17.32,-13.89,4.389999999999999,-0.3638974415138908,-0.36389744151389075,-5.551115123125783e-17
DKNG,2024.0,1.0291817343642564,-4.922412892960638,1.4262049521050462,-1.1597587351459973,1.0,4,2021-2024,17.32,-13.89,4.389999999999999,-0.07239345501682637,-0.07239345501682629,-8.326672684688674e-17
ALIT,2024.0,-0.014268210488172188,-0.8056839771810781,-0.12936245986345607,0.7278265094671671,1.0,3,2022-2024,17.32,-13.89,4.389999999999999,-0.10389264589529223,-0.10389264589529225,1.3877787807814457e-17
PLRX,2024.0,0.09835061779404883,-1.7677087784784533,-2.1898156518526153,1.8629911261747136,1.0,4,2021-2024,17.32,-13.89,4.389999999999999,0.17813416184297887,0.17813416184297887,0.0
RNA,2024.0,0.7451621254217,-0.9294013869458144,-0.42109722427589924,-6.147844112062264,0.5532078255570543,5,2003-2024,17.32,-13.89,4.389999999999999,-0.3351067120301875,0.372789853135074,-0.7078965651652616
BTBD,2024.0,-0.37170830551771805,0.5055082669726182,-0.7643400707127923,0.8028254518105772,1.0,3,2022-2024,17.32,-13.89,4.389999999999999,-0.14274340052156945,-0.14274340052156936,-8.326672684688674e-17
FOUR,2024.0,0.33839720276996865,-1.6616395572126612,-2.1792493254552294,0.33209467612874644,1.0,4,2021-2024,17.32,-13.89,4.389999999999999,0.36787791904851913,0.3678779190485191,5.551115123125783e-17
VRM,2024.0,-0.6286973286193318,-0.7776033877489297,-1.3566639382173586,1.4922658597591867,1.0,4,2021-2024,17.32,-13.89,4.389999999999999,-0.509427143115627,-0.5094271431156271,1.1102230246251565e-16
GLSI,2024.0,0.9077498635997979,-4.3874157390064354,2.7224470238356355,-3.782359577528025,1.0,4,2021-2024,17.32,-13.89,4.389999999999999,-0.3963440194603671,-0.3963440194603667,-4.440892098500626e-16
NKLA,2024.0,-0.7621033209709369,-0.32948682155047326,0.671033676600683,0.24361817234873012,1.0,4,2021-2024,17.32,-13.89,4.389999999999999,-0.9016821783772045,-0.9016821783772045,0.0
GBIO,2024.0,-0.2943850465875783,-1.5320572290240688,0.780747613364237,-0.06632575649768585,1.0,4,2021-2024,17.32,-13.89,4.389999999999999,-0.671094902861088,-0.6710949028610879,-1.1102230246251565e-16
PCVX,2024.0,1.0996509208948442,-4.023199184207408,2.5567325728145436,-0.24121285073867682,1.0,4,2021-2024,17.32,-13.89,4.389999999999999,0.03711342367875302,0.03711342367875308,-6.245004513516506e-17
EBC,2024.0,-0.1984600973947857,1.2515179015879667,-1.560437075803352,-0.7107249761009724,1.0,4,2021-2024,17.32,-13.89,4.389999999999999,0.20384668653850313,0.203846686538503,1.3877787807814457e-16
GOCO,2024.0,-0.07168836729596245,-1.230563993067675,-3.7842849525230915,2.044995313190351,1.0,3,2021-2024,17.32,-13.89,4.389999999999999,0.3305904232592306,0.33059042325923005,5.551115123125783e-16
RXT,2024.0,-0.19765762074191312,-0.33456570229647786,-0.25932747067705264,-1.9541406050556736,1.0,4,2021-2024,17.32,-13.89,4.389999999999999,-0.30537058726456456,-0.3053705872645645,-5.551115123125783e-17
NKTX,2024.0,1.3670423360932273,-5.059782214404819,5.625787926446474,-7.629328598002397,1.0,4,2021-2024,17.32,-13.89,4.389999999999999,-0.6256614118774076,-0.6256614118774075,-1.1102230246251565e-16
RLAY,2024.0,-0.46451480883428786,-0.1319477147014389,-0.4124648786913929,0.341635334069148,1.0,4,2021-2024,17.32,-13.89,4.389999999999999,-0.415078990204707,-0.415078990204707,0.0
ITOS,2024.0,0.1251572994004282,-1.4903461509883322,2.431748989972472,-1.3375818937012063,1.0,4,2021-2024,17.32,-13.89,4.389999999999999,-0.5294604337914103,-0.5294604337914102,-1.1102230246251565e-16
ALXO,2024.0,0.07448501742296487,-2.9435369811358787,2.0485025467510565,-1.1426027016983271,1.0,4,2021-2024,17.32,-13.89,4.389999999999999,-0.7700328500580479,-0.7700328500580477,-2.220446049250313e-16
NCNO,2024.0,-0.05231396041254785,0.28678850409170364,-0.15540611180934866,0.04101498491420455,1.0,3,2022-2024,17.32,-13.89,4.389999999999999,0.02074427526418733,0.020744275264187328,3.469446951953614e-18
JAMF,2024.0,-0.24138153607275792,0.09333979874049854,-0.2469427428501631,-0.10365494417529889,1.0,4,2021-2024,17.32,-13.89,4.389999999999999,-0.19546518799831153,-0.19546518799831153,0.0
BIGC,2024.0,-0.3524171795182939,-0.22677115739977122,-1.0442067343963548,-0.9344636489796387,1.0,4,2021-2024,17.32,-13.89,4.389999999999999,-0.2876765827624867,-0.28767658276248664,-5.551115123125783e-17
NRIX,2024.0,0.8742846274371637,-3.0346466298375323,2.1289126365500612,-4.492643788169278,1.0,4,2021-2024,17.32,-13.89,4.389999999999999,-0.14424919636813166,-0.14424919636813158,-8.326672684688674e-17
ANNX,2024.0,0.20250912413172484,-1.3807154324135766,-1.0183715708175745,-2.388660722863802,1.0,4,2021-2024,17.32,-13.89,4.389999999999999,-4.118330946650817e-05,-4.11833094664249e-05,-8.326672684688674e-17
INZY,2024.0,0.022947913638871553,-2.035752526643312,0.5608657360069286,-0.41814304061220525,1.0,4,2021-2024,17.32,-13.89,4.389999999999999,-0.42590515418998826,-0.4259051541899883,5.551115123125783e-17
IKT,2024.0,0.513794094945421,-1.7449189612391824,-8.191511885506443,6.596658355293446,1.0,3,2021-2024,17.32,-13.89,4.389999999999999,1.6389684335530232,1.6389684335530217,1.5543122344752192e-15
KYMR,2024.0,0.09379384793785668,-0.30257060723040885,-2.2643051720064964,-1.2561322045881738,1.0,4,2021-2024,17.32,-13.89,4.389999999999999,0.3007564033758315,0.3007564033758314,5.551115123125783e-17
AOUT,2024.0,-0.3929317156792528,3.5468166905755405,-2.5864250434970675,1.4970438676166498,1.0,3,2022-2024,17.32,-13.89,4.389999999999999,0.6463515994585446,0.6463515994585444,2.220446049250313e-16
HRMY,2024.0,-0.3594755095359592,2.2876393350197186,0.045162105538617214,1.4370451086922613,1.0,4,2021-2024,17.32,-13.89,4.389999999999999,0.09355688710173245,0.0935568871017324,4.163336342344337e-17
OM,2024.0,-0.20716357191005613,-2.499783267233644,1.3828289319414868,1.6749941053576547,1.0,4,2021-2024,17.32,-13.89,4.389999999999999,-0.7586687312163948,-0.7586687312163947,-1.1102230246251565e-16
HPK,2024.0,-0.09131261542845387,1.056900970048283,0.27666961205566887,-1.1141137085168629,1.0,3,2022-2024,17.32,-13.89,4.389999999999999,0.004403631665486109,0.004403631665486074,3.469446951953614e-17
U,2024.0,-0.786310153234449,2.0264027796553568,-5.007680328129786,1.7017490483627216,1.0,4,2021-2024,17.32,-13.89,4.389999999999999,0.33493638900220957,0.33493638900220957,0.0
PLTR,2024.0,-0.19866623967647068,3.935051083121337,-10.671554379430539,-0.600399926296439,1.0,4,2021-2024,17.32,-13.89,4.389999999999999,1.9388059544586331,1.938805954458633,2.220446049250313e-16
ATHA,2024.0,0.22599480710941577,-3.3489372287019927,3.0002034449868145,-1.2486290816337626,1.0,4,2021-2024,17.32,-13.89,4.389999999999999,-0.82558419609416,-0.8255841960941599,-1.1102230246251565e-16
LNSR,2024.0,-0.744284030025263,4.3474096928916195,-6.6921817898258436,0.033142460800987816,1.0,4,2021-2024,17.32,-13.89,4.389999999999999,0.9396863334195386,0.9396863334195386,0.0
ASAN,2024.0,-0.4743835186769936,2.364725559606863,-2.6220678010615606,2.335268425438365,1.0,3,2022-2024,17.32,-13.89,4.389999999999999,0.40191044969111,0.40191044969111,0.0
PTVE,2024.0,0.021147043306842195,1.07866087724057,-2.8273450598244105,-1.8769145913465475,1.0,4,2021-2024,17.32,-13.89,4.389999999999999,0.518292785494406,0.518292785494406,0.0
ELUT,2024.0,0.7350756363614427,-2.3216060189037706,3.004783051049275,-4.750748194200207,1.0,4,2021-2024,17.32,-13.89,4.389999999999999,-0.29294873762882373,-0.2929487376288237,-5.551115123125783e-17
LSF,2024.0,-0.11266746356549506,0.6845143596114005,-3.579360106009678,-3.3692178106859236,1.0,3,2021-2024,17.32,-13.89,4.389999999999999,0.3551548803548318,0.3551548803548318,0.0
AVO,2024.0,-0.5723129242695867,2.334628830009281,-3.9871915593992315,0.4921930015211815,1.0,4,2021-2024,17.32,-13.89,4.389999999999999,0.40747296945535394,0.40747296945535383,1.1102230246251565e-16
GDRX,2024.0,0.4708601974792272,-3.1990088685401625,1.748873868609229,-2.8405655843362343,1.0,4,2021-2024,17.32,-13.89,4.389999999999999,-0.4508275480541115,-0.45082754805411146,-5.551115123125783e-17
IMNM,2024.0,1.2706259108462798,-6.015435847825953,2.4200089240545894,-1.4101920636361325,1.0,4,2021-2024,17.32,-13.89,4.389999999999999,-0.1692942491419838,-0.16929424914198368,-1.1102230246251565e-16
PMVP,2024.0,-1.048008021232104,2.391226382511553,-3.3972988495980556,1.0724552513393513,1.0,4,2021-2024,17.32,-13.89,4.389999999999999,-0.11488201603813536,-0.11488201603813554,1.8041124150158794e-16
HLMN,2024.0,-0.11360937513601034,0.08390588472492418,-1.1444703654765334,-0.1436096447938613,1.0,4,2021-2024,17.32,-13.89,4.389999999999999,0.05358559445658653,0.053585594456586505,2.7755575615628914e-17
ASO,2024.0,0.18708204614360316,-0.9776052141555333,0.04291461502798721,0.5853867471929581,1.0,3,2022-2024,17.32,-13.89,4.389999999999999,0.03749846122624824,0.037498461226248225,1.3877787807814457e-17
CALC,2024.0,-0.3250448676244859,0.07615779489816704,-1.643128235702072,-1.5812862775459915,1.0,4,2021-2024,17.32,-13.89,4.389999999999999,-0.15304229319337453,-0.15304229319337462,8.326672684688674e-17
PRLD,2024.0,0.04916374155909542,-2.6355719266489688,1.7992515400084037,-1.255168381334509,1.0,4,2021-2024,17.32,-13.89,4.389999999999999,-0.7123352469842584,-0.7123352469842581,-3.3306690738754696e-16
BSY,2024.0,0.22141497183451467,-1.9253799407037817,-0.0052870787329746816,0.29133486426723354,1.0,4,2021-2024,17.32,-13.89,4.389999999999999,-0.0985368581180386,-0.0985368581180386,0.0
CCCC,2024.0,0.30785621381491357,-1.7573886732349593,0.6624375526355375,-4.082531005476135,1.0,4,2021-2024,17.32,-13.89,4.389999999999999,-0.26775919159086015,-0.2677591915908598,-3.3306690738754696e-16
TARS,2024.0,-0.050524929219750936,1.814172696235055,-5.590942098020146,-1.1410686682058953,1.0,4,2021-2024,17.32,-13.89,4.389999999999999,0.9901787246489203,0.99017872464892,3.3306690738754696e-16
CRSR,2024.0,-0.02227203574849701,-2.0103347190553387,0.7159754684686155,0.4934233660286745,1.0,4,2021-2024,17.32,-13.89,4.389999999999999,-0.44824971589051354,-0.44824971589051354,0.0
STTK,2024.0,0.3710415625504193,-3.503072667246188,2.729721262049861,-2.7029678073459924,1.0,4,2021-2024,17.32,-13.89,4.389999999999999,-0.7335091934578352,-0.7335091934578352,0.0
THRY,2024.0,-0.17884332272569053,-0.5351839112591948,-0.26122496066955375,0.4282373916402715,1.0,4,2021-2024,17.32,-13.89,4.389999999999999,-0.21645340762577414,-0.2164534076257742,5.551115123125783e-17
BDSX,2024.0,-0.014155973166274038,-0.8006385676939232,-1.4544788813403862,-2.190948890569705,1.0,4,2021-2024,17.32,-13.89,4.389999999999999,-0.04698211276869192,-0.046982112768691936,1.3877787807814457e-17
FHTX,2024.0,-0.3637158297562615,1.194448366614009,0.6419014985305713,0.45296756097989116,1.0,4,2021-2024,17.32,-13.89,4.389999999999999,-0.2261122148775942,-0.22611221487759425,5.551115123125783e-17
ROOT,2024.0,3.8056099375862784,-9.651672628854044,7.401815428929247,-16.99996237331423,1.0,4,2021-2024,17.32,-13.89,4.389999999999999,0.35952972700199065,0.35952972700199115,-4.996003610813204e-16
CMPO,2024.0,-0.4447374442392685,5.236059306057349,-4.395383883774102,3.069734709072008,1.0,3,2022-2024,17.32,-13.89,4.389999999999999,1.2074282027543484,1.2074282027543481,2.220446049250313e-16
PRAX,2024.0,0.43244805343317516,0.39092087312277446,-3.9984468342755983,-5.507719263849176,1.0,4,2021-2024,17.32,-13.89,4.389999999999999,0.813750938255941,0.8137509382559415,-4.440892098500626e-16
ARRY,2024.0,0.31850724617868864,-0.7173849738326522,0.06019220169443379,0.8571238449702054,0.03508467750975752,21,2003-2024,17.32,-13.89,4.389999999999999,-0.4582873732258341,0.22352320868970843,-0.6818105819155426
CERE,2024.0,-0.4543380845434597,-0.43052422282177466,-6.004533881631222,-1.6899217842882681,0.5886485944414112,5,2013-2024,17.32,-13.89,4.389999999999999,0.05255383365994669,0.23093730989213065,-0.17838347623218398
LESL,2024.0,-0.5509437912676243,-0.044622886488192896,-0.2085720440266291,0.34033147817370274,1.0,3,2022-2024,17.32,-13.89,4.389999999999999,-0.514761266400255,-0.514761266400255,0.0
VVOS,2024.0,0.2032022051518739,1.3850806280041976,-4.699356991314803,-4.792448394240502,1.0,3,2021-2024,17.32,-13.89,4.389999999999999,0.8854503715086689,0.885450371508669,-1.1102230246251565e-16
AVIR,2024.0,-0.46512364029540965,0.8626634013689067,-2.3190514232653414,-0.940826131787809,1.0,4,2021-2024,17.32,-13.89,4.389999999999999,-0.03489636367224393,-0.03489636367224392,-6.938893903907228e-18
GATO,2024.0,1.5313027898265257,-4.54748898508543,1.2800487559830227,-6.236447115889687,1.0,4,2021-2024,17.32,-13.89,4.389999999999999,0.29209889701612995,0.29209889701613034,-3.885780586188048e-16
ALGM,2024.0,0.33676367246620337,-3.3844072125029614,0.5979975138749762,1.3570911864273645,1.0,3,2022-2024,17.32,-13.89,4.389999999999999,-0.2729012083323825,-0.2729012083323824,-1.1102230246251565e-16
IRD,2024.0,0.10311968605407357,-3.0272664623593775,-0.43216984734393504,1.7421649352756394,0.9281274366922649,9,2010-2024,17.32,-13.89,4.389999999999999,-0.26920199128687994,-0.2846934327718975,0.015491441485017576
SHC,2024.0,-0.508413646741591,1.4587579393094572,-2.2446329239533624,1.1270996967745293,1.0,4,2021-2024,17.32,-13.89,4.389999999999999,0.10550241817233101,0.10550241817233087,1.3877787807814457e-16
MRVI,2024.0,-0.6401229584926981,1.1881667253168757,-0.9853800021484919,0.26549397386675777,1.0,4,2021-2024,17.32,-13.89,4.389999999999999,-0.28580801391663896,-0.285808013916639,5.551115123125783e-17
UPST,2024.0,-1.2323364035237852,6.168024696303439,-11.915984355949545,1.638402842876042,1.0,4,2021-2024,17.32,-13.89,4.389999999999999,1.563021585719621,1.5630215857196204,6.661338147750939e-16
OLMA,2024.0,1.0105292863145634,-5.974542088676253,3.1943274495931426,-0.9159608525746546,1.0,4,2021-2024,17.32,-13.89,4.389999999999999,-0.5081641676206784,-0.5081641676206783,-1.1102230246251565e-16
AFRM,2024.0,0.30252726911844185,3.165936203019356,-1.0296438333075908,-0.5689955817706689,1.0,3,2022-2024,17.32,-13.89,4.389999999999999,0.9689060418880865,0.9689060418880862,3.3306690738754696e-16
CERT,2024.0,-0.24004073512990845,-0.14592278939342665,0.15247419195256579,0.19282147759063667,1.0,4,2021-2024,17.32,-13.89,4.389999999999999,-0.2780283646488324,-0.2780283646488324,0.0
DASH,2024.0,0.11265784897891319,0.05007868412438756,-3.1789966473781757,-1.5437821660831255,1.0,4,2021-2024,17.32,-13.89,4.389999999999999,0.49512207429903643,0.49512207429903654,-1.1102230246251565e-16
SEER,2024.0,-1.1564935340851674,3.567014609123984,-5.975176309740273,0.8372121327082778,1.0,4,2021-2024,17.32,-13.89,4.389999999999999,0.3280189982639238,0.3280189982639239,-1.1102230246251565e-16
QS,2024.0,-0.4754718164632893,1.3202774998599294,-1.4351505575463435,1.2609198645982522,1.0,3,2022-2024,17.32,-13.89,4.389999999999999,0.007897041011500766,0.007897041011500815,-4.85722573273506e-17
RBLX,2024.0,-0.2665551183590146,2.2983376985084507,-2.1707601220063353,1.7070845683488203,1.0,3,2022-2024,17.32,-13.89,4.389999999999999,0.5079765645198423,0.5079765645198422,1.1102230246251565e-16
ABNB,2024.0,0.41416162598171374,-2.3824482256071513,1.069135259518273,-0.7597136894623313,1.0,4,2021-2024,17.32,-13.89,4.389999999999999,-0.18033272520792937,-0.1803327252079293,-5.551115123125783e-17
MASS,2024.0,-0.35977757084319567,-0.4456805940658167,1.0310340807084297,-0.902437816184457,1.0,4,2021-2024,17.32,-13.89,4.389999999999999,-0.6197971036762937,-0.6197971036762936,-1.1102230246251565e-16
LAZR,2024.0,-0.3392900977383355,-2.3823095264682674,0.6060939369254744,0.6794496767727762,1.0,3,2022-2024,17.32,-13.89,4.389999999999999,-0.806264714751263,-0.8062647147512629,-1.1102230246251565e-16
SPRY,2024.0,0.336631334360432,-1.892501861930495,-1.7093233184724685,-1.2195500752813888,1.0,4,2021-2024,17.32,-13.89,4.389999999999999,0.19273677250504317,0.19273677250504323,-5.551115123125783e-17
PUBM,2024.0,0.2552295830440722,-2.2434924295884198,0.9962918262757223,-1.1836763065440514,1.0,4,2021-2024,17.32,-13.89,4.389999999999999,-0.3236916302876238,-0.32369163028762377,-5.551115123125783e-17
AI,2024.0,0.19806395318972392,-1.2369771564728027,-0.5972329764927828,1.7112363309625085,1.0,3,2022-2024,17.32,-13.89,4.389999999999999,0.14189844505273597,0.14189844505273613,-1.6653345369377348e-16
RVPH,2024.0,1.3215596293848846,-7.591185295737793,-0.6802516437269199,6.055289289248189,1.0,3,2022-2024,17.32,-13.89,4.389999999999999,0.3670804892747632,0.36708048927476356,-3.3306690738754696e-16
DM,2024.0,-0.4308061900525104,-0.12913253533840505,1.595714609062218,-1.251106632356632,0.4664073490275401,7,2008-2024,17.32,-13.89,4.389999999999999,-0.48039516942318855,-0.7297402855323204,0.24934511610913185
BCAB,2024.0,-0.27136598924005767,-1.852141749369398,0.2084015260431571,0.12883739445004797,1.0,4,2021-2024,17.32,-13.89,4.389999999999999,-0.6154479505818747,-0.6154479505818747,0.0
SKLZ,2024.0,-0.4414157291100669,0.6629576471935664,0.002459965090877092,-0.4439926949195796,1.0,3,2022-2024,17.32,-13.89,4.389999999999999,-0.3464244330742336,-0.34642443307423354,-5.551115123125783e-17
ASLE,2024.0,-0.47050633067287756,1.1181896096382833,-0.3770808475393206,2.001865326507689,1.0,4,2021-2024,17.32,-13.89,4.389999999999999,-0.13657747272662774,-0.13657747272662774,0.0
PRCH,2024.0,-1.2908059862800172,12.108760504785954,-8.60488695984238,4.775539954602364,1.0,3,2022-2024,17.32,-13.89,4.389999999999999,2.21129633587806,2.2112963358780604,-4.440892098500626e-16
RSI,2024.0,1.5327179542881972,-1.7659231781096414,4.379340484474617,-5.350657642255117,1.0,3,2022-2024,17.32,-13.89,4.389999999999999,0.38367579605108365,0.3836757960510835,1.6653345369377348e-16
SHLS,2024.0,-0.415183679911883,-0.2959658609159494,-1.4540392705938339,2.362545774875904,1.0,3,2022-2024,17.32,-13.89,4.389999999999999,-0.16076315281998974,-0.16076315281998976,2.7755575615628914e-17
PCT,2024.0,-0.5872206614752418,3.4487992532576204,-3.792984294211661,3.3594630599206936,1.0,3,2022-2024,17.32,-13.89,4.389999999999999,0.6844373159854963,0.6844373159854962,1.1102230246251565e-16
MNTK,2024.0,-0.26276016796747365,-0.2801890555923967,0.22329160316187419,-0.14652197944002807,1.0,3,2022-2024,17.32,-13.89,4.389999999999999,-0.3487364309726783,-0.3487364309726783,0.0
CGEM,2024.0,0.5997776848594629,-2.497401231305471,2.881297392854271,-2.6333009905857465,1.0,3,2022-2024,17.32,-13.89,4.389999999999999,-0.34858632975681725,-0.3485863297568171,-1.6653345369377348e-16
DRVN,2024.0,-0.6876590165593929,2.563993895192689,-2.639454815174874,2.228816938391169,1.0,3,2022-2024,17.32,-13.89,4.389999999999999,0.22089006351114304,0.22089006351114313,-8.326672684688674e-17
PLTK,2024.0,-0.35581236095574725,0.5429569420633518,-0.6679210374316749,0.634324589993036,1.0,3,2022-2024,17.32,-13.89,4.389999999999999,-0.14115113699042087,-0.14115113699042084,-2.7755575615628914e-17
ONTF,2024.0,-0.3447248871016022,1.022720327355045,-1.1028369906224034,0.9635320564986881,1.0,3,2022-2024,17.32,-13.89,4.389999999999999,0.027893388874035793,0.0278933888740358,-6.938893903907228e-18
BMBL,2024.0,-0.5088341542300765,0.7956029799247863,-0.5959665844245527,0.3593352764772756,1.0,3,2022-2024,17.32,-13.89,4.389999999999999,-0.2724811408931807,-0.2724811408931807,0.0
DFH,2024.0,0.7467274303010736,-4.070806142673035,1.4983340765172997,0.4718277094799026,1.0,3,2022-2024,17.32,-13.89,4.389999999999999,-0.14574156039198122,-0.1457415603919813,8.326672684688674e-17
LGVN,2024.0,-0.2131657790856843,-1.2952732587380587,0.792423222263755,-0.06745411622397554,0.28849521249750254,9,2003-2024,17.32,-13.89,4.389999999999999,0.027551616833686413,-0.5505359287737841,0.5780875456074706
DSP,2024.0,0.5394201227286101,2.168758451675695,-0.12343923343415675,-1.2565847635861507,1.0,3,2022-2024,17.32,-13.89,4.389999999999999,0.8770307249614128,0.8770307249614129,-1.1102230246251565e-16
VOR,2024.0,-0.9433541194978352,3.0736730263480596,-2.758925688759638,2.0682608012247514,1.0,3,2022-2024,17.32,-13.89,4.389999999999999,0.06301747600812908,0.0630174760081289,1.8041124150158794e-16
TERN,2024.0,0.443410704725371,-4.270091879869799,-0.4841426676384186,2.89919767878108,0.7147717311124524,6,2003-2024,17.32,-13.89,4.389999999999999,-0.2334713327819472,-0.10164701423461253,-0.13182431854733467
SANA,2024.0,0.1711878409473881,-3.084274852968529,2.32687961518336,-1.4176338565090294,1.0,3,2022-2024,17.32,-13.89,4.389999999999999,-0.7484462684364761,-0.7484462684364761,0.0
IPW,2024.0,1.0896730563379213,-5.031445848894096,4.951330994936691,-4.033787494505598,1.0,3,2022-2024,17.32,-13.89,4.389999999999999,-0.6465965108960384,-0.6465965108960381,-3.3306690738754696e-16
SNCY,2024.0,-0.4227702572166877,1.1936409596141835,-1.7850840743939265,1.866298960032978,1.0,3,2022-2024,17.32,-13.89,4.389999999999999,0.11384705926725285,0.11384705926725296,-1.1102230246251565e-16
CPNG,2024.0,0.31649566396709494,-1.2002287435209933,0.6922824689854397,-0.23406210645045855,1.0,3,2022-2024,17.32,-13.89,4.389999999999999,0.00218268417400614,0.0021826841740062147,-7.45931094670027e-17
HAYW,2024.0,-0.26235814536508173,1.5635544959655723,-1.1417299874318505,0.662252549325148,1.0,3,2022-2024,17.32,-13.89,4.389999999999999,0.19610867550581346,0.19610867550581337,8.326672684688674e-17
NAPA,2024.0,-0.952553765125872,4.809915339234657,-3.7990385328899716,2.4644451028264087,1.0,3,2022-2024,17.32,-13.89,4.389999999999999,0.516399163862067,0.516399163862067,0.0
INNV,2024.0,0.11135768292756679,-2.138965076339669,0.2834071619519364,0.9985046239222921,1.0,3,2022-2024,17.32,-13.89,4.389999999999999,-0.2546419700993993,-0.2546419700993992,-1.1102230246251565e-16
DOCN,2024.0,-0.1813118246556309,0.27491966140780866,-0.36791143329370335,0.3654507286415137,1.0,3,2022-2024,17.32,-13.89,4.389999999999999,-0.0665495542279406,-0.06654955422794061,1.3877787807814457e-17
APP,2024.0,0.2218450158428713,4.194413816062862,-9.4185148768394,-5.096737308138633,0.6944890521859692,7,2008-2024,17.32,-13.89,4.389999999999999,2.8442719137990995,2.0328024373506657,0.8114694764484338
ALHC,2024.0,-0.1823693563893812,2.629840364667259,-0.9554854259507483,-0.3233953469033659,1.0,3,2022-2024,17.32,-13.89,4.389999999999999,0.39163886470648923,0.3916388647064892,5.551115123125783e-17
COUR,2024.0,-0.607869414024014,2.1540913020190633,-2.1427886271324645,1.7612242878287083,1.0,3,2022-2024,17.32,-13.89,4.389999999999999,0.14017028603006737,0.14017028603006737,0.0
ULCC,2024.0,-0.7078130287442038,3.2021047351332874,-3.1414776746867177,2.552815907280386,1.0,3,2022-2024,17.32,-13.89,4.389999999999999,0.3952113787244756,0.3952113787244755,1.1102230246251565e-16
OLO,2024.0,-0.8861123227580101,5.252748821045969,-4.014162778988094,2.4907743893681027,1.0,3,2022-2024,17.32,-13.89,4.389999999999999,0.6905759787418578,0.6905759787418577,1.1102230246251565e-16
ALKT,2024.0,0.6086583240682777,-0.7591199800247725,1.264709130423854,-1.3797404527393644,1.0,3,2022-2024,17.32,-13.89,4.389999999999999,0.24094003943685577,0.24094003943685566,1.1102230246251565e-16
GANX,2024.0,-0.9248004039598786,4.363578801214941,-4.585431513272515,3.9323246114167416,1.0,3,2022-2024,17.32,-13.89,4.389999999999999,0.6405169320452963,0.6405169320452964,-1.1102230246251565e-16
ACVA,2024.0,0.7931551515766714,-3.5643660959345485,0.7007361165860726,1.3235759686207356,1.0,3,2022-2024,17.32,-13.89,4.389999999999999,0.13657968218945238,0.13657968218945243,-5.551115123125783e-17
SEMR,2024.0,0.24601455523035964,-0.7983560660680037,1.423294460516255,-1.5899125281351687,1.0,3,2022-2024,17.32,-13.89,4.389999999999999,-0.15975347596346035,-0.1597534759634603,-5.551115123125783e-17
DV,2024.0,-0.13233791169970255,-0.8248774094051448,-0.9340395552960672,1.9392392659045918,1.0,3,2022-2024,17.32,-13.89,4.389999999999999,-0.06033598100483842,-0.060335981004838335,-8.326672684688674e-17
TDUP,2024.0,-0.2601913214790828,-0.1544294028142853,-0.2599214371550159,0.4897547958195341,1.0,3,2022-2024,17.32,-13.89,4.389999999999999,-0.22933517088920774,-0.22933517088920777,2.7755575615628914e-17
DSGN,2024.0,-1.189832441526792,6.654332500330027,-5.022844766604748,3.0624147240656807,1.0,3,2022-2024,17.32,-13.89,4.389999999999999,0.7948110919982517,0.7948110919982515,2.220446049250313e-16
OKUR,2024.0,0.21724903807817939,-4.260780262293219,0.39629759885579685,2.239623970055543,1.0,3,2022-2024,17.32,-13.89,4.389999999999999,-0.47744434754663795,-0.47744434754663784,-1.1102230246251565e-16
SKYT,2024.0,-0.31114470666894695,2.8873797225070637,-3.1923535389984825,2.8376381789382066,1.0,3,2022-2024,17.32,-13.89,4.389999999999999,0.7569396838915531,0.7569396838915529,2.220446049250313e-16
EWTX,2024.0,0.9603550445885725,-0.5989447226988501,2.1466692833469105,-2.7999141390134463,1.0,3,2022-2024,17.32,-13.89,4.389999999999999,0.43552922445755543,0.43552922445755554,-1.1102230246251565e-16
IKNA,2024.0,-0.49743499767802185,0.4026321308094662,-1.8913746599942298,2.550010045478099,1.0,3,2022-2024,17.32,-13.89,4.389999999999999,-0.053041731352135316,-0.0530417313521353,-1.3877787807814457e-17
RXRX,2024.0,-0.04041607951835398,-0.29212114544481144,0.3091295897207983,-0.2664629872711982,1.0,3,2022-2024,17.32,-13.89,4.389999999999999,-0.14564728706281982,-0.1456472870628198,-2.7755575615628914e-17
COMP,2024.0,-0.3376046650082094,3.079484282183134,-2.3106225154286006,1.3965987607382493,1.0,3,2022-2024,17.32,-13.89,4.389999999999999,0.5780181656553512,0.5780181656553512,0.0
KLTR,2024.0,-0.8249367423055168,4.912187334207528,-4.423640824670958,3.3269386317489618,1.0,3,2022-2024,17.32,-13.89,4.389999999999999,0.7863504204598023,0.7863504204598024,-1.1102230246251565e-16
NPCE,2024.0,0.3194898056949723,1.0305543494161724,0.17013033925221233,-0.937911362492375,1.0,3,2022-2024,17.32,-13.89,4.389999999999999,0.4331764060783059,0.4331764060783058,5.551115123125783e-17
RNAZ,2024.0,-1.0375920544505546,0.22100761913780106,-0.29559973055858874,0.2935413365973497,1.0,3,2022-2024,17.32,-13.89,4.389999999999999,-0.9453682675646757,-0.9453682675646758,1.1102230246251565e-16
AKYA,2024.0,-0.9116585945295719,2.5655301244791713,-2.319042634347438,1.7505035556018715,1.0,3,2022-2024,17.32,-13.89,4.389999999999999,-0.06834664896799816,-0.0683466489679981,-6.938893903907228e-17
BMEA,2024.0,-0.2906309763693286,-1.0659375812777008,-1.2697994826827204,2.5995038325897624,1.0,3,2022-2024,17.32,-13.89,4.389999999999999,-0.18475799905130613,-0.18475799905130602,-1.1102230246251565e-16
TMCI,2024.0,-0.3878106596721676,0.19957477401441215,-2.109104038160715,3.0092127075043256,1.0,3,2022-2024,17.32,-13.89,4.389999999999999,0.07181467994709183,0.07181467994709176,6.938893903907228e-17
SWIM,2024.0,0.12531155792815446,0.7559367868017541,-1.9824476822543542,-1.3699431659962982,0.11967566443828948,7,2003-2024,17.32,-13.89,4.389999999999999,1.2500480148316149,0.4714612874801105,0.7785867273515044
TCBC,2024.0,-0.056837944070801956,-0.13000884041955316,-0.05668314806117469,0.1707867304263796,1.0,3,2022-2024,17.32,-13.89,4.389999999999999,-0.06398464850005332,-0.06398464850005334,1.3877787807814457e-17
PRVA,2024.0,-0.4797662789772019,1.639118278851105,-1.5739018701768221,1.2558367691060228,1.0,3,2022-2024,17.32,-13.89,4.389999999999999,0.07787521085112445,0.07787521085112441,4.163336342344337e-17
HOWL,2024.0,-0.18367011367113967,-0.8236486922156366,0.6760521142418184,-0.46000482920901176,1.0,3,2022-2024,17.32,-13.89,4.389999999999999,-0.44042391783335216,-0.4404239178333521,-5.551115123125783e-17
FSBC,2024.0,-0.1661931647764164,1.5339495387389328,-0.9156788595798184,0.3451850596161059,1.0,3,2022-2024,17.32,-13.89,4.389999999999999,0.2418283130459506,0.2418283130459506,0.0
HNST,2024.0,-0.23566564699077897,6.179726689280363,-3.288549030531968,0.7941969306788272,1.0,3,2022-2024,17.32,-13.89,4.389999999999999,1.3263077211902707,1.3263077211902707,0.0
PATH,2024.0,0.05234368862981978,-0.5576145565164956,0.714069989689779,2.7968526119182235,0.8461714073292167,5,2011-2024,17.32,-13.89,4.389999999999999,-0.04461521907263453,-0.020637644463537566,-0.023977574609096962
TASK,2024.0,-0.18773442037076996,1.793061436861023,-0.7597059866727982,-0.059254486291040576,1.0,3,2022-2024,17.32,-13.89,4.389999999999999,0.22574571009423422,0.22574571009423416,5.551115123125783e-17
TNFA,2024.0,-0.5307407548379953,-0.27544966197271853,-0.1925471206398125,-0.674102967527352,0.19417914774008171,7,2015-2024,17.32,-13.89,4.389999999999999,-0.42198119572584936,-0.5812969615092509,0.15931576578340156
AVAH,2024.0,0.10205557736667448,2.431421926215307,-0.7662142612298033,-0.47355076572222193,1.0,3,2022-2024,17.32,-13.89,4.389999999999999,0.6088161372567799,0.6088161372567797,1.1102230246251565e-16
ZETA,2024.0,1.4282313787172602,-4.705852829554828,3.80875467743846,-2.5480355186187347,1.0,3,2022-2024,17.32,-13.89,4.389999999999999,-0.0277171153252004,-0.027717115325200367,-3.122502256758253e-17
PALI,2024.0,0.38099953695677324,-4.074522708373629,0.0750621524931514,4.590929771073228,0.43434758341283275,11,2009-2024,17.32,-13.89,4.389999999999999,-0.6803143605483514,-0.13359211216472336,-0.546722248383628
SQSP,2024.0,0.5546516359279297,-1.9056956610675997,1.2792916884033296,-0.6399215535966918,1.0,3,2022-2024,17.32,-13.89,4.389999999999999,0.01879897570890407,0.018798975708904195,-1.249000902703301e-16
TRML,2024.0,-0.678447340986497,4.120323633337275,-3.0101123202837585,1.7472615381215526,1.0,3,2022-2024,17.32,-13.89,4.389999999999999,0.5300020951184693,0.5300020951184693,0.0
FLYW,2024.0,-0.21321448812524782,0.3330062198868371,-1.8421991543582092,2.52300179933994,1.0,3,2022-2024,17.32,-13.89,4.389999999999999,0.2111034306905311,0.21110343069053095,1.6653345369377348e-16
ZIP,2024.0,-0.8864175932194144,-8.450397896838258,-18.578407017400473,-10.957080654500748,1.0,4,2012-2024,17.32,-13.89,4.389999999999999,-0.2505016149674579,-0.25050161496745754,-3.3306690738754696e-16
TCRX,2024.0,1.3434592755036712,-4.907444319981789,5.6971846992699655,-5.227187875246705,1.0,3,2022-2024,17.32,-13.89,4.389999999999999,-0.5273225831691037,-0.5273225831691032,-5.551115123125783e-16
PAY,2024.0,0.27931134537687996,-0.6364043473749309,4.578621720121451,2.032224108468623,0.24362904681153985,16,2006-2024,17.32,-13.89,4.389999999999999,0.6724926489381321,-0.37766980615155515,1.0501624550896873
MLNK,2024.0,0.12473970287236383,-0.8864235513698175,0.3782734238022264,0.025267149234718622,1.0,3,2022-2024,17.32,-13.89,4.389999999999999,-0.08022180693961367,-0.08022180693961366,-1.3877787807814457e-17
ACT,2024.0,0.3233114910603937,-1.0054952977713738,0.7747944132720599,-0.48631326336859926,1.0,3,2022-2024,17.32,-13.89,4.389999999999999,0.02019160922102109,0.02019160922102114,-5.204170427930421e-17
BWMN,2024.0,0.8979988765375218,-5.241146628658398,1.983398714482225,0.5265904346079047,1.0,3,2022-2024,17.32,-13.89,4.389999999999999,-0.26214448090840714,-0.2621444809084068,-3.3306690738754696e-16
TCBS,2024.0,-0.027132985291069747,0.522768939102151,0.15815488210334638,-0.5828076633183228,1.0,3,2022-2024,17.32,-13.89,4.389999999999999,0.015857625417593682,0.01585762541759363,5.204170427930421e-17
VMEO,2024.0,-0.650203506201252,4.560601540274897,-3.2410124164500367,1.7987882594731315,1.0,3,2022-2024,17.32,-13.89,4.389999999999999,0.6688361098101409,0.6688361098101407,1.1102230246251565e-16
DAWN,2024.0,-0.04067308061638569,0.11414478549213065,0.5056475365863042,-0.8290372580665917,1.0,3,2022-2024,17.32,-13.89,4.389999999999999,-0.1275323822301097,-0.1275323822301097,0.0
BLFY,2024.0,-0.2681411508295446,1.0368093307871424,-0.7508951719382944,0.42991403358164015,1.0,3,2022-2024,17.32,-13.89,4.389999999999999,0.03460679071925157,0.03460679071925156,1.3877787807814457e-17
SKIN,2024.0,-0.8815004128178212,1.8242705912522497,-1.9573325813304892,1.7040277196071998,1.0,3,2022-2024,17.32,-13.89,4.389999999999999,-0.21885643397537052,-0.2188564339753705,-2.7755575615628914e-17
FIGS,2024.0,-0.511403343703511,1.837881703739078,-1.767257816412332,1.4118478326658483,1.0,3,2022-2024,17.32,-13.89,4.389999999999999,0.11436999793780091,0.11436999793780092,-1.3877787807814457e-17
BLDE,2024.0,-0.3270308553549702,1.6506085556929044,-1.2900878155109259,0.82542940535809,1.0,3,2022-2024,17.32,-13.89,4.389999999999999,0.1742840949607286,0.1742840949607286,0.0
VERA,2024.0,1.154961530314317,-2.526365763290487,3.2754737259282427,-3.2012368497206496,1.0,3,2022-2024,17.32,-13.89,4.389999999999999,0.12189738187823519,0.12189738187823526,-6.938893903907228e-17
OGN,2024.0,-0.05362056335846285,-0.49107698277551276,0.8808182898898764,-0.9859190519380308,1.0,3,2022-2024,17.32,-13.89,4.389999999999999,-0.304302603620965,-0.304302603620965,0.0
DIBS,2024.0,0.06115000696482495,-0.6118811585774714,1.1335377779020561,-1.2821389240496333,1.0,3,2022-2024,17.32,-13.89,4.389999999999999,-0.25856210581716754,-0.25856210581716754,0.0
MQ,2024.0,0.006093062691231332,-0.7666657414060509,1.2287993929394692,-1.321236715784281,1.0,3,2022-2024,17.32,-13.89,4.389999999999999,-0.35537597122251896,-0.35537597122251885,-1.1102230246251565e-16
LFST,2024.0,-0.38408861214260814,1.8197415941796165,-2.819487985071347,2.991321492846215,1.0,3,2022-2024,17.32,-13.89,4.389999999999999,0.4540365266316603,0.4540365266316603,0.0
JANX,2024.0,2.1997666843987584,-4.361392644206742,6.561191840721413,-6.876912709070879,1.0,3,2022-2024,17.32,-13.89,4.389999999999999,0.23112746381773486,0.23112746381773513,-2.7755575615628914e-16
LYEL,2024.0,-0.5678217618460114,-0.16949880694109237,0.06541899784736008,0.015129433627044067,1.0,3,2022-2024,17.32,-13.89,4.389999999999999,-0.6056014718729797,-0.6056014718729797,0.0
VERV,2024.0,-0.7023665518834388,1.8483459955122121,-2.6671502986044477,2.7453972315577997,1.0,3,2022-2024,17.32,-13.89,4.389999999999999,0.10875708948082148,0.10875708948082154,-5.551115123125783e-17
ACXP,2024.0,-0.04425894060504909,-2.0190534270062144,1.7137781190648766,-1.2118512784031394,1.0,3,2022-2024,17.32,-13.89,4.389999999999999,-0.6852030460225346,-0.6852030460225346,0.0
CXM,2024.0,-0.5976619781726901,0.022854563239237968,-3.517094642163776,-1.4447457439534992,1.0,4,2008-2024,17.32,-13.89,4.389999999999999,-0.16860346018266417,-0.1686034601826642,2.7755575615628914e-17
IPSC,2024.0,-0.27300128643454524,-0.9022732265446112,1.2136200880453247,-1.2085564731896294,1.0,3,2022-2024,17.32,-13.89,4.389999999999999,-0.6509024686745922,-0.6509024686745922,0.0
EVCM,2024.0,0.04737493894228631,-0.6505570760448774,-0.010202705201588114,0.44729014492433655,1.0,3,2022-2024,17.32,-13.89,4.389999999999999,-0.04424835351400748,-0.04424835351400751,2.7755575615628914e-17
CFLT,2024.0,0.09985043272790212,-1.2699732292532415,0.08354564070533887,0.7190490995608667,1.0,3,2022-2024,17.32,-13.89,4.389999999999999,-0.10014716460200887,-0.10014716460200884,-2.7755575615628914e-17
MCW,2024.0,-0.36797134043214696,1.0019946240681605,-0.9816091203241386,0.7967141081341396,1.0,3,2022-2024,17.32,-13.89,4.389999999999999,-0.023104615383429936,-0.023104615383430005,6.938893903907228e-17
PWSC,2024.0,0.4180507959325017,-1.8612273087108442,0.872164555394277,-0.06299134367524917,1.0,3,2022-2024,17.32,-13.89,4.389999999999999,-0.02822275066782495,-0.028222750667824988,3.8163916471489756e-17
YOU,2024.0,-0.2992762148046706,1.9915512679679244,-1.9592393848472902,1.595762377800004,1.0,3,2022-2024,17.32,-13.89,4.389999999999999,0.3878527837480827,0.3878527837480827,0.0
QSI,2024.0,-1.3172796497540826,9.275052017676902,-7.370376641809358,4.8187003672857065,1.0,3,2022-2024,17.32,-13.89,4.389999999999999,1.524445621378719,1.524445621378719,0.0
ABOS,2024.0,-0.3668999134574502,-0.36266151487216736,-0.40578528718772366,0.845341993551041,1.0,3,2022-2024,17.32,-13.89,4.389999999999999,-0.3362387979260441,-0.33623879792604405,-5.551115123125783e-17
AVTE,2024.0,-1.1385080254822177,4.7353657250687435,-4.923396915823367,4.188829034736983,1.0,3,2022-2024,17.32,-13.89,4.389999999999999,0.549406744332508,0.5494067443325077,3.3306690738754696e-16
DTM,2024.0,0.2596020735491843,0.7493840836506533,-0.04321666215719905,-0.433355156501686,1.0,3,2022-2024,17.32,-13.89,4.389999999999999,0.3763738998406884,0.3763738998406884,0.0
TKNO,2024.0,-3.323951895495691,27.994386180920984,-21.2413663919934,13.048081635342399,1.0,3,2022-2024,17.32,-13.89,4.389999999999999,5.047912366679238,5.047912366679237,8.881784197001252e-16
MYPS,2024.0,-0.46843612771061754,0.42277940024488364,-1.2683065549861987,1.6084925123232947,1.0,3,2022-2024,17.32,-13.89,4.389999999999999,-0.148430133809628,-0.14843013380962808,8.326672684688674e-17
GLUE,2024.0,-1.0451210520250651,6.00874518263862,-4.837335321795936,3.21486688974075,1.0,3,2022-2024,17.32,-13.89,4.389999999999999,0.8086321462650187,0.8086321462650181,5.551115123125783e-16
ELEV,2024.0,1.1143111588604988,-5.91660642290092,5.387722494738299,-4.095933164678404,1.0,3,2022-2024,17.32,-13.89,4.389999999999999,-0.8386111940344724,-0.8386111940344723,-1.1102230246251565e-16
LENZ,2024.0,-0.1558021927013971,2.840951898252901,-1.8079618494714382,0.8062546286367223,1.0,3,2022-2024,17.32,-13.89,4.389999999999999,0.6227711551647402,0.6227711551647401,1.1102230246251565e-16
XMTR,2024.0,-1.9727809247604293,15.26797138611925,-11.830377105761144,7.481992256157351,1.0,3,2022-2024,17.32,-13.89,4.389999999999999,2.643330559350955,2.643330559350955,0.0
SHCO,2024.0,-0.34814846523479426,2.4488447217271028,-1.7202893234505099,0.9360884449903617,1.0,3,2022-2024,17.32,-13.89,4.389999999999999,0.35603391033069276,0.35603391033069265,1.1102230246251565e-16
IAS,2024.0,-0.08608234686103265,-0.7340488581651503,-1.0715371770954518,2.083731548961648,1.0,3,2022-2024,17.32,-13.89,4.389999999999999,0.02709271980273789,0.02709271980273789,0.0
INTA,2024.0,0.46800316135431147,-0.9544571375478806,-1.8123156876449111,3.3336039816302314,1.0,3,2022-2024,17.32,-13.89,4.389999999999999,0.7007670489384638,0.7007670489384639,-1.1102230246251565e-16
TALK,2024.0,-0.02495416639776682,2.086535612740776,-0.8615184016321141,-0.9782137509042886,0.5506152082946056,7,2003-2024,17.32,-13.89,4.389999999999999,0.29649814234894706,0.41315512405093796,-0.1166569817019909
PWP,2024.0,0.9205012649285382,-1.2040098529355652,1.5533237727662104,-1.5141768218259095,1.0,3,2022-2024,17.32,-13.89,4.389999999999999,0.4297377238847143,0.4297377238847144,-5.551115123125783e-17
PAYO,2024.0,-0.17356446269101106,3.04106735514622,-2.4514383161034057,1.631877125616465,1.0,3,2022-2024,17.32,-13.89,4.389999999999999,0.76529259114164,0.7652925911416402,-1.1102230246251565e-16
MMAT,2024.0,0.18969121565387403,-4.0893990177310355,2.5843686798529624,2.2131238832457005,0.34481287064187227,7,2014-2024,17.32,-13.89,4.389999999999999,-0.8310346749320533,-0.7804053653742314,-0.050629309557821855
DUOL,2024.0,0.4591074257684089,-0.00671168471348343,-0.2382304891130268,0.359331199159862,1.0,3,2022-2024,17.32,-13.89,4.389999999999999,0.5068098165569509,0.5068098165569509,0.0
CVRX,2024.0,0.5504900627042089,-3.3588340812677027,0.27873295881879434,1.8156893383488177,1.0,3,2022-2024,17.32,-13.89,4.389999999999999,0.009732753802225276,0.009732753802225338,-6.245004513516506e-17
AVPT,2024.0,0.6121922646473142,0.1500146799309973,0.4715188197737953,-0.8020227107993207,1.0,3,2022-2024,17.32,-13.89,4.389999999999999,0.5374720461406927,0.5374720461406927,0.0
SHCR,2024.0,-0.23541892821316834,0.5177324981016939,-0.8474162276887158,0.9184583408687335,1.0,3,2022-2024,17.32,-13.89,4.389999999999999,0.012278775648145036,0.012278775648145057,-2.0816681711721685e-17
SERA,2024.0,1.0651229798948194,-2.650942805484894,1.7389464635979013,-0.8296494818775446,1.0,3,2022-2024,17.32,-13.89,4.389999999999999,0.3280184099366631,0.3280184099366631,0.0
SGHT,2024.0,-0.0556052908242638,-1.5980731031672555,1.0546467168190579,-0.5096045599842713,1.0,3,2022-2024,17.32,-13.89,4.389999999999999,-0.5012536214423091,-0.5012536214423091,0.0
ABSI,2024.0,0.7071661915201916,-1.6703517576124174,3.2448116956533344,-3.7241159387894944,1.0,3,2022-2024,17.32,-13.89,4.389999999999999,-0.19633176713738587,-0.196331767137386,1.3877787807814457e-16
OMGA,2024.0,-0.0844620795091027,-2.970615141600634,0.8538245618010136,0.7011700038700472,1.0,3,2022-2024,17.32,-13.89,4.389999999999999,-0.6867874904985983,-0.6867874904985981,-2.220446049250313e-16
NABL,2024.0,0.5129407611285064,-3.633583272636993,2.071859137929601,-0.6729058751745411,1.0,3,2022-2024,17.32,-13.89,4.389999999999999,-0.4337176638708048,-0.43371766387080474,-5.551115123125783e-17
RXST,2024.0,1.748276046552065,-7.374841012855679,5.685850762996364,-3.5714902017160686,1.0,3,2022-2024,17.32,-13.89,4.389999999999999,-0.475599507710069,-0.4755995077100689,-5.551115123125783e-17
IMRX,2024.0,-0.7548449888444756,3.2224153568240004,-4.711103359012676,4.877474817271217,1.0,3,2022-2024,17.32,-13.89,4.389999999999999,0.6717707520025084,0.6717707520025084,0.0
RANI,2024.0,-0.13451054533169066,-1.401238354837228,1.713736781409986,-1.6221348372057955,1.0,3,2022-2024,17.32,-13.89,4.389999999999999,-0.6864547866806799,-0.6864547866806799,0.0
ERAS,2024.0,-0.484841719859171,1.960789405040894,-1.0719001861335204,0.29439402226505096,1.0,3,2022-2024,17.32,-13.89,4.389999999999999,0.01657783852529375,0.016577838525293577,1.734723475976807e-16
LAW,2024.0,-0.5204241411581674,1.248822375349744,-0.6402923006859224,0.12434111744812082,1.0,3,2022-2024,17.32,-13.89,4.389999999999999,-0.20973293012634459,-0.20973293012634464,5.551115123125783e-17
TNYA,2024.0,-0.21296306138213894,-1.6992673745184728,0.6263616048448734,0.1955903558270144,1.0,3,2022-2024,17.32,-13.89,4.389999999999999,-0.5856913809408854,-0.5856913809408854,0.0
CDRE,2024.0,0.5605098607330452,-1.7732011105320766,1.8834035021114115,-1.6278210536923177,1.0,3,2022-2024,17.32,-13.89,4.389999999999999,-0.07967466231147823,-0.0796746623114782,-2.7755575615628914e-17
PBBK,2024.0,-0.05843968774312987,0.3081458556767205,-0.3093483589880129,0.2561454562771027,1.0,3,2022-2024,17.32,-13.89,4.389999999999999,0.04914444705407792,0.04914444705407791,6.938893903907228e-18
CTKB,2024.0,-0.563511504275513,2.1209786749637933,-1.83119317420933,1.319057839230565,1.0,3,2022-2024,17.32,-13.89,4.389999999999999,0.11610137326811361,0.11610137326811372,-1.1102230246251565e-16
OB,2024.0,-0.26038753503710627,2.191780140017063,-1.661643418197467,1.0194673319595526,1.0,3,2022-2024,17.32,-13.89,4.389999999999999,0.39478567187450153,0.39478567187450153,0.0
CADL,2024.0,3.1483477786549363,-5.409795567954954,9.868549407009095,-11.10728908339307,1.0,3,2022-2024,17.32,-13.89,4.389999999999999,0.35301968289062075,0.3530196828906194,1.3322676295501878e-15
CLYM,2024.0,1.7310349681261683,-7.024966025996284,7.4057845969174,-6.365924146935058,1.0,3,2022-2024,17.32,-13.89,4.389999999999999,-0.7938166981386638,-0.7938166981386638,0.0
XPOF,2024.0,0.12715688535454894,-1.4580101879158045,0.49900579586957833,0.22506233054848984,1.0,3,2022-2024,17.32,-13.89,4.389999999999999,-0.1848021479276742,-0.18480214792767413,-5.551115123125783e-17
CGTX,2024.0,0.07123499402403116,-2.2960934008130383,1.786694708699023,-1.1364629084655913,1.0,3,2022-2024,17.32,-13.89,4.389999999999999,-0.6245109997167209,-0.6245109997167207,-1.1102230246251565e-16
CRBU,2024.0,-0.7309015860663368,1.8148727468456536,-1.918867737226643,1.6529715731659764,1.0,3,2022-2024,17.32,-13.89,4.389999999999999,-0.07746944554990265,-0.07746944554990258,-6.938893903907228e-17
HOOD,2024.0,0.9668103538944479,-0.34312865853872027,1.5843857309800238,-2.1322340495722987,1.0,3,2022-2024,17.32,-13.89,4.389999999999999,0.5937042174261923,0.5937042174261924,-1.1102230246251565e-16
OPFI,2024.0,-0.1586641688543357,5.505553767533631,-2.830399642956805,0.5595048405383216,1.0,3,2022-2024,17.32,-13.89,4.389999999999999,1.2126025165888217,1.2126025165888215,2.220446049250313e-16
COOK,2024.0,-0.4581790287927678,0.962254318774907,-1.3139162496522085,1.3181211432483098,1.0,3,2022-2024,17.32,-13.89,4.389999999999999,-0.05114809551566132,-0.051148095515661345,2.7755575615628914e-17
GXO,2024.0,0.07419291057210813,-1.4385625411794647,0.2573434126309646,0.5721310500643592,1.0,3,2022-2024,17.32,-13.89,4.389999999999999,-0.18559456847679073,-0.1855945684767908,5.551115123125783e-17
WGS,2024.0,1.7697297889268553,4.04878225416721,2.2496339206264118,-6.040255353159352,1.0,3,2022-2024,17.32,-13.89,4.389999999999999,1.893337513769912,1.893337513769912,0.0
USCB,2024.0,-0.043347132985637166,1.6049972301382016,-0.7669157036426087,0.07639518892706731,1.0,3,2022-2024,17.32,-13.89,4.389999999999999,0.34451672730415595,0.34451672730415595,0.0
NUVL,2024.0,1.8196394480119182,-7.247478979531304,3.8707717803198007,-0.9523008796844326,1.0,3,2022-2024,17.32,-13.89,4.389999999999999,-0.015080120147470823,-0.015080120147470545,-2.7755575615628914e-16
SDIG,2024.0,-0.3334766379275192,0.9909720779506261,0.19773257884448814,-0.9527382106697053,1.0,3,2022-2024,17.32,-13.89,4.389999999999999,-0.23113053667637024,-0.2311305366763702,-2.7755575615628914e-17
RLYB,2024.0,-0.7680652037627976,0.9967310655499625,-1.4387573081802907,1.481188103186311,1.0,3,2022-2024,17.32,-13.89,4.389999999999999,-0.3305638353734227,-0.33056383537342277,5.551115123125783e-17
EWCZ,2024.0,-0.30169776721307795,-0.712815127740483,-0.14240820940577226,0.685577403009912,1.0,3,2022-2024,17.32,-13.89,4.389999999999999,-0.37527999905913273,-0.3752799990591327,-5.551115123125783e-17
RNXT,2024.0,-0.5141429164538145,1.4556018173929013,-1.953486885486356,1.9431643301887531,1.0,3,2022-2024,17.32,-13.89,4.389999999999999,0.09461156080797713,0.09461156080797706,6.938893903907228e-17
PRCT,2024.0,0.5325402528044454,-0.32898938125469757,1.0478844442238666,-1.3424410552474764,1.0,3,2022-2024,17.32,-13.89,4.389999999999999,0.2710749803430727,0.2710749803430725,2.220446049250313e-16
DH,2024.0,-0.6836129094343684,1.2928132910282104,-0.9944488011834397,0.6226822145990831,1.0,3,2022-2024,17.32,-13.89,4.389999999999999,-0.2942329597230028,-0.2942329597230028,0.0
TYRA,2024.0,0.694583708135911,-4.160235789917016,1.336413167451059,0.7724267268085698,1.0,3,2022-2024,17.32,-13.89,4.389999999999999,-0.17768738632977205,-0.1776873863297721,5.551115123125783e-17
TWKS,2024.0,-1.15114014757481,5.345590477224318,-4.32446720071652,2.8913464064352463,1.0,3,2022-2024,17.32,-13.89,4.389999999999999,0.502314724502474,0.5023147245024738,2.220446049250313e-16
BROS,2024.0,0.2019706334914885,0.5167399100818961,0.2847140781422858,-0.7673286213064696,1.0,3,2022-2024,17.32,-13.89,4.389999999999999,0.2182374739883554,0.2182374739883554,0.0
WRBY,2024.0,0.08267566732831691,1.529095544900074,-0.7712310170164431,0.1332363361081944,1.0,3,2022-2024,17.32,-13.89,4.389999999999999,0.46048807912374345,0.4604880791237434,5.551115123125783e-17
TOST,2024.0,0.28430834897712914,-0.25885784420579566,-0.5895015316914549,1.050064640486392,1.0,3,2022-2024,17.32,-13.89,4.389999999999999,0.36745377082998104,0.36745377082998104,0.0
STER,2024.0,-0.06826335732013185,1.0293549516754061,-0.2361181540666407,-0.3319580383208424,1.0,3,2022-2024,17.32,-13.89,4.389999999999999,0.1282447740276199,0.1282447740276199,0.0
OLPX,2024.0,-1.0550576808849783,3.8755931914627197,-2.8057792862687063,1.6054294875949582,1.0,3,2022-2024,17.32,-13.89,4.389999999999999,0.07639615724450671,0.07639615724450663,8.326672684688674e-17
CWAN,2024.0,0.04641221905043871,1.1589127524292417,-1.1044652848589096,0.8755002737034419,1.0,3,2022-2024,17.32,-13.89,4.389999999999999,0.438980597853667,0.43898059785366705,-5.551115123125783e-17
AMPL,2024.0,-0.4406750766582107,1.9432701107735215,-1.4644358575251266,0.8907598986123639,1.0,3,2022-2024,17.32,-13.89,4.389999999999999,0.13841380668708614,0.13841380668708606,8.326672684688674e-17
BRLT,2024.0,-0.524844980840164,1.182236564627213,-1.2409408994337785,1.063305965781597,1.0,3,2022-2024,17.32,-13.89,4.389999999999999,-0.10103578501756669,-0.10103578501756676,6.938893903907228e-17
BEAT,2024.0,0.28408641494299564,-0.282907146801148,-3.239220006577262,0.015019523562834092,0.12893671898894732,14,2009-2024,17.32,-13.89,4.389999999999999,-0.15203926642678556,0.6856739131150269,-0.8377131795418125
FWRG,2024.0,0.05224400233149833,-0.2621284822326967,0.008182794777107927,0.16191322740532524,1.0,3,2022-2024,17.32,-13.89,4.389999999999999,0.012814749697348742,0.012814749697348755,-1.3877787807814457e-17
CNTX,2024.0,0.29030871740335906,-2.2930395854266314,2.3657261445024966,-2.001029188780163,1.0,3,2022-2024,17.32,-13.89,4.389999999999999,-0.5232902816513793,-0.5232902816513795,2.220446049250313e-16
LTH,2024.0,0.1090264778264866,-0.44511431571074683,-0.40543365265475806,0.8995823224159705,1.0,3,2022-2024,17.32,-13.89,4.389999999999999,0.12773907665319228,0.12773907665319223,5.551115123125783e-17
SLVM,2024.0,0.716910418790079,-1.584340625872218,1.8141363126829577,-1.6500779235028966,1.0,3,2022-2024,17.32,-13.89,4.389999999999999,0.11808066771557098,0.11808066771557092,5.551115123125783e-17
IMMX,2024.0,-0.3328142850507221,1.0464882784833744,-1.2051621533927113,1.1001714921738417,1.0,3,2022-2024,17.32,-13.89,4.389999999999999,0.06413203639527765,0.0641320363952776,4.163336342344337e-17
PYXS,2024.0,0.5244967750161518,-3.4882241974679618,2.9258137930935644,-2.041521230361464,1.0,3,2022-2024,17.32,-13.89,4.389999999999999,-0.5756819738588634,-0.5756819738588635,1.1102230246251565e-16
ENFN,2024.0,-0.3234753068742383,1.305391876780466,-1.4556580809317405,1.3013551697966963,1.0,3,2022-2024,17.32,-13.89,4.389999999999999,0.161938965579632,0.1619389655796321,-1.1102230246251565e-16
AVDX,2024.0,0.5426647163726135,-2.9072163830246933,1.534568536378735,-0.3549898789091539,1.0,3,2022-2024,17.32,-13.89,4.389999999999999,-0.1896007865543814,-0.18960078655438153,1.3877787807814457e-16
NRDY,2024.0,-0.09032799371952117,-1.3132207417083939,-0.9915337465302243,2.3492354854859836,1.0,3,2022-2024,17.32,-13.89,4.389999999999999,-0.07692235097753217,-0.0769223509775322,2.7755575615628914e-17
FNA,2024.0,-0.8124805590344483,3.5955576520245756,-3.7094614318087307,3.137570450475749,1.0,3,2022-2024,17.32,-13.89,4.389999999999999,0.4632535619503263,0.46325356195032613,1.6653345369377348e-16
COCO,2024.0,0.036927165718898855,-1.4421345684273759,-4.40769275181563,0.9891202232973166,0.679755026217881,14,2003-2024,17.32,-13.89,4.389999999999999,0.27833332127098737,0.4428003594972206,-0.1644670382262332
PTLO,2024.0,-0.3689347188738882,0.12945915146801862,-1.3235020974163394,1.8855326919625681,1.0,3,2022-2024,17.32,-13.89,4.389999999999999,-0.07990306733134117,-0.0799030673313411,-6.938893903907228e-17
VTYX,2024.0,-0.006033102128086915,-2.574779703438898,-1.360686525161705,3.7370454639204813,1.0,3,2022-2024,17.32,-13.89,4.389999999999999,-0.09892929255263437,-0.09892929255263411,-2.636779683484747e-16
CCSI,2024.0,-0.8120859671871179,3.687232599921301,-3.0486038140218064,2.0922530270369473,1.0,3,2022-2024,17.32,-13.89,4.389999999999999,0.3418436967738024,0.3418436967738022,1.6653345369377348e-16
AIP,2024.0,-0.1350528975550192,1.5688976070139526,-1.0716967868689868,0.5543807236885281,1.0,3,2022-2024,17.32,-13.89,4.389999999999999,0.3098761654458261,0.309876165445826,5.551115123125783e-17
INFA,2024.0,0.18836163756178598,-0.23194448209803142,2.5347591498658817,0.606391069004842,0.19446928600726765,16,2003-2024,17.32,-13.89,4.389999999999999,-0.20727806845666535,-0.17726862472465144,-0.03000944373201392
RIVN,2024.0,-0.41595036904139104,1.3171862352802357,-0.8335830860769811,0.36686489561139013,1.0,3,2022-2024,17.32,-13.89,4.389999999999999,-0.05592365351742149,-0.055923653517421554,6.245004513516506e-17
UDMY,2024.0,-0.18371972686274396,0.07167173593588558,-0.39191437746671753,0.5362008031566761,1.0,3,2022-2024,17.32,-13.89,4.389999999999999,-0.09333005990994345,-0.09333005990994342,-2.7755575615628914e-17
ARHS,2024.0,1.5108713685766393,-7.229791045315068,4.7067264495289205,-2.209305465407538,1.0,3,2022-2024,17.32,-13.89,4.389999999999999,-0.49208125424288857,-0.4920812542428884,-1.6653345369377348e-16
DTC,2024.0,-0.16274839779577488,-2.1481520425741776,0.36617624426478035,0.8813118462323979,1.0,3,2022-2024,17.32,-13.89,4.389999999999999,-0.5469806218483982,-0.5469806218483981,-1.1102230246251565e-16
AIRS,2024.0,-0.4201512765627188,1.3027564462001764,-2.364321141208779,2.6566700885913166,1.0,3,2022-2024,17.32,-13.89,4.389999999999999,0.25051816332220994,0.2505181633222099,5.551115123125783e-17
SWAG,2024.0,-0.24623758844855406,-0.15142996701268635,-0.12104817754672142,0.2808939428848674,1.0,3,2022-2024,17.32,-13.89,4.389999999999999,-0.24332042278126603,-0.24332042278126603,0.0
PIK,2024.0,0.918791556097769,-4.564064685481885,4.247460556863733,-4.528940150870376,0.9049838966726426,5,2003-2024,17.32,-13.89,4.389999999999999,-0.7091431423138572,-0.6604971913992754,-0.04864595091458179
NRDS,2024.0,0.6172193568753984,-2.207295757124305,2.1307417640146147,-1.7079412737157191,1.0,3,2022-2024,17.32,-13.89,4.389999999999999,-0.13602292119628123,-0.13602292119628118,-5.551115123125783e-17
TRDA,2024.0,-0.07640468285825264,0.5308918022582433,-0.8139492358147751,0.8598649258088739,1.0,3,2022-2024,17.32,-13.89,4.389999999999999,0.1663513963905569,0.1663513963905569,0.0
AURA,2024.0,-0.5257680319689144,1.642730514387776,-1.6127052838623614,1.311239986165313,1.0,3,2022-2024,17.32,-13.89,4.389999999999999,0.04032109244418772,0.04032109244418762,9.71445146547012e-17
LVLU,2024.0,-0.5243660625270112,0.7057916058695716,0.06592264724178354,-0.5669778893839629,1.0,3,2022-2024,17.32,-13.89,4.389999999999999,-0.43616994143624116,-0.4361699414362411,-5.551115123125783e-17
EXFY,2024.0,-1.7130586751624495,9.450528327298931,-7.602395277038927,5.047771237700712,1.0,3,2022-2024,17.32,-13.89,4.389999999999999,1.2013426924414936,1.2013426924414936,0.0
IOBT,2024.0,-0.635625908957974,1.3854468272915152,-0.8585967236866655,0.3587879191745591,1.0,3,2022-2024,17.32,-13.89,4.389999999999999,-0.26065664389924253,-0.2606566438992426,5.551115123125783e-17
TSVT,2024.0,-0.6455747231422106,0.855515223579678,-1.169881127551309,1.1744580425026627,1.0,3,2022-2024,17.32,-13.89,4.389999999999999,-0.28334428973546677,-0.2833442897354667,-5.551115123125783e-17
BLZE,2024.0,0.2717733280874873,-0.6399456728774269,1.2203094896421993,-1.3927558725046767,1.0,3,2022-2024,17.32,-13.89,4.389999999999999,-0.06970823336913987,-0.06970823336913984,-2.7755575615628914e-17
WEAV,2024.0,0.8225036347561797,-2.812588698731013,-1.4714761524596218,4.060029927671808,1.0,3,2022-2024,17.32,-13.89,4.389999999999999,0.7179866235374018,0.7179866235374021,-2.220446049250313e-16
MIR,2024.0,-0.03702557032293488,-2.659584465232514,-5.208452836755605,9.058551302499161,0.8846530712665401,6,2003-2024,17.32,-13.89,4.389999999999999,0.5777877260845906,0.6234589015038603,-0.04567117541926968
SG,2024.0,1.2552064060260197,-3.0582393586143755,3.9059750412554157,-3.787181619831437,1.0,3,2022-2024,17.32,-13.89,4.389999999999999,0.01672214277303255,0.016722142773032717,-1.6653345369377348e-16
MULN,2024.0,-0.4478916930737665,-0.16641697586219903,-0.4377755081986776,-3.459200179769188,0.60013458069631,8,2013-2024,17.32,-13.89,4.389999999999999,-1.0419811804725265,-0.5677669830961704,-0.4742141973763562
CRGY,2024.0,-0.06347938087404736,1.1502232089334385,-0.5197340617750172,0.010243258628851781,1.0,3,2022-2024,17.32,-13.89,4.389999999999999,0.2083800191475807,0.2083800191475807,0.0
PRSO,2024.0,0.15981054904737357,-1.8875466143198172,1.1532066996549717,-2.173526844862237,0.24423818546895515,18,2003-2024,17.32,-13.89,4.389999999999999,-0.21841003391686975,-0.4227107636243465,0.20430072970747676
MGRM,2024.0,-0.04222933598429376,0.8616634517279358,1.3960367909424738,-1.8249311513089592,0.1106706522805736,8,2003-2024,17.32,-13.89,4.389999999999999,0.055343150401541835,-0.1670132139493882,0.22235636435093004
SBGI,2024.0,0.4290879564086397,-2.0549391068828644,2.949811624334359,-0.8145687016545826,0.15254947742153346,22,2003-2024,17.32,-13.89,4.389999999999999,0.20465805141663074,-0.372315897526151,0.5769739489427818
SCKT,2024.0,0.08078396619612382,-0.19307507943665386,-1.4269879111212478,-4.005125093987518,0.4619319580266191,15,2003-2024,17.32,-13.89,4.389999999999999,0.18450027727240076,0.06972699166638471,0.11477328560601605
HA,2024.0,0.010775609887356055,1.0926108854469176,-1.717153573858555,-0.6980112675388139,0.15455449481729377,21,2004-2024,17.32,-13.89,4.389999999999999,0.40112807092308067,0.4078857520107616,-0.0067576810876809335
NHTC,2024.0,-0.13188816404939785,-0.0898829817871562,-0.1513147420338906,-0.24145861294326454,0.014312841255425535,12,2006-2024,17.32,-13.89,4.389999999999999,-0.35232003966406095,-0.1370383119346352,-0.21528172772942575
PLAY,2024.0,0.5403810875242548,-3.7251372938883627,3.108502052715944,-2.696558795944987,0.4110022515364984,11,2005-2024,17.32,-13.89,4.389999999999999,-0.31374866689517494,-0.6549625580414391,0.34121389114626416
GIC,2024.0,0.29488493745122824,-0.7544154637139048,1.1959712055850762,-0.22231433525584726,0.041335046802152275,22,2003-2024,17.32,-13.89,4.389999999999999,-0.24353671863986104,-0.011659820637518813,-0.23187689800234224
WAB,2024.0,0.17959972794244752,0.1284392763096891,-0.18547043458510834,0.5977946981717949,0.07468280871446309,22,2003-2024,17.32,-13.89,4.389999999999999,0.15518806799950463,0.253850441212899,-0.09866237321339438
ACTG,2024.0,0.3131600021223647,-1.8683827552068935,1.89581189323171,-0.03974287304583746,0.1419291157118373,21,2004-2024,17.32,-13.89,4.389999999999999,-0.18071465605796605,-0.275516875176066,0.09480221911809994
GTE,2024.0,-0.05083955092138847,-0.22065569382960268,2.4128565462587206,-0.5871041512751838,0.1610856249710887,15,2006-2024,17.32,-13.89,4.389999999999999,-0.29930768431236104,-0.44997676360899247,0.15066907929663143
CLMB,2024.0,0.34754730048817584,-0.18823799601851815,-1.0310861891232088,0.5008421274976921,0.038583391790461,22,2003-2024,17.32,-13.89,4.389999999999999,0.9771740709458322,0.4801493206441309,0.4970247503017013
GVP,2024.0,-0.008283466186804943,0.415649776061692,-0.12815496717628044,-0.8811067070645998,0.058249278788420344,21,2003-2024,17.32,-13.89,4.389999999999999,-0.04915465257950594,0.042827215527729556,-0.09198186810723549
DIT,2024.0,0.2606665856371939,-1.0598621927084426,0.9456768791599713,-1.2366787580780165,0.15117670884061052,22,2003-2024,17.32,-13.89,4.389999999999999,-0.13369080797151472,-0.10854626213485327,-0.025144545836661453
WINT,2024.0,-0.36761478303401296,-0.21737554160017386,0.8046649649100517,0.19632056479419968,0.023099271840992475,15,2003-2024,17.32,-13.89,4.389999999999999,-0.9381649186254243,-0.5084137176707039,-0.4297512009547204
KFRC,2024.0,0.23944374628903073,-0.7001942014022507,1.0914094213722247,-0.5247364661060463,0.09079351360797216,22,2003-2024,17.32,-13.89,4.389999999999999,-0.1225823172457738,-0.05646258888449654,-0.06611972836127726
IART,2024.0,0.08916211285029539,-0.43650162120351704,0.9429997667412484,-0.14376652900605869,0.0770978104518325,22,2003-2024,17.32,-13.89,4.389999999999999,-0.2686691371864622,-0.12373398616587913,-0.14493515102058305
SMSI,2024.0,0.12553035460578144,-1.0210582183139112,1.2798298808987565,0.593665875657865,0.04192413487097757,21,2003-2024,17.32,-13.89,4.389999999999999,-0.4542203752356135,-0.203023367321645,-0.2511970079139685
MD,2024.0,0.08983382032040407,-0.2544029142620436,0.1219573314902556,-0.40979865063731097,0.026474442733904424,22,2003-2024,17.32,-13.89,4.389999999999999,0.6907661164547626,0.010841201463243674,0.679924914991519
MYGN,2024.0,0.13663492331332638,-0.18463569002311064,-0.043364512782343045,-0.7211606772254107,0.037998987081201085,22,2003-2024,17.32,-13.89,4.389999999999999,-0.48647386120386316,0.07902039889659555,-0.5654942601004587
DO,2024.0,0.013498917387248939,0.11985513908305354,3.1612526578617737,2.2510909195937434,0.4088735352102194,19,2003-2024,17.32,-13.89,4.389999999999999,-0.1560838967467348,-0.30601727533040124,0.14993337858366643
RICK,2024.0,0.40135028938157064,-0.2637394617134977,-1.6611137057914558,-1.8508449851162536,0.1013953211723525,22,2003-2024,17.32,-13.89,4.389999999999999,0.2760294171842075,0.5051472135006225,-0.22911779631641505
POOL,2024.0,0.22831435525654628,-0.40194450842939033,0.44282884697692015,-0.806003841116648,0.13573080592185915,22,2003-2024,17.32,-13.89,4.389999999999999,0.0697066508018151,0.06180507092646085,0.007901579875354246
DVA,2024.0,0.17683947003457168,-0.3280254761313641,0.107538750468085,-0.40438000439499444,0.07841347576393087,22,2003-2024,17.32,-13.89,4.389999999999999,0.03225799950069198,0.08733604293566215,-0.055078043434970164
OPK,2024.0,0.03398067495718563,-0.11333565199303114,-0.2635943682996297,-0.04875332903324929,0.006832991580992043,18,2007-2024,17.32,-13.89,4.389999999999999,0.1290197249154761,0.04882392664425156,0.08019579827122453
HSIC,2024.0,0.0967059499654722,-0.13492293683262116,0.7570543703269637,0.05539159920716166,0.12710990848213677,22,2003-2024,17.32,-13.89,4.389999999999999,0.032581869724187695,-0.02938586352715864,0.06196773325134634
MATV,2024.0,0.20190658176864917,-1.5623103953886799,1.9413094269648126,-1.2107782545707726,0.5971779847869033,22,2003-2024,17.32,-13.89,4.389999999999999,-0.3959904947677023,-0.3914866234937395,-0.0045038712739627895
AEIS,2024.0,0.22143425501376413,-0.693412096997393,-1.085153374712195,0.11044045052683171,0.1871325720707987,22,2003-2024,17.32,-13.89,4.389999999999999,0.018113309246312784,0.2569114193394675,-0.23879811009315471
EL,2024.0,0.18310003841540404,-0.7793448628130181,1.971966933954143,-0.553367578219863,0.22524351235280504,22,2003-2024,17.32,-13.89,4.389999999999999,-0.3337630764784259,-0.2500815356338931,-0.08368154084453278
WAT,2024.0,0.1447281881293964,-0.13345039544159068,0.26927524115718154,-0.7689687186842689,0.12555494823851365,22,2003-2024,17.32,-13.89,4.389999999999999,0.23173083325970778,0.050454521891940975,0.1812763113677668
SAM,2024.0,0.32905103498948307,-1.1942638909840788,1.5169244027855238,-0.8151802190760005,0.18356495198102873,22,2003-2024,17.32,-13.89,4.389999999999999,-0.06360187888045168,-0.12428268209330502,0.06068080321285334
IVAC,2024.0,0.08105497765484565,-0.6217353073901791,0.049061980162128205,0.055965300881372165,0.048812720635575624,22,2003-2024,17.32,-13.89,4.389999999999999,-0.1661523180712972,-0.030987409920960742,-0.13516490815033647
NTAP,2024.0,0.26849004644512986,-1.1858336588002718,1.301265129995789,-0.5355394358993326,0.17325259366977763,22,2003-2024,17.32,-13.89,4.389999999999999,-0.13796711599631856,-0.14115225105147297,0.0031851350551544144
NWPX,2024.0,0.02406807718510226,0.8266870182852686,-0.759377911476206,0.5994111699604194,0.1920227742207774,22,2003-2024,17.32,-13.89,4.389999999999999,0.3736851153988465,0.2990420110174182,0.07464310438142835
NVAX,2024.0,0.3691894901750821,3.7263324365845127,-14.360009954031945,-4.976641066702398,0.1928676227790791,22,2003-2024,17.32,-13.89,4.389999999999999,-0.4119106664320129,2.790721107978322,-3.2026317744103348
SMID,2024.0,0.13341029171882704,-0.03656486140199221,-3.063380800858349,0.13831785640261707,1.0,4,2021-2024,17.32,-13.89,4.389999999999999,0.5586530048593016,0.5586530048593015,1.1102230246251565e-16
TGTX,2024.0,1.4001419974230631,-5.909032582390123,-4.519782689680788,3.8655946538804837,0.779671018199468,11,2014-2024,17.32,-13.89,4.389999999999999,0.6449806380823019,1.1741949750551086,-0.5292143369728067
MSM,2024.0,0.20662001841334698,-0.9621985785653057,0.65968059502106,0.28729611205491734,0.232940812485521,22,2003-2024,17.32,-13.89,4.389999999999999,-0.08703819105252641,-0.03905011072337832,-0.04798808032914809
ASTC,2024.0,-0.25058034733116546,-0.4327621503907438,-0.2673536349290531,-0.2011603739443965,0.11592812641082084,16,2004-2024,17.32,-13.89,4.389999999999999,-0.29192605294614166,-0.2972302723033558,0.005304219357214146
SCCO,2024.0,0.41378556388184495,-1.086727583946995,1.062877259166055,0.4893718600470924,0.08452970019476347,22,2003-2024,17.32,-13.89,4.389999999999999,-0.1801498730754239,0.09941411970012777,-0.27956399277555166
TTNP,2024.0,-0.29207346218340957,-1.8066759201977645,0.09784450630088548,3.6548857871013114,0.4773474466392871,12,2003-2024,17.32,-13.89,4.389999999999999,-0.46170289238929174,-0.45813084743310784,-0.0035720449561839063
ENG,2024.0,-0.01650238943930986,0.34958201970846536,0.39585452580173364,-1.1434374811468047,0.025531481254275734,18,2003-2024,17.32,-13.89,4.389999999999999,-0.4469810846292979,-0.06113588268200917,-0.3858452019472888
WYY,2024.0,-0.39213960390157887,2.0434925939583835,-4.387921096230796,-1.8266238744134389,0.39435540300809735,7,2008-2024,17.32,-13.89,4.389999999999999,0.1081492558767589,0.49108676555172076,-0.3829375096749619
APT,2024.0,0.13491129177914085,0.6265658091756291,-4.470366339714718,-1.2068006304804468,0.1684765570836062,21,2003-2024,17.32,-13.89,4.389999999999999,-0.0851625353796813,0.8113878268366425,-0.8965503622163238
IRIX,2024.0,0.2006715000861817,-1.2502177994883348,1.2624660793391225,-2.4811046196835256,0.2903633591904131,22,2003-2024,17.32,-13.89,4.389999999999999,-0.2692041524799324,-0.3001432540095087,0.030939101529576296
LFCR,2024.0,0.09322530521535681,-0.11238255394954458,-0.38159401035768564,0.08539142443249656,0.01295698357464592,21,2003-2024,17.32,-13.89,4.389999999999999,0.40136141619155236,0.1305127384425648,0.2708486777489876
CTLP,2024.0,0.024377647476191977,1.564652317644964,-0.8988064324743485,2.230823765214458,0.35275612236569087,14,2008-2024,17.32,-13.89,4.389999999999999,0.39392739132156757,0.5181528056559015,-0.12422541433433393
LPTH,2024.0,0.1054889493423326,-0.05280041654025609,-3.384770050233734,0.52322932296473,0.24839143952672926,21,2003-2024,17.32,-13.89,4.389999999999999,1.7546057386564657,0.5894582444531775,1.1651474942032882
CMCO,2024.0,0.3206255387609376,-0.9131786240854728,0.5613917060669625,0.9596274091403422,0.08944921091992097,22,2003-2024,17.32,-13.89,4.389999999999999,0.03532054066421379,0.12661333635789362,-0.09129279569367983
FORD,2024.0,0.30420351483651054,-1.0918715693685155,5.363095234757519,-1.3966506808494035,0.13775690028293652,20,2003-2024,17.32,-13.89,4.389999999999999,-0.007063909960863271,-0.6911555339752246,0.6840916240143613
CSGS,2024.0,0.12805010865274316,-0.46722874021739813,0.9486565179594214,-0.06232913539064466,0.1120665225788704,22,2003-2024,17.32,-13.89,4.389999999999999,0.20944375846102836,-0.08737854854112313,0.2968223070021515
SGRP,2024.0,0.06328211752610446,-0.27571737163998783,0.4268628829136988,-0.9487293695343941,0.030735306322712375,16,2003-2024,17.32,-13.89,4.389999999999999,-0.24200314580749666,-0.08541260500121407,-0.1565905408062826
HUBG,2024.0,0.36377112760090513,-1.1029168908628384,2.11102898539275,0.3831197669246707,0.08507819562376906,22,2003-2024,17.32,-13.89,4.389999999999999,-0.0061478900068501485,-0.10365704619959844,0.09750915619274829
IDT,2024.0,1.0877247689882594,-7.835132663455488,11.12998307752397,-4.180153537380577,0.45545006061846693,30,2003-2024,17.32,-13.89,4.389999999999999,0.279086152744098,-1.9987835980813178,2.277869750825416
CENX,2024.0,0.3605338261831642,-0.8785640719646545,-0.33454138041791653,0.10126529193634436,0.03411110003436979,22,2003-2024,17.32,-13.89,4.389999999999999,0.040779260190749886,0.2592798729749402,-0.2185006127841903
KVHI,2024.0,0.035124923723433066,-0.682366349541671,0.05957455899451969,-0.035249793888046346,0.09012248775649956,22,2003-2024,17.32,-13.89,4.389999999999999,0.17882571381592488,-0.09288330021320836,0.2717090140291332
OCC,2024.0,-0.04312233756884099,0.4985378082496179,0.0941443097775782,0.3617984235920154,0.09694322019071155,22,2003-2024,17.32,-13.89,4.389999999999999,0.285121612721447,0.04603071698757668,0.2390908957338703
EPM,2024.0,0.28466249357213447,-1.0378795416854165,1.4489311392571924,0.5426793882231511,0.12108468672087269,18,2007-2024,17.32,-13.89,4.389999999999999,-0.008859277431574338,-0.07253115314760736,0.06367187571603303
TCX,2024.0,0.08592222392707335,0.35572648530112544,-0.8719635928432223,-0.5274523768532058,0.02388534257743269,14,2007-2024,17.32,-13.89,4.389999999999999,-0.15981688056617072,0.24549463488329612,-0.40531151544946686
JAKK,2024.0,-0.024395050914712075,-0.2571015547215693,-0.028251885294456824,1.6355457088229282,0.23499728190238667,20,2003-2024,17.32,-13.89,4.389999999999999,0.5247664131955435,0.006799603292238693,0.5179668099033048
FCN,2024.0,0.056896441393110266,0.6478674894293026,-0.006801267327802271,0.242639576320694,0.11849545591596011,22,2003-2024,17.32,-13.89,4.389999999999999,-0.16019042029706876,0.18070366399457566,-0.3408940842916444
NBIX,2024.0,0.12995753581268044,0.38554203781130136,0.3900035767481261,-0.1856992083864205,0.01509332037241895,22,2003-2024,17.32,-13.89,4.389999999999999,-0.05547965652710441,0.13440972470311927,-0.18988938123022367
SSNC,2024.0,0.34187635921467785,-0.8352744315557389,1.2363750577386468,-0.11875677913466873,0.10144894449083741,17,2003-2024,17.32,-13.89,4.389999999999999,0.17028621477042133,0.020260909545313892,0.15002530522510743
RUSHB,2024.0,0.28525552842754875,-0.545552748668299,-0.025967539648558205,0.367528058201347,0.04150965941914031,22,2003-2024,17.32,-13.89,4.389999999999999,0.35008429260877183,0.21050716537042324,0.1395771272383486
RUSHA,2024.0,0.17319166135430916,-0.15967596381255741,-0.7794593693928709,0.266324270131748,0.09626282719193746,21,2004-2024,17.32,-13.89,4.389999999999999,0.2698782702765908,0.2654943262894277,0.004383943987163075
ANSS,2024.0,0.22247083804375575,-0.20100784772413888,-0.13154068320384008,0.28093522012871025,0.034208669978305406,22,2003-2024,17.32,-13.89,4.389999999999999,0.002256417213617315,0.21826033587859867,-0.21600391866498136
FDS,2024.0,0.16248358907064403,-0.1843216863538533,0.9248142057464321,0.45082013782409147,0.24163647912153474,22,2003-2024,17.32,-13.89,4.389999999999999,0.1347904608173362,0.021893383866454827,0.11289707695088137
PEGA,2024.0,0.3076555252382086,-0.8575997393349949,-1.8731613190011094,-0.6931409887832177,0.4206602996050417,22,2003-2024,17.32,-13.89,4.389999999999999,0.4939936598136999,0.38887246818705834,0.10512119162664157
STRA,2024.0,0.08751702703296216,-0.14850988854434274,-0.051678403334204766,0.014382323608994512,0.004025460082110466,22,2003-2024,17.32,-13.89,4.389999999999999,-0.1918432864594033,0.0696046285666379,-0.2614479150260412
WHLM,2024.0,0.15493148984025312,-1.4487133861930395,2.1430514270121916,-0.9533047717494388,0.631444073582679,10,2015-2024,17.32,-13.89,4.389999999999999,-0.40241381468659243,-0.4355055913401751,0.03309177665358265
GERN,2024.0,0.13344167346012947,-0.50125764547745,-2.0397039221822673,1.4026527061891132,0.25523018040343515,22,2003-2024,17.32,-13.89,4.389999999999999,-0.2120760057100985,0.3915151778562541,-0.6035911835663526
TTEC,2024.0,0.21359891450721977,-0.6364555142314814,1.1439640476275628,-0.6659533865042646,0.0481010924680646,22,2003-2024,17.32,-13.89,4.389999999999999,-0.19834201776790644,-0.08476714044067848,-0.11357487732722796
GES,2024.0,0.4642039371497797,-1.935610853100585,1.8594167240046906,-0.7506435748652914,0.14681781256328819,21,2003-2024,17.32,-13.89,4.389999999999999,-0.3325690258309298,-0.16227009850807939,-0.1702989273228504
AWRE,2024.0,0.003977805328549744,0.6538620850607103,0.9098008769591004,-0.9670811751966837,0.16788131634859682,22,2003-2024,17.32,-13.89,4.389999999999999,-0.05713362113854384,-0.051599486939688674,-0.0055341341988551646
CSV,2024.0,0.13237970349889017,0.3416779778723683,0.1791127915017714,-0.9084977217802176,0.09060929364244319,22,2003-2024,17.32,-13.89,4.389999999999999,0.44691397757731277,0.12679651254063679,0.320117465036676
TACT,2024.0,0.3953950231196696,-1.898939300101481,-0.2305180365724595,-0.4923500110055211,0.11314273505366179,22,2003-2024,17.32,-13.89,4.389999999999999,0.03789982945187849,0.07690352613886539,-0.0390036966869869
SRCL,2024.0,0.10539666158575606,-0.4405432055454971,-0.027572830042867036,-0.172591500273517,0.10505595189805683,22,2003-2024,17.32,-13.89,4.389999999999999,0.019592999167049846,0.025347677616222794,-0.005754678449172948
MVIS,2024.0,0.4334684144025341,0.37214679853427607,-5.84318836121758,-10.641755074846312,0.3195430411612876,21,2003-2024,17.32,-13.89,4.389999999999999,0.18886797189432253,0.8423700554960396,-0.6535020836017171
WLFC,2024.0,0.18244775685621745,1.014003444972788,-2.081080480688954,-0.3232623551861284,0.11087111939498673,22,2003-2024,17.32,-13.89,4.389999999999999,1.9583342402436588,0.632944014900529,1.3253902253431298
ANF,2024.0,0.38839926403894626,-0.15672403996627396,-0.16731733529235493,-2.7418329884895325,0.0952394896680161,22,2003-2024,17.32,-13.89,4.389999999999999,-0.20650661818429222,0.26412856999420525,-0.4706351881784975
BJRI,2024.0,0.2767257276441371,-1.379398731404748,1.227868719262009,-0.5561511453286085,0.1508730019118253,22,2003-2024,17.32,-13.89,4.389999999999999,-0.03444499853147821,-0.1571521330205842,0.12270713448910599
HIBB,2024.0,0.20631507583082637,0.08095245253452324,0.6483697774930773,-3.7719979912297252,0.3568764931976751,22,2003-2024,17.32,-13.89,4.389999999999999,-0.04365616634005332,-0.035313233298967545,-0.008342933041085777
PAG,2024.0,0.17934941980494679,0.18419080275786825,-0.3921267238604099,0.6356740541544156,0.04932644085544058,22,2003-2024,17.32,-13.89,4.389999999999999,-0.010240519151014878,0.29362375976419935,-0.3038642789152142
USNA,2024.0,0.10924887567820327,-0.22783309905003507,0.7225557300780208,-0.4637673275806471,0.04783573667529495,22,2003-2024,17.32,-13.89,4.389999999999999,-0.2536567697377071,-0.05093419366589029,-0.20272257607181682
TGI,2024.0,0.15326227976069012,-0.8759990543394015,1.24334296056086,-0.9672589311170836,0.1813562953306257,22,2003-2024,17.32,-13.89,4.389999999999999,0.16392251335251706,-0.21362376074883763,0.37754627410135466
NOV,2024.0,0.10717079269004724,-0.025575102429744877,2.027685400369333,1.0614400897517693,0.23492436775075376,22,2003-2024,17.32,-13.89,4.389999999999999,-0.27139454709325767,-0.13230709722198228,-0.1390874498712754
UNFI,2024.0,0.07992079595591273,0.5511428542495813,-1.2818487009053632,-1.2516251127589184,0.1368297985954804,22,2003-2024,17.32,-13.89,4.389999999999999,1.037751848553835,0.29848118041757865,0.7392706681362564
NUS,2024.0,0.20133699867465354,-1.3827676083190477,2.1472851898944816,-0.6227265963230347,0.22738752393590234,22,2003-2024,17.32,-13.89,4.389999999999999,-0.38347951806897046,-0.3637539615411302,-0.01972555652784025
STLD,2024.0,0.29295075294920125,-0.04431217672460674,-0.839269410416926,0.35314275657589567,0.02494070183519037,22,2003-2024,17.32,-13.89,4.389999999999999,-0.15935210531919658,0.4173533720610922,-0.5767054773802888
FORR,2024.0,0.02999105840154169,-0.18635051253709783,1.2284793640635177,-0.24367303906045118,0.17376739747039993,22,2003-2024,17.32,-13.89,4.389999999999999,-0.12953470759063365,-0.18361788045306007,0.05408317286242642
VSAT,2024.0,0.19030026820707638,-1.5882978875425298,1.2041693142300502,0.11859301820889778,0.28351031452759157,22,2003-2024,17.32,-13.89,4.389999999999999,-0.37690241273917935,-0.24684581016247314,-0.1300566025767062
DGX,2024.0,0.07319748055145243,0.08397803534680696,-0.29937904598972986,-0.12218226123116566,0.0367030957363772,22,2003-2024,17.32,-13.89,4.389999999999999,0.0663280661549894,0.12396242449344472,-0.057634358338455316
LAD,2024.0,0.3019231047419375,0.10866054660349282,-0.6742705307686152,-0.5306219939935245,0.01684992462602808,22,2003-2024,17.32,-13.89,4.389999999999999,0.37329836558008617,0.3911049826011074,-0.01780661702102121
DXPE,2024.0,0.5309553709349653,-0.7590270029267445,0.3937928254717703,1.3784964362314187,0.045108979013965156,22,2003-2024,17.32,-13.89,4.389999999999999,0.7553755246873589,0.40531006412058346,0.35006546056677545
HLIO,2024.0,0.3763518713241939,-1.1221007681008137,2.9493336424183307,0.044206885489141645,0.14045352364324015,22,2003-2024,17.32,-13.89,4.389999999999999,-0.10845394987593178,-0.22571774236979986,0.11726379249386808
CALM,2024.0,0.4356498767830277,-0.36458895310600553,0.8265077999930988,0.28208840945648095,0.006590936502243072,22,2003-2024,17.32,-13.89,4.389999999999999,0.6749571060606586,0.2700848178611656,0.404872288199493
NSP,2024.0,0.20494597277445542,-0.01814039865159339,1.7946511264525105,0.4417655722671122,0.1276755073758381,22,2003-2024,17.32,-13.89,4.389999999999999,-0.18476661021869062,-0.028079477113728026,-0.1566871331049626
CERS,2024.0,0.21237541708886165,-1.4264047560379285,4.362443069761556,0.1292245654774158,0.2388487356005533,22,2003-2024,17.32,-13.89,4.389999999999999,-0.17198081297816104,-0.6349482706223291,0.462967457644168
VCEL,2024.0,0.4579978693755278,-2.1104160787220274,2.164035586973101,-2.4906924301163276,0.13403614422459775,18,2003-2024,17.32,-13.89,4.389999999999999,0.14983518106794208,-0.31745213617179785,0.46728731723973993
MTN,2024.0,0.21004135744323682,-0.3935888805098634,0.6645241230038569,0.11824592077488602,0.037795423388719884,22,2003-2024,17.32,-13.89,4.389999999999999,0.020087735837276105,0.05476035857571025,-0.03467262273843415
CIEN,2024.0,0.07097627530561104,0.3388788822125694,-1.3025220352722244,0.572760093209217,0.08816217788054326,22,2003-2024,17.32,-13.89,4.389999999999999,0.713291706030449,0.3357345764960247,0.37755712953442433
SLGN,2024.0,0.16577056469880563,-0.30795383596377635,0.5015344104286026,0.27986488617650895,0.10853767936926484,22,2003-2024,17.32,-13.89,4.389999999999999,0.19159904682958606,0.05505589920449541,0.13654314762509065
KMX,2024.0,0.19063315506515596,-0.6402907134736515,0.5711609781692233,-0.018773540093649038,0.0754038839969231,21,2004-2024,17.32,-13.89,4.389999999999999,0.06782692394349442,-0.0004236147862967726,0.06825053872979119
GIFI,2024.0,0.044124535833948896,0.09668641183896,0.3572927191305131,0.1332909003359347,0.008418616050412275,22,2003-2024,17.32,-13.89,4.389999999999999,0.07492920236358844,0.017094134201976034,0.05783506816161241
TTWO,2024.0,0.1571792286910704,0.5903844762966047,-0.7744331346800906,0.1950531697710295,0.04807256267054649,21,2003-2024,17.32,-13.89,4.389999999999999,0.13689009752869385,0.3755654165456551,-0.23867531901696126
EMKR,2024.0,-0.04563459616668203,1.6237483010184162,-4.0449498913945,-1.6956921602089778,0.23868137407452983,20,2003-2024,17.32,-13.89,4.389999999999999,1.4953918274030145,0.7230012636512296,0.7723905637517848
BKYI,2024.0,-0.6976704378532823,1.7198839674912263,-2.5794172345580018,-0.12795942357356183,0.9685562345430806,5,2018-2024,17.32,-13.89,4.389999999999999,-0.004298050341846292,-0.047122899498574844,0.04282484915672855
ALV,2024.0,0.20952303791022453,-0.8533470742638022,0.9274924326287428,0.13278917988998257,0.1291355019320699,22,2003-2024,17.32,-13.89,4.389999999999999,-0.15738178785006296,-0.06127592924722813,-0.09610585860283483
RMBS,2024.0,0.2451473222664148,-1.003873233423061,-2.4656672162231703,1.818364154818259,0.48895139200843163,22,2003-2024,17.32,-13.89,4.389999999999999,-0.14738970997665102,0.4935838409674606,-0.6409735509441117
AMZN,2024.0,0.3109461705904888,-0.41714794895759877,-0.27853026578271767,-0.27946120086315474,0.07118205821225576,22,2003-2024,17.32,-13.89,4.389999999999999,0.08828605573170563,0.26511565303035967,-0.17682959729865405
QRVO,2024.0,0.13081816336874924,-0.09490723461560044,-0.9606086788208434,-0.5304423699751151,0.06536718023259436,22,2003-2024,17.32,-13.89,4.389999999999999,-0.4443442408116382,0.22452235577963484,-0.668866596591273
SRPT,2024.0,0.1470453050390192,-0.45160127778298076,-0.16646617740707403,1.3256078923678942,0.05863390135935087,21,2003-2024,17.32,-13.89,4.389999999999999,-0.27742414273689725,0.15014430224380004,-0.4275684449806973
RL,2024.0,0.22347234058549073,-0.6585371131211359,1.1023095011399842,0.35535655109227504,0.08951010141913629,22,2003-2024,17.32,-13.89,4.389999999999999,0.28279987902781645,-0.028096924522482934,0.31089680355029936
MMS,2024.0,0.21860279654945516,-0.7941653012497307,0.6742775962341929,-0.026406943337250355,0.12686270737618577,22,2003-2024,17.32,-13.89,4.389999999999999,-0.16956905082045565,-0.013763056556432866,-0.15580599426402278
INTT,2024.0,0.41365556058709185,-1.8536575518428955,-2.605007244027236,-0.6224288617214107,0.1386061305972136,21,2003-2024,17.32,-13.89,4.389999999999999,-0.17754816404008,0.42711295177371555,-0.6046611158137956
SLP,2024.0,0.4425905913008373,-1.0753254416601328,2.2464804181131623,0.325933461036308,0.0539390637779642,21,2004-2024,17.32,-13.89,4.389999999999999,-0.4725059229838834,-0.04138342633112205,-0.43112249665276137
FIX,2024.0,0.34406526234995305,-0.1461305746612995,-1.0401310232990788,0.12960963103973722,0.045564881108297484,22,2003-2024,17.32,-13.89,4.389999999999999,0.349575044725749,0.4689195087575025,-0.11934446403175347
HLX,2024.0,0.17969899459502348,-0.6514812001182549,0.28496212365014684,1.267282613189068,0.12012553440988183,22,2003-2024,17.32,-13.89,4.389999999999999,-0.2664116018832562,0.0829149184785364,-0.34932652036179257
AROC,2024.0,0.14595571309966152,-0.19045498240630543,-0.3865950790498689,0.13230164939960581,0.011537996427481434,17,2008-2024,17.32,-13.89,4.389999999999999,0.20249572305044933,0.1724750090355589,0.030020714014890426
EGHT,2024.0,0.2562713464658022,-0.9550510269899614,1.9643414246644657,-0.2521269508151518,0.02419786307177907,19,2004-2024,17.32,-13.89,4.389999999999999,0.1557203550380729,-0.19305888843553853,0.34877924347361144
QUIK,2024.0,0.14670872094212237,-0.8974136736196539,0.8395666800140649,-0.4313393271218814,0.06106762603708282,20,2003-2024,17.32,-13.89,4.389999999999999,0.040602589936587524,-0.14427493564340588,0.1848775255799934
CPS,2024.0,0.33531503794660766,-2.383174915718401,-1.2277446585845306,0.5828965709185261,0.37429804526401933,17,2003-2024,17.32,-13.89,4.389999999999999,0.04305222473816073,0.11867203508489524,-0.07561981034673451
ORKA,2024.0,-0.11286874152865992,-0.7302431754085513,-0.08084797116868588,0.16397700167002,0.02881087935582649,18,2003-2024,17.32,-13.89,4.389999999999999,-0.3415486075735722,-0.22091848594077665,-0.12063012163279555
BFAM,2024.0,0.30209405252662364,-1.3271655404368994,1.6364496628519258,-0.6974963260606974,0.2860882578035643,16,2003-2024,17.32,-13.89,4.389999999999999,-0.03998654570815328,-0.1856939659612444,0.14570742025309114
AEHR,2024.0,0.4967527462138044,-0.5358583880002067,-5.0470622301575725,6.053997787819638,0.5060080920368509,21,2003-2024,17.32,-13.89,4.389999999999999,0.4418275932439234,1.3707495200663375,-0.9289219268224141
PSMT,2024.0,0.21390514760702736,-0.42103574977564145,1.3532748758578799,0.29306900766323934,0.05729578884669495,22,2003-2024,17.32,-13.89,4.389999999999999,0.09546655443707898,-0.03412239507435702,0.129588949511436
VTSI,2024.0,0.6699278070713085,-3.0743722270295413,1.4792316311013969,-1.3850358034565717,0.810687948847539,6,2019-2024,17.32,-13.89,4.389999999999999,-0.1692176942064315,-0.12882180798193554,-0.04039588622449597
OMEX,2024.0,0.07522445015084142,-0.2692325934515885,2.601244005409726,0.10013125789622324,0.06498061573910652,20,2005-2024,17.32,-13.89,4.389999999999999,-0.8994405670452724,-0.32832366516474043,-0.571116901880532
SIGA,2024.0,0.2242465611959574,-0.7907489215670683,1.724393544395845,-0.5058095561472797,0.0771591057963944,18,2003-2024,17.32,-13.89,4.389999999999999,-0.25515015994208246,-0.17443445485090725,-0.0807157050911752
PETS,2024.0,0.10761010237989087,-0.1290116597298948,-2.487261437542483,-0.3015910572002573,0.1864534139552284,20,2005-2024,17.32,-13.89,4.389999999999999,0.14314171694494449,0.41750604917823264,-0.27436433223328816
YUM,2024.0,0.16207524165152223,-0.2582662508300596,0.9521157621349775,0.12635177615904422,0.17455937903482222,22,2003-2024,17.32,-13.89,4.389999999999999,-0.024034018562578686,-0.009358509379410433,-0.014675509183168253
FARO,2024.0,0.2276987962371911,-0.4614120559594195,1.5391381406065803,-0.320435295638607,0.030610125029939317,22,2003-2024,17.32,-13.89,4.389999999999999,0.5380175680879568,-0.08007116906376915,0.6180887371517259
PLCE,2024.0,0.11994523781630323,-0.6451174081572641,1.5968788327602659,-1.2620298126640934,0.15939881114710874,22,2003-2024,17.32,-13.89,4.389999999999999,0.23803001843089183,-0.2689986759228895,0.5070286943537814
LSAK,2024.0,-0.13695643473501673,0.9266177639766384,-0.560927222959278,-0.28779438309691346,0.15385720982726248,18,2007-2024,17.32,-13.89,4.389999999999999,0.11754842462881206,0.08881237983682624,0.028736044791985813
INVE,2024.0,0.02778285389018492,-0.08888901485023912,-1.8417162317764153,-2.0124434756871317,0.168206659541006,20,2003-2024,17.32,-13.89,4.389999999999999,-0.1958191584166049,0.1798553925292025,-0.3756745509458074
NRC,2024.0,0.3932578098363929,-2.009901260729676,2.0118066833729698,0.4274318091566932,0.20934532909496084,11,2014-2024,17.32,-13.89,4.389999999999999,-0.2690632162391884,-0.2155327804205136,-0.05353043581867478
SRI,2024.0,0.18086595045588139,-1.0231774957156525,1.5375151523097264,0.2898416588624868,0.08659741296562251,22,2003-2024,17.32,-13.89,4.389999999999999,-0.6541237787429487,-0.19718519763382744,-0.4569385811091212
OSIS,2024.0,0.17346461317913128,-0.4795777974459092,0.5511881834064872,0.07374024809601624,0.06398038282679075,22,2003-2024,17.32,-13.89,4.389999999999999,0.17051536733245465,0.017078896877753845,0.1534364704547008
CHRW,2024.0,0.12135025128357248,-0.14177276925613483,0.6704560429105773,0.4221021523876587,0.11676079665919159,22,2003-2024,17.32,-13.89,4.389999999999999,0.13917447846918152,0.02219914777794896,0.11697533069123256
CHH,2024.0,0.18167722281645793,-0.21484918148344168,0.27643400303461396,-0.14031007106825746,0.013807447232266123,22,2003-2024,17.32,-13.89,4.389999999999999,0.15128260006159866,0.09990904944212145,0.05137355061947721
CWST,2024.0,0.24990198925116303,-0.45126950690097795,0.9058424413767223,0.07550375348017666,0.03579835912162388,23,2003-2024,17.32,-13.89,4.389999999999999,0.019435873596373332,0.04923521032646669,-0.029799336730093356
GPI,2024.0,0.20560561455667734,0.04182253385093017,-1.162634776074125,0.0074871785737891106,0.0387996049922803,22,2003-2024,17.32,-13.89,4.389999999999999,0.37415825726317803,0.37466793495574374,-0.0005096776925657132
SNDA,2024.0,-0.027953560589131947,0.40230685194167637,0.6974297697061023,-1.6596347740145434,0.08439478259013189,18,2006-2024,17.32,-13.89,4.389999999999999,-0.20770738479377188,-0.12800497542424963,-0.07970240936952225
YHGJ,2024.0,0.41370572773064607,-3.7263845527840136,3.525110771097679,0.48556636122405505,0.5056316511998384,21,2003-2024,17.32,-13.89,4.389999999999999,-0.6101810065062766,-0.7000255996592766,0.08984459315299997
MTD,2024.0,0.24226726687666078,-0.61583675623024,0.6281380193940658,-0.2842422849729036,0.11155634758899358,22,2003-2024,17.32,-13.89,4.389999999999999,-0.17141699032112173,0.03587773349343701,-0.20729472381455874
SAH,2024.0,0.08157429566493167,0.13088630360473125,-0.8562501008374926,0.2068975657217555,0.0586300905848951,22,2003-2024,17.32,-13.89,4.389999999999999,0.12846951168226445,0.23225974559078388,-0.10379023390851944
CTHR,2024.0,0.11469278258834034,-1.3142404757051676,5.3421518164336215,-0.1709251503109609,0.188138902108131,18,2003-2024,17.32,-13.89,4.389999999999999,-0.2692031608766528,-0.8624621692050759,0.593259008328423
GEOS,2024.0,0.3051405431835138,-1.8157301299288424,1.6668524793884831,1.5710760376782007,0.29298367327953456,22,2003-2024,17.32,-13.89,4.389999999999999,0.06883245089852688,-0.17189948665314903,0.2407319375516759
NOTV,2024.0,-0.010240311042310157,2.2586204029973715,-5.37331510825141,-3.7004992674839166,0.27986008783696303,19,2003-2024,17.32,-13.89,4.389999999999999,1.4469932190711183,0.9648542934504116,0.4821389256207067
ASRT,2024.0,0.03287700534902995,-0.12570404790735432,1.8713543424944445,4.15391230783215,0.4751797203269582,21,2003-2024,17.32,-13.89,4.389999999999999,-0.3444810234054271,-0.06646930360717082,-0.27801171979825623
POWI,2024.0,0.11184649769256014,-0.3783074441447741,-0.32942175225055376,-0.10330418091376925,0.09222934032610464,21,2003-2024,17.32,-13.89,4.389999999999999,-0.1624917497727999,0.08754527621217273,-0.2500370259849726
BRTX,2024.0,-0.15284835808166444,-1.5384649884960526,-0.1561694314989952,1.254462856930408,1.0,3,2022-2024,17.32,-13.89,4.389999999999999,-0.34254764063472554,-0.3425476406347254,-1.1102230246251565e-16
URI,2024.0,0.3195987285656019,-0.14817267016765975,-0.20203507405279889,0.7170491434893858,0.028564403938769023,22,2003-2024,17.32,-13.89,4.389999999999999,0.046702145751587834,0.353476351277681,-0.3067742055260932
OVLY,2024.0,0.2801018152886846,-0.8642224295756707,0.5166771881754406,0.32935943414097535,0.12465684478701555,15,2010-2024,17.32,-13.89,4.389999999999999,0.13368192391342043,0.07311090820739855,0.060571015706021886
LIVE,2024.0,0.21647807957649007,2.3433820019256615,-1.8831960416914788,-4.791240719691849,0.15559856194322974,15,2009-2024,17.32,-13.89,4.389999999999999,-0.6357865765978105,0.6735923049064889,-1.3093788815042995
SCS,2024.0,0.08186839461825843,-0.2177679249232158,0.9733345083256872,-0.48333116039338436,0.08724729952000654,22,2003-2024,17.32,-13.89,4.389999999999999,-0.11401575571965511,-0.11226341112615007,-0.0017523445935050397
MPU,2024.0,0.40683067033239567,-1.9669029420877882,2.426208295348765,-2.7901200784044535,0.23739664766164137,22,2003-2024,17.32,-13.89,4.389999999999999,-0.48649771022349575,-0.3933235229031081,-0.09317418732038762
FXNC,2024.0,-0.0951902375236292,1.2418497624286475,-2.4435242718185557,-0.6681810224464826,0.6231754146856379,5,2020-2024,17.32,-13.89,4.389999999999999,0.490520763345223,0.4299705157992093,0.06055024754601368
RMTI,2024.0,0.3646413604463794,-0.6903713823517078,-2.180141742557126,6.0270072313433944,0.6457018756754738,21,2003-2024,17.32,-13.89,4.389999999999999,0.1121090764814681,0.8124763425202233,-0.7003672660387552
VRSN,2024.0,0.18937867782221635,-0.2930136908618655,1.11503562777382,0.313867227817968,0.11230159450654242,22,2003-2024,17.32,-13.89,4.389999999999999,0.11702470064278121,-0.0024709708316335687,0.11949567147441478
IESC,2024.0,0.08575087729401772,0.8788107274222849,-3.6687604829125195,-1.1786851034683117,0.2699373180204413,22,2003-2024,17.32,-13.89,4.389999999999999,0.3953484742440497,0.6958074503178475,-0.30045897607379785
PRDO,2024.0,0.12502310156337632,-0.48304033666502133,-0.20518875766514658,-0.0793416229178589,0.03159938292717446,22,2003-2024,17.32,-13.89,4.389999999999999,0.2020439620969111,0.06637813644658948,0.13566582565032165
MRCY,2024.0,0.09802199149004215,-0.10673693812164371,0.5618511734447736,-0.5025731421286513,0.035117569096069556,22,2003-2024,17.32,-13.89,4.389999999999999,0.5091489207966221,-0.020568935123553383,0.5297178559201755
PWR,2024.0,0.19378781943202464,0.37690513475731713,-0.5791081839024754,0.16478777112861487,0.024370254476114628,22,2003-2024,17.32,-13.89,4.389999999999999,0.19766273269546614,0.346740098668592,-0.14907736597312587
COFS,2024.0,0.184062944146394,-0.2488259258546502,-0.7574316830754831,-0.6481060902472072,1.0,4,2021-2024,17.32,-13.89,4.389999999999999,0.21772169720570078,0.2177216972057008,-2.7755575615628914e-17
CNXN,2024.0,0.12137987295149262,0.28178607909095393,0.17558981852426447,0.24419212023636522,0.03317986818547802,22,2003-2024,17.32,-13.89,4.389999999999999,0.03495795891169429,0.15651583013540193,-0.12155787122370765
SRDX,2024.0,-0.04122533370617533,0.9162638798915717,0.14772947214653567,-0.37836980227207145,0.15548756784736018,22,2003-2024,17.32,-13.89,4.389999999999999,-0.1050229616053811,0.08034151229014713,-0.18536447389552824
CIX,2024.0,0.281226761727604,-1.2835916267803469,1.997884506067586,-0.7027950895779347,0.2414603889750736,22,2003-2024,17.32,-13.89,4.389999999999999,0.10801478210686348,-0.24945017035601108,0.3574649524628746
OSPN,2024.0,0.3261498972729576,0.2603550530670789,1.861468008823426,1.8395505003982153,0.10218368282135348,22,2003-2024,17.32,-13.89,4.389999999999999,0.39919658862084173,0.19344175300608346,0.20575483561475827
INO,2024.0,-0.22953236183333459,3.5220759843245584,-9.707084627241066,-3.4352581628055696,0.17117597639897875,16,2004-2024,17.32,-13.89,4.389999999999999,-0.8204960766664712,1.5779974200282982,-2.3984934966947695
TPB,2024.0,0.30938839722600375,-0.08622380269365656,0.08224024565200078,-1.0633438533795518,0.10498170017838382,8,2017-2024,17.32,-13.89,4.389999999999999,0.8311003748878177,0.23635046931503717,0.5947499055727805
PAYS,2024.0,0.22775979219364512,-2.097940829066966,1.0493992832733388,0.6498657529247799,0.31887346185243204,6,2019-2024,17.32,-13.89,4.389999999999999,-0.3462852176038623,-0.25283601329402233,-0.09344920430984
COLM,2024.0,0.14101028090740547,-0.5694077380655647,0.9462009670449208,0.21988797161401147,0.10391606117481578,22,2003-2024,17.32,-13.89,4.389999999999999,0.021956927411993662,-0.07938537169423474,0.1013422991062284
CYTH,2024.0,-0.09717166346575334,-1.8670978219577756,0.8395561852931008,-1.0306926673642645,1.0,4,2021-2024,17.32,-13.89,4.389999999999999,-0.5824147684633431,-0.582414768463343,-1.1102230246251565e-16
LWLG,2024.0,-0.4105030629666968,-0.3459219689302721,-0.5662891484313015,1.073313879119441,1.0,3,2022-2024,17.32,-13.89,4.389999999999999,-0.3446407059749688,-0.3446407059749687,-1.1102230246251565e-16
NTWK,2024.0,-0.16745706180473743,0.47351612508666047,-0.1889132995118155,-0.755004533995928,0.07949522513889307,18,2004-2024,17.32,-13.89,4.389999999999999,-0.015484385245418744,-0.09234871067995791,0.07686432543453917
FNWD,2024.0,-0.20586817917428918,1.4651614762280267,-0.5066926339192969,-0.21836164469248853,1.0,3,2022-2024,17.32,-13.89,4.389999999999999,0.10869131915779522,0.10869131915779512,9.71445146547012e-17
MRKR,2024.0,1.4302183937882413,-7.7227628897327145,5.387796261371614,1.083638407225719,0.27181167049934385,7,2017-2024,17.32,-13.89,4.389999999999999,-0.4742387321762765,-0.6081573133407728,0.13391858116449634
FGBI,2024.0,-0.045193013482942246,0.9998637940161016,-0.02765050155864235,-0.7662595170615439,0.2092943035587751,9,2016-2024,17.32,-13.89,4.389999999999999,0.22584257632295995,0.09818525750814018,0.1276573188148198
MANH,2024.0,0.24155480655277062,-0.18409767141839478,-0.7480112878933448,0.04240779272006567,0.048186405887588823,22,2003-2024,17.32,-13.89,4.389999999999999,0.04852620479285813,0.3154295598519011,-0.26690335505904295
CRAI,2024.0,0.07526472773809251,0.6577165859486895,-0.48474245535321214,-0.5993448131872253,0.0809797033121642,22,2003-2024,17.32,-13.89,4.389999999999999,0.04544644337460145,0.2302007301740475,-0.18475428679944605
AMKR,2024.0,0.19089252250454747,-0.2725382893077647,-1.811039760369399,0.8034716391638869,0.10527847344471708,22,2003-2024,17.32,-13.89,4.389999999999999,-0.39117161870513184,0.4305147184710467,-0.8216863371761786
IOSP,2024.0,0.2670011106198273,-0.26466609218037895,1.81021598805716,1.0841410420850652,0.09588921008307405,22,2003-2024,17.32,-13.89,4.389999999999999,-0.1505252412629713,0.017315734460580504,-0.16784097572355178
AXTI,2024.0,0.4572245789385897,-2.7881413604446688,2.9936860004294394,-0.9578078457485065,0.2831217624126836,22,2003-2024,17.32,-13.89,4.389999999999999,-0.4049692685819213,-0.4835522545784355,0.0785829859965142
AWX,2024.0,0.09824968987010767,0.11553294914074652,-0.14710093027698556,-1.1930109535982205,0.07835848699481984,22,2003-2024,17.32,-13.89,4.389999999999999,0.7121092845964972,0.0863191350137964,0.6257901495827008
CLAR,2024.0,0.2923198481403073,-1.6857241883850145,2.2144880077186184,-2.004869652237668,0.34510484863435953,14,2003-2024,17.32,-13.89,4.389999999999999,-0.3692484425573247,-0.3952537432933269,0.026005300736002213
CATC,2024.0,-0.05015528595241363,0.3945042086787713,0.25708974388098116,-0.9516609844430464,0.6136089529087603,7,2018-2024,17.32,-13.89,4.389999999999999,0.05914083365994667,-0.059314839651368446,0.11845567331131512
HCKT,2024.0,0.17899334391904148,0.4204513695443396,0.004464962185335569,0.19056180348708665,0.016860380004668607,22,2003-2024,17.32,-13.89,4.389999999999999,0.37839225503723783,0.2595610010496611,0.11883125398757671
HZO,2024.0,0.17739881391072032,-0.8106894634255977,1.2066511442279664,-1.1674253382933315,0.16103652467237262,22,2003-2024,17.32,-13.89,4.389999999999999,-0.15263454941964646,-0.18186641743893495,0.02923186801928848
MSTR,2024.0,0.4643269722214648,0.28756509293158034,-2.6718259665640094,-3.578618220353563,0.1831845836576519,22,2003-2024,17.32,-13.89,4.389999999999999,1.0555541121985355,0.7281485331994341,0.3274055789991014
CXDO,2024.0,-0.11049803842242996,0.7903608877426057,-1.105343695842554,-0.2668051247133523,0.0742510155446976,13,2006-2024,17.32,-13.89,4.389999999999999,0.615976355622116,0.1682119617122039,0.4477643939099121
CTSH,2024.0,0.2841063121396791,-0.9966017061046907,2.2254842071010548,0.452108184318484,0.2768380773652638,22,2003-2024,17.32,-13.89,4.389999999999999,0.09249445240336941,-0.17777731043240838,0.2702717628357778
RH,2024.0,0.3357739634186473,-0.3543042382442568,-4.182107495575714,-1.5022258764476524,0.35384954995653584,11,2014-2024,17.32,-13.89,4.389999999999999,0.5631872534291883,0.7893554845141566,-0.2261682310849683
TSQ,2024.0,0.33896231108842967,-2.4915818423100786,0.48691410267968804,-1.960491715085453,0.37361202350636236,10,2015-2024,17.32,-13.89,4.389999999999999,-0.18705397585806838,-0.24627761915413596,0.05922364329606758
CMLS,2024.0,-0.1332545875743341,-0.20072436649354758,1.5113897358769404,-1.958945658223734,0.11472738087620493,18,2003-2024,17.32,-13.89,4.389999999999999,-0.7185493386621941,-0.4639497965603454,-0.25459954210184865
RSG,2024.0,0.15870678368073315,-0.20972231067164868,0.5620198963601959,-0.1595605029802037,0.10602824393761323,22,2003-2024,17.32,-13.89,4.389999999999999,-0.005894662806183344,0.03731360978714146,-0.043208272593324805
FMAO,2024.0,-0.2819887206993602,2.1360868632925527,-0.6998295236297317,0.3210452974632635,0.7292434800934913,7,2018-2024,17.32,-13.89,4.389999999999999,0.2515747661820386,0.19928173341371694,0.05229303276832167
LEU,2024.0,0.1671619298989769,-0.056458230385955106,-2.503234090730331,-1.3718378894325904,0.16649917667074665,20,2003-2024,17.32,-13.89,4.389999999999999,0.511147869606359,0.4448588962524818,0.06628897335387723
MTEX,2024.0,-0.04486625871702366,1.1441175874706375,-0.9341520022229062,-0.8769301939406928,0.12078247102737338,21,2003-2024,17.32,-13.89,4.389999999999999,0.9309271561411375,0.244551385027656,0.6863757711134815
FNCB,2024.0,0.32021529780889213,-2.008969522300811,4.094052221135252,-0.9128145897034169,0.9908628286814084,5,2019-2024,17.32,-13.89,4.389999999999999,,-0.6364746374572748,
EBAY,2024.0,0.10896226594954224,0.015854509315805093,-0.6165652422919994,-0.5436448219748912,0.08724243171958901,22,2003-2024,17.32,-13.89,4.389999999999999,0.11643068079098938,0.17348317143270067,-0.05705249064171129
SWBI,2024.0,0.23492260537512977,0.5191584941986833,-0.07121296319994252,-1.362954719809018,0.06584159277554291,21,2004-2024,17.32,-13.89,4.389999999999999,-0.3204321929326239,0.27489862495919787,-0.5953308178918217
VABK,2024.0,-0.04483412582383776,0.5918238850131188,-0.4728872596264721,0.3113411613653739,1.0,3,2022-2024,17.32,-13.89,4.389999999999999,0.13702168840649132,0.1370216884064913,2.7755575615628914e-17
TRAK,2024.0,0.25549770807011396,-0.44385939267171853,-1.8741072935719703,1.24290390596129,0.2824404453803311,23,2006-2024,17.32,-13.89,4.389999999999999,0.40285253284758926,0.49349824580821966,-0.0906457129606304
USIO,2024.0,0.7975796301184698,-4.296906586557154,4.996725072429658,-3.7973893235333325,0.5930140013915941,9,2016-2024,17.32,-13.89,4.389999999999999,-0.09273250963570231,-0.807395094536822,0.7146625849011197
SNBR,2024.0,0.09805887172544042,-0.009955922731283401,-0.8682525461214886,-1.1014742609301684,0.07016865475017264,21,2003-2024,17.32,-13.89,4.389999999999999,0.5454973648118325,0.16858006450982252,0.37691730030201
OBT,2024.0,0.3525663367286449,-0.7511404774324146,1.1342897392438744,-1.1907647435323865,1.0,3,2022-2024,17.32,-13.89,4.389999999999999,0.012641389015304788,0.012641389015304802,-1.3877787807814457e-17
GDEN,2024.0,0.21760388434118608,0.5772043080278987,-0.2745337369226952,-3.121770665815447,0.1619384027952374,21,2003-2024,17.32,-13.89,4.389999999999999,-0.01514385120632928,0.2186626743208824,-0.23380652552721168
NVDA,2024.0,0.5284035075254558,0.011303754117323516,-3.8565509667606133,0.10218110197865848,0.17645322744283776,22,2003-2024,17.32,-13.89,4.389999999999999,0.04020494486379285,1.0705219973984885,-1.0303170525346956
AXL,2024.0,0.17847613056602302,-1.6278887259397652,2.2030563919397257,0.05370905487462785,0.24353116032729027,22,2003-2024,17.32,-13.89,4.389999999999999,-0.21293290446528984,-0.40712090209817603,0.1941879976328862
KFY,2024.0,0.22122379506137818,-0.35797548741651974,0.6244532907453599,-0.7712071743419349,0.04605389140078442,22,2003-2024,17.32,-13.89,4.389999999999999,-0.02679108813746331,0.03862988360269553,-0.06542097174015885
NXPL,2024.0,-0.4007430240279481,0.2887048554002136,-1.5280657639019508,2.084486204258032,1.0,3,2022-2024,17.32,-13.89,4.389999999999999,-0.046982064099722456,-0.046982064099722554,9.71445146547012e-17
MKSI,2024.0,0.150779766160134,-0.33773824310182826,-0.1176117163303334,-0.5011889645031353,0.08015402784052583,22,2003-2024,17.32,-13.89,4.389999999999999,-0.24452227274342853,0.08661757431149303,-0.33113984705492155
BKNG,2024.0,0.40636890985667007,-0.7465554279106765,0.687765639200357,0.8617159629898423,0.0890804576284231,22,2003-2024,17.32,-13.89,4.389999999999999,0.21201531976902788,0.21936419323286538,-0.007348873463837502
TREX,2024.0,0.19524389610299173,-0.21659516117420988,-1.1629211497997585,-0.8812039701723542,0.18508213357034786,22,2003-2024,17.32,-13.89,4.389999999999999,-0.11565379706820884,0.2805745076042387,-0.3962283046724475
EXTR,2024.0,0.30540215800073245,-1.2450735409905758,-2.428765921791452,0.6555829752751965,0.23457295127573963,22,2003-2024,17.32,-13.89,4.389999999999999,0.1976297061884879,0.4558910998525786,-0.2582613936640907
HSII,2024.0,0.16009697851155485,-0.24919218933518972,0.3142976415897587,-0.7177697859299506,0.04619843043314953,22,2003-2024,17.32,-13.89,4.389999999999999,0.366154665242376,0.04177085529955771,0.3243838099428183
CNX,2024.0,0.11340778257322212,0.7438787741680162,-0.6301242699785565,0.726211513571753,0.07607318014463105,22,2003-2024,17.32,-13.89,4.389999999999999,0.4620714094066939,0.3616525328049439,0.10041887660174997
UONE,2024.0,-0.17932373051171097,3.6949294055472377,-10.921565132288034,-0.9904630297326005,0.1398115101568589,20,2003-2024,17.32,-13.89,4.389999999999999,-0.2731124031830469,1.9341621123986172,-2.207274515581664
UONEK,2024.0,-0.08541161325525162,-0.0035684530023127998,0.0246471067558228,-0.16513308484364345,0.0013193032179006359,20,2003-2024,17.32,-13.89,4.389999999999999,-0.38364824680419013,-0.09670249486827193,-0.2869457519359182
WCC,2024.0,0.3691373426183088,-0.9770702644545479,1.324960400428748,-0.1838726205868551,0.04464218966042788,22,2003-2024,17.32,-13.89,4.389999999999999,0.09999018124365876,0.007799765151465042,0.09219041609219372
LOAN,2024.0,0.13926351756131272,-0.2082249899411857,-0.1452341839054493,-0.7606701429317989,0.06219607505814506,19,2003-2024,17.32,-13.89,4.389999999999999,0.11258787283195824,0.0899785581732603,0.02260931465869795
FFIV,2024.0,0.3046181701150449,-1.1265654450594726,2.0220095292099556,0.21007216337848833,0.2579868732408984,22,2003-2024,17.32,-13.89,4.389999999999999,0.41310118644828636,-0.16213792060420296,0.5752391070524894
SKX,2024.0,0.5188918053003573,-2.4054248561313964,2.7514333077511273,-0.16615027500120627,0.2113121097552978,22,2003-2024,17.32,-13.89,4.389999999999999,-0.07418001055499553,-0.2871958633007851,0.2130158527457896
GEG,2024.0,0.0016892401136359564,-0.8058124996784064,1.8427637597161146,-0.20216952533478738,0.1413819209243421,21,2003-2024,17.32,-13.89,4.389999999999999,-0.041425517767878846,-0.4027126132174295,0.3612870954495507
UTHR,2024.0,0.1332694424113134,0.7166523088380915,-0.22974845292583307,-0.14993008554722778,0.0816834403256117,22,2003-2024,17.32,-13.89,4.389999999999999,0.06066263834559796,0.2827237516579457,-0.22206111331234776
JNPR,2024.0,0.12582664183776424,-0.4191251453011642,0.4388187609943508,0.11462228128039695,0.037276895690451894,22,2003-2024,17.32,-13.89,4.389999999999999,-0.007946347149571514,-0.002685841082303293,-0.005260506067268221
AIOT,2024.0,0.04769511793107892,0.16691176351986295,-1.2348522794488355,-0.08331705789247446,0.058171743116358976,22,2003-2024,17.32,-13.89,4.389999999999999,0.4103485311710269,0.24446759814668279,0.1658809330243441
ZD,2024.0,0.13968199415275842,-0.17058164607355147,-0.06590739815364516,-0.552873836037888,0.043243334864398686,22,2003-2024,17.32,-13.89,4.389999999999999,-0.059878380835323326,0.09502062925429734,-0.15489901008962068
HOFT,2024.0,0.16533303676621133,-0.4209413148432816,-1.3907232306027095,-0.7722112921255981,0.19778048910514978,21,2003-2024,17.32,-13.89,4.389999999999999,-0.051045481955893895,0.25169738204175757,-0.3027428639976515
BMRN,2024.0,0.09245339243677382,0.6364486578627979,-0.16315629393730552,0.9559742542229002,0.13800460875870557,22,2003-2024,17.32,-13.89,4.389999999999999,-0.24860838948879382,0.26731597896688747,-0.5159243684556813
LII,2024.0,0.28311925213595146,-0.6392240954869479,-0.30104154429867624,-0.2605258779326026,0.2129037973358442,22,2003-2024,17.32,-13.89,4.389999999999999,0.09626080938666566,0.20278322325945697,-0.10652241387279131
PRFT,2024.0,0.36304629688652656,-0.7301995522402409,2.651262121900082,-0.5936584064926803,0.11096113549176867,22,2003-2024,17.32,-13.89,4.389999999999999,-0.030803046042442866,-0.1577461783384332,0.12694313229599036
FLWS,2024.0,0.04113058237571076,0.326829435169693,-0.00750348296528075,-0.8058670612206572,0.06841102675103505,22,2003-2024,17.32,-13.89,4.389999999999999,-0.18878804989183295,0.06340211034339224,-0.2521901602352252
NTCT,2024.0,0.12048226943961565,-0.27106872101172025,0.42720433893466825,0.7061519574693483,0.09481765425843403,22,2003-2024,17.32,-13.89,4.389999999999999,0.13727244178090148,0.045194555215264665,0.09207788656563681
SWKH,2024.0,-0.016905682078000875,-0.16852095988295088,0.4688735464363963,-0.05175306325304699,1.0,4,2021-2024,17.32,-13.89,4.389999999999999,-0.11349200740655216,-0.11349200740655217,1.3877787807814457e-17
EGAN,2024.0,0.8051584268342632,-1.359397599346592,6.5551068821177285,1.4214875688437232,0.05092798281795485,12,2013-2024,17.32,-13.89,4.389999999999999,-0.05965976491681691,-0.27839027902647956,0.21873051410966265
TKO,2024.0,0.15999840002084773,-0.17361034902517752,0.09192180669496022,0.5896730842824767,0.015126585389617309,26,2003-2024,17.32,-13.89,4.389999999999999,0.2689736054327274,0.14304779701975773,0.1259258084129697
AKAM,2024.0,0.427961285550606,-1.7241128652082063,1.8256182834278711,0.3726468547120738,0.10300977267007483,22,2003-2024,17.32,-13.89,4.389999999999999,0.014852886868588058,-0.10787424534972657,0.12272713221831463
GAIA,2024.0,0.06172383281303136,0.2300068517824311,-0.5519571265919199,-0.24571906453955178,0.013422770060859679,22,2003-2024,17.32,-13.89,4.389999999999999,-0.028841024478372602,0.16744079749207977,-0.19628182197045238
PLUG,2024.0,-0.09248208913190475,0.6213357399999819,-3.137144111476917,-4.070901765172145,0.31452607294835633,19,2003-2024,17.32,-13.89,4.389999999999999,-0.13281679463567037,0.2721699906291788,-0.40498678526484916
NEO,2024.0,0.6394063905684174,-2.8487670192867367,0.4162685427202539,-0.3237272901604764,0.5200515755833486,12,2013-2024,17.32,-13.89,4.389999999999999,0.1411942688754121,0.07396861420606649,0.0672256546693456
IDN,2024.0,0.05539431439552453,-0.18796199386128054,-1.3064448576588528,-0.8360848686310588,0.07379571984382727,20,2003-2024,17.32,-13.89,4.389999999999999,-0.22826773362329078,0.16760036205466192,-0.39586809567795267
KTOS,2024.0,-0.04301582373312221,0.6833241622447689,-2.5413202647517523,-0.9313673907774381,0.13311803907582942,21,2003-2024,17.32,-13.89,4.389999999999999,0.27135948382247094,0.38743827748656057,-0.11607879366408963
CHTR,2024.0,0.10631623691901365,0.037253667570927504,-0.15464758893214725,-0.08919965546311026,0.0005068581321475696,20,2003-2024,17.32,-13.89,4.389999999999999,0.09956042445579628,0.130333257370143,-0.030772832914346723
EXPE,2024.0,0.17705593698567898,0.04761467248772385,-0.039391733530952544,-0.4137074746282319,0.0169072817266398,20,2003-2024,17.32,-13.89,4.389999999999999,0.43194374031829047,0.17261255191182268,0.2593311884064678
IMMR,2024.0,0.29811054047840657,-1.0419063264676285,0.6714563609273544,0.5446944491328809,0.05851040532997309,22,2003-2024,17.32,-13.89,4.389999999999999,-0.11100659693225993,0.04829916251833728,-0.15930575945059722
A,2024.0,0.17874955797490216,-0.43435158262584017,0.39075562616001136,-0.21342218938360147,0.04669835057833238,22,2003-2024,17.32,-13.89,4.389999999999999,-0.005117885308080106,0.03987467327654097,-0.044992558584621076
TDY,2024.0,0.17401552684759047,0.06645319003649745,0.7071260711362716,0.07954652459023703,0.0794828396011169,22,2003-2024,17.32,-13.89,4.389999999999999,0.14929144752010876,0.09079750051059511,0.058493947009513644
DMRC,2024.0,0.27150727930876634,-1.0697777515144553,-0.7452808834095708,0.46748892457063385,0.14081925996177314,22,2003-2024,17.32,-13.89,4.389999999999999,0.16069568786501176,0.21026405124070285,-0.049568363375691094
PKG,2024.0,0.17965903901823993,-0.11893056913617087,-0.35237559608568797,-0.302126723531626,0.04545702163666787,22,2003-2024,17.32,-13.89,4.389999999999999,0.20024625864706125,0.1947418715771188,0.00550438706994244
ZYXI,2024.0,-0.09870995582430339,-0.7057602207759952,-0.3734582054991278,0.3623913729542909,0.7874641836313441,5,2020-2024,17.32,-13.89,4.389999999999999,-0.1875397861935449,-0.15316530004618353,-0.034374486147361355
AGEN,2024.0,-0.20301162858773875,0.558526030639313,-0.9133917901834452,-0.9637876380516466,0.07044885284637925,20,2003-2024,17.32,-13.89,4.389999999999999,-0.8833989694418848,-0.021715077734996466,-0.8616838917068883
CHRD,2024.0,0.23312796619121492,-1.3042714965803657,1.9140582035604528,1.361477403626716,0.16528010464730258,11,2003-2024,17.32,-13.89,4.389999999999999,-0.3298554112184631,-0.19886568347183842,-0.1309897277466247
SLAB,2024.0,0.11572744142040522,-0.27791163858495693,-0.515528837199398,-0.14142223347961036,0.07633398561343863,22,2003-2024,17.32,-13.89,4.389999999999999,0.07586072497761927,0.13299166505473217,-0.057130940077112904
EW,2024.0,0.20868835568690114,-0.4485060470806319,1.4462760246735704,-0.49804617980844357,0.23279923464742214,22,2003-2024,17.32,-13.89,4.389999999999999,-0.24553081331962928,-0.0917448587882139,-0.1537859545314154
EPC,2024.0,0.07054397909260364,-0.22584738198203516,0.3288956713998397,0.18274187365500513,0.01713946532887911,22,2003-2024,17.32,-13.89,4.389999999999999,-0.20375403149428611,-0.006234027970667863,-0.19752000352361826
RIGL,2024.0,-0.04704342610243592,1.045712594438621,-2.370589981188301,-0.7471021969425309,0.1316341390121739,22,2003-2024,17.32,-13.89,4.389999999999999,0.9992492404704204,0.43055115719561116,0.5686980832748092
HSTM,2024.0,0.2186068520601709,-0.47541320807623544,2.656602369015368,0.1826913166055507,0.16336348593075667,22,2003-2024,17.32,-13.89,4.389999999999999,0.09486756667141215,-0.22471663583588403,0.3195842025072962
DNUT,2024.0,-0.21147445994349762,-0.012942126428097535,-0.46554414303256353,0.702080804633718,1.0,3,2022-2024,17.32,-13.89,4.389999999999999,-0.1182306074502008,-0.11823060745020084,4.163336342344337e-17
LXRX,2024.0,-0.018156882777008235,-0.8265813925576398,0.6082972191371958,-1.3374240475188772,0.19082599976657877,22,2003-2024,17.32,-13.89,4.389999999999999,-0.6073978431469818,-0.3045261793922266,-0.30287166375475516
EXEL,2024.0,0.18669684473626133,0.0587258786404188,-0.9013006300268357,0.47204728106689486,0.019757609273419297,22,2003-2024,17.32,-13.89,4.389999999999999,0.4349956841935361,0.342781700066346,0.09221398412719012
ON,2024.0,0.2543273945787846,-0.4395024169948632,-0.009401844388999048,0.9378241087723086,0.09705743662892896,22,2003-2024,17.32,-13.89,4.389999999999999,-0.12721453330260618,0.22068197051601063,-0.3478965038186168
FYBR,2024.0,0.06786446409224131,1.211572470689706,-0.17658810647607476,-0.5416619321130924,1.0,3,2022-2024,17.32,-13.89,4.389999999999999,0.2784579451854604,0.2784579451854604,0.0
CEVA,2024.0,0.17141551155785506,-0.5009450924060733,-0.6132537597415929,-0.21812604309003833,0.06221114600576638,22,2003-2024,17.32,-13.89,4.389999999999999,0.5885825233832614,0.16025703548957773,0.42832548789368374
ISSC,2024.0,0.2507852749359181,-0.630176640213233,0.745708143835276,-0.28685980821515744,0.022812884787323906,22,2003-2024,17.32,-13.89,4.389999999999999,0.3763516914827945,0.025466674091620928,0.3508850173911736
RBBN,2024.0,0.09341419728975739,-1.0543276248527065,0.5866725396059236,-0.7044467362830423,0.16078370585957658,22,2003-2024,17.32,-13.89,4.389999999999999,0.2174578388630941,-0.2016093748088197,0.4190672136719138
NRG,2024.0,0.09805182630967382,0.5041086336158278,-0.23756783623778696,0.1328107634510611,0.03366546783779523,20,2005-2024,17.32,-13.89,4.389999999999999,0.12198947386814117,0.22419200662086539,-0.10220253275272422
INSM,2024.0,0.13873861800274886,0.7054666335315747,-3.7379474166210915,-0.8965842407155031,0.13662770839508553,18,2003-2024,17.32,-13.89,4.389999999999999,-0.016532036816082774,0.7407662869316767,-0.7572983237477594
VC,2024.0,0.013860430236711976,0.2689531367458334,-1.3321162917933689,0.17232757762354384,0.036727501584248756,19,2003-2024,17.32,-13.89,4.389999999999999,-0.215490599733422,0.25303924710886283,-0.4685298468422848
ISRG,2024.0,0.45359950777091085,-0.9257483716189892,1.1918939981058263,0.47913719847806346,0.08464283080091817,22,2003-2024,17.32,-13.89,4.389999999999999,0.12635760686228653,0.14873993648278966,-0.022382329620503127
CRL,2024.0,0.09731545000402446,0.1253271045419154,-0.3959274886839552,-1.0666380805522957,0.1717245225870606,22,2003-2024,17.32,-13.89,4.389999999999999,-0.15338025150279835,0.12719102095263982,-0.28057127245543817
MRVL,2024.0,-0.01147375726810379,0.7417147854699182,-2.999056817311786,0.049439662405788454,1.0,4,2021-2024,17.32,-13.89,4.389999999999999,0.5357306366795073,0.5357306366795073,0.0
ENTG,2024.0,0.1882114499052508,-0.20448238723921383,0.4405056703639328,-0.3258945545674232,0.012602902145712358,22,2003-2024,17.32,-13.89,4.389999999999999,-0.3140530747927158,0.07730209187635882,-0.39135516666907466
ACLS,2024.0,0.28935454293044705,-0.9033882266707418,-2.3463978940636148,1.7998004244941477,0.2557475326924169,21,2003-2024,17.32,-13.89,4.389999999999999,-0.555595850332242,0.5378136081918037,-1.0934094585240457
SAVA,2024.0,0.780331308164816,2.2921849485303922,-5.394372336826905,-24.434970805891115,0.30357377803196905,22,2003-2024,17.32,-13.89,4.389999999999999,-0.8558888382491514,0.8539208404569174,-1.7098096787060688
EVC,2024.0,0.17148825294748604,0.3113307412926896,-2.1678518218250113,-3.0544845661152955,0.10988274342727267,21,2003-2024,17.32,-13.89,4.389999999999999,0.1638421745421918,0.3924334829384125,-0.22859130839622072
ILMN,2024.0,0.3992076237851033,-0.33610334217392507,0.07159538439571489,1.4092965611740573,0.09141102313588456,22,2003-2024,17.32,-13.89,4.389999999999999,0.23324409759179127,0.3929180450635559,-0.1596739474717646
CRIS,2024.0,-0.18427995623950771,2.1628963171077698,2.3126939321661615,-9.473569679990863,0.4570254065488589,20,2003-2024,17.32,-13.89,4.389999999999999,-0.6035023715601542,-0.5467892102459206,-0.05671316131423354
LTRX,2024.0,-0.12440204079712232,0.5478286284034815,-0.5408356558932875,-0.04301547793207974,0.023895827844896966,18,2004-2024,17.32,-13.89,4.389999999999999,0.11358156423842318,0.043715570764720005,0.06986599347370318
BRKR,2024.0,0.2022487600599496,-0.5285144276204813,0.5526793573489445,-0.005891220966138672,0.03952947821884656,22,2003-2024,17.32,-13.89,4.389999999999999,-0.12684807178033625,0.03368427385990037,-0.1605323456402366
MCO,2024.0,0.14809759040074108,0.3960949360794687,-0.6621060124323768,0.4146188556824,0.0637839179158094,22,2003-2024,17.32,-13.89,4.389999999999999,0.08147583244590324,0.32686952622101956,-0.24539369377511633
MBCN,2024.0,0.05841491010351796,0.09772719968719912,-0.725288328827571,0.07248306633473922,0.09297823152596107,10,2015-2024,17.32,-13.89,4.389999999999999,0.13526337872504834,0.1792658165755855,-0.044002437850537146
TTMI,2024.0,0.20532425882683092,-0.4210186743625206,-0.9160071105149155,0.3907930588822168,0.054978355893698705,22,2003-2024,17.32,-13.89,4.389999999999999,0.22682200345892567,0.27679302736269346,-0.049971023903767786
DCTH,2024.0,0.23521344605631997,-2.1877726427979303,0.3844064300961342,0.34222049652481845,0.38557991576049844,15,2003-2024,17.32,-13.89,4.389999999999999,0.3914896745978692,-0.182079349019195,0.5735690236170642
AWH,2024.0,-0.21650852941278237,-0.45059663430765345,-2.163419326394954,-0.7208743926258119,0.35468162007092463,16,2003-2024,17.32,-13.89,4.389999999999999,-0.5738264935700786,-0.025699307874882032,-0.5481271856951966
DRRX,2024.0,-0.007252480976725401,-0.8895592780139349,-0.30889003338538934,1.6557068482874207,0.19927030255300004,19,2003-2024,17.32,-13.89,4.389999999999999,-0.46558562554989474,-0.045733791651690586,-0.41985183389820413
TPR,2024.0,0.26878717132406127,-0.8630501859643465,0.7191238256291883,-1.3595328551409906,0.1277764789397956,22,2003-2024,17.32,-13.89,4.389999999999999,0.49939054587156984,-0.04026291260554727,0.5396534584771171
LTBR,2024.0,-0.26498912482268083,0.8315651926291968,-3.7210917124616474,-0.03917129359040361,0.32608178974891266,13,2010-2024,17.32,-13.89,4.389999999999999,0.3565802891248065,0.3941779856130001,-0.03759769648819361
TNET,2024.0,0.31484102909876566,-1.081604421010489,1.545429941104209,0.2667663625320063,0.16519002250050818,10,2015-2024,17.32,-13.89,4.389999999999999,-0.13442530387094836,-0.07544203212447056,-0.0589832717464778
INSG,2024.0,0.6634097476123167,-1.9205335013669342,2.41326362452955,-2.244577020660079,0.03396199114100995,21,2003-2024,17.32,-13.89,4.389999999999999,-0.08450407579150584,-0.10296590347856822,0.01846182768706238
EXAS,2024.0,0.4097084846924024,-1.3883919598358647,-1.7213603896707614,1.0912996180402432,0.20653730896392875,22,2003-2024,17.32,-13.89,4.389999999999999,0.28295964718748773,0.45624400860606606,-0.17328436141857834
RGP,2024.0,-0.06938289586160329,0.5822632392540327,0.9462358401981479,0.05419117957709518,0.46748104847521843,17,2008-2024,17.32,-13.89,4.389999999999999,-0.2509768217111507,-0.0975880682428931,-0.15338875346825762
SEM,2024.0,0.32740562233097964,-0.8837818050270178,-0.03454299804272894,-1.1058595086782432,0.11780930613244789,17,2003-2024,17.32,-13.89,4.389999999999999,-0.033198630950082034,0.13058540369746036,-0.16378403464754238
ALGN,2024.0,0.3958910429451987,-1.1518175760179457,0.3617579606827508,-0.1155544103683971,0.05470539795061069,22,2003-2024,17.32,-13.89,4.389999999999999,-0.1833357387794673,0.14107521942488382,-0.3244109582043511
HBIO,2024.0,0.11708494955359211,-0.21008566829591854,-1.442622929352473,-0.3416646458361313,0.06896154328051018,22,2003-2024,17.32,-13.89,4.389999999999999,-0.3066301785522449,0.2660793587395914,-0.5727095372918363
DVAX,2024.0,0.017599097699647827,0.4748031583125346,0.3187202248902612,0.21743114648581258,0.033101366493438755,20,2005-2024,17.32,-13.89,4.389999999999999,0.09015169607029382,0.0651099928128487,0.02504170325744512
ACAD,2024.0,0.4523083940375634,0.3502310374629405,-4.717515628722691,0.4356469335023436,0.03110430854895807,20,2005-2024,17.32,-13.89,4.389999999999999,0.0822503640133546,1.1873562309364794,-1.1051058669231248
VRME,2024.0,-0.20414852278495826,0.04125800448343591,-1.1592233740258513,-1.0582016691122818,1.0,4,2021-2024,17.32,-13.89,4.389999999999999,-0.08244156303026548,-0.08244156303026559,1.1102230246251565e-16
GPN,2024.0,0.11757009277811833,0.2748681406132444,-0.03712721550181273,0.14561052734886715,0.02847638917307249,23,2003-2024,17.32,-13.89,4.389999999999999,0.11728172688535775,0.17672652711614928,-0.05944480023079153
OIS,2024.0,0.18265743824793373,-1.0029706302164167,1.7514106880267826,0.9484941630809701,0.1797983425361287,22,2003-2024,17.32,-13.89,4.389999999999999,0.09265815880198257,-0.19268912571321514,0.2853472845151977
NOG,2024.0,0.05935464794917298,-0.6011238351381893,2.437360875387832,2.3719824924014863,0.3937189547678426,14,2010-2024,17.32,-13.89,4.389999999999999,-0.0239588137094536,-0.27917939447170603,0.25522058076225246
BTU,2024.0,0.06930421208172571,0.4614362580046908,2.9192990248141197,0.48652600162597004,0.13934642783042928,21,2002-2024,17.32,-13.89,4.389999999999999,-0.0943060374049122,-0.23490717110716297,0.14060113370225077
MPX,2024.0,0.27328010560340976,-1.4702295183001555,0.2325157201164701,0.41763718949949385,0.18088476245435592,22,2003-2024,17.32,-13.89,4.389999999999999,-0.1124949708292952,0.00467419212867291,-0.11716916295796811
SYNA,2024.0,0.13147238094485736,0.4970286714500122,-1.5288046851904329,-1.5385934714077663,0.17980434812174506,22,2003-2024,17.32,-13.89,4.389999999999999,-0.18167468118293045,0.36236446421814966,-0.5440391454010801
MDLZ,2024.0,0.08050450120977558,-0.14507306366757208,0.5554085077379057,0.07589085227277552,0.08313824170232553,22,2003-2024,17.32,-13.89,4.389999999999999,-0.12118496368018411,-0.01843678672746816,-0.10274817695271596
OMCL,2024.0,0.1250236196400966,0.14500190578178296,-0.33545129423325004,-0.5914618955008536,0.03388737392572372,22,2003-2024,17.32,-13.89,4.389999999999999,0.5976439176696703,0.1707669572780124,0.4268769603916579
SHBI,2024.0,-0.036709564298129396,0.6905716902789416,-0.7647038663531267,-0.4585220363519952,0.14860350524966814,22,2003-2024,17.32,-13.89,4.389999999999999,0.3591800308055616,0.16898570209878,0.1901943287067816
RVP,2024.0,-0.2918000356516198,0.967377744440829,-1.1134964408636234,-0.8475265264664984,0.11685977206043185,18,2003-2024,17.32,-13.89,4.389999999999999,-0.4095736257360569,-0.006791969190390226,-0.40278165654566667
AXON,2024.0,1.5018195944047978,-3.755428929242378,3.5570807641647315,-1.429704012350924,0.01848662762868991,22,2003-2024,17.32,-13.89,4.389999999999999,0.9728689198415977,0.2945367795753313,0.6783321402662664
BFH,2024.0,0.1753322895219172,-0.3051696911722246,0.37677402416621286,-0.9016343642167151,0.06687644398345904,22,2003-2024,17.32,-13.89,4.389999999999999,0.3331615045211676,0.03056123846508716,0.3026002660560804
FIS,2024.0,0.12780592616278405,-0.27242424690622985,0.711149822172831,-0.6468508306151047,0.17306826958295418,22,2003-2024,17.32,-13.89,4.389999999999999,0.03421270940088382,-0.04655341516518426,0.08076612456606808
MVBF,2024.0,0.35817924218820973,-1.7930655096728219,1.316620456140463,-3.407041862379767,0.5250420342515335,7,2018-2024,17.32,-13.89,4.389999999999999,0.0813423473260597,-0.28482742320350507,0.3661697705295648
CCRN,2024.0,0.0735151527833096,0.10554578883457093,-0.29001392879939847,-0.5281105072458826,0.020963704257799365,22,2003-2024,17.32,-13.89,4.389999999999999,0.265154957521961,0.1088945668515995,0.15626039067036152
PDFS,2024.0,0.20665622412994963,-0.9550976419027188,0.7511757276358697,0.9915851497109787,0.1418917844153712,22,2003-2024,17.32,-13.89,4.389999999999999,-0.30261654910273356,-0.01957440794391161,-0.2830421411588219
ZBH,2024.0,0.13527071136479257,-0.6738091749827867,0.24146603734751676,0.0950449139068239,0.08430491835082343,22,2003-2024,17.32,-13.89,4.389999999999999,-0.06932109606381481,-0.010800198609286587,-0.05852089745452822
ABG,2024.0,0.1663665901624225,0.19861493617528475,-0.10994403150636879,0.0145878538576414,0.00438822262793237,21,2003-2024,17.32,-13.89,4.389999999999999,0.01954825736657348,0.2166783298685669,-0.1971300725019934
XPO,2024.0,0.19407509130550787,0.8947055592790013,-1.7075368747308237,-0.0008507134485698231,0.03535518929733428,18,2006-2024,17.32,-13.89,4.389999999999999,0.1885347217079455,0.58617761975235,-0.39764289804440456
BGFV,2024.0,0.549187733116099,-0.3232877086132725,-2.49260598551518,-12.72833204769574,0.3312617172916772,22,2003-2024,17.32,-13.89,4.389999999999999,-0.4422514994649488,0.28064349647849574,-0.7228949959434445
GME,2024.0,1.9313389628266617,3.2081334054570894,-6.435173974824583,-43.134590004050914,0.29708408557774746,22,2004-2024,17.32,-13.89,4.389999999999999,0.22235817166529326,1.4872248325771296,-1.2648666609118364
STRR,2024.0,-0.01953028468748029,-1.1397770702580472,1.4486398176871027,0.037403548637281014,0.1715607790410839,19,2005-2024,17.32,-13.89,4.389999999999999,-0.5491836472979318,-0.416513728147736,-0.13266991915019577
CREG,2024.0,0.2129449809679335,-1.6904189002579568,-0.09431918179656251,-4.078279428127547,0.37670215776711335,12,2011-2024,17.32,-13.89,4.389999999999999,-0.3049527040816326,-0.24577110510000139,-0.05918159898163122
AAP,2024.0,0.06627044394526684,-0.04364219012221498,1.921213850287844,-0.8214837004638217,0.3627869298151287,22,2003-2024,17.32,-13.89,4.389999999999999,-0.2920579789875151,-0.24420812163924405,-0.047849857348271074
AYI,2024.0,0.20754849782912183,-0.09765423825356766,0.4342154783682594,-0.3409756095894472,0.019238142531652347,22,2003-2024,17.32,-13.89,4.389999999999999,0.16429392214226585,0.11535342455727596,0.04894049758498989
CORT,2024.0,-0.25716118999831883,3.1713840401035363,-4.07206500333337,0.055667832185016336,0.3576954207830383,19,2005-2024,17.32,-13.89,4.389999999999999,0.5039570595317354,0.8601761725435411,-0.35621911301180564
CUTR,2024.0,0.07869133486010371,-0.31884679107343644,0.7204591961760141,-2.579508386331254,0.16146277042082635,20,2005-2024,17.32,-13.89,4.389999999999999,-0.8132729074561637,-0.18984512986260585,-0.6234277775935578
HUSA,2024.0,0.7604801934613026,-4.949439899609929,11.31429887103428,1.5278366560707686,0.544378966873432,10,2007-2024,17.32,-13.89,4.389999999999999,-0.046982190622391534,-1.6012468811362919,1.5542646905139004
APLD,2024.0,-0.22215986886536793,0.8754888605024124,-1.8137502636766447,3.0377325801929893,0.8330482112061283,6,2005-2024,17.32,-13.89,4.389999999999999,0.23705406660760836,0.31476117366880796,-0.0777071070611996
CCOI,2024.0,0.19388219224782988,0.15016179255104972,0.4217850021754953,1.384686517243598,0.09399603600936168,21,2003-2024,17.32,-13.89,4.389999999999999,0.35452257312383606,0.2220920160224893,0.13243055710134677
VRNT,2024.0,0.017935292408263474,0.14205324260972424,0.22440362848841933,-0.4919316668273458,0.09194588239956303,16,2004-2024,17.32,-13.89,4.389999999999999,-0.19449599085966263,-0.010226550142494205,-0.18426944071716841
JBLU,2024.0,0.05105731802453764,-0.289771733928964,-0.7097937620903029,-0.12463164264953226,0.05080673782409373,22,2003-2024,17.32,-13.89,4.389999999999999,0.24365885414635335,0.09398787815006968,0.14967097599628368
NFLX,2024.0,0.8538175481644736,-2.819565849910152,-0.789161518665338,1.3786585028216005,0.31030497926843337,22,2003-2024,17.32,-13.89,4.389999999999999,0.2737273399439012,0.535606386176519,-0.2618790462326178
CVGW,2024.0,0.07443207850090477,-0.050605868611278707,0.1861703065097227,-0.34861277654055767,0.028143752321921234,21,2004-2024,17.32,-13.89,4.389999999999999,0.0895756357866075,0.024503985593100346,0.06507165019350716
TBRG,2024.0,0.13971542473447274,-0.4821137305697972,0.41010074414008574,-0.06524469121311238,0.018990311559988204,22,2003-2024,17.32,-13.89,4.389999999999999,0.9250197635001834,-0.0036139087055296866,0.9286336722057131
BYON,2024.0,0.3424464084549643,-1.0125774197697266,-1.7007028159663973,-2.5125109737513474,0.16815911257949534,22,2003-2024,17.32,-13.89,4.389999999999999,-0.6700701750568696,0.2929963887408961,-0.9630665637977658
ACM,2024.0,0.07033877007595796,0.20101546325951059,-1.2571925822456886,-0.1852905900880538,0.11424136440406463,17,2008-2024,17.32,-13.89,4.389999999999999,0.17040095897815805,0.27164444108156577,-0.10124348210340772
RIOT,2024.0,0.4897296855948807,2.327645326266752,-7.020171126408469,-14.834238058862397,0.25931123325408334,14,2008-2024,17.32,-13.89,4.389999999999999,0.07008845276275294,1.2167565747783593,-1.1466681220156063
GLDD,2024.0,0.026887283605729447,0.1010737380282975,1.113148042306101,-1.0725642967755924,0.23286628724343683,18,2007-2024,17.32,-13.89,4.389999999999999,0.23889588231193215,-0.15730858067253534,0.3962044629844675
TDG,2024.0,0.39200747249761814,-0.8328221007342556,1.1777769088577543,0.30674234332042566,0.21323330122295203,18,2007-2024,17.32,-13.89,4.389999999999999,0.002059347868468668,0.09763546088186968,-0.09557611301340102
FORM,2024.0,0.012271376608078408,0.6023229882899678,-1.0312126589007806,-0.49717709243068786,0.10226201869648788,21,2004-2024,17.32,-13.89,4.389999999999999,-0.32006821321489265,0.23800308214351204,-0.5580712953584047
KIRK,2024.0,0.6173277794904639,-2.4063592005005776,-1.8135984960669935,-8.706840595252464,0.43166713570905313,21,2004-2024,17.32,-13.89,4.389999999999999,-0.0531161301042543,0.07022489493588624,-0.12334102504014054
RRGB,2024.0,0.17819872382055152,-0.6504196473750158,0.4606413425332141,-0.5650398006142494,0.02517480829911678,22,2003-2024,17.32,-13.89,4.389999999999999,-0.32174976610844397,-0.02324228882963019,-0.29850747727881377
SINT,2024.0,0.2081466022980775,-3.5373461503209236,3.1582631053470958,0.31091102574645335,0.5191148668814062,11,2003-2024,17.32,-13.89,4.389999999999999,-0.3178149004260768,-0.8295555022399488,0.5117406018138719
CBAT,2024.0,-0.20846003680705186,0.4150623133103853,-1.5862609167759012,0.6530237969840915,0.12621890993238793,13,2008-2024,17.32,-13.89,4.389999999999999,-0.36085010073772283,0.11242814188608113,-0.47327824262380397
NPO,2024.0,0.23236977572098133,-0.7516766057713548,0.12878755389287305,0.38688451132547896,0.08672064744162222,21,2004-2024,17.32,-13.89,4.389999999999999,0.14192823519975323,0.10127502641285116,0.04065320878690207
NXST,2024.0,0.3986836877401633,-0.6402194778458408,0.5397773884802856,-0.14908100480795103,0.0033577349004316748,20,2004-2024,17.32,-13.89,4.389999999999999,-0.07648074850312907,0.20627793880628295,-0.282758687309412
WYNN,2024.0,0.4449523457399709,-2.317170368168145,1.786961387519257,1.0971380913306685,0.3438263724465961,22,2003-2024,17.32,-13.89,4.389999999999999,-0.0786113483757818,-0.15642613654376022,0.07781478816797842
CAAS,2024.0,0.4096998612373212,-2.8775727148501438,0.18456654975854536,0.37039677825147593,0.42180790567073445,19,2006-2024,17.32,-13.89,4.389999999999999,0.34669218589130796,-0.09807160817094583,0.4447637940622538
TZOO,2024.0,0.30173130894168354,-0.5288097100355543,0.11119118819292154,0.3744552321123743,0.0061362610548045815,21,2004-2024,17.32,-13.89,4.389999999999999,1.5814761634079237,0.21113559581326197,1.3703405675946618
DKS,2024.0,0.25411581004232175,-0.6434964728162789,-0.0016972561302519562,-0.9031942484477866,0.1457759050444697,21,2004-2024,17.32,-13.89,4.389999999999999,0.02889389122282393,0.10324774232017644,-0.07435385109735251
GALT,2024.0,0.3398701369517408,-0.9592948303867727,1.3008111167338443,1.0957422875360057,0.043483956773455734,12,2013-2024,17.32,-13.89,4.389999999999999,-0.47618399252587085,0.04114069463725141,-0.5173246871631223
CRI,2024.0,0.14907037513213478,-0.39130305276177224,1.2588443456177867,-0.5360825442599487,0.09789940190357194,21,2004-2024,17.32,-13.89,4.389999999999999,-0.14893572644194808,-0.11709081690552647,-0.031844909536421606
SAIA,2024.0,0.34300609280375594,-0.45849696651662275,-2.3574486080197965,-0.36783223411527005,0.22292443998492129,22,2003-2024,17.32,-13.89,4.389999999999999,-0.08611207490534975,0.5748961947793662,-0.6610082696847159
NGS,2024.0,0.06989152298941977,0.4981784686897237,0.08917180700459412,-0.3403662300364255,0.04500614942239978,21,2004-2024,17.32,-13.89,4.389999999999999,0.2850264431768788,0.12884799227494273,0.15617845090193608
BFC,2024.0,0.029310366737024886,0.18226057614148358,-0.13157875895332813,0.15536224305941054,0.1499467459435999,6,2019-2024,17.32,-13.89,4.389999999999999,0.16356446334220037,0.08597459061365524,0.07758987272854513
NEPH,2024.0,0.10425762220272286,-1.862936050143182,0.10423562741431669,-1.4002520620361805,0.8533884952058165,5,2020-2024,17.32,-13.89,4.389999999999999,-0.3502996176632014,-0.29435229585331313,-0.05594732180988826
HALO,2024.0,0.26258894334028315,0.1440655071559859,0.4860806028538724,-0.3151501194774582,0.010150615335243529,19,2006-2024,17.32,-13.89,4.389999999999999,-0.1338795749665031,0.20618940319823661,-0.3400689781647397
PLUR,2024.0,-0.09891432428193231,-0.30126791366323574,0.925507331546777,0.9310144463625624,0.07204674781056852,14,2009-2024,17.32,-13.89,4.389999999999999,-0.3073618482991413,-0.23877536108493558,-0.06858648721420574
MOH,2024.0,-0.03737060158817635,0.03600858455099745,0.4716626518933601,0.3139105666864094,0.37148246410428054,6,2004-2024,17.32,-13.89,4.389999999999999,-0.06800317719402707,-0.08286718321439793,0.014864006020370857
HSON,2024.0,0.09780035462686862,-0.9403525600005891,4.0553965741497,-0.15400551612674707,0.30877789310226433,21,2004-2024,17.32,-13.89,4.389999999999999,-0.2613113745325986,-0.635124135072591,0.3738127605399924
NTGR,2024.0,0.19056502707095285,-0.3768950977316503,0.9736131203113038,0.06746563205462983,0.025462734580661728,21,2004-2024,17.32,-13.89,4.389999999999999,0.7745890947157047,-0.006986325020210796,0.7815754197359155
OGEN,2024.0,-0.694000922317421,1.1797311670080173,1.575240215696974,1.4226073087873952,0.6576668532551893,5,2014-2024,17.32,-13.89,4.389999999999999,-0.6918853074345485,-0.6460198892961755,-0.04586541813837297
MODV,2024.0,0.06025793420959348,-0.09298315073779641,0.4651839491823706,-1.4163687573803703,0.14917158798256802,21,2004-2024,17.32,-13.89,4.389999999999999,-0.5957623938833901,-0.08263938648862237,-0.5131230073947678
ATSG,2024.0,0.3730893067236566,-1.7504186375100004,1.7907516140409436,-0.19888790479573848,0.2531097672536452,19,2006-2024,17.32,-13.89,4.389999999999999,0.5377359167004353,-0.18754977950389545,0.7252856962043308
CRDF,2024.0,-0.9746132985361777,6.0424106306235235,-9.753027976171387,-1.486849986356916,0.5179238006311939,11,2013-2024,17.32,-13.89,4.389999999999999,0.907970543470144,1.3613550941769537,-0.4533845507068096
LKQ,2024.0,0.1751923594121754,-0.19871491617322745,0.5058180025560849,-0.23837780612113393,0.033109901992140034,21,2004-2024,17.32,-13.89,4.389999999999999,-0.15018596794986205,0.06005202968721444,-0.21023799763707648
ADEA,2024.0,0.10856800907145593,-0.12410821466309001,-0.4084771563285353,-0.06299436475674614,0.013776718798871213,21,2004-2024,17.32,-13.89,4.389999999999999,0.21304384212832023,0.14104449069302114,0.07199935143529909
SNX,2024.0,0.14589438152031559,0.2259358408663319,-0.8004819372271281,-1.3147187347773757,0.2811184924878445,21,2004-2024,17.32,-13.89,4.389999999999999,-0.023742304252725572,0.23849725778248554,-0.2622395620352111
ARQ,2024.0,0.18381185369825076,0.40909597280104776,2.539728183720171,-1.3386973395136552,0.1402369820792564,18,2005-2024,17.32,-13.89,4.389999999999999,0.2001368399105365,-0.15686978173598892,0.3570066216465254
CONN,2024.0,0.02714691956945417,0.24254380481419086,-0.4127474591968443,-1.6064335992277572,0.05111119832188438,19,2006-2024,17.32,-13.89,4.389999999999999,-0.9836327852440533,0.05596369363961516,-1.0395964788836685
UTI,2024.0,0.09690190092787779,-0.14677070943533513,-1.3184848218312175,-0.6413692469559551,0.09173825557218518,20,2005-2024,17.32,-13.89,4.389999999999999,0.5874743295049011,0.22646264586466747,0.3610116836402336
TPX,2024.0,0.5715737654276496,-2.768564264911654,1.9042662654997937,-0.19461389539145513,0.3647280574032372,21,2004-2024,17.32,-13.89,4.389999999999999,0.15628455538786445,-0.18098769954065508,0.33727225492851953
CMP,2024.0,0.0945442669406229,-0.3576298805388506,0.21331232984645893,0.30226591477863823,0.023316457859403728,21,2004-2024,17.32,-13.89,4.389999999999999,0.04207971171341321,0.016243162674403053,0.025836549039010157
KRO,2024.0,0.47309897009455315,-2.031946975951135,4.208871392327079,0.2533004031111705,0.14294688266408007,19,2006-2024,17.32,-13.89,4.389999999999999,-0.2635201755758395,-0.4523265948378342,0.1888064192619947
VST,2024.0,0.18550447180981977,1.6157398853472864,-1.249106978244858,-0.43857990813606174,0.058761036503601205,7,2018-2024,17.32,-13.89,4.389999999999999,0.5620807974341478,0.6195979212630074,-0.05751712382885954
PCB,2024.0,0.11072772482916071,0.04440038442341707,1.032562275858596,-0.7452910339347221,0.37310216176412214,6,2019-2024,17.32,-13.89,4.389999999999999,0.21839193055912498,-0.05772330509519673,0.2761152356543217
MCHX,2024.0,0.13512606690648496,-0.5728568216979769,0.4266271100445016,0.9870175127162755,0.059805552600256995,20,2005-2024,17.32,-13.89,4.389999999999999,0.08938228420461723,0.019978828611458575,0.06940345559315866
CRM,2024.0,0.3894230426383924,-1.0682812481501807,1.3827841038935242,0.4968529975626065,0.1964751442850986,19,2006-2024,17.32,-13.89,4.389999999999999,0.25888046231472744,0.03413986502096899,0.22474059729375845
MEIP,2024.0,-0.21048082823856207,0.1102464712854723,-2.892103881685819,0.6710486788213923,0.1821796950403125,17,2005-2024,17.32,-13.89,4.389999999999999,-0.20162180725192141,0.23978612675450112,-0.44140793400642253
DYAI,2024.0,-0.32153578907802144,0.9650236591660653,-0.6493855117055647,0.6946311043447301,0.32458126113473107,6,2006-2024,17.32,-13.89,4.389999999999999,0.1354523222975132,-0.03369973825382236,0.16915206055133555
CYTK,2024.0,-0.053533053530319674,0.8063973809784415,-0.42309035907619896,-0.7332252929735096,0.09225698349178246,19,2005-2024,17.32,-13.89,4.389999999999999,-0.1787648466884425,0.11271363336929333,-0.2914784800577358
BGS,2024.0,0.125640878517987,-0.41761158358127054,1.4218898447915507,-0.7882395287242964,0.16061043816024256,17,2008-2024,17.32,-13.89,4.389999999999999,-0.1519949303395891,-0.17879366251083204,0.02679873217124293
PLAG,2024.0,-0.6141143719734549,2.7271763116212564,-4.031074262749492,0.5977401298169842,0.4464203504434757,11,2010-2024,17.32,-13.89,4.389999999999999,0.5162702439040828,0.4443895719942167,0.07188067190986613
DPZ,2024.0,0.25787548941964356,-0.06979902077634993,1.1135103659931358,-0.29195150584802115,0.05420679796306138,20,2005-2024,17.32,-13.89,4.389999999999999,-0.2282239159953604,0.07830303807800507,-0.3065269540733655
GSIT,2024.0,0.19499929583900494,-1.3894791636747705,-0.36126197845726327,1.1399085894077372,0.5497098680947986,17,2008-2024,17.32,-13.89,4.389999999999999,0.0964155485170307,0.054562780573248204,0.041852767943782496
MA,2024.0,0.20337625044920735,0.34913365215845854,-0.04832750758720006,0.3168869247015318,0.08323718153912063,18,2007-2024,17.32,-13.89,4.389999999999999,0.14989996802823513,0.2844702258013117,-0.13457025777307657
GOOGL,2024.0,0.15624261611676116,0.19120822105288438,-0.6311481450032393,-0.6347108973045171,0.16879768766485126,20,2005-2024,17.32,-13.89,4.389999999999999,-0.005376390383807932,0.24916254895240236,-0.2545389393362103
GOOG,2024.0,0.2898309359349187,-0.8249119106236846,0.13979886698488153,-1.3403889926341006,0.7425214075819537,10,2015-2024,17.32,-13.89,4.389999999999999,-0.00637511330430611,0.0686950536140595,-0.07507016691836561
MNKD,2024.0,0.22580563391453667,-0.6889866821313398,-2.6237024000263007,-2.044478157502386,0.19716574323134783,20,2005-2024,17.32,-13.89,4.389999999999999,0.18481873765626855,0.381152812818687,-0.19633407516241846
WTI,2024.0,0.08961419441309897,0.415667284288623,2.2606423298812683,0.7898858081391501,0.07643290982599704,19,2006-2024,17.32,-13.89,4.389999999999999,-0.2638764937345619,-0.117719464591311,-0.1461570291432509
STXS,2024.0,-0.013990029434860662,-0.027367163806085986,-2.0268234037694395,-0.4540773833735217,0.07668127600700836,15,2005-2024,17.32,-13.89,4.389999999999999,0.20576638342414133,0.24286175144740282,-0.037095368023261494
TXRH,2024.0,0.1756914422500434,-0.2511531466009708,-0.5973976941033595,-0.6831690980390663,0.15505451297555384,20,2005-2024,17.32,-13.89,4.389999999999999,0.010995258387128698,0.18517913356579688,-0.17418387517866818
NURO,2024.0,-0.2880706388266636,0.403634021914895,-0.5850131143953339,-1.4673056378979448,0.14806074449995432,15,2005-2024,17.32,-13.89,4.389999999999999,0.02889966998794416,-0.2013176221452117,0.23021729213315587
CVGI,2024.0,1.0678841552197125,-7.640741350614256,9.140467512947817,-1.4656511663279446,0.5122288429673916,20,2005-2024,17.32,-13.89,4.389999999999999,-0.540858015390434,-1.589445270456925,1.048587255066491
BECN,2024.0,0.1894253508890678,-0.778047749950014,-0.18835461692268257,-0.599157476434526,0.20160643377135212,20,2005-2024,17.32,-13.89,4.389999999999999,0.0754492852611506,0.05452692367281031,0.020922361588340294
INVA,2024.0,0.08142550800591343,-0.16857201510890782,0.6405577107156156,0.2938895905404945,0.033574394569883204,20,2005-2024,17.32,-13.89,4.389999999999999,0.01094642168519256,-0.023842878004620705,0.034789299689813265
HY,2024.0,0.45070356615086543,-2.7585721653067354,1.0645876521528856,-0.4201209290694356,0.42680723479562244,12,2013-2024,17.32,-13.89,4.389999999999999,-0.30796173783480485,-0.19339566655044518,-0.11456607128435967
WLK,2024.0,0.24645681118253615,-0.19825902337437074,0.8603604646861619,0.5148055823411192,0.02883397951327804,20,2005-2024,17.32,-13.89,4.389999999999999,-0.24920124642087066,0.1152142448539624,-0.3644154912748331
JVA,2024.0,0.20588132443663443,-0.9271551879151737,1.5982984276434036,-0.68846014929679,0.07882325413552682,19,2006-2024,17.32,-13.89,4.389999999999999,0.41455548836127376,-0.20692900626407146,0.6214844946253453
CYCC,2024.0,-0.2058314804109355,-1.5640486324851175,1.4882840566229,-0.6885890280348115,0.46931053258298394,14,2006-2024,17.32,-13.89,4.389999999999999,-0.8148822388800604,-0.7136764173530069,-0.10120582152705349
MPWR,2024.0,0.2060515275589622,0.49545898464484617,-1.2426241228016264,-0.3211063014224167,0.13547934341793766,20,2005-2024,17.32,-13.89,4.389999999999999,-0.3243742601311319,0.45036894772415137,-0.7747432078552833
ENS,2024.0,0.165883347088277,-0.26227859683755117,-0.9757766895536428,0.6991122931657436,0.13097512298609504,19,2006-2024,17.32,-13.89,4.389999999999999,-0.1496872788165715,0.28668310596499025,-0.43637038478156176
ORA,2024.0,0.03952851653140987,0.4818458760421989,-0.6141948079346509,0.4192429307722785,0.10912975481527298,20,2005-2024,17.32,-13.89,4.389999999999999,-0.09957801634422725,0.22670064574494475,-0.326278662089172
NNVC,2024.0,-0.3422401100862104,0.35156202740973536,-1.4250711818562465,-0.8792168118220558,0.2922039516787278,8,2015-2024,17.32,-13.89,4.389999999999999,-0.21558578259952377,-0.12200479781799989,-0.09358098478152388
BCML,2024.0,0.002002438817038668,0.5452071000328562,0.337657127832319,-0.4477702641288127,0.3051083503410671,6,2019-2024,17.32,-13.89,4.389999999999999,0.28490060648202725,0.02987461889156538,0.25502598759046186
BBW,2024.0,0.33286183561747995,0.8488972931157123,-3.7346161681213665,-5.844914881205787,0.2476048059484317,19,2005-2024,17.32,-13.89,4.389999999999999,0.7951902751551866,0.7420372692522451,0.053153005902941475
CHCI,2024.0,0.10638724663912208,-0.8311513346635225,-0.3472735218186712,-2.634030167340604,0.4033381241251133,17,2005-2024,17.32,-13.89,4.389999999999999,0.22146479617289766,-0.10496579669023907,0.32643059286313675
BXC,2024.0,0.2579903117327493,0.3648893299019327,0.10395204078075881,-3.5727839215467796,0.14135900452121541,19,2005-2024,17.32,-13.89,4.389999999999999,0.05045161602053429,0.14990499105141303,-0.09945337503087874
MNTX,2024.0,0.17208849365110146,0.1188621590598108,2.3436743914134133,1.088902248069256,0.15046676467366582,18,2006-2024,17.32,-13.89,4.389999999999999,0.26227299923465736,-0.08505814467682206,0.3473311439114794
LVS,2024.0,0.42347328030968706,-2.2608297445832153,2.202767224702384,1.6147829815277452,0.36491044119275884,20,2005-2024,17.32,-13.89,4.389999999999999,0.1240476407808664,-0.20317782607421897,0.32722546685508536
HURN,2024.0,0.09089308506147259,0.5562608967978289,0.08123965581111231,1.1431521579821937,0.2356709817903071,20,2005-2024,17.32,-13.89,4.389999999999999,0.21454347106058147,0.22613766393011134,-0.011594192869529868
ARC,2024.0,-0.07058526610835782,0.35285988673052193,-0.3976603918023436,-0.09261320927301155,0.013769895879651384,19,2006-2024,17.32,-13.89,4.389999999999999,0.281489581885669,0.04169937480762889,0.23979020707804014
CNSL,2024.0,0.08542028088067732,-0.5527355004760688,0.7102913170583814,-0.6881943438759661,0.13938741555219225,19,2006-2024,17.32,-13.89,4.389999999999999,0.021199854867812104,-0.13918470343734185,0.16038455830515397
MOS,2024.0,0.1442193778093074,0.639605459867574,1.5106431159517748,-0.2701614100691592,0.053018983709838485,20,2006-2024,17.32,-13.89,4.389999999999999,-0.18246948028949755,0.03331062875063361,-0.21578010904013117
CYRX,2024.0,0.7479250288187302,-1.497550621254966,3.0749002967844574,-1.2502561442295732,0.07161338528620087,9,2017-2024,17.32,-13.89,4.389999999999999,0.0789230487509064,0.006559365262330752,0.07236368348857565
DGLY,2024.0,-0.06757291318146416,0.28214540052527914,-2.203684382069579,0.35083888165410304,0.025968602791474837,14,2009-2024,17.32,-13.89,4.389999999999999,-0.8281063052761775,0.3027882577635938,-1.1308945630397713
CE,2024.0,0.18209020000047288,-0.26802649958000746,1.3047123260500484,0.21852527232898836,0.05563267071364353,19,2006-2024,17.32,-13.89,4.389999999999999,-0.5284864549976519,-0.03596327235989352,-0.4925231826377584
PBH,2024.0,0.09847650444657681,0.36539315753278157,0.25298873716006975,-0.07782963776135389,0.04466551087964021,18,2007-2024,17.32,-13.89,4.389999999999999,0.08722328891613816,0.12320574264199748,-0.035982453725859315
ULH,2024.0,0.003964474238017372,0.611115063782356,-0.2909305411217923,-0.029905183243563754,0.07610242814840618,19,2006-2024,17.32,-13.89,4.389999999999999,0.09022970181248698,0.14890701790254593,-0.058677316090058954
DLB,2024.0,0.1846189848753384,-0.9485973713367148,0.724476657350339,-0.3135776655667735,0.3045036066245559,19,2006-2024,17.32,-13.89,4.389999999999999,-0.052916429348539434,-0.09407394706452403,0.041157517715984596
XPEL,2024.0,2.006337614944914,-7.883889658836157,5.132975466799357,-5.900312933998181,0.5917274213247137,5,2020-2024,17.32,-13.89,4.389999999999999,0.07619072840759346,-0.33114610410645917,0.4073368325140526
HUN,2024.0,0.23486303573622475,-0.9257416820618334,1.9845779211378138,0.800273111772964,0.1453969846562715,19,2006-2024,17.32,-13.89,4.389999999999999,-0.23587692537843385,-0.16600130723609402,-0.06987561814233983
EXLS,2024.0,0.17772884736334948,-0.18450541089248326,1.1394066416336384,-0.40018502918402876,0.16523531401475922,18,2007-2024,17.32,-13.89,4.389999999999999,0.36819689108929426,-0.030059195107319824,0.39825608619661407
RAIL,2024.0,0.010853770152898512,0.7803236353294482,-2.1904396681677385,-2.9797368518529446,0.1791980499669643,19,2006-2024,17.32,-13.89,4.389999999999999,1.5203529410884709,0.31944744590411356,1.2009054951843572
DXCM,2024.0,0.34632207040467966,-0.7539869688526892,-0.8590240399098928,0.21509366137086486,0.0803746750236537,19,2006-2024,17.32,-13.89,4.389999999999999,-0.3610584005641642,0.344492578277059,-0.7055509788412232
MNOV,2024.0,0.022916338077438474,-0.16584166279535859,-0.11852443130487382,0.002873504962334586,0.0044927943910806345,18,2007-2024,17.32,-13.89,4.389999999999999,0.41135183903947453,0.010781752457375829,0.4005700865820987
RLGT,2024.0,0.0330341101213919,1.2872667261865016,-0.8721754652064129,-0.2432865698597736,0.04554353374835041,12,2013-2024,17.32,-13.89,4.389999999999999,0.13052397151521639,0.36645359879722067,-0.23592962728200428
ZUMZ,2024.0,0.11663339137653589,-0.5881502874260194,2.509741083505713,-0.9593326474259284,0.21383318380241778,18,2007-2024,17.32,-13.89,4.389999999999999,-0.06289536889813532,-0.3759519781265924,0.31305660922845713
BLDR,2024.0,0.17315472099570772,0.6815227485482952,-1.8182718235592468,0.5065355246745308,0.08915553041810897,18,2007-2024,17.32,-13.89,4.389999999999999,-0.01432492103150039,0.5659893268698637,-0.5803142479013641
CTRN,2024.0,0.04568014186406562,0.18714004045285254,-2.3353770759658903,-3.8286277807724236,0.4064626443160587,18,2007-2024,17.32,-13.89,4.389999999999999,0.1877304059500356,0.23439991314625253,-0.04666950719621693
KOP,2024.0,0.07655919926269218,-0.26341377143396205,-0.1626392123519439,0.1439257829186791,0.0226963813800386,18,2007-2024,17.32,-13.89,4.389999999999999,-0.1679217961301755,0.05984486251614497,-0.22776665864632045
WMG,2024.0,-0.09956011572538966,0.12870232718240487,-0.14442493645035007,0.2349669237948763,0.014086261045311521,10,2006-2024,17.32,-13.89,4.389999999999999,-0.023565891189949426,-0.04689320102984844,0.023327309839899012
LINC,2024.0,0.11953286894556574,-0.5089024616901631,-2.415533923801933,-1.7463921175645645,0.46103956424249193,19,2006-2024,17.32,-13.89,4.389999999999999,0.2869145469433715,0.29024201063583366,-0.0033274636924621737
EVRI,2024.0,0.2957265726796112,0.6490083382322175,-4.0177253107181,-3.7144198443320073,0.14103175232672793,19,2006-2024,17.32,-13.89,4.389999999999999,0.5613548398863913,0.8031338313540003,-0.24177899146760895
ATRC,2024.0,0.24808709837267173,-0.5151747380083903,-0.2860507873327457,0.5512819086147219,0.047888031446423285,19,2006-2024,17.32,-13.89,4.389999999999999,0.29513714244560924,0.2227925638983232,0.07234457854728604
CF,2024.0,0.35708493632790717,0.8131583528954968,2.7680030213095344,1.2980171484694607,0.1728342475182446,19,2006-2024,17.32,-13.89,4.389999999999999,0.11751022881338301,0.17043129620732222,-0.05292106739393922
THS,2024.0,0.14468211012830134,-1.0406592431886492,1.3828692412125188,0.2407923098258773,0.46153725713991156,18,2007-2024,17.32,-13.89,4.389999999999999,-0.08819356776971318,-0.21706982599503552,0.12887625822532234
OFLX,2024.0,0.09562704999305208,0.008148854944562163,-0.898527150568238,-0.24693402380280424,0.054027699519852534,19,2006-2024,17.32,-13.89,4.389999999999999,-0.21628262270683118,0.2110034492384354,-0.4272860719452666
SSKN,2024.0,-0.3186145977591793,0.4584998688371083,0.9785481678551486,-2.1144792772681984,0.325764333424594,13,2007-2024,17.32,-13.89,4.389999999999999,-0.09909852302422645,-0.46794840126374615,0.3688498782395197
OPBK,2024.0,-0.1089749898855123,1.3956085294361193,-1.3665393969151645,-0.4755927588263189,0.2594914714979517,6,2019-2024,17.32,-13.89,4.389999999999999,0.6284956556366265,0.30167820753186453,0.32681744810476193
IRBT,2024.0,0.20419951526179456,-1.4521591438130168,-0.09911357834541451,0.4387669657611266,0.18826432728020903,19,2006-2024,17.32,-13.89,4.389999999999999,-0.1962679649556967,-0.014285702617528415,-0.18198226233816828
SPR,2024.0,0.11105531287319825,-0.05529541513920137,0.679520446174492,-0.3634377699291059,0.03344316971408945,17,2008-2024,17.32,-13.89,4.389999999999999,-0.010170160082773015,-0.008862161102436105,-0.00130799898033691
ACCO,2024.0,0.04573748227289535,-0.3323526189475255,1.5942938632115362,-0.07863041682679295,0.10735432866181249,19,2006-2024,17.32,-13.89,4.389999999999999,0.09991866277156573,-0.23672528422759465,0.3366439469991604
RBC,2024.0,0.15191736446306345,-0.1639891026902718,0.7954537833741977,-0.06225305146666754,0.07159284490483286,18,2007-2024,17.32,-13.89,4.389999999999999,0.06184855061549713,0.010293012407045606,0.05155553820845152
BKD,2024.0,0.04763580527365367,-0.6024846545289148,1.0989561237727163,-1.3955160873469339,0.14062493257352382,18,2007-2024,17.32,-13.89,4.389999999999999,-0.31052432457468265,-0.27062269871731504,-0.03990162585736762
CCO,2024.0,0.12900336197611256,-0.8350582628382032,1.2306930341507192,-0.7023779682723751,0.09676566792506713,19,2006-2024,17.32,-13.89,4.389999999999999,-0.07534976244298296,-0.21740638439815635,0.14205662195517338
MNSB,2024.0,0.2353542528682165,-0.9468839523263846,0.9500889117201103,-0.950547699518326,0.40446767331130573,5,2020-2024,17.32,-13.89,4.389999999999999,-0.0146718565610029,-0.1023424415214911,0.08767058496048821
CROX,2024.0,0.6517182633241729,-3.0002077514031344,2.734292946279802,-0.41646308781436714,0.22394171580467892,18,2007-2024,17.32,-13.89,4.389999999999999,-0.2964669748445503,-0.26599373901216516,-0.030473235832385148
SPWR,2024.0,0.15772971326949745,0.11104180030844939,-0.0065813415737259184,-2.6157367767786175,0.07198079986826311,19,2006-2024,17.32,-13.89,4.389999999999999,-0.9946162726150534,0.06304545692693013,-1.0576617295419835
UAA,2024.0,0.1689579065823009,-0.1943286425415374,1.541339643637591,-0.549189911484179,0.06449939792019965,18,2006-2024,17.32,-13.89,4.389999999999999,0.19439859909473117,-0.10290132792131021,0.29729992701604135
UA,2024.0,0.228988781556353,-1.712422471222148,1.0877022382010637,-1.9652300451329816,0.47610552203356127,7,2017-2024,17.32,-13.89,4.389999999999999,0.09543838946063231,-0.30495823032678865,0.40039661978742097
LDOS,2024.0,0.11720376141551192,0.10820830015132413,-0.6150452379743162,-0.621977721973199,0.16369117609017592,17,2009-2024,17.32,-13.89,4.389999999999999,-0.05440605250424343,0.19407040056173036,-0.2484764530659738
BPTH,2024.0,-0.16385833100944686,-1.6684516478164164,2.4322742259991394,-1.1405746795860878,0.21919241260662137,9,2015-2024,17.32,-13.89,4.389999999999999,-0.4669817501138227,-0.8407482748363599,0.37376652472253724
LYV,2024.0,0.26799057342843763,-0.9034850173800025,1.2658988960922688,-0.2545202733727038,0.094584486419932,19,2006-2024,17.32,-13.89,4.389999999999999,0.33449939735525347,-0.07549982825005663,0.4099992256053101
UEC,2024.0,-0.08338236854582819,0.36595663395478956,0.16076666838552345,0.5481403886830978,0.09740780169623064,14,2009-2024,17.32,-13.89,4.389999999999999,0.06616277735806873,-0.018265806720419858,0.08442858407848859
HEES,2024.0,0.19648980331204913,-0.01577272230955221,-0.18177065636754178,0.7139258753375574,0.032825195537509066,18,2007-2024,17.32,-13.89,4.389999999999999,0.07292457816146429,0.250347257904805,-0.1774226797433407
CMG,2024.0,0.2926556690187946,-0.49907615153815404,1.0888350944851188,0.584029661111777,0.10027523893455992,21,2007-2024,17.32,-13.89,4.389999999999999,-0.08449082680686626,0.0806153870712103,-0.16510621387807656
AIRI,2024.0,-0.7711433922867937,3.1722096567910785,-3.0524143130044687,-1.4457903879905736,0.6296556618435641,10,2014-2024,17.32,-13.89,4.389999999999999,0.12593056463693436,0.13879347031295555,-0.012862905676021191
LQDT,2024.0,0.11298766032763291,0.1983751978246685,-0.3961881609427709,-3.3380989390475215,0.2538465596874232,18,2007-2024,17.32,-13.89,4.389999999999999,0.5691342522100559,0.05583423672163021,0.5133000154884256
VNDA,2024.0,0.2039912051499817,-1.2106235902515032,-0.9646651043337995,-1.527911543134249,0.1697408824629113,18,2007-2024,17.32,-13.89,4.389999999999999,-0.1991943435681795,0.06122786556679259,-0.2604222091349721
AVXL,2024.0,0.30666374808294133,0.15590914708160694,-4.343217620406446,-4.993871077242244,0.5040796031357488,8,2017-2024,17.32,-13.89,4.389999999999999,1.4980466502882377,0.7177091995409965,0.7803374507472411
MWA,2024.0,0.03450127786282599,0.24932152998139612,-1.1043671312007195,0.10302291519472129,0.05764053399666391,19,2007-2024,17.32,-13.89,4.389999999999999,0.21571254178779903,0.235603067356432,-0.019890525568632966
RHE,2024.0,0.3714593157403757,-0.5489213325745713,-0.9335536224153458,-7.83278693574627,0.24481772535345947,15,2008-2024,17.32,-13.89,4.389999999999999,-0.29157115503127634,0.06219739261269036,-0.3537685476439667
ATEC,2024.0,0.2984731810769857,-1.5621980018524027,-1.7530157820382184,-0.2904428699035879,0.19834501547413408,17,2007-2024,17.32,-13.89,4.389999999999999,-0.16851273532280428,0.25864393729249063,-0.4271566726152949
DK,2024.0,0.13847276637162395,0.09481725097827738,1.4203269524123825,0.7430418032843873,0.09217033370380334,18,2007-2024,17.32,-13.89,4.389999999999999,-0.2803517865569637,-0.009768764284833746,-0.27058302227212994
GPRE,2024.0,0.21861453397925737,-1.0113504861310512,0.2087459228994877,-1.157204276187253,0.08787523919995899,18,2007-2024,17.32,-13.89,4.389999999999999,-0.44925094147590433,-0.0363474466339999,-0.4129034948419044
SNCR,2024.0,0.07615489849016077,-1.3524199349671677,1.3739011553177638,-0.003016768646020407,0.19524678042403798,16,2007-2024,17.32,-13.89,4.389999999999999,-0.014723329073111815,-0.34905154086335033,0.3343282117902385
GOGO,2024.0,0.19510969824289082,-1.0164646649525306,0.8626503161770638,-2.5067942323428483,0.19628091710027196,11,2014-2024,17.32,-13.89,4.389999999999999,-0.20602570668690007,-0.21081237744373266,0.0047866707568325895
HTBI,2024.0,0.12169951552383938,-0.32322844942502865,0.42146765932607655,-1.2249717130846958,0.38134553169391516,11,2014-2024,17.32,-13.89,4.389999999999999,0.08158643886894719,-0.04660176800138575,0.12818820687033294
ORMP,2024.0,0.31075786248960724,-2.53952722542995,0.7660122080105554,-4.218095007657796,0.5397835095664534,11,2014-2024,17.32,-13.89,4.389999999999999,-0.10534645785062455,-0.42066171948370334,0.31531526163307877
POST,2024.0,0.22469074729804717,-0.6651751166331856,1.4481137562581885,-0.3064193817832036,0.3577367282230983,12,2013-2024,17.32,-13.89,4.389999999999999,0.05190512886558586,-0.1051123945073656,0.15701752337295147
META,2024.0,0.4729629147387837,-0.7814217704584683,-0.9769284795737354,0.3067444909896042,0.12567302035012518,12,2013-2024,17.32,-13.89,4.389999999999999,0.11624592545311839,0.4867821130626125,-0.3705361876094941
AMPY,2024.0,0.45613698427520966,-1.9149928628009796,3.4434825560564097,-2.1970467231221704,0.23253026040705327,8,2017-2024,17.32,-13.89,4.389999999999999,-0.1620249569808535,-0.4502898577432185,0.288264900762365
QXO,2024.0,2.1043941858041624,-9.33238895143816,8.042986553770044,-9.956627137723281,0.6713209530927892,7,2018-2024,17.32,-13.89,4.389999999999999,-0.8254089132668024,-1.0662423442496378,0.24083343098283538
FANG,2024.0,0.42961931992938873,-0.7327484197776044,2.709157098113813,-0.3448797083446479,0.09748768662378982,12,2013-2024,17.32,-13.89,4.389999999999999,-0.21459730747684874,-0.08873484650043097,-0.1258624609764178
PSX,2024.0,0.21843480648449143,-0.7247550705572104,1.245635855286914,0.0007130833968623379,0.10315906787776019,12,2013-2024,17.32,-13.89,4.389999999999999,-0.22634117864444453,-0.08008028767424749,-0.14626089097019704
PBYI,2024.0,-0.11099464440141697,0.5388180943913489,-3.8705678370473873,0.6956340331706847,0.19514149382897683,12,2013-2024,17.32,-13.89,4.389999999999999,-0.1113984680029345,0.5504888561692398,-0.6618873241721743
PHLT,2024.0,-0.22100972891546422,-0.0820391889114361,-0.9771955732373108,0.506091244175173,0.18559660604585226,10,2014-2024,17.32,-13.89,4.389999999999999,-0.005603100049849888,-0.07726904569297241,0.07166594564312252
GMED,2024.0,0.1197831299453753,0.09978100129864681,-1.0131998093692296,-0.5241062216663264,0.18030889426397168,12,2013-2024,17.32,-13.89,4.389999999999999,0.16063919187950004,0.2547903897605352,-0.09415119788103515
NOW,2024.0,0.29763446965965284,0.06922435091022602,-0.7500255976862408,-0.2968930006670716,0.09404172343667672,12,2013-2024,17.32,-13.89,4.389999999999999,0.3006240593530268,0.40076908002663836,-0.10014502067361158
BLMN,2024.0,0.5118828670708786,-3.356674575614035,2.264010914174496,-1.124981352516831,0.3852879056471348,12,2013-2024,17.32,-13.89,4.389999999999999,-0.3922466143114676,-0.43335096677979856,0.04110435246833094
FET,2024.0,-0.2332654137938412,-0.3596619567622456,0.07644182448949516,1.9471225488646917,0.5665003896927718,11,2013-2024,17.32,-13.89,4.389999999999999,-0.12823917677974078,-0.22069795423149308,0.0924587774517523
PANW,2024.0,0.2302432923068306,0.9157729281513581,-0.4296563713482257,0.6907090925550499,0.11330870161567619,12,2013-2024,17.32,-13.89,4.389999999999999,0.026496304018927122,0.47885656260608106,-0.45236025858715395
FIVE,2024.0,0.5948073769277765,-3.072704433978509,2.352534464435366,-0.0928199123312825,0.338174366540848,11,2014-2024,17.32,-13.89,4.389999999999999,-0.0837800789209917,-0.26822686229871684,0.18444678337772513
CVLT,2024.0,0.21165619331569108,-0.4139674125131686,0.27895578702076307,-0.8998643860566546,0.12588465668994808,17,2008-2024,17.32,-13.89,4.389999999999999,0.19436165268934774,0.06170603210333915,0.1326556205860086
PTCT,2024.0,0.016119379651055393,1.6319768786478526,-2.534498832397869,1.0413115210054062,0.1174788727512951,11,2014-2024,17.32,-13.89,4.389999999999999,0.42914871843580316,0.6965332386250648,-0.2673845201892616
QRTEB,2024.0,0.30867391068308553,-1.9520887968978364,0.7183749700559221,0.08678334871019855,0.18934048015510796,18,2007-2024,17.32,-13.89,4.389999999999999,-0.3637669742879689,-0.1254003632720096,-0.2383666110159593
BATL,2024.0,-0.6460360801069717,2.2227079764559674,-1.0197620195321824,0.46910536262855507,0.11184365476446212,12,2010-2024,17.32,-13.89,4.389999999999999,-0.5320107194029166,-0.09882438865238444,-0.43318633075053214
ESOA,2024.0,0.23787914789101253,-0.2196660792318379,-3.4896957883974906,-1.9836536735145702,0.21481237258000951,7,2009-2024,17.32,-13.89,4.389999999999999,0.7197792799136847,0.59746933170918,0.12230994820450469
KBR,2024.0,0.20163637683241414,-0.6442250994234021,1.0242896699717838,0.0878492622614856,0.0905964843348529,16,2009-2024,17.32,-13.89,4.389999999999999,-0.13937684996569843,-0.04836066293352065,-0.09101618703217779
LMAT,2024.0,0.33355202356912395,-1.07823922710178,-0.2309838054648664,-0.6958086232866009,0.1965467930473308,18,2007-2024,17.32,-13.89,4.389999999999999,0.07651522430832966,0.14833864145188383,-0.07182341714355417
INFU,2024.0,-0.018720763230084758,1.2775585630462905,-3.331125361093286,-0.8517854724570467,0.1408274915714206,14,2011-2024,17.32,-13.89,4.389999999999999,0.1902082822017857,0.6278523103045258,-0.4376440281027401
ICFI,2024.0,0.15875121503299097,-0.43928226273351206,0.1893635734497826,-0.15076359706362677,0.083868725025255,18,2007-2024,17.32,-13.89,4.389999999999999,-0.24238740526824087,0.04974640486427867,-0.29213381013251954
TNL,2024.0,0.22161270503781824,-0.3718210123683292,0.9555585766073723,-0.7682374004058182,0.11223155091851167,17,2008-2024,17.32,-13.89,4.389999999999999,0.0980352158082936,-0.009239402472955786,0.10727461828124937
ALGT,2024.0,0.19995853651698972,-0.2999845369475805,-1.3534638420545797,-0.6679360774377605,0.14867503409996052,17,2008-2024,17.32,-13.89,4.389999999999999,0.826800294308989,0.3066749485795322,0.5201253457294568
FOLD,2024.0,0.09412139155816104,1.9362384878603496,-0.9630818540579117,2.0654909213666968,0.19551748792497714,17,2008-2024,17.32,-13.89,4.389999999999999,-0.09738431202354554,0.6539250186322154,-0.751309330655761
NECB,2024.0,0.12276420484903011,0.6722400066736387,-0.6265326879811486,0.48680337960847897,1.0,3,2022-2024,17.32,-13.89,4.389999999999999,0.3475922327302981,0.3475922327302981,0.0
CELH,2024.0,2.2028150412678906,-9.071166631356387,5.418115136011886,-6.984206362251527,0.5701460908567035,7,2018-2024,17.32,-13.89,4.389999999999999,-0.5856043205603059,-0.42749387097792857,-0.1581104495823773
HBI,2024.0,0.07301361470764654,0.2858339316284447,-0.1781272679122058,-0.6042366731581386,0.03480768672104928,17,2008-2024,17.32,-13.89,4.389999999999999,0.6041343078561844,0.12073593922705626,0.4833983686291281
FSLR,2024.0,0.28300256695048964,-0.7899908379387549,-2.1525730108468526,1.4759761088008738,0.19737859187786388,17,2008-2024,17.32,-13.89,4.389999999999999,-0.26529015246250337,0.5099638962024835,-0.7752540486649868
BYRN,2024.0,-0.23788844418976263,8.106755694600103,-4.454203646577572,1.2506728560003362,1.0,3,2022-2024,17.32,-13.89,4.389999999999999,1.839795067003015,1.8397950670030148,2.220446049250313e-16
GSAT,2024.0,-0.1401014529760572,-0.5274050787781324,-1.5225315646850754,0.27786675338156075,0.14554097702204027,13,2007-2024,17.32,-13.89,4.389999999999999,0.8012320572750807,-0.007770027812222231,0.809002085087303
WLDN,2024.0,0.26816168984770644,0.31899063098936764,-1.0374975974451834,0.38344495752373975,0.01951307745605857,17,2008-2024,17.32,-13.89,4.389999999999999,0.2732943070741337,0.48435251705549304,-0.21105820998135932
PRIM,2024.0,0.21763347733325245,0.032668883525968084,-1.3281017056329425,0.09600388572463764,0.08447544328017942,16,2009-2024,17.32,-13.89,4.389999999999999,0.48757484360198744,0.4119796254556774,0.07559521814631004
AWI,2024.0,0.22823333105742732,-0.6039718171742661,2.045308722136375,-0.10820533201153726,0.1680739958271349,18,2007-2024,17.32,-13.89,4.389999999999999,0.20624237451592858,-0.16521818325720453,0.37146055777313314
SBH,2024.0,0.100842373486315,-0.3481028319473,0.8276827776711948,-0.6560515784671669,0.08820674984829802,17,2008-2024,17.32,-13.89,4.389999999999999,-0.07307529033034563,-0.10321483912019493,0.0301395487898493
WFCF,2024.0,-0.060778723039406776,-0.009055267516207064,-0.5306646858229338,0.7965041951143891,1.0,3,2022-2024,17.32,-13.89,4.389999999999999,0.04632876365311332,0.046328763653113336,-1.3877787807814457e-17
IPGP,2024.0,0.42038131749785734,-1.118255324746698,2.0793297540638873,2.0397213392223628,0.11375596504369112,18,2007-2024,17.32,-13.89,4.389999999999999,-0.18526864294734519,0.027424359204117024,-0.2126930021514622
CPRX,2024.0,-0.12226118683031259,1.3989545142500088,-2.8877243613897656,1.6324440745839495,0.3615212300200574,13,2007-2024,17.32,-13.89,4.389999999999999,0.3003399017752072,0.5928069437090628,-0.29246704193385564
EBS,2024.0,0.04585372732821503,0.19345220885105613,-0.7068534489803975,-0.38192233451601465,0.03530278344171334,18,2007-2024,17.32,-13.89,4.389999999999999,0.3547779447266019,0.16077520347934215,0.19400274124725975
III,2024.0,0.012156415991986469,0.862210790218522,-1.0444676691030543,-0.8169643890225751,0.06793035661689506,16,2009-2024,17.32,-13.89,4.389999999999999,0.12007918806706029,0.27070314741815765,-0.15062395935109735
CLNE,2024.0,0.1033542183417233,-0.837568369942791,0.2988115818414496,-3.2971077340067527,0.2591799597796549,17,2008-2024,17.32,-13.89,4.389999999999999,-0.10690617897324535,-0.22796058157304186,0.12105440259979651
PFIE,2024.0,-0.04305706358468442,2.6676050301670657,-0.6363208188474245,1.890601322386639,0.19849325554831987,9,2016-2024,17.32,-13.89,4.389999999999999,0.7417509533611376,0.590354487430932,0.15139646593020561
AVAV,2024.0,0.12692074822072436,0.2855358169277915,-0.728217065466805,0.18209145883973715,0.03150745192143889,17,2008-2024,17.32,-13.89,4.389999999999999,-0.20217490050908632,0.2855187171490215,-0.4876936176581078
NCMI,2024.0,0.062023390114376464,-0.5182227511108989,-0.4761023840420038,-1.0375332569968987,0.2314075744334847,15,2008-2024,17.32,-13.89,4.389999999999999,0.4655461406809017,-0.007149879216760746,0.47269601989766247
SMCI,2024.0,0.9109896979863258,-2.6992438256592637,-2.648723305452277,4.694362774181338,0.38234859309168645,16,2008-2024,17.32,-13.89,4.389999999999999,-0.6749796431683515,1.0174708602960232,-1.6924505034643746
AVNW,2024.0,-0.016781244220339844,0.33641465269337995,-2.453116899138623,-2.2462644474280484,0.2300685871692818,17,2008-2024,17.32,-13.89,4.389999999999999,-0.41575108869345645,0.283612701674417,-0.6993637903678734
PRTS,2024.0,0.24566027642517718,0.6791003357477683,-5.936671330519642,-2.6341697417869905,0.14203439814657226,17,2008-2024,17.32,-13.89,4.389999999999999,0.03301930422877444,1.0722440507214201,-1.0392247464926456
HROW,2024.0,1.013616113802523,-4.182446121762648,3.596655884644888,0.5049972339079813,0.1378621688040368,11,2014-2024,17.32,-13.89,4.389999999999999,0.5590498946382944,-0.18818967829538213,0.7472395729336765
ARAY,2024.0,0.08223796280002026,-0.7251084727035234,-1.0436950690009688,0.37652316290461235,0.1415832724417101,17,2008-2024,17.32,-13.89,4.389999999999999,0.040930297212105005,0.11814778726351705,-0.07721749005141204
CARE,2024.0,0.23422792249456587,-0.5414578101377314,0.3315738435501303,-0.6561254668660964,0.48456329173313706,5,2020-2024,17.32,-13.89,4.389999999999999,0.1163774425085813,0.06558791491417605,0.05078952759440525
REI,2024.0,0.023133199284662148,-1.0110889974747024,0.8837407047984436,-2.1079763739524044,0.28007791538518356,11,2014-2024,17.32,-13.89,4.389999999999999,-0.24224762297815877,-0.36727916179097064,0.12503153881281187
SD,2024.0,0.15135992125776482,0.47430086130306753,1.6987568919691778,-2.1975221166235834,0.09996388730665817,14,2009-2024,17.32,-13.89,4.389999999999999,-0.1252706760083928,-0.09891972277883795,-0.026350953229554858
CNK,2024.0,0.13199487370366886,-0.0589751574701389,0.18715184357257253,-0.4194037046109218,0.029960390423126593,17,2008-2024,17.32,-13.89,4.389999999999999,0.385951307909863,0.07737316272519101,0.30857814518467197
TTGT,2024.0,0.12476819739055661,0.6160681049774523,0.5437138199551229,-0.9726205075003795,0.07193738769530977,17,2008-2024,17.32,-13.89,4.389999999999999,-0.03589949843021422,0.11325130330161814,-0.14915080173183237
PODD,2024.0,0.3359396094585068,-0.8834501360945684,0.2825586471855758,0.32373832111580825,0.11551666733214427,17,2008-2024,17.32,-13.89,4.389999999999999,0.24672498310187196,0.1578907620898351,0.08883422101203686
NBY,2024.0,-0.1431362370949233,-0.7815479763537616,0.32415254473104876,-0.3507891176023851,0.14602330275919562,12,2008-2024,17.32,-13.89,4.389999999999999,-0.7750359504653058,-0.3389247773252822,-0.4361111731400236
INFN,2024.0,-0.05305782166200998,1.037801806610509,-3.0909722237776927,-1.2393554301725327,0.3193680500091325,17,2008-2024,17.32,-13.89,4.389999999999999,0.031837563438808406,0.5016177897410775,-0.4697802263022691
CDXC,2024.0,0.11139682549970059,0.25992369939824134,-2.996613856972353,-2.321432829173569,0.6799644897144801,8,2017-2024,17.32,-13.89,4.389999999999999,0.896240236515987,0.47073437376821614,0.4255058627477709
AMC,2024.0,1.4917588744414387,-8.172358291986463,5.467234761472044,-15.656783485959526,0.42648625114211236,10,2015-2024,17.32,-13.89,4.389999999999999,-0.24778529681544353,-1.3704252851327063,1.1226399883172629
TIPT,2024.0,0.023201817223233945,0.3583801673631337,-0.9452974184071967,0.8876305366710688,0.8294290888873074,7,2017-2024,17.32,-13.89,4.389999999999999,0.24044213393703973,0.2555420541871482,-0.015099920250108478
PRO,2024.0,0.1717073479345222,-0.2968421110207906,0.9989383012579887,0.7345054334063228,0.05524691772664059,17,2008-2024,17.32,-13.89,4.389999999999999,-0.280488997457101,0.013786552787524192,-0.29427555024462515
SCOR,2024.0,-0.06113017744612851,-0.19849842462223524,0.7010055920325453,-0.5796407790626216,0.038789072799183755,15,2008-2024,17.32,-13.89,4.389999999999999,-0.6354238512728254,-0.21832601152486927,-0.4170978397479561
MASI,2024.0,0.13617336741931615,0.08387105294394723,-1.5609046072661297,0.2054568573971033,0.1591112578702566,17,2008-2024,17.32,-13.89,4.389999999999999,0.26554810098170023,0.37652903977820606,-0.11098093879650583
DHX,2024.0,0.09908508967770971,-0.6891993655155785,3.3207661454588737,0.009383335939444876,0.37306284174918436,16,2009-2024,17.32,-13.89,4.389999999999999,-0.2000914700660924,-0.4811267295860844,0.281035259519992
ALSN,2024.0,0.19406541362854685,-0.28552346708810084,-0.5446055182996794,0.5317408873132364,0.32388015494305433,12,2013-2024,17.32,-13.89,4.389999999999999,0.3835842170795574,0.2436018805737643,0.13998233650579311
LULU,2024.0,0.7349192602632605,-2.679331370238022,3.6247599356214306,0.47423197001635453,0.34762253736272786,16,2009-2024,17.32,-13.89,4.389999999999999,0.23326789198468167,-0.21180130463606361,0.4450691966207453
RILY,2024.0,1.1240047540818512,-6.33138838290159,5.416440092273985,-4.099771943536323,0.553408395763213,9,2016-2024,17.32,-13.89,4.389999999999999,-0.7867764780932293,-0.9049152309748051,0.11813875288157583
MELI,2024.0,0.4619250786819205,-1.3135749152353438,-0.263998059072726,-0.1902514960373775,0.2596399266489543,17,2008-2024,17.32,-13.89,4.389999999999999,-0.012272295573024193,0.26273119309231974,-0.2750034886653439
CPIX,2024.0,-0.3026692040752596,1.8594563185682786,-2.3517395815617683,0.09770125469550675,0.21215223701179764,15,2010-2024,17.32,-13.89,4.389999999999999,0.5020372939593299,0.35033434326082863,0.15170295069850132
MDXG,2024.0,0.09714174679496727,-0.20161770313302757,-4.403077996271249,0.25693572631491657,0.6657766010506603,9,2014-2024,17.32,-13.89,4.389999999999999,0.3411857726898025,0.6850885726796282,-0.3439027999898257
LIXT,2024.0,-0.40426336096196547,-0.4921000919323197,-1.7823737566293112,1.1698145211838096,1.0,3,2021-2024,17.32,-13.89,4.389999999999999,-0.19056852460886248,-0.19056852460886267,1.942890293094024e-16
TDC,2024.0,0.16495137435049703,-0.7799093839223017,1.1095297775939277,-0.33833679010816187,0.07571169923245202,17,2008-2024,17.32,-13.89,4.389999999999999,-0.14564953319722307,-0.13909560213839048,-0.0065539310588325905
MSCI,2024.0,0.16223443495391168,-0.12072682433617188,-0.5665629539048873,0.1476993317984787,0.12392234640779676,12,2009-2024,17.32,-13.89,4.389999999999999,0.20520811760236574,0.22650414394222879,-0.02129602633986305
LPLA,2024.0,0.28775168166531845,-0.3424593414646428,0.501854981929459,-0.09761514049123321,0.008550107103152405,14,2011-2024,17.32,-13.89,4.389999999999999,0.12469348285462743,0.15444476206607535,-0.02975127921144792
CVI,2024.0,0.27574753701373156,0.26213640017071443,3.5244861419568507,1.753517610546808,0.3260676208683876,17,2008-2024,17.32,-13.89,4.389999999999999,-0.33317409506958523,-0.09142214049150241,-0.24175195457808282
ULTA,2024.0,0.5229251880790349,-1.5698985203528044,3.550521806575913,-0.07601618402411145,0.33491434069641457,16,2009-2024,17.32,-13.89,4.389999999999999,0.08015904492724242,-0.2454858250581236,0.325644869985366
APEI,2024.0,0.019204252875789835,0.49263699633612845,-0.2542306859807692,-1.9210635437905272,0.1347821419948475,16,2009-2024,17.32,-13.89,4.389999999999999,0.17998164615015955,0.05550693335153199,0.12447471279862755
ENSG,2024.0,0.311765034745651,-0.13037691699522877,0.585908785668889,-0.2850016650601135,0.028235717008548877,16,2009-2024,17.32,-13.89,4.389999999999999,0.028108386576478905,0.1952894492965297,-0.1671810627200508
LL,2024.0,0.0607595248138262,-1.2915483899853724,0.9982869403457979,-1.4536529142869794,0.23654391678558062,17,2008-2024,17.32,-13.89,4.389999999999999,-0.9700583150210534,-0.36541407528286995,-0.6046442397381835
ACIC,2024.0,0.5847150697680329,-2.21921483892979,-0.7728066177406144,2.1691579172893665,0.3698060698790244,12,2013-2024,17.32,-13.89,4.389999999999999,0.2288478063283601,0.40291593143856774,-0.17406812511020764
FPAY,2024.0,-0.6613971550508322,2.797948208625707,-4.791848053997719,-2.52005433827406,0.8598748507708853,7,2017-2024,17.32,-13.89,4.389999999999999,0.2889567826587255,0.37816478393319214,-0.08920800127446665
TITN,2024.0,0.611588945080209,-3.404032241024605,3.804542326652854,-1.254498227841387,0.22889734408857454,15,2010-2024,17.32,-13.89,4.389999999999999,-0.15830154563569943,-0.561512840439571,0.4032112948038715
LRN,2024.0,0.140283599526119,0.04665862472431857,0.2638777603117455,-0.4156440513310852,0.029796343807342307,16,2009-2024,17.32,-13.89,4.389999999999999,0.4272032653482018,0.09346547856763489,0.3337377867805669
OESX,2024.0,0.05556813037588641,-0.39396954794885947,0.09608911162032993,-0.8170218172312664,0.04863114239270738,16,2009-2024,17.32,-13.89,4.389999999999999,-0.3261701684892779,-0.06188143070937245,-0.2642887377799054
ORN,2024.0,0.04776766634775578,0.10432346407913771,-2.744370790009177,-2.0732791301111533,0.2767437177060862,17,2008-2024,17.32,-13.89,4.389999999999999,-0.27621278115854986,0.3560126392466575,-0.6322254204052074
SATS,2024.0,0.12741304233488926,-0.43050641577305704,0.1346629413679068,0.5716625931310373,0.08465183654695008,16,2009-2024,17.32,-13.89,4.389999999999999,0.23881433200646085,0.05924063640544605,0.1795736956010148
BWEN,2024.0,0.4090983311074262,-3.0683744550327012,-1.0459424885822046,0.6321968290094728,0.6025617939628733,14,2010-2024,17.32,-13.89,4.389999999999999,-0.47381045554615114,0.050690727953346476,-0.5245011834994976
DALN,2024.0,-0.09539811558190801,1.3409999738207117,-2.7075313726690493,0.7466816377104559,0.14601101092169544,15,2010-2024,17.32,-13.89,4.389999999999999,1.0226588910595267,0.5457185114430592,0.4769403796164675
DTST,2024.0,1.8173904174021154,-5.791758723562683,6.7808852606389145,-6.2541413896693845,1.0,3,2022-2024,17.32,-13.89,4.389999999999999,-0.4021639632281722,-0.4021639632281725,2.7755575615628914e-16
AWK,2024.0,0.1772894386809291,-0.21620099767127302,0.9000008173180456,-0.34556131241804855,0.14758375732681805,16,2009-2024,17.32,-13.89,4.389999999999999,-0.07257311678613694,-0.00033682925636422875,-0.07223628752977271
AYTU,2024.0,-0.034070516550218644,-1.5405718674249333,0.16841840904340055,-0.2452971169921147,0.11057426098540679,5,2019-2024,17.32,-13.89,4.389999999999999,-0.46478944018651686,-0.3350594244402993,-0.12973001574621756
SCNX,2024.0,0.35435523927870244,-2.2274577656439765,1.7670328813648672,-3.2924879713894133,1.0,4,2021-2024,17.32,-13.89,4.389999999999999,-0.4214215348964097,-0.42142153489640954,-1.6653345369377348e-16
V,2024.0,0.2644129597126511,-0.3418917901354375,0.12949229329513523,-0.21627060446120627,0.07044961756237333,14,2011-2024,17.32,-13.89,4.389999999999999,0.16164430938671293,0.1777165425866521,-0.016072233199939168
ENOV,2024.0,0.27161046612138506,-0.9952749252930017,0.42268144086443915,0.11651545616168284,0.07843333055070612,16,2009-2024,17.32,-13.89,4.389999999999999,-0.07618440697096202,0.04563342545006448,-0.12181783242102649
PM,2024.0,0.11825544731046767,-0.024322526851237983,0.2336182263450374,-0.5094676611036968,0.12294916697557545,16,2009-2024,17.32,-13.89,4.389999999999999,0.16740105708850733,0.05922758369805528,0.10817347339045205
HI,2024.0,0.1558589005811252,-0.9158878854479832,0.9022175296315714,-0.21932126152673956,0.26178744689317013,13,2009-2024,17.32,-13.89,4.389999999999999,-0.26604270914828854,-0.1377190994253146,-0.12832360972297394
SWI,2024.0,0.16794604522595913,-0.29994212193605213,0.661914956092932,-0.3351402650424907,0.04271182567596654,12,2010-2024,17.32,-13.89,4.389999999999999,0.13559046370596584,0.009343424669961293,0.12624703903600454
ERII,2024.0,0.23648188428517364,-0.4552946112288441,-1.1378630443532989,-2.06213130707485,0.15660436426718205,16,2009-2024,17.32,-13.89,4.389999999999999,0.05911516621240266,0.22514647010042516,-0.1660313038880225
CDNA,2024.0,1.6020544019204972,-1.5405025311162108,10.07778739227079,-0.503032776799553,0.07879569249289409,10,2015-2024,17.32,-13.89,4.389999999999999,0.3316409233129231,-0.08664844415674366,0.4182893674696668
LAB,2024.0,0.25851272975477446,-1.662498316229029,2.1667536199218884,-0.08799295570232238,0.06218899571625702,13,2012-2024,17.32,-13.89,4.389999999999999,-0.058281081538495386,-0.3342569471785756,0.27597586564008025
CDXS,2024.0,-0.020007141215192398,1.1229730566478195,-0.7450619231321094,-1.3921085100311632,0.08773865700951522,14,2011-2024,17.32,-13.89,4.389999999999999,0.49173123131041974,0.21686732972889186,0.27486390158152785
WMPN,2024.0,-0.013784798434333875,0.2868960243703213,0.08236393403775455,-0.31324392341363977,1.0,3,2022-2024,17.32,-13.89,4.389999999999999,0.010713834310902892,0.01071383431090288,1.214306433183765e-17
MRC,2024.0,0.14538931951595882,-1.0046100092272283,1.6930975937511599,-0.4375158518002277,0.13940021460673058,12,2013-2024,17.32,-13.89,4.389999999999999,-0.05705177038629208,-0.28298733574826324,0.22593556536197115
IOVA,2024.0,0.2538439031893352,-1.2820551349507954,2.066301454546541,-0.9910515639485049,0.1921379285280116,9,2016-2024,17.32,-13.89,4.389999999999999,-0.12428906669008129,-0.29872448187799644,0.17443541518791517
LOPE,2024.0,0.22046199344592995,-0.30172058890231823,-0.07981609065381505,-0.059005020827176013,0.02246669011263902,16,2009-2024,17.32,-13.89,4.389999999999999,0.1237697004385886,0.1767001220255503,-0.05293042158696169
SGLY,2024.0,-0.39979619487019635,0.9189858914012895,1.5866675034663669,-0.6296133747959638,0.3415211769969838,12,2009-2024,17.32,-13.89,4.389999999999999,-0.7216796157526953,-0.48865598186451414,-0.2330236338881812
HBCP,2024.0,0.10303125587398049,0.003168930764957769,-0.20953249825601972,-0.40970787784732693,0.08158089843310357,16,2009-2024,17.32,-13.89,4.389999999999999,0.12092955069831847,0.11469800285273465,0.006231547845583815
MG,2024.0,0.18553259769323013,-1.0506121727961537,0.8414113888957035,-1.396785792546912,0.16117062127789072,15,2011-2024,17.32,-13.89,4.389999999999999,0.04590224063382603,-0.17462436884548632,0.22052660947931235
RSSS,2024.0,-0.10344364749546581,1.1687046164406356,-3.6492234232525833,-0.5782361203009181,1.0,4,2021-2024,17.32,-13.89,4.389999999999999,0.580468559880626,0.5804685598806257,2.220446049250313e-16
ALIM,2024.0,-0.19431681336324894,0.7566905833849216,-2.537398270190977,-1.409988240156682,0.25546434302060406,12,2011-2024,17.32,-13.89,4.389999999999999,-0.050578922308053324,0.22728813166566786,-0.2778670539737212
TREE,2024.0,0.09780034574090676,1.5661756072718012,-0.932022083139366,-1.066342380064821,0.1382863551329122,16,2009-2024,17.32,-13.89,4.389999999999999,-0.11526634506367656,0.451707397783595,-0.5669737428472715
JBT,2024.0,0.4272587483280268,-1.612027589382738,0.852257606859204,-0.4728799429652994,0.1927784216015611,15,2010-2024,17.32,-13.89,4.389999999999999,0.29388097208658664,0.008917558758016503,0.2849634133285701
ZWS,2024.0,0.0694878669911805,0.45940345239752484,-0.5544440093169404,-0.3775452994004299,0.06322208857722589,13,2013-2024,17.32,-13.89,4.389999999999999,0.22773011660362957,0.20949457919687592,0.018235537406753655
BERY,2024.0,0.18518491968638107,-0.7290310740619231,-0.11909994716257205,-0.4633659756839058,0.2568346795458506,11,2014-2024,17.32,-13.89,4.389999999999999,0.1632982641368057,0.05511795398721378,0.10818031014959192
MYRG,2024.0,0.1851353227766004,-0.08498525118582723,-1.0944497707177354,-0.8076115293437088,0.09462427670856899,16,2009-2024,17.32,-13.89,4.389999999999999,0.049253487993969405,0.28698080428571976,-0.23772731629175037
VRSK,2024.0,0.235072368107059,-0.5261365847190876,0.7318776739349268,-0.03803136681533617,0.11633997749455838,15,2010-2024,17.32,-13.89,4.389999999999999,-0.022230811667846434,0.04061812572095845,-0.06284893738880488
IBIO,2024.0,-0.06787157382464509,-1.079722805730864,-2.4364896607820663,0.6972234131109423,1.0,3,2020-2024,17.32,-13.89,4.389999999999999,0.11415695794096871,0.11415695794096861,9.71445146547012e-17
AVGO,2024.0,0.586044619496554,-1.28569225126667,0.08679167995851142,-0.16653411829449527,0.3793393999665897,7,2018-2024,17.32,-13.89,4.389999999999999,0.40515075634211273,0.3439965094378012,0.06115424690431154
MHH,2024.0,0.21986366843274113,2.1991547208671522,-5.735783908862666,-0.24735086629484435,0.15686094321887412,16,2009-2024,17.32,-13.89,4.389999999999999,0.9396857812644389,1.3865989479976124,-0.4469131667331735
FSBW,2024.0,0.2882373367022194,-0.8300313120537728,0.22334225172289884,-0.9938806414118623,0.23797384902866137,12,2013-2024,17.32,-13.89,4.389999999999999,0.09284928967105323,0.06982231453221457,0.023026975138838654
CLW,2024.0,0.2922696969376362,-1.4995029899423329,1.7032355826345198,-0.5149004786415433,0.2557480867423776,16,2009-2024,17.32,-13.89,4.389999999999999,-0.4327861870991962,-0.22662777436067438,-0.2061584127385218
SLCA,2024.0,0.2985105593980764,-0.768145589161972,1.010400174173266,-1.5289052241088859,0.07971541303483054,12,2013-2024,17.32,-13.89,4.389999999999999,-0.04439216634005332,-0.04199578017582385,-0.0023963861642294706
ISDR,2024.0,0.1717448206030664,-0.5325977595185829,-0.2296545049112748,-1.7345390161420298,0.16525494547710418,10,2015-2024,17.32,-13.89,4.389999999999999,0.09259859112899509,0.03525163657798884,0.057346954551006246
TBNK,2024.0,-0.06655132399236185,0.4044407902547945,-0.08979501709735441,-0.3834589346418758,0.13824618335631356,15,2010-2024,17.32,-13.89,4.389999999999999,0.15659915987429318,-0.0008634984761872674,0.15746265835048046
ADUS,2024.0,0.5518484571914613,-1.5057446615922594,-0.39368189229555506,-0.24349913756119473,0.07051426626278046,15,2010-2024,17.32,-13.89,4.389999999999999,0.03259814172611611,0.3350462845045981,-0.302448142778482
TXMD,2024.0,-0.3103667327353254,0.09561482542478503,0.2047021954699776,-0.5989621915391576,0.04479919901234364,11,2014-2024,17.32,-13.89,4.389999999999999,-0.5128189404860278,-0.3485338201311015,-0.16428512035492632
H,2024.0,0.31068694967631927,-1.2231153558373535,1.0062905037204288,0.2946474958947379,0.1703124694932131,14,2011-2024,17.32,-13.89,4.389999999999999,-0.011671006728163506,-0.02799535585169892,0.016324349123535413
FTNT,2024.0,0.4728988887548403,-0.3619919933728843,1.0831909717688106,0.9389100128886034,0.05930777284606903,15,2010-2024,17.32,-13.89,4.389999999999999,0.5206304149460429,0.30096479908977863,0.21966561585626426
TOON,2024.0,0.1313223089024943,-2.210326637887895,-0.7066840924962228,0.3488211650628277,0.384656118619202,7,2017-2024,17.32,-13.89,4.389999999999999,-0.4741660799207407,-0.13803459518570568,-0.33613148473503507
CODA,2024.0,1.2208458151442643,-5.444437444432566,6.376386100900298,-0.6735191748155924,0.2931879433645811,7,2018-2024,17.32,-13.89,4.389999999999999,0.2526050945526899,-0.6373782714209121,0.8899833659736021
OMER,2024.0,-0.3159973796396711,4.074372725257355,-7.940007372713051,2.003244420667313,0.3389026315513205,15,2010-2024,17.32,-13.89,4.389999999999999,1.38651675129506,1.5804934305120406,-0.19397667921698059
RCM,2024.0,0.22779757950473933,-1.6464544832428594,1.3790220108734492,-1.2339094661058405,0.29596998522014906,10,2011-2024,17.32,-13.89,4.389999999999999,0.09155339552332349,-0.30308311986529235,0.3946365153886158
IRDM,2024.0,0.3081993490958632,-1.370612107572764,0.5798386400461898,0.18860943908757505,0.19257739184940037,15,2010-2024,17.32,-13.89,4.389999999999999,0.053471985163582966,-0.001450300662210708,0.05492228582579367
CULL,2024.0,-0.04362472626055009,-0.3690593800322702,0.28899630645982355,-0.18537058065249468,1.0,3,2022-2024,17.32,-13.89,4.389999999999999,-0.1558251663400533,-0.15582516634005328,-2.7755575615628914e-17
GNRC,2024.0,0.3985987909207475,-1.076582025137669,-0.5675222165694243,-3.4167867118680357,0.48389702598466033,14,2011-2024,17.32,-13.89,4.389999999999999,0.1256855287914197,0.14096668339738955,-0.015281154605969849
FLNT,2024.0,0.13488351131066545,-2.01178890986351,2.8476577851476277,-1.8852196369823548,0.33695349016063425,9,2015-2024,17.32,-13.89,4.389999999999999,-0.3489211963647221,-0.6918591362982253,0.3429379399335032
POAI,2024.0,0.1166854319625627,-2.6523017999586496,0.12931383474102298,0.9725336015499464,0.41979926259702605,6,2017-2024,17.32,-13.89,4.389999999999999,-0.2585181984972546,-0.31796070632776086,0.05944250783050625
CALX,2024.0,0.34589768732021475,-1.7452390240871083,-1.4904026290741705,-2.401973123090962,0.41902322054783836,14,2011-2024,17.32,-13.89,4.389999999999999,-0.06278575829391128,0.1451925934230367,-0.20797835171694798
CRMD,2024.0,-0.6674384837261865,3.3630911323658363,-5.528252321895972,0.48979320708499974,0.2849957849963072,10,2011-2024,17.32,-13.89,4.389999999999999,0.8236898718520737,0.7044250697019583,0.11926480215011537
SPSC,2024.0,0.4313815378660469,-1.1587134062160056,0.8356185079152925,0.05740576683611151,0.11512177361244702,14,2011-2024,17.32,-13.89,4.389999999999999,-0.06914300837887077,0.1171450783241059,-0.18628808670297667
BLNK,2024.0,2.2127227185676785,-9.530784730020189,9.68818367132938,-10.436628395908832,0.6900856651821416,6,2019-2024,17.32,-13.89,4.389999999999999,-0.5396815609030362,-1.2418658951998665,0.7021843342968302
CLPT,2024.0,0.6665506018593375,1.226787740351782,-5.828318359327083,-6.65203742259247,0.6057101111047478,5,2020-2024,17.32,-13.89,4.389999999999999,1.8064508820060061,1.3965592157469886,0.4098916662590175
VUZI,2024.0,0.5645133256713706,-1.010916959558639,-2.6205538094940852,-8.143488112413612,0.3633710023487371,9,2016-2024,17.32,-13.89,4.389999999999999,1.871539066836169,0.39591830427958524,1.4756207625565838
PPSI,2024.0,0.7167040143406889,-4.18032276626039,0.48878709215420635,0.3343654493504765,0.38109282405195644,11,2014-2024,17.32,-13.89,4.389999999999999,0.37115494118028947,-0.060541772649343975,0.4316967138296334
FIBK,2024.0,0.046086583750564014,0.3269497880386786,-0.315528421504799,-0.6685141486455177,0.182850262087769,14,2011-2024,17.32,-13.89,4.389999999999999,0.15591639259239032,0.11719341366034153,0.03872297893204879
IRWD,2024.0,0.03729535457280119,-0.6076438835517283,0.5953244487423618,0.054148622293341456,0.028800716787001357,14,2011-2024,17.32,-13.89,4.389999999999999,-0.3675336477277464,-0.1482620074699945,-0.2192716402577519
PLOW,2024.0,0.1394474873706904,-0.40408781279172545,0.1484049017626965,0.15587015322245573,0.041547505149191366,14,2011-2024,17.32,-13.89,4.389999999999999,-0.013609593382610953,0.05568873706679082,-0.06929833044940177
QNST,2024.0,0.23496416225139216,-0.5164305070229025,0.7363496868351144,-0.9729210738459788,0.047269022826186835,14,2011-2024,17.32,-13.89,4.389999999999999,0.3436151298330086,0.0005281917917896173,0.34308693804121904
BEEM,2024.0,0.8729249295574351,-4.530015550892738,3.6009320007415653,-4.991593570381188,0.6567897455410281,5,2020-2024,17.32,-13.89,4.389999999999999,-0.35934590975022435,-0.6309741764999246,0.27162826674970025
CRCT,2024.0,0.1109588589222919,-1.9429691275347607,-0.7348854541407492,2.385197634902136,1.0,3,2022-2024,17.32,-13.89,4.389999999999999,-0.01877762821437491,-0.018777628214374842,-6.938893903907228e-17
MXL,2024.0,0.3859727549544549,-1.9061013772249107,1.26486311394718,-1.1556511876411422,0.2761020759849325,14,2011-2024,17.32,-13.89,4.389999999999999,-0.06485718998204364,-0.17058657724560905,0.10572938726356541
ENV,2024.0,0.20158353431381337,-1.0347956866965051,0.706908472975828,-0.19905089508006293,0.2817698449777243,8,2017-2024,17.32,-13.89,4.389999999999999,-0.03803442645661484,-0.08457099981237856,0.04653657335576372
NVFY,2024.0,-0.7407142800949321,1.3926846285544767,-0.41451058350423065,-2.780947164845099,0.4174664714391736,7,2015-2024,17.32,-13.89,4.389999999999999,-0.6342460388967949,-0.564009362917259,-0.07023667597953587
CPAY,2024.0,0.28997001909817566,-0.4301306011805243,0.16233722389715446,0.3827536345175842,0.03719999243940675,14,2011-2024,17.32,-13.89,4.389999999999999,0.22331577444699113,0.20972564312971603,0.0135901313172751
QUAD,2024.0,0.21929798149711185,-1.478675507008407,-0.3424766535621939,-0.16047533027887764,0.2269283981197714,14,2011-2024,17.32,-13.89,4.389999999999999,0.2545026846361332,0.0037165238638017803,0.2507861607723314
WKHS,2024.0,0.0254958825421,1.746598484447137,-7.140002076829853,-4.221988103682472,0.2754179550948489,7,2017-2024,17.32,-13.89,4.389999999999999,-0.6023961475011165,1.13440775076835,-1.7368038982694665
TSLA,2024.0,0.14677424143399143,3.0606018315073498,-10.365931196941945,-2.738369325160871,0.38882984524433384,14,2011-2024,17.32,-13.89,4.389999999999999,0.99385047140821,1.996483908531738,-1.002633437123528
ELMD,2024.0,-0.11310616304477966,2.5104362399795663,-5.622097383159436,-0.6028457709680188,0.32644851671758945,13,2012-2024,17.32,-13.89,4.389999999999999,0.9190864022216313,1.076145790895031,-0.15705938867339964
AMRC,2024.0,0.2400125620730697,-1.0893199692045763,-0.44407081729530373,-1.5148226355231795,0.25613293391976244,14,2011-2024,17.32,-13.89,4.389999999999999,-0.23198699884939994,0.04652306622968724,-0.27851006507908715
VPG,2024.0,0.4095861046425025,-2.1765789529106225,2.911867418614533,0.2939885851940269,0.22633933583271715,14,2011-2024,17.32,-13.89,4.389999999999999,-0.27595571455906076,-0.35894965555715813,0.08299394099809737
BWXT,2024.0,0.27756944308837367,-0.9265318740840686,0.164815420912222,0.04237307183990252,0.298312085881962,14,2011-2024,17.32,-13.89,4.389999999999999,0.13043276632546202,0.0960614383860771,0.034371327939384924
ASMB,2024.0,-0.32555427178244467,2.6674893114367864,-5.72861353159102,0.6861641992153034,0.10324560227905777,14,2011-2024,17.32,-13.89,4.389999999999999,0.10316282847761275,0.9622819048419512,-0.8591190763643385
CIVI,2024.0,0.2040453877141183,-1.233051968289813,1.1561081152084243,-1.1941267057486205,0.06122750788404596,17,2012-2024,17.32,-13.89,4.389999999999999,-0.35479269433665817,-0.22252479277849185,-0.1322679015581663
EVTC,2024.0,0.18433054479825814,-0.9677390524236535,1.1549909673517254,-0.6593231068448577,0.22741955579476503,11,2014-2024,17.32,-13.89,4.389999999999999,-0.0053903439077527815,-0.17265438883716255,0.16726404492940977
LEDS,2024.0,0.6939850776476977,-3.864580474940595,1.9204378035559575,-5.5785391741030645,0.4956383870818877,12,2012-2024,17.32,-13.89,4.389999999999999,-0.03916839068552688,-0.4870069412690603,0.4478385505835334
PACB,2024.0,1.8588238660035867,-8.736415906697959,4.12536263349091,-7.290534721195832,0.26511784094567037,14,2011-2024,17.32,-13.89,4.389999999999999,0.2887862639162142,-0.547390713088884,0.8361769770050982
TRGP,2024.0,0.1992074535084845,0.5094927349810608,-0.3324003766574106,-0.22524698216112748,0.011612872005633768,14,2011-2024,17.32,-13.89,4.389999999999999,0.35304878680928087,0.3237336650080451,0.029315121801235744
SAVE,2024.0,0.3273280586104794,-2.468531033585488,4.102233535763592,-0.38389485396985124,0.17431992797137097,13,2012-2024,17.32,-13.89,4.389999999999999,-1.0059975520023805,-0.6868747386133665,-0.31912281338901405
ATOS,2024.0,-0.028318768364359342,-1.2824570699869868,-1.5044168178629134,-1.549006947340673,0.5919798844600526,10,2013-2024,17.32,-13.89,4.389999999999999,-0.2536190665026629,-0.10947824187320232,-0.1441408246294606
PCRX,2024.0,0.07202504963415586,0.5900555834628375,-0.1370539083528507,0.522060070417165,0.019413580329051494,13,2012-2024,17.32,-13.89,4.389999999999999,-0.3884690824305175,0.2161779016514438,-0.6046469840819613
BAH,2024.0,0.38516095544676354,-1.0513135067531236,1.8386302580963998,-0.025269746012792138,0.3822767317789114,12,2013-2024,17.32,-13.89,4.389999999999999,-0.20515046772640277,-0.053421628622428954,-0.15172883910397383
REVG,2024.0,0.503974954046029,-1.8750832965174802,1.1107944200519122,-2.356246602419518,0.37495272287018844,7,2018-2024,17.32,-13.89,4.389999999999999,0.2381490736800715,-0.07851804370222597,0.31666711738229747
SUPN,2024.0,0.10229538354783742,0.354085293558136,-1.1971552891418884,0.10690291844969185,0.042430850314828183,11,2014-2024,17.32,-13.89,4.389999999999999,0.3047938656488619,0.33460086417385637,-0.029806998524994466
GWRS,2024.0,0.19535803964448206,-1.1953916887200902,0.8419285560229481,-1.1584039551455172,0.7332148093321655,8,2017-2024,17.32,-13.89,4.389999999999999,-0.08511599780301883,-0.17948161090431322,0.09436561310129439
KOS,2024.0,0.7451264559792304,-2.9593766245991038,7.035774315671662,-0.8711521353209588,0.6565154071639054,6,2019-2024,17.32,-13.89,4.389999999999999,-0.4296536435737614,-0.7829502065887182,0.35329656301495677
AL,2024.0,0.19384044735003314,-0.873112848260544,0.31925565309665677,-0.02657311384658945,0.13008953541604795,12,2013-2024,17.32,-13.89,4.389999999999999,-0.023321046182207414,-0.0028938678816839767,-0.020427178300523437
HII,2024.0,0.3383501887546404,-1.1123672680764791,2.120232734641566,-0.014426998663828405,0.22087824854872096,13,2012-2024,17.32,-13.89,4.389999999999999,-0.2710561335235575,-0.14944549415926134,-0.12161063936429617
THR,2024.0,0.3691716700142197,-2.088733784399487,1.490000049251419,0.9138451570262734,0.5536002908130615,12,2013-2024,17.32,-13.89,4.389999999999999,-0.11167545306988975,-0.1594402258913402,0.04776477282145043
PRKS,2024.0,0.577566252931367,-2.964352374378582,2.9820817194556613,-2.4851801890685206,0.3412930936852442,11,2014-2024,17.32,-13.89,4.389999999999999,-0.01236453941028235,-0.45917013944350266,0.4468056000332203
SXC,2024.0,0.22249751911348103,-0.8140670091889147,0.284786892602552,-0.8916184663484971,0.06797154649633363,13,2012-2024,17.32,-13.89,4.389999999999999,0.07013474018043707,0.0028021630667675254,0.06733257711366955
ARMK,2024.0,0.26910224722568865,-1.6060223929548871,0.7717985735219525,-0.4545781072134075,0.34349622428500004,10,2015-2024,17.32,-13.89,4.389999999999999,0.055664667095822615,-0.13621963200296555,0.19188429909878818
CLSK,2024.0,2.7278769801928346,-9.302943900504346,8.220751818769246,-10.120636697967946,1.0,4,2021-2024,17.32,-13.89,4.389999999999999,-0.4695512820423595,-0.4695512820423589,-6.106226635438361e-16
NSPR,2024.0,-0.3182800152859847,-0.7552443913960589,-0.6966443100183988,0.9455433911755167,0.34666458905816266,6,2014-2024,17.32,-13.89,4.389999999999999,0.0069997991628081985,-0.31081509434162136,0.31781489350442954
CHEF,2024.0,0.22855757084435996,-0.20913379335447352,2.1949569592466722,-0.8534976608508403,0.17283052793062437,13,2012-2024,17.32,-13.89,4.389999999999999,0.2140771787537497,-0.15001247111534952,0.3640896498690992
CLRB,2024.0,-0.8502105332499901,1.454717776623599,0.005039315475245276,-2.479535515433013,0.5260525076205669,8,2015-2024,17.32,-13.89,4.389999999999999,-0.927381079431983,-0.7078049843858035,-0.21957609504617948
MPC,2024.0,0.39502901762190246,-1.105408247437946,1.7283632037903247,-0.06489227085091093,0.08794087043741383,13,2012-2024,17.32,-13.89,4.389999999999999,-0.23440004306629525,-0.03934611053118089,-0.19505393253511435
ZG,2024.0,0.2853582622251283,-0.48199902653378607,-2.6330528696606073,-0.3511569493222697,0.23323253227533614,13,2012-2024,17.32,-13.89,4.389999999999999,0.5260656712238073,0.5521912843500872,-0.026125613126279923
Z,2024.0,0.27641315928004745,-1.2288730515608037,-2.2560430394257116,-1.1726764497503428,0.658105803004315,9,2016-2024,17.32,-13.89,4.389999999999999,0.5492684500340509,0.3254562287819075,0.2238122212521434
LVO,2024.0,-1.8609199273133297,6.771537477755705,-5.548454346399383,-4.414853231787546,0.999961882815866,5,2019-2024,17.32,-13.89,4.389999999999999,-0.11067678212909372,-0.11122138432664044,0.0005446021975467202
HMST,2024.0,-0.10672707820841247,1.1068155326492373,-0.28451005591280076,-2.1961666623223732,0.6613080230966657,12,2013-2024,17.32,-13.89,4.389999999999999,-0.04522724668521522,0.028080102336771287,-0.0733073490219865
MSBI,2024.0,0.08297266998966676,-0.45850213694250347,0.7052481086579017,-1.1842328125872386,0.33424714167886393,8,2017-2024,17.32,-13.89,4.389999999999999,0.05755484120053023,-0.14638668289393714,0.20394152409446736
IZEA,2024.0,-0.6466449086155743,2.5431315437347446,-3.005185140323685,-4.052644380311887,0.8548194939027625,5,2017-2024,17.32,-13.89,4.389999999999999,0.12323058256813894,0.03333460245455147,0.08989598011358747
GRPN,2024.0,0.09753129827092694,-0.9168945453055162,0.7919179684534632,-3.051870833047719,0.424584920980282,12,2013-2024,17.32,-13.89,4.389999999999999,-0.252863847461069,-0.3052493723649693,0.052385524903900305
VTGN,2024.0,-2.0207394015460785,8.783721092492781,-5.008285994940623,-9.009845724580275,1.0,4,2018-2024,17.32,-13.89,4.389999999999999,-0.19928021093815068,-0.19928021093815024,-4.440892098500626e-16
AMCX,2024.0,-0.049422154270530136,-0.002473266986379698,0.10509219084541449,-2.6029009962412215,0.3838098880590308,12,2013-2024,17.32,-13.89,4.389999999999999,-0.02213660895261969,-0.17871518315598878,0.1565785742033691
ENPH,2024.0,0.5250066240665985,-1.4750506297488744,1.7618815911638341,-3.902685519339908,0.3137412578144275,11,2013-2024,17.32,-13.89,4.389999999999999,-0.3581839511980519,-0.14652539231758502,-0.2116585588804669
UI,2024.0,0.002841875417247952,2.404616126390649,-3.4156674211134557,-0.3743681444843152,0.1427032334659044,12,2013-2024,17.32,-13.89,4.389999999999999,1.2419426972809553,0.8773228317579059,0.36461986552304937
ASPN,2024.0,0.7019121830010808,-3.3291162993070613,3.0148508207320637,-6.219609865369435,0.6143833177292883,10,2015-2024,17.32,-13.89,4.389999999999999,-0.5488677077678087,-0.566494412128304,0.017626704360495293
TLYS,2024.0,0.3419364605691322,-1.965331413694897,0.6085116395694647,-2.4036620675878293,0.30592582607319996,11,2014-2024,17.32,-13.89,4.389999999999999,-0.3421722797446626,-0.18850197178612826,-0.1536703079585343
IROQ,2024.0,-0.08929815865124663,0.8585996985727173,-1.1231488246573715,-0.5670973695364807,0.3330742968112823,12,2013-2024,17.32,-13.89,4.389999999999999,0.3873743453044721,0.19052110636380543,0.1968532389406667
PRLB,2024.0,-0.10889612131536396,0.5983682591425723,-1.00945283175463,0.11916945022867838,0.04053432180975525,12,2013-2024,17.32,-13.89,4.389999999999999,0.2184788546059569,0.1401857983638867,0.0782930562420702
EPAM,2024.0,0.1167860156448923,0.7327087661925306,-1.41075214829875,-1.2982291538307411,0.264818031644274,12,2013-2024,17.32,-13.89,4.389999999999999,0.19601419412038534,0.38265238749496544,-0.1866381933745801
CHUY,2024.0,0.46645007896992396,-2.6679900774258622,0.3527917885917303,-0.5582448603533308,0.28127670855690423,12,2013-2024,17.32,-13.89,4.389999999999999,0.39977787668789666,-0.06915553124513793,0.4689334079330346
MTDR,2024.0,0.507791133468686,-1.0648160966366014,2.0673009842485195,-2.3353085692357918,0.13888285992746063,12,2013-2024,17.32,-13.89,4.389999999999999,-0.09574513341106047,-0.06630316737034395,-0.029441966040716527
BCOV,2024.0,-0.10747844784008813,0.7437390717664328,-1.561363183618812,-1.0896295594034957,0.16012416103964622,12,2013-2024,17.32,-13.89,4.389999999999999,0.7884631013061995,0.19037576793669758,0.5980873333695018
VTLE,2024.0,0.6173137776242127,-4.054346391837999,3.4378378503437403,-7.35262936004567,0.41377197864592297,11,2014-2024,17.32,-13.89,4.389999999999999,-0.3571115086927273,-0.885195123760879,0.5280836150681518
FBIN,2024.0,0.3307591853937183,-1.6090721287459293,-0.009330185843293825,-0.6952041357476627,0.5510745731610825,13,2012-2024,17.32,-13.89,4.389999999999999,0.011634740577721833,0.022844393949234473,-0.01120965337151264
XYL,2024.0,0.4804609342715641,-2.254611457689432,1.8662001377901543,-0.6235499087004306,0.4223430685682449,13,2012-2024,17.32,-13.89,4.389999999999999,-0.1868904762138348,-0.1966268103312468,0.009736334117411982
GO,2024.0,-0.12031595147097111,-0.0756548535674079,1.7748871693543185,0.21492215102893653,0.8500236147644489,5,2020-2024,17.32,-13.89,4.389999999999999,-0.3412850671248156,-0.37051611750199065,0.02923105037717505
AXGN,2024.0,0.5541025227904853,-0.9136729019203982,-1.1306586995916352,-1.0053211575761607,0.07319034865467966,11,2014-2024,17.32,-13.89,4.389999999999999,1.229261637771445,0.5087692707335569,0.720492367037888
GWRE,2024.0,0.10713148663513547,0.07418157847274097,-0.7542914116750753,-0.5930815660108828,0.18356340865546417,12,2013-2024,17.32,-13.89,4.389999999999999,0.17558717249476652,0.1987145323604044,-0.02312735986563788
STAF,2024.0,-0.4016988265280227,3.6274671451715674,2.0511798076468635,1.2347833382172766,1.0,4,2018-2024,17.32,-13.89,4.389999999999999,-0.004123403718718131,-0.004123403718718159,2.7755575615628914e-17
GNE,2024.0,0.3490965442594916,-0.9786172332912851,2.23265244890239,1.0953952943842704,0.2352544269247172,11,2014-2024,17.32,-13.89,4.389999999999999,0.029409643372972263,-0.08242753227563143,0.1118371756486037
ACHC,2024.0,0.19761411582426153,-0.706327079156526,1.3410889507664787,-1.0464761701532446,0.11144639844134441,12,2013-2024,17.32,-13.89,4.389999999999999,-0.45992151273577,-0.15693929341684007,-0.3029822193189299
VSTM,2024.0,-0.18126262835028273,1.4226008364874505,-3.389499672858986,-1.364641506379394,0.1023519932867778,12,2013-2024,17.32,-13.89,4.389999999999999,0.6879174290458209,0.4760255789594015,0.21189185008641936
SGBX,2024.0,-0.04814636791281035,-2.1212863676876528,1.0683571414317237,-2.7290868886896886,0.6229053412311674,5,2018-2024,17.32,-13.89,4.389999999999999,-0.8797337604767451,-0.6837548881546556,-0.19597887232208955
PBF,2024.0,0.41328107291393207,-1.5170575274103584,4.547688189247352,0.8258193649247547,0.45967429113478286,12,2013-2024,17.32,-13.89,4.389999999999999,-0.4607484013655499,-0.4448937101998025,-0.015854691165747392
YELP,2024.0,0.1598683913488695,-0.5941561701480033,0.11560334359015022,0.21707919436299278,0.026200841184889745,12,2013-2024,17.32,-13.89,4.389999999999999,0.00037984297973075315,0.050433014887098844,-0.05005317190736809
FBIO,2024.0,-0.025244190130167682,0.2612775795527919,-4.496962574037641,-1.2697666241448209,0.5000734305209746,11,2012-2024,17.32,-13.89,4.389999999999999,0.13723007855689778,0.5888944333822466,-0.4516643548253488
TRIP,2024.0,0.09712583607661515,-0.7491956375240992,1.009102581078278,-0.930041039410852,0.09126284669909501,12,2013-2024,17.32,-13.89,4.389999999999999,-0.21767226297842557,-0.21362799848446803,-0.004044264493957533
MX,2024.0,0.3008437017987077,-2.122521664586907,0.8522668644916828,-1.9295774551436546,0.37313942282260926,13,2012-2024,17.32,-13.89,4.389999999999999,-0.2215197804316158,-0.2698653682664458,0.048345587834830006
XBIO,2024.0,-0.6775177723990821,2.186833212778971,-0.3364207687267702,-3.163416422166975,0.24267467508485208,7,2017-2024,17.32,-13.89,4.389999999999999,-0.06663615674965896,-0.39090339610274616,0.3242672393530872
RCEL,2024.0,0.4874318030597792,-3.1033297511834994,-3.2330225031093542,3.876503073576674,1.0,4,2021-2024,17.32,-13.89,4.389999999999999,0.5691804007667026,0.5691804007667024,2.220446049250313e-16
EYPT,2024.0,0.20830624854674315,-1.9000371956924007,2.3805396395634277,0.6361023116150271,0.5271581324923021,15,2009-2024,17.32,-13.89,4.389999999999999,-0.19066011430265123,-0.4235122582026411,0.23285214389998987
PSTV,2024.0,-0.23198779748335108,-0.6097063180300673,-0.6276564026385069,-0.03341717848816139,0.09656568262124965,16,2006-2024,17.32,-13.89,4.389999999999999,-0.2646689648468753,-0.2518744715753004,-0.012794493271574892
BNTC,2024.0,0.0750255226414201,1.605922881338883,-4.427257278100302,-4.743340925239607,1.0,3,2021-2024,17.32,-13.89,4.389999999999999,0.7598847349994279,0.7598847349994279,0.0
TPH,2024.0,0.49088367565705865,-2.3881109741828457,0.40623621658381925,0.13372801961143416,0.699640757856813,8,2017-2024,17.32,-13.89,4.389999999999999,-0.07355884477626383,0.026707304506039274,-0.1002661492823031
BLKB,2024.0,0.16731515124791368,-0.4812576435361302,0.4525285182734974,0.30639299743421544,0.07404435918523167,20,2005-2024,17.32,-13.89,4.389999999999999,-0.07651948878687255,0.03455576878662921,-0.11107525757350176
SNDR,2024.0,-0.08936463642165277,0.6643863305480932,-1.907077546431822,0.48109300728727206,0.5595317124671175,7,2018-2024,17.32,-13.89,4.389999999999999,0.17291844329910688,0.31172013024856826,-0.13880168694946138
ALNY,2024.0,0.1693382869307668,1.233295255435294,-3.5522214557983394,0.45545047616902556,0.23205385500415787,20,2005-2024,17.32,-13.89,4.389999999999999,-0.07862752493544581,0.8963428612863692,-0.974970386221815
ANGO,2024.0,-0.015283438095064064,0.24340157961342412,-0.33091954504770227,-1.3496795053961428,0.1408690943562304,20,2005-2024,17.32,-13.89,4.389999999999999,0.4670688031749032,0.013587510014216188,0.45348129316068697
UCTT,2024.0,0.5749609909332132,-3.097683836773823,1.7137192984872178,-1.0745391848670627,0.27998997768524747,20,2005-2024,17.32,-13.89,4.389999999999999,-0.3133078034343487,-0.24676573037155156,-0.06654207306279716
SMMT,2024.0,1.9849579751351776,-4.55784854232872,-2.0358748264972806,-5.4096421769726,1.0,4,2021-2024,17.32,-13.89,4.389999999999999,1.240838329435218,1.2408383294352185,-4.440892098500626e-16
NUWE,2024.0,-0.44790427494742924,-1.4248590391748648,-0.3894896225373128,2.7812707058762958,0.39723783403204893,9,2013-2024,17.32,-13.89,4.389999999999999,-0.826305364785256,-0.5184919679741137,-0.3078133968111423
AQB,2024.0,-0.086433826076143,-1.2835414584181675,1.2342431228402189,-2.726686513674725,0.9883579663406777,6,2018-2024,17.32,-13.89,4.389999999999999,-0.6579126321153481,-0.5998811143869963,-0.0580315177283518
FF,2024.0,0.13236035028484702,-0.6152783930684437,-1.2229772932517693,0.1295758989997198,0.38540098763773456,13,2012-2024,17.32,-13.89,4.389999999999999,0.006786771173244062,0.20135406060415104,-0.19456728943090698
VISL,2024.0,-1.0662294544943893,2.3628955921981096,-2.4831710218824186,-1.145824064059003,0.4385499321306726,7,2014-2024,17.32,-13.89,4.389999999999999,-0.166522197711285,-0.3623651593983991,0.19584296168711407
ATIP,2024.0,-0.6223740117862278,-0.3829767340156261,0.723935475366622,-0.8240218071014388,1.0,3,2022-2024,17.32,-13.89,4.389999999999999,-0.8254347769779112,-0.825434776977911,-2.220446049250313e-16
MYSZ,2024.0,0.16666951758584547,-1.4156071138954733,-3.6910905755131087,0.24351099759369177,0.6447221841038678,5,2017-2024,17.32,-13.89,4.389999999999999,0.5704452899210054,0.4448689791922833,0.1255763107287221
ARKO,2024.0,-0.27619203398576464,0.6877417431538314,-1.0295958509583725,0.6282642748157711,1.0,4,2021-2024,17.32,-13.89,4.389999999999999,0.013516501291009328,0.013516501291009227,1.0061396160665481e-16
MXCT,2024.0,-0.23130703529098157,0.6999046242703433,-0.7084586507310913,0.5904676001394531,1.0,3,2022-2024,17.32,-13.89,4.389999999999999,0.014242879865312419,0.01424287986531244,-2.0816681711721685e-17
ACA,2024.0,0.4210079231794039,-1.8171331503200059,0.4796570994180767,-0.1299821863214478,0.9013171261492466,6,2019-2024,17.32,-13.89,4.389999999999999,0.11407569746057823,0.033949872455296445,0.08012582500528179
